
  EPA STORM WATER MANAGEMENT MODEL - VERSION 5.2 (Build 5.2.4)
  ------------------------------------------------------------

  INP file created on 2026/5/10 16:06:32 by admini with inpPINS version 0.0.3.0 
  Title/Notes: 
  Dry baseline correction: duplicate dry-weather inflow at J03262121 was removed because this flow had already been represented at J03260047. 
  WARNING 09: time series interval greater than recording interval for Rain Gage RG1
  WARNING 04: minimum elevation drop used for Conduit 95
  WARNING 04: minimum elevation drop used for Conduit 842
  WARNING 04: minimum elevation drop used for Conduit 3755
  WARNING 04: minimum elevation drop used for Conduit 5796
  WARNING 04: minimum elevation drop used for Conduit 10024
  WARNING 04: minimum elevation drop used for Conduit 10405
  WARNING 04: minimum elevation drop used for Conduit 12638
  WARNING 04: minimum elevation drop used for Conduit 12652
  WARNING 04: minimum elevation drop used for Conduit 16887
  WARNING 04: minimum elevation drop used for Conduit 18383
  WARNING 04: minimum elevation drop used for Conduit 20636
  WARNING 04: minimum elevation drop used for Conduit 21760
  WARNING 04: minimum elevation drop used for Conduit 21799
  WARNING 04: minimum elevation drop used for Conduit 21833
  WARNING 04: minimum elevation drop used for Conduit 22658
  WARNING 04: minimum elevation drop used for Conduit 23122
  WARNING 04: minimum elevation drop used for Conduit 23164
  WARNING 04: minimum elevation drop used for Conduit 38889
  WARNING 04: minimum elevation drop used for Conduit 42723
  WARNING 02: maximum depth increased for Node J03010003
  WARNING 02: maximum depth increased for Node J03190001
  WARNING 02: maximum depth increased for Node J03190120
  WARNING 02: maximum depth increased for Node J03190124
  WARNING 02: maximum depth increased for Node J03190130
  WARNING 02: maximum depth increased for Node J03190134
  WARNING 02: maximum depth increased for Node J03260026
  WARNING 02: maximum depth increased for Node J03260029
  WARNING 02: maximum depth increased for Node J03260033
  WARNING 02: maximum depth increased for Node J03260048
  WARNING 02: maximum depth increased for Node J03260051
  WARNING 02: maximum depth increased for Node J03260054
  WARNING 02: maximum depth increased for Node J03260075
  WARNING 02: maximum depth increased for Node J03262031
  
  ****************
  Analysis Options
  ****************
  Flow Units ............... LPS
  Process Models:
    Rainfall/Runoff ........ YES
    RDII ................... NO
    Snowmelt ............... NO
    Groundwater ............ NO
    Flow Routing ........... YES
    Ponding Allowed ........ YES
    Water Quality .......... NO
  Infiltration Method ...... HORTON
  Flow Routing Method ...... DYNWAVE
  Surcharge Method ......... EXTRAN
  Starting Date ............ 05/10/2026 00:00:00
  Ending Date .............. 05/11/2026 00:00:00
  Antecedent Dry Days ...... 0.0
  Report Time Step ......... 00:10:00
  Wet Time Step ............ 00:02:00
  Dry Time Step ............ 01:00:00
  Routing Time Step ........ 1.00 sec
  Variable Time Step ....... YES
  Maximum Trials ........... 20
  Number of Threads ........ 1
  Head Tolerance ........... 0.002000 m
  
  
  **************************        Volume         Depth
  Runoff Quantity Continuity     hectare-m            mm
  **************************     ---------       -------
  Total Precipitation ......         0.000         0.000
  Evaporation Loss .........         0.000         0.000
  Infiltration Loss ........         0.000         0.000
  Surface Runoff ...........         0.000         0.000
  Final Storage ............         0.000         0.000
  Continuity Error (%) .....         0.000
  
  
  **************************        Volume        Volume
  Flow Routing Continuity        hectare-m      10^6 ltr
  **************************     ---------     ---------
  Dry Weather Inflow .......         0.321         3.214
  Wet Weather Inflow .......         0.000         0.000
  Groundwater Inflow .......         0.000         0.000
  RDII Inflow ..............         0.000         0.000
  External Inflow ..........         0.000         0.000
  External Outflow .........         0.202         2.020
  Flooding Loss ............         0.000         0.000
  Evaporation Loss .........         0.000         0.000
  Exfiltration Loss ........         0.000         0.000
  Initial Stored Volume ....         0.000         0.000
  Final Stored Volume ......         0.106         1.065
  Continuity Error (%) .....         4.021
  
  
  *************************
  Highest Continuity Errors
  *************************
  Node J03261014 (96.99%)
  Node J03191001 (90.57%)
  Node J03380245 (77.81%)
  Node J03260167 (76.05%)
  Node J03261011 (75.21%)
  
  
  ***************************
  Time-Step Critical Elements
  ***************************
  None
  
  
  ********************************
  Highest Flow Instability Indexes
  ********************************
  Link P1 (111)
  Link 13513 (3)
  Link 22588 (1)
  Link 22590 (1)
  Link 20577 (1)
  
  
  *********************************
  Most Frequent Nonconverging Nodes
  *********************************
  Convergence obtained at all time steps.
  
  
  *************************
  Routing Time Step Summary
  *************************
  Minimum Time Step           :     0.50 sec
  Average Time Step           :     1.00 sec
  Maximum Time Step           :     1.00 sec
  % of Time in Steady State   :     0.00
  Average Iterations per Step :     2.00
  % of Steps Not Converging   :     0.00
  Time Step Frequencies       :
      1.000 -  0.871 sec      :   100.00 %
      0.871 -  0.758 sec      :     0.00 %
      0.758 -  0.660 sec      :     0.00 %
      0.660 -  0.574 sec      :     0.00 %
      0.574 -  0.500 sec      :     0.00 %
  
  
  ***************************
  Subcatchment Runoff Summary
  ***************************
  
  ------------------------------------------------------------------------------------------------------------------------------
                            Total      Total      Total      Total     Imperv       Perv      Total       Total     Peak  Runoff
                           Precip      Runon       Evap      Infil     Runoff     Runoff     Runoff      Runoff   Runoff   Coeff
  Subcatchment                 mm         mm         mm         mm         mm         mm         mm    10^6 ltr      LPS
  ------------------------------------------------------------------------------------------------------------------------------
  S1                         0.00       0.00       0.00       0.00       0.00       0.00       0.00        0.00     0.00   0.000
  S2                         0.00       0.00       0.00       0.00       0.00       0.00       0.00        0.00     0.00   0.000
  S3                         0.00       0.00       0.00       0.00       0.00       0.00       0.00        0.00     0.00   0.000
  S4                         0.00       0.00       0.00       0.00       0.00       0.00       0.00        0.00     0.00   0.000
  S5                         0.00       0.00       0.00       0.00       0.00       0.00       0.00        0.00     0.00   0.000
  S6                         0.00       0.00       0.00       0.00       0.00       0.00       0.00        0.00     0.00   0.000
  
  
  ******************
  Node Depth Summary
  ******************
  
  ---------------------------------------------------------------------------------
                                 Average  Maximum  Maximum  Time of Max    Reported
                                   Depth    Depth      HGL   Occurrence   Max Depth
  Node                 Type       Meters   Meters   Meters  days hr:min      Meters
  ---------------------------------------------------------------------------------
  G03160065            JUNCTION     0.02     0.02    30.37     0  18:00        0.02
  G03160066            JUNCTION     0.01     0.01    31.09     0  00:00        0.01
  G03160068            JUNCTION     0.00     0.00    30.03     0  00:00        0.00
  G03160069            JUNCTION     0.00     0.00    30.15     0  00:00        0.00
  G03160070            JUNCTION     0.41     0.44    29.51     0  08:12        0.44
  G03160073            JUNCTION     0.27     0.29    29.51     0  08:04        0.29
  J03010003            JUNCTION     0.04     0.05    27.55     0  19:45        0.05
  J03160546            JUNCTION     0.00     0.00    29.75     0  00:00        0.00
  J03160705            JUNCTION     0.00     0.00    29.67     0  00:00        0.00
  J03165846            JUNCTION     0.00     0.00    33.55     0  00:00        0.00
  J03166590            JUNCTION     0.00     0.00    29.98     0  00:00        0.00
  J03166604            JUNCTION     0.01     0.02    29.24     0  05:52        0.02
  J03166622            JUNCTION     0.00     0.00    31.62     0  00:00        0.00
  J03166623            JUNCTION     0.00     0.00    31.60     0  00:00        0.00
  J03176807            JUNCTION     0.58     0.58    32.53     0  18:03        0.58
  J03176811            JUNCTION     0.04     0.04    33.06     0  08:00        0.04
  J03176902            JUNCTION     0.03     0.03    30.12     0  08:36        0.03
  J03180001            JUNCTION     0.42     0.59    29.89     0  19:07        0.59
  J03180002            JUNCTION     0.00     0.00    29.91     0  00:00        0.00
  J03180003            JUNCTION     0.34     0.51    29.89     0  19:30        0.51
  J03180004            JUNCTION     0.09     0.16    29.89     0  18:57        0.16
  J03180005            JUNCTION     0.00     0.00    30.24     0  00:00        0.00
  J03180006            JUNCTION     0.16     0.26    29.89     0  19:12        0.26
  J03180007            JUNCTION     0.00     0.00    30.21     0  00:00        0.00
  J03180008            JUNCTION     0.01     0.01    30.07     0  08:37        0.01
  J03180009            JUNCTION     0.00     0.00    30.51     0  00:00        0.00
  J03180010            JUNCTION     0.04     0.04    30.12     0  08:36        0.04
  J03180011            JUNCTION     0.00     0.00    30.58     0  00:00        0.00
  J03180015            JUNCTION     0.01     0.02    30.42     0  08:36        0.02
  J03180019            JUNCTION     0.03     0.03    30.72     0  08:36        0.03
  J03180020            JUNCTION     0.03     0.04    30.86     0  08:35        0.04
  J03180022            JUNCTION     0.03     0.03    30.99     0  08:35        0.03
  J03180025            JUNCTION     0.01     0.02    31.50     0  08:35        0.02
  J03180026            JUNCTION     0.09     0.10    31.72     0  08:34        0.10
  J03180030            JUNCTION     0.05     0.05    31.95     0  08:34        0.05
  J03180031            JUNCTION     0.00     0.00    32.40     0  00:00        0.00
  J03180032            JUNCTION     0.00     0.00    32.35     0  00:00        0.00
  J03180034            JUNCTION     0.07     0.07    32.10     0  08:33        0.07
  J03180037            JUNCTION     0.00     0.00    32.64     0  00:00        0.00
  J03180039            JUNCTION     0.04     0.05    32.68     0  08:32        0.05
  J03180043            JUNCTION     0.03     0.03    32.69     0  08:32        0.03
  J03180046            JUNCTION     0.05     0.06    33.06     0  08:01        0.06
  J03180049            JUNCTION     0.04     0.04    33.06     0  08:00        0.04
  J03180052            JUNCTION     0.03     0.03    33.08     0  07:59        0.03
  J03180056            JUNCTION     0.09     0.10    33.13     0  07:58        0.10
  J03180060            JUNCTION     0.07     0.08    33.13     0  07:58        0.08
  J03180062            JUNCTION     0.00     0.00    33.50     0  00:00        0.00
  J03180063            JUNCTION     0.07     0.07    33.13     0  07:58        0.07
  J03180074            JUNCTION     0.09     0.10    33.22     0  07:57        0.10
  J03180075            JUNCTION     0.00     0.00    33.76     0  00:00        0.00
  J03180077            JUNCTION     0.00     0.00    33.70     0  00:00        0.00
  J03180079            JUNCTION     0.00     0.00    34.08     0  00:00        0.00
  J03180080            JUNCTION     0.07     0.07    33.22     0  07:56        0.07
  J03180081            JUNCTION     0.00     0.00    33.63     0  00:00        0.00
  J03180082            JUNCTION     0.00     0.00    34.06     0  00:00        0.00
  J03180083            JUNCTION     0.04     0.04    33.23     0  07:55        0.04
  J03180084            JUNCTION     0.00     0.00    34.16     0  00:00        0.00
  J03180086            JUNCTION     0.00     0.00    34.23     0  00:00        0.00
  J03180087            JUNCTION     0.03     0.04    33.27     0  18:35        0.04
  J03180088            JUNCTION     0.00     0.00    34.06     0  00:00        0.00
  J03180090            JUNCTION     0.00     0.00    33.88     0  00:00        0.00
  J03180092            JUNCTION     0.05     0.05    33.32     0  18:31        0.05
  J03180093            JUNCTION     0.00     0.00    33.93     0  00:00        0.00
  J03180094            JUNCTION     0.00     0.00    34.33     0  00:00        0.00
  J03180097            JUNCTION     0.00     0.00    33.88     0  00:00        0.00
  J03180098            JUNCTION     0.00     0.00    34.14     0  00:00        0.00
  J03180100            JUNCTION     0.04     0.04    33.33     0  18:30        0.04
  J03180102            JUNCTION     0.00     0.00    34.19     0  00:00        0.00
  J03180103            JUNCTION     0.00     0.00    34.17     0  00:00        0.00
  J03180105            JUNCTION     0.04     0.04    33.34     0  07:27        0.04
  J03180106            JUNCTION     0.00     0.00    33.90     0  00:00        0.00
  J03180107            JUNCTION     0.00     0.00    33.92     0  00:00        0.00
  J03180109            JUNCTION     0.04     0.05    33.34     0  07:26        0.05
  J03180111            JUNCTION     0.04     0.05    33.34     0  07:26        0.05
  J03180113            JUNCTION     0.00     0.00    34.18     0  00:00        0.00
  J03180114            JUNCTION     0.03     0.03    33.48     0  18:22        0.03
  J03180116            JUNCTION     0.03     0.04    33.53     0  18:22        0.04
  J03180118            JUNCTION     0.15     0.16    33.35     0  07:26        0.16
  J03180119            JUNCTION     0.00     0.00    33.96     0  00:00        0.00
  J03180120            JUNCTION     0.00     0.00    34.40     0  00:00        0.00
  J03180124            JUNCTION     0.04     0.04    33.55     0  18:21        0.04
  J03189802            JUNCTION     0.06     0.07    32.57     0  07:58        0.07
  J03189803            JUNCTION     0.25     0.26    32.57     0  07:57        0.26
  J03189833            JUNCTION     0.00     0.00    33.79     0  00:00        0.00
  J03189834            JUNCTION     0.00     0.00    33.80     0  00:00        0.00
  J03189835            JUNCTION     0.07     0.08    33.21     0  07:19        0.08
  J03189836            JUNCTION     0.00     0.00    33.79     0  00:00        0.00
  J03189837            JUNCTION     0.00     0.00    33.74     0  00:00        0.00
  J03189838            JUNCTION     0.03     0.04    33.28     0  07:19        0.04
  J03189839            JUNCTION     0.00     0.00    33.56     0  00:00        0.00
  J03189840            JUNCTION     0.00     0.00    33.96     0  00:00        0.00
  J03189841            JUNCTION     0.00     0.00    33.84     0  00:00        0.00
  J03189842            JUNCTION     0.07     0.07    33.36     0  18:21        0.07
  J03189843            JUNCTION     0.00     0.00    33.87     0  00:00        0.00
  J03189844            JUNCTION     0.00     0.00    33.93     0  00:00        0.00
  J03189845            JUNCTION     0.00     0.00    34.30     0  00:00        0.00
  J03189846            JUNCTION     0.00     0.00    34.35     0  00:00        0.00
  J03189847            JUNCTION     0.00     0.00    34.36     0  00:00        0.00
  J03189848            JUNCTION     0.00     0.00    33.79     0  00:00        0.00
  J03190001            JUNCTION     0.05     0.07    29.20     0  23:54        0.07
  J03190002            JUNCTION     0.00     0.00    31.01     0  00:00        0.00
  J03190004            JUNCTION     0.00     0.00    30.74     0  00:00        0.00
  J03190007            JUNCTION     0.00     0.00    30.64     0  00:00        0.00
  J03190008            JUNCTION     0.05     0.07    29.16     0  23:56        0.07
  J03190010            JUNCTION     0.05     0.06    29.14     0  23:57        0.06
  J03190012            JUNCTION     0.00     0.00    30.66     0  00:00        0.00
  J03190013            JUNCTION     0.00     0.00    30.37     0  00:00        0.00
  J03190014            JUNCTION     0.06     0.07    29.11     0  23:58        0.07
  J03190015            JUNCTION     0.00     0.00    30.56     0  00:00        0.00
  J03190022            JUNCTION     0.00     0.00    30.36     0  00:00        0.00
  J03190025            JUNCTION     0.09     0.10    29.09     0  23:59        0.10
  J03190026            JUNCTION     0.00     0.00    30.57     0  00:00        0.00
  J03190027            JUNCTION     0.00     0.00    30.47     0  00:00        0.00
  J03190028            JUNCTION     0.09     0.10    29.04     1  00:00        0.10
  J03190029            JUNCTION     0.00     0.00    30.33     0  00:00        0.00
  J03190030            JUNCTION     0.00     0.00    30.03     0  00:00        0.00
  J03190031            JUNCTION     0.09     0.10    28.99     1  00:00        0.10
  J03190032            JUNCTION     0.00     0.00    30.28     0  00:00        0.00
  J03190034            JUNCTION     0.09     0.10    28.96     1  00:00        0.10
  J03190039            JUNCTION     0.08     0.09    28.91     1  00:00        0.09
  J03190042            JUNCTION     0.08     0.09    28.86     1  00:00        0.09
  J03190044            JUNCTION     0.00     0.00    30.24     0  00:00        0.00
  J03190045            JUNCTION     0.08     0.09    28.82     1  00:00        0.09
  J03190048            JUNCTION     0.08     0.09    28.77     1  00:00        0.09
  J03190051            JUNCTION     0.08     0.09    28.72     1  00:00        0.09
  J03190055            JUNCTION     0.08     0.09    28.68     1  00:00        0.09
  J03190059            JUNCTION     0.08     0.09    28.66     1  00:00        0.09
  J03190061            JUNCTION     0.08     0.09    28.63     1  00:00        0.09
  J03190064            JUNCTION     0.08     0.09    28.57     1  00:00        0.09
  J03190067            JUNCTION     0.08     0.09    28.52     1  00:00        0.09
  J03190070            JUNCTION     0.08     0.09    28.47     1  00:00        0.09
  J03190078            JUNCTION     0.08     0.09    28.45     1  00:00        0.09
  J03190083            JUNCTION     0.08     0.09    28.43     1  00:00        0.09
  J03190084            JUNCTION     0.08     0.10    28.42     1  00:00        0.10
  J03190085            JUNCTION     0.00     0.00    29.95     0  00:00        0.00
  J03190088            JUNCTION     0.07     0.08    28.36     1  00:00        0.08
  J03190089            JUNCTION     0.00     0.00    29.81     0  00:00        0.00
  J03190091            JUNCTION     0.08     0.09    28.33     1  00:00        0.09
  J03190092            JUNCTION     0.00     0.00    29.92     0  00:00        0.00
  J03190094            JUNCTION     0.08     0.09    28.29     1  00:00        0.09
  J03190096            JUNCTION     0.00     0.00    29.36     0  00:00        0.00
  J03190102            JUNCTION     0.08     0.09    28.24     0  19:30        0.09
  J03190106            JUNCTION     0.08     0.09    28.20     0  19:31        0.09
  J03190107            JUNCTION     0.08     0.09    28.15     0  19:32        0.09
  J03190111            JUNCTION     0.09     0.10    28.11     0  19:34        0.10
  J03190114            JUNCTION     0.11     0.13    28.09     0  19:35        0.13
  J03190117            JUNCTION     0.08     0.09    28.01     0  19:35        0.09
  J03190120            JUNCTION     0.08     0.09    27.96     0  19:37        0.09
  J03190121            JUNCTION     0.00     0.00    30.01     0  00:00        0.00
  J03190123            JUNCTION     0.00     0.00    29.70     0  00:00        0.00
  J03190124            JUNCTION     0.08     0.09    27.92     0  19:39        0.09
  J03190128            JUNCTION     0.08     0.09    27.87     0  19:46        0.09
  J03190129            JUNCTION     0.00     0.00    29.93     0  00:00        0.00
  J03190130            JUNCTION     0.08     0.09    27.83     0  19:45        0.09
  J03190133            JUNCTION     0.00     0.00    30.07     0  00:00        0.00
  J03190134            JUNCTION     0.06     0.07    27.76     0  19:20        0.07
  J03190138            JUNCTION     0.08     0.09    27.64     0  19:18        0.09
  J03190142            JUNCTION     0.71     1.10    28.79     0  19:47        1.10
  J03190145            JUNCTION     0.60     0.94    28.79     0  19:47        0.94
  J03190147            JUNCTION     0.51     0.82    28.79     0  19:46        0.82
  J03190149            JUNCTION     0.00     0.00    30.25     0  00:00        0.00
  J03190150            JUNCTION     0.00     0.00    30.35     0  00:00        0.00
  J03190155            JUNCTION     0.11     0.13    30.38     0  19:13        0.13
  J03190159            JUNCTION     0.39     0.47    30.38     0  19:38        0.47
  J03190161            JUNCTION     0.96     1.09    30.38     0  20:07        1.09
  J03190162            JUNCTION     0.28     0.34    30.38     0  19:37        0.34
  J03190164            JUNCTION     0.94     1.07    30.38     0  20:07        1.07
  J03190167            JUNCTION     0.00     0.00    30.31     0  00:00        0.00
  J03190839            JUNCTION     0.00     0.00    29.83     0  00:00        0.00
  J03190840            JUNCTION     0.00     0.00    29.94     0  00:00        0.00
  J03191001            JUNCTION     0.37     0.62    28.79     0  19:58        0.62
  J03191002            JUNCTION     0.00     0.00    28.89     0  00:00        0.00
  J03191003            JUNCTION     0.00     0.00    29.91     0  00:00        0.00
  J03191004            JUNCTION     0.00     0.00    29.89     0  00:00        0.00
  J03191005            JUNCTION     0.00     0.00    29.89     0  00:00        0.00
  J03191007            JUNCTION     0.00     0.00    29.00     0  00:00        0.00
  J03191008            JUNCTION     0.00     0.00    30.19     0  00:00        0.00
  J03191010            JUNCTION     0.00     0.00    29.83     0  00:00        0.00
  J03191015            JUNCTION     0.00     0.00    30.14     0  00:00        0.00
  J03191016            JUNCTION     0.00     0.00    30.27     0  00:00        0.00
  J03191017            JUNCTION     0.00     0.00    30.32     0  00:00        0.00
  J03191019            JUNCTION     0.00     0.00    29.98     0  00:00        0.00
  J03191021            JUNCTION     0.00     0.00    29.21     0  00:00        0.00
  J03191023            JUNCTION     0.00     0.00    30.17     0  00:00        0.00
  J03191100            JUNCTION     0.89     1.02    30.38     0  19:45        1.02
  J03191101            JUNCTION     0.00     0.00    30.18     0  00:00        0.00
  J03191102            JUNCTION     0.00     0.00    30.48     0  00:00        0.00
  J03191103            JUNCTION     0.00     0.00    29.36     0  00:00        0.00
  J03191950            JUNCTION     0.00     0.00    28.80     0  00:00        0.00
  J03191951            JUNCTION     0.00     0.00    30.07     0  00:00        0.00
  J03191952            JUNCTION     0.00     0.00    30.18     0  00:00        0.00
  J03191956            JUNCTION     0.00     0.00    30.51     0  00:00        0.00
  J03191983            JUNCTION     0.00     0.00    29.01     0  00:00        0.00
  J03192002            JUNCTION     0.00     0.00    29.20     0  00:00        0.00
  J03192077            JUNCTION     0.00     0.00    29.95     0  00:00        0.00
  J03193034            JUNCTION     0.00     0.00    29.53     0  00:00        0.00
  J03193036            JUNCTION     0.00     0.00    30.15     0  00:00        0.00
  J03193037            JUNCTION     0.00     0.00    29.87     0  00:00        0.00
  J03193038            JUNCTION     0.00     0.00    30.00     0  00:00        0.00
  J03193045            JUNCTION     0.00     0.00    30.24     0  00:00        0.00
  J03193051            JUNCTION     0.00     0.00    30.06     0  00:00        0.00
  J03193057            JUNCTION     0.00     0.00    30.04     0  00:00        0.00
  J03193062            JUNCTION     0.00     0.00    30.08     0  00:00        0.00
  J03193063            JUNCTION     0.00     0.00    30.10     0  00:00        0.00
  J03193064            JUNCTION     0.00     0.00    30.22     0  00:00        0.00
  J03193078            JUNCTION     0.00     0.00    30.08     0  00:00        0.00
  J03193080            JUNCTION     0.00     0.00    29.97     0  00:00        0.00
  J03193081            JUNCTION     0.00     0.00    30.06     0  00:00        0.00
  J03193083            JUNCTION     0.00     0.00    30.03     0  00:00        0.00
  J03193085            JUNCTION     0.00     0.00    30.07     0  00:00        0.00
  J03193093            JUNCTION     0.02     0.02    30.86     0  00:00        0.02
  J03193094            JUNCTION     0.11     0.11    30.70     0  07:21        0.11
  J03193097            JUNCTION     0.02     0.03    30.68     0  18:08        0.03
  J03193099            JUNCTION     0.00     0.00    31.17     0  00:00        0.00
  J03193100            JUNCTION     0.02     0.02    30.67     0  18:10        0.02
  J03193103            JUNCTION     0.11     0.11    30.51     0  07:11        0.11
  J03193104            JUNCTION     0.21     0.21    30.53     0  18:13        0.21
  J03193105            JUNCTION     0.03     0.03    30.51     0  07:13        0.03
  J03193110            JUNCTION     0.05     0.06    30.51     0  07:52        0.06
  J03193113            JUNCTION     0.03     0.03    30.50     0  07:44        0.03
  J03193114            JUNCTION     0.15     0.16    30.51     0  07:44        0.16
  J03193117            JUNCTION     0.32     0.33    30.51     0  07:48        0.33
  J03193121            JUNCTION     0.02     0.02    30.48     0  18:46        0.02
  J03193123            JUNCTION     0.00     0.00    30.27     0  00:00        0.00
  J03193126            JUNCTION     0.00     0.00    30.46     0  00:00        0.00
  J03193127            JUNCTION     0.00     0.00    30.49     0  00:00        0.00
  J03193128            JUNCTION     0.13     0.13    30.32     0  00:09        0.13
  J03193130            JUNCTION     0.15     0.15    30.32     0  00:09        0.15
  J03193131            JUNCTION     0.14     0.14    30.32     0  00:11        0.14
  J03193137            JUNCTION     0.09     0.09    30.32     0  00:09        0.09
  J03193141            JUNCTION     0.00     0.00    30.31     0  00:00        0.00
  J03193142            JUNCTION     0.00     0.00    30.14     0  00:00        0.00
  J03193143            JUNCTION     0.00     0.00    30.16     0  00:00        0.00
  J03193145            JUNCTION     0.00     0.00    30.22     0  00:00        0.00
  J03193146            JUNCTION     0.00     0.00    30.19     0  00:00        0.00
  J03193149            JUNCTION     0.00     0.00    30.15     0  00:00        0.00
  J03193150            JUNCTION     0.00     0.00    31.07     0  00:00        0.00
  J03193152            JUNCTION     0.00     0.00    30.17     0  00:00        0.00
  J03193154            JUNCTION     0.00     0.00    30.42     0  00:00        0.00
  J03193155            JUNCTION     0.00     0.00    30.47     0  00:00        0.00
  J03193162            JUNCTION     0.00     0.00    30.40     0  00:00        0.00
  J03193164            JUNCTION     0.00     0.00    29.83     0  00:00        0.00
  J03193167            JUNCTION     0.00     0.00    30.16     0  00:00        0.00
  J03193169            JUNCTION     0.00     0.00    30.32     0  00:00        0.00
  J03193170            JUNCTION     0.00     0.00    30.00     0  00:00        0.00
  J03193173            JUNCTION     0.00     0.00    30.69     0  00:00        0.00
  J03195537            JUNCTION     0.21     0.21    30.40     0  18:26        0.21
  J03195666            JUNCTION     0.00     0.00    30.02     0  00:00        0.00
  J03195750            JUNCTION     0.08     0.08    30.67     0  18:08        0.08
  J03195943            JUNCTION     0.90     1.03    30.38     0  08:07        1.03
  J03195944            JUNCTION     0.08     0.09    28.64     1  00:00        0.09
  J03195988            JUNCTION     0.86     0.99    30.38     0  20:07        0.99
  J03195991            JUNCTION     0.00     0.00    28.37     0  00:00        0.00
  J03196571            JUNCTION     0.00     0.00    30.83     0  00:00        0.00
  J03196573            JUNCTION     0.02     0.02    30.64     0  18:24        0.02
  J03196577            JUNCTION     0.00     0.00    30.11     0  00:00        0.00
  J03196579            JUNCTION     0.21     0.25    29.24     0  05:53        0.25
  J03198004            JUNCTION     0.00     0.00    28.57     0  00:00        0.00
  J03198005            JUNCTION     0.00     0.00    28.80     0  00:00        0.00
  J03233000            JUNCTION     0.58     0.59    33.62     0  07:26        0.59
  J03235001            JUNCTION     0.51     0.52    33.62     0  07:28        0.52
  J03235002            JUNCTION     1.20     1.22    33.62     0  07:26        1.22
  J03235003            JUNCTION     1.30     1.32    33.62     0  07:28        1.32
  J03235004            JUNCTION     0.00     0.00    34.46     0  00:00        0.00
  J03235006            JUNCTION     0.86     0.87    33.62     0  18:13        0.87
  J03235007            JUNCTION     0.57     0.58    33.62     0  18:46        0.58
  J03235013            JUNCTION     0.69     0.70    33.62     0  18:47        0.70
  J03235014            JUNCTION     0.00     0.00    34.45     0  00:00        0.00
  J03235018            JUNCTION     0.22     0.23    33.62     0  18:10        0.23
  J03235019            JUNCTION     0.26     0.27    33.62     0  18:15        0.27
  J03235024            JUNCTION     0.00     0.00    34.13     0  00:00        0.00
  J03235029            JUNCTION     0.00     0.00    34.17     0  00:00        0.00
  J03235031            JUNCTION     0.23     0.24    33.62     0  18:12        0.24
  J03235032            JUNCTION     0.00     0.00    34.43     0  00:00        0.00
  J03235041            JUNCTION     0.12     0.12    33.62     0  18:10        0.12
  J03235042            JUNCTION     0.00     0.00    34.11     0  00:00        0.00
  J03235045            JUNCTION     0.00     0.00    34.30     0  00:00        0.00
  J03235046            JUNCTION     0.00     0.00    34.15     0  00:00        0.00
  J03235049            JUNCTION     0.20     0.21    33.62     0  07:12        0.21
  J03235051            JUNCTION     0.04     0.04    33.62     0  18:07        0.04
  J03235052            JUNCTION     0.00     0.00    34.26     0  00:00        0.00
  J03235056            JUNCTION     0.00     0.00    34.18     0  00:00        0.00
  J03235058            JUNCTION     0.04     0.04    33.63     0  18:01        0.04
  J03235068            JUNCTION     0.00     0.00    34.39     0  00:00        0.00
  J03235069            JUNCTION     0.05     0.06    33.68     0  00:00        0.06
  J03235075            JUNCTION     0.11     0.11    33.70     0  00:04        0.11
  J03235080            JUNCTION     0.45     0.46    34.44     0  00:02        0.46
  J03235081            JUNCTION     0.03     0.03    34.55     0  00:00        0.03
  J03235088            JUNCTION     0.41     0.42    34.44     0  00:02        0.42
  J03260024            JUNCTION     0.05     0.32    28.72     1  00:00        0.32
  J03260025            JUNCTION     0.00     0.00    30.17     0  00:00        0.00
  J03260026            JUNCTION     0.13     0.58    28.72     1  00:00        0.58
  J03260027            JUNCTION     0.00     0.00    30.07     0  00:00        0.00
  J03260028            JUNCTION     0.00     0.00    30.01     0  00:00        0.00
  J03260029            JUNCTION     0.13     0.59    28.72     1  00:00        0.59
  J03260030            JUNCTION     0.00     0.00    30.05     0  00:00        0.00
  J03260031            JUNCTION     0.00     0.00    30.03     0  00:00        0.00
  J03260032            JUNCTION     0.00     0.00    29.17     0  00:00        0.00
  J03260033            JUNCTION     0.18     0.68    28.72     0  23:59        0.68
  J03260034            JUNCTION     0.00     0.00    30.00     0  00:00        0.00
  J03260038            JUNCTION     0.17     0.67    28.72     0  23:59        0.67
  J03260041            JUNCTION     0.30     0.89    28.72     0  23:59        0.89
  J03260047            JUNCTION     0.07     0.07    30.40     0  00:00        0.07
  J03260048            JUNCTION     0.42     1.02    28.72     1  00:00        1.02
  J03260049            JUNCTION     0.00     0.00    30.30     0  00:00        0.00
  J03260050            JUNCTION     0.00     0.00    30.32     0  00:00        0.00
  J03260051            JUNCTION     0.52     1.12    28.72     1  00:00        1.12
  J03260052            JUNCTION     0.00     0.00    30.52     0  00:00        0.00
  J03260054            JUNCTION     0.62     1.22    28.72     0  23:59        1.22
  J03260055            JUNCTION     0.00     0.00    30.68     0  00:00        0.00
  J03260058            JUNCTION     0.00     0.00    30.68     0  00:00        0.00
  J03260059            JUNCTION     0.04     0.06    29.41     0  23:35        0.06
  J03260060            JUNCTION     0.00     0.00    30.61     0  00:00        0.00
  J03260061            JUNCTION     0.00     0.00    29.85     0  00:00        0.00
  J03260062            JUNCTION     0.00     0.00    30.60     0  00:00        0.00
  J03260063            JUNCTION     0.04     0.06    29.36     0  23:39        0.06
  J03260064            JUNCTION     0.00     0.00    30.80     0  00:00        0.00
  J03260065            JUNCTION     0.04     0.06    29.32     0  23:51        0.06
  J03260066            JUNCTION     0.04     0.06    29.31     0  23:51        0.06
  J03260067            JUNCTION     0.00     0.00    30.78     0  00:00        0.00
  J03260075            JUNCTION     0.05     0.07    29.23     0  23:54        0.07
  J03260076            JUNCTION     0.00     0.00    31.19     0  00:00        0.00
  J03260077            JUNCTION     0.00     0.00    31.33     0  00:00        0.00
  J03260079            JUNCTION     0.00     0.00    31.32     0  00:00        0.00
  J03260080            JUNCTION     0.00     0.00    31.37     0  00:00        0.00
  J03260081            JUNCTION     0.00     0.00    31.30     0  00:00        0.00
  J03260082            JUNCTION     0.00     0.00    31.17     0  00:00        0.00
  J03260085            JUNCTION     0.00     0.00    31.12     0  00:00        0.00
  J03260086            JUNCTION     0.00     0.00    30.70     0  00:00        0.00
  J03260087            JUNCTION     0.00     0.00    31.62     0  00:00        0.00
  J03260088            JUNCTION     0.05     0.05    30.18     0  08:07        0.05
  J03260090            JUNCTION     0.09     0.10    30.46     0  08:07        0.10
  J03260093            JUNCTION     0.06     0.06    30.51     0  08:06        0.06
  J03260095            JUNCTION     0.09     0.09    30.54     0  08:06        0.09
  J03260097            JUNCTION     0.05     0.05    30.74     0  08:05        0.05
  J03260099            JUNCTION     0.05     0.05    30.99     0  08:05        0.05
  J03260147            JUNCTION     0.45     0.62    29.89     0  19:56        0.62
  J03260148            JUNCTION     0.00     0.00    30.19     0  00:00        0.00
  J03260149            JUNCTION     0.65     0.83    29.89     0  19:07        0.83
  J03260150            JUNCTION     0.51     0.69    29.89     0  19:28        0.69
  J03260151            JUNCTION     0.47     0.64    29.89     0  19:42        0.64
  J03260154            JUNCTION     0.54     0.71    29.89     0  19:47        0.71
  J03260156            JUNCTION     0.48     0.65    29.89     0  19:26        0.65
  J03260157            JUNCTION     0.34     0.51    29.89     0  20:00        0.51
  J03260159            JUNCTION     0.32     0.48    29.89     0  19:39        0.48
  J03260160            JUNCTION     0.00     0.00    30.02     0  00:00        0.00
  J03260161            JUNCTION     0.31     0.46    29.89     0  19:09        0.46
  J03260162            JUNCTION     0.35     0.50    29.89     0  19:47        0.50
  J03260164            JUNCTION     0.50     0.65    29.89     0  19:26        0.65
  J03260166            JUNCTION     0.46     0.61    29.89     0  18:53        0.61
  J03260167            JUNCTION     0.27     0.42    29.89     0  19:04        0.42
  J03260170            JUNCTION     0.35     0.50    29.89     0  20:03        0.50
  J03260171            JUNCTION     0.54     0.69    29.89     0  20:03        0.69
  J03260172            JUNCTION     0.23     0.36    29.89     0  20:03        0.36
  J03260174            JUNCTION     0.46     0.59    29.89     0  20:03        0.59
  J03260401            JUNCTION     0.00     0.00    31.09     0  00:00        0.00
  J03260403            JUNCTION     0.02     0.02    31.09     0  18:52        0.02
  J03260404            JUNCTION     0.00     0.00    31.20     0  00:00        0.00
  J03260405            JUNCTION     0.00     0.00    31.37     0  00:00        0.00
  J03260406            JUNCTION     0.00     0.00    32.36     0  00:00        0.00
  J03260407            JUNCTION     0.00     0.00    31.61     0  00:00        0.00
  J03260408            JUNCTION     0.00     0.00    31.61     0  00:00        0.00
  J03260409            JUNCTION     0.00     0.00    32.57     0  00:00        0.00
  J03260410            JUNCTION     0.00     0.00    31.71     0  00:00        0.00
  J03260411            JUNCTION     0.00     0.00    32.75     0  00:00        0.00
  J03260412            JUNCTION     0.00     0.00    31.89     0  00:00        0.00
  J03260413            JUNCTION     0.00     0.00    32.79     0  00:00        0.00
  J03260414            JUNCTION     0.00     0.00    31.96     0  00:00        0.00
  J03260415            JUNCTION     0.00     0.00    32.79     0  00:00        0.00
  J03260416            JUNCTION     0.00     0.00    32.05     0  00:00        0.00
  J03260417            JUNCTION     0.00     0.00    32.08     0  00:00        0.00
  J03260418            JUNCTION     0.00     0.00    32.19     0  00:00        0.00
  J03260419            JUNCTION     0.00     0.00    32.19     0  00:00        0.00
  J03260421            JUNCTION     0.00     0.00    32.36     0  00:00        0.00
  J03260422            JUNCTION     0.00     0.00    32.25     0  00:00        0.00
  J03260424            JUNCTION     0.03     0.03    32.34     0  07:59        0.03
  J03260425            JUNCTION     0.02     0.02    32.40     0  18:12        0.02
  J03260426            JUNCTION     0.06     0.06    32.46     0  07:06        0.06
  J03260427            JUNCTION     0.05     0.05    32.53     0  18:04        0.05
  J03260429            JUNCTION     0.64     0.64    32.53     0  18:04        0.64
  J03260431            JUNCTION     0.02     0.02    33.85     0  07:02        0.02
  J03260532            JUNCTION     0.00     0.00    32.43     0  00:00        0.00
  J03260533            JUNCTION     0.00     0.00    32.44     0  00:00        0.00
  J03260534            JUNCTION     0.00     0.00    33.13     0  00:00        0.00
  J03260536            JUNCTION     0.06     0.07    32.34     0  07:59        0.07
  J03260538            JUNCTION     0.06     0.06    32.25     0  07:59        0.06
  J03260539            JUNCTION     0.00     0.00    32.59     0  00:00        0.00
  J03260541            JUNCTION     0.05     0.05    32.21     0  07:59        0.05
  J03260542            JUNCTION     0.13     0.14    32.09     0  07:59        0.14
  J03260544            JUNCTION     0.00     0.00    32.47     0  00:00        0.00
  J03260546            JUNCTION     0.08     0.09    32.08     0  08:00        0.09
  J03260547            JUNCTION     0.00     0.00    32.99     0  00:00        0.00
  J03260548            JUNCTION     0.05     0.06    31.83     0  08:00        0.06
  J03260550            JUNCTION     0.00     0.00    32.05     0  00:00        0.00
  J03260551            JUNCTION     0.05     0.05    31.64     0  08:00        0.05
  J03260555            JUNCTION     0.00     0.00    32.86     0  00:00        0.00
  J03260558            JUNCTION     0.60     0.63    31.56     0  08:01        0.63
  J03260559            JUNCTION     1.00     1.05    31.56     0  08:01        1.05
  J03260560            JUNCTION     0.44     0.46    31.56     0  08:01        0.46
  J03260561            JUNCTION     0.11     0.12    31.51     0  08:01        0.12
  J03260562            JUNCTION     0.00     0.00    32.23     0  00:00        0.00
  J03260564            JUNCTION     0.12     0.13    31.50     0  08:02        0.13
  J03260566            JUNCTION     0.06     0.06    31.34     0  08:02        0.06
  J03260567            JUNCTION     0.00     0.00    32.46     0  00:00        0.00
  J03260568            JUNCTION     0.08     0.08    31.25     0  08:02        0.08
  J03260569            JUNCTION     0.00     0.00    32.47     0  00:00        0.00
  J03260571            JUNCTION     0.05     0.05    31.14     0  08:03        0.05
  J03260572            JUNCTION     0.00     0.00    32.44     0  00:00        0.00
  J03260574            JUNCTION     0.24     0.26    31.10     0  08:03        0.26
  J03260575            JUNCTION     0.00     0.00    32.09     0  00:00        0.00
  J03260577            JUNCTION     0.15     0.17    31.10     0  08:04        0.17
  J03260578            JUNCTION     0.00     0.00    31.72     0  00:00        0.00
  J03261001            JUNCTION     0.00     0.00    28.36     0  00:00        0.00
  J03261009            JUNCTION     0.21     0.66    28.72     1  00:00        0.66
  J03261010            JUNCTION     0.00     0.00    29.61     0  00:00        0.00
  J03261011            JUNCTION     0.05     0.33    28.72     1  00:00        0.33
  J03261012            JUNCTION     0.00     0.00    30.00     0  00:00        0.00
  J03261013            JUNCTION     0.00     0.00    29.64     0  00:00        0.00
  J03261014            JUNCTION     0.22     0.68    28.72     1  00:00        0.68
  J03261015            JUNCTION     0.00     0.00    29.41     0  00:00        0.00
  J03262001            JUNCTION     0.55     1.15    28.72     1  00:00        1.15
  J03262003            JUNCTION     0.00     0.00    28.28     0  00:00        0.00
  J03262004            JUNCTION     0.00     0.00    27.85     0  00:00        0.00
  J03262008            JUNCTION     0.00     0.00    28.22     0  00:00        0.00
  J03262029            JUNCTION     0.00     0.00    30.27     0  00:00        0.00
  J03262030            JUNCTION     0.00     0.00    30.18     0  00:00        0.00
  J03262031            JUNCTION     0.45     1.05    28.72     1  00:00        1.05
  J03262068            JUNCTION     0.00     0.00    28.90     0  00:00        0.00
  J03262069            JUNCTION     0.00     0.00    28.90     0  00:00        0.00
  J03262070            JUNCTION     0.00     0.00    28.93     0  00:00        0.00
  J03262073            JUNCTION     0.00     0.00    29.91     0  00:00        0.00
  J03262074            JUNCTION     0.00     0.00    29.72     0  00:00        0.00
  J03262075            JUNCTION     0.00     0.00    29.91     0  00:00        0.00
  J03262076            JUNCTION     0.00     0.00    29.80     0  00:00        0.00
  J03262078            JUNCTION     0.00     0.00    29.17     0  00:00        0.00
  J03262079            JUNCTION     0.00     0.00    30.51     0  00:00        0.00
  J03262080            JUNCTION     0.00     0.00    30.57     0  00:00        0.00
  J03262083            JUNCTION     0.00     0.00    29.98     0  00:00        0.00
  J03262093            JUNCTION     0.00     0.00    30.07     0  00:00        0.00
  J03262094            JUNCTION     0.00     0.00    29.93     0  00:00        0.00
  J03262095            JUNCTION     0.00     0.00    30.49     0  00:00        0.00
  J03262096            JUNCTION     0.00     0.00    29.75     0  00:00        0.00
  J03262097            JUNCTION     0.00     0.00    30.48     0  00:00        0.00
  J03262098            JUNCTION     0.00     0.00    30.45     0  00:00        0.00
  J03262099            JUNCTION     0.00     0.00    29.72     0  00:00        0.00
  J03262100            JUNCTION     0.00     0.00    29.61     0  00:00        0.00
  J03262101            JUNCTION     0.00     0.00    30.16     0  00:00        0.00
  J03262102            JUNCTION     0.00     0.00    29.88     0  00:00        0.00
  J03262106            JUNCTION     0.00     0.00    30.39     0  00:00        0.00
  J03262113            JUNCTION     0.00     0.00    30.12     0  00:00        0.00
  J03262114            JUNCTION     0.00     0.00    29.85     0  00:00        0.00
  J03262119            JUNCTION     0.00     0.00    30.17     0  00:00        0.00
  J03262120            JUNCTION     0.00     0.00    30.17     0  00:00        0.00
  J03262121            JUNCTION     0.00     0.00    30.44     0  00:00        0.00
  J03262126            JUNCTION     0.00     0.00    29.75     0  00:00        0.00
  J03262127            JUNCTION     0.00     0.00    30.41     0  00:00        0.00
  J03262128            JUNCTION     0.00     0.00    29.22     0  00:00        0.00
  J03262795            JUNCTION     0.00     0.00    29.71     0  00:00        0.00
  J03263001            JUNCTION     0.01     0.02    29.43     0  19:37        0.02
  J03263002            JUNCTION     0.02     0.05    29.60     0  19:37        0.05
  J03263004            JUNCTION     0.00     0.01    28.72     1  00:00        0.01
  J03263005            JUNCTION     0.00     0.00    29.36     0  00:00        0.00
  J03263007            JUNCTION     0.07     0.15    29.60     0  19:37        0.15
  J03263010            JUNCTION     0.06     0.11    29.63     0  19:37        0.11
  J03263011            JUNCTION     0.00     0.00    29.58     0  00:00        0.00
  J03263012            JUNCTION     0.00     0.00    29.69     0  00:00        0.00
  J03263015            JUNCTION     0.00     0.00    29.57     0  00:00        0.00
  J03263016            JUNCTION     0.03     0.20    28.72     1  00:00        0.20
  J03263017            JUNCTION     0.10     0.19    29.63     0  19:37        0.19
  J03263018            JUNCTION     0.02     0.03    29.74     0  19:37        0.03
  J03263024            JUNCTION     0.02     0.03    29.89     0  19:36        0.03
  J03263039            JUNCTION     1.00     1.26    29.89     0  19:24        1.26
  J03263049            JUNCTION     0.00     0.00    29.63     0  00:00        0.00
  J03263052            JUNCTION     1.04     1.31    29.89     0  19:24        1.31
  J03263053            JUNCTION     0.00     0.00    29.58     0  00:00        0.00
  J03263054            JUNCTION     0.00     0.00    29.70     0  00:00        0.00
  J03263057            JUNCTION     0.00     0.00    29.98     0  00:00        0.00
  J03263058            JUNCTION     0.96     1.22    29.89     0  19:36        1.22
  J03263061            JUNCTION     0.00     0.00    29.79     0  00:00        0.00
  J03263063            JUNCTION     0.00     0.00    29.69     0  00:00        0.00
  J03263075            JUNCTION     0.66     0.88    29.89     0  19:53        0.88
  J03263078            JUNCTION     0.10     0.18    29.89     0  19:54        0.18
  J03263079            JUNCTION     0.00     0.00    29.91     0  00:00        0.00
  J03263080            JUNCTION     0.54     0.74    29.89     0  19:36        0.74
  J03263081            JUNCTION     0.00     0.00    30.61     0  00:00        0.00
  J03263082            JUNCTION     0.05     0.10    29.89     0  19:28        0.10
  J03264861            JUNCTION     0.00     0.00    34.00     0  00:00        0.00
  J03264862            JUNCTION     0.00     0.00    34.07     0  00:00        0.00
  J03264872            JUNCTION     0.00     0.00    33.05     0  00:00        0.00
  J03264875            JUNCTION     0.00     0.00    33.44     0  00:00        0.00
  J03264876            JUNCTION     0.00     0.00    32.95     0  00:00        0.00
  J03264882            JUNCTION     0.00     0.00    32.69     0  00:00        0.00
  J03264883            JUNCTION     0.00     0.00    32.73     0  00:00        0.00
  J03264891            JUNCTION     0.00     0.00    32.29     0  00:00        0.00
  J03264892            JUNCTION     0.00     0.00    32.03     0  00:00        0.00
  J03264894            JUNCTION     0.00     0.00    32.31     0  00:00        0.00
  J03264900            JUNCTION     0.00     0.00    30.60     0  00:00        0.00
  J03264960            JUNCTION     0.42     0.59    29.89     0  19:35        0.59
  J03264964            JUNCTION     0.36     0.53    29.89     0  19:51        0.53
  J03265000            JUNCTION     0.00     0.00    32.37     0  00:00        0.00
  J03265001            JUNCTION     0.00     0.00    32.31     0  00:00        0.00
  J03266226            JUNCTION     0.00     0.00    30.05     0  00:00        0.00
  J03266227            JUNCTION     0.00     0.00    30.25     0  00:00        0.00
  J03266669            JUNCTION     0.25     0.40    29.89     0  19:22        0.40
  J03266670            JUNCTION     0.29     0.45    29.89     0  19:06        0.45
  J03266695            JUNCTION     0.00     0.00    31.54     0  00:00        0.00
  J03266696            JUNCTION     0.00     0.00    32.05     0  00:00        0.00
  J03266698            JUNCTION     0.00     0.00    32.53     0  00:00        0.00
  J03266706            JUNCTION     0.00     0.00    32.41     0  00:00        0.00
  J03266707            JUNCTION     0.04     0.05    32.48     0  07:58        0.05
  J03351040            JUNCTION     0.00     0.00    33.54     0  00:00        0.00
  J03351041            JUNCTION     0.00     0.00    34.27     0  00:00        0.00
  J03351042            JUNCTION     0.00     0.00    33.54     0  00:00        0.00
  J03351044            JUNCTION     0.00     0.00    33.35     0  00:00        0.00
  J03351046            JUNCTION     0.00     0.00    33.32     0  00:00        0.00
  J03351047            JUNCTION     0.00     0.00    34.03     0  00:00        0.00
  J03351048            JUNCTION     0.00     0.00    34.09     0  00:00        0.00
  J03351049            JUNCTION     0.00     0.00    33.25     0  00:00        0.00
  J03351051            JUNCTION     0.00     0.00    33.15     0  00:00        0.00
  J03351053            JUNCTION     0.00     0.00    33.63     0  00:00        0.00
  J03351056            JUNCTION     0.00     0.00    32.95     0  00:00        0.00
  J03351058            JUNCTION     0.00     0.00    33.02     0  00:00        0.00
  J03351067            JUNCTION     0.00     0.00    33.01     0  00:00        0.00
  J03351068            JUNCTION     0.00     0.00    32.94     0  00:00        0.00
  J03351070            JUNCTION     0.00     0.00    33.38     0  00:00        0.00
  J03351071            JUNCTION     0.00     0.00    33.56     0  00:00        0.00
  J03351072            JUNCTION     0.00     0.00    32.82     0  00:00        0.00
  J03351075            JUNCTION     0.00     0.00    32.70     0  00:00        0.00
  J03351076            JUNCTION     0.00     0.00    32.54     0  00:00        0.00
  J03351078            JUNCTION     0.00     0.00    32.71     0  00:00        0.00
  J03351080            JUNCTION     0.00     0.00    32.64     0  00:00        0.00
  J03351083            JUNCTION     0.00     0.00    32.67     0  00:00        0.00
  J03351085            JUNCTION     0.00     0.00    33.05     0  00:00        0.00
  J03351086            JUNCTION     0.00     0.00    33.08     0  00:00        0.00
  J03351087            JUNCTION     0.00     0.00    32.55     0  00:00        0.00
  J03351089            JUNCTION     0.00     0.00    32.43     0  00:00        0.00
  J03351092            JUNCTION     0.00     0.00    31.45     0  00:00        0.00
  J03351093            JUNCTION     0.00     0.00    32.10     0  00:00        0.00
  J03351094            JUNCTION     0.00     0.00    32.27     0  00:00        0.00
  J03351095            JUNCTION     0.00     0.00    32.91     0  00:00        0.00
  J03351097            JUNCTION     0.00     0.00    32.24     0  00:00        0.00
  J03352001            JUNCTION     0.07     0.08    32.53     0  07:58        0.08
  J03352003            JUNCTION     0.16     0.17    32.57     0  07:58        0.17
  J03352004            JUNCTION     0.11     0.12    32.57     0  07:57        0.12
  J03352005            JUNCTION     0.16     0.17    32.57     0  07:57        0.17
  J03352007            JUNCTION     0.08     0.09    32.58     0  07:56        0.09
  J03352009            JUNCTION     0.06     0.06    32.67     0  07:56        0.06
  J03352010            JUNCTION     0.00     0.00    33.32     0  00:00        0.00
  J03352011            JUNCTION     0.10     0.11    32.73     0  07:55        0.11
  J03352013            JUNCTION     0.00     0.00    33.43     0  00:00        0.00
  J03352014            JUNCTION     0.09     0.09    32.80     0  18:35        0.09
  J03352015            JUNCTION     0.00     0.00    33.50     0  00:00        0.00
  J03352016            JUNCTION     0.08     0.09    32.90     0  18:35        0.09
  J03352017            JUNCTION     0.16     0.16    32.90     0  18:35        0.16
  J03352018            JUNCTION     0.00     0.00    33.54     0  00:00        0.00
  J03352026            JUNCTION     0.07     0.08    33.04     0  07:27        0.08
  J03352027            JUNCTION     0.00     0.00    33.70     0  00:00        0.00
  J03352028            JUNCTION     0.10     0.11    33.06     0  18:23        0.11
  J03352029            JUNCTION     0.06     0.06    33.09     0  18:23        0.06
  J03352030            JUNCTION     0.00     0.00    33.82     0  00:00        0.00
  J03352031            JUNCTION     0.10     0.11    33.19     0  07:19        0.11
  J03352032            JUNCTION     0.00     0.00    33.89     0  00:00        0.00
  J03352033            JUNCTION     0.10     0.11    33.21     0  07:19        0.11
  J03352034            JUNCTION     0.00     0.00    33.97     0  00:00        0.00
  J03352035            JUNCTION     0.06     0.06    33.34     0  18:18        0.06
  J03352036            JUNCTION     0.00     0.00    33.91     0  00:00        0.00
  J03352037            JUNCTION     0.13     0.13    33.36     0  07:18        0.13
  J03352038            JUNCTION     0.00     0.00    34.03     0  00:00        0.00
  J03352039            JUNCTION     0.00     0.00    33.68     0  00:00        0.00
  J03352041            JUNCTION     0.07     0.07    33.46     0  18:14        0.07
  J03352042            JUNCTION     0.00     0.00    34.30     0  00:00        0.00
  J03352043            JUNCTION     0.05     0.06    33.62     0  18:14        0.06
  J03352045            JUNCTION     0.04     0.04    33.56     0  18:21        0.04
  J03352046            JUNCTION     0.00     0.00    34.22     0  00:00        0.00
  J03352144            JUNCTION     0.04     0.04    33.39     0  18:14        0.04
  J03355147            JUNCTION     0.00     0.00    33.36     0  00:00        0.00
  J03380002            JUNCTION     0.12     0.15    29.24     0  05:55        0.15
  J03380007            JUNCTION     0.11     0.14    29.24     0  05:55        0.14
  J03380010            JUNCTION     0.17     0.21    29.24     0  05:55        0.21
  J03380014            JUNCTION     0.14     0.18    29.24     0  05:55        0.18
  J03380016            JUNCTION     0.06     0.08    29.24     0  05:55        0.08
  J03380018            JUNCTION     0.00     0.00    30.22     0  00:00        0.00
  J03380025            JUNCTION     0.12     0.15    29.24     0  05:52        0.15
  J03380029            JUNCTION     0.14     0.15    29.24     0  05:52        0.15
  J03380032            JUNCTION     0.06     0.07    29.24     0  05:53        0.07
  J03380033            JUNCTION     0.00     0.00    30.41     0  00:00        0.00
  J03380034            JUNCTION     0.00     0.00    30.51     0  00:00        0.00
  J03380037            JUNCTION     0.02     0.02    30.33     0  07:47        0.02
  J03380040            JUNCTION     0.01     0.01    29.44     0  19:47        0.01
  J03380042            JUNCTION     0.04     0.05    29.46     0  19:36        0.05
  J03380046            JUNCTION     0.00     0.00    30.13     0  00:00        0.00
  J03380047            JUNCTION     0.01     0.02    29.49     0  19:35        0.02
  J03380053            JUNCTION     0.04     0.05    29.51     0  08:21        0.05
  J03380055            JUNCTION     0.00     0.00    30.26     0  00:00        0.00
  J03380056            JUNCTION     0.29     0.32    29.51     0  08:28        0.32
  J03380057            JUNCTION     0.18     0.20    29.51     0  08:17        0.20
  J03380058            JUNCTION     0.02     0.02    30.13     0  08:52        0.02
  J03380060            JUNCTION     0.04     0.06    30.24     0  08:52        0.06
  J03380065            JUNCTION     0.10     0.13    30.25     0  08:51        0.13
  J03380071            JUNCTION     0.06     0.08    30.26     0  09:01        0.08
  J03380073            JUNCTION     0.13     0.17    30.26     0  09:00        0.17
  J03380075            JUNCTION     0.04     0.05    30.27     0  19:12        0.05
  J03380076            JUNCTION     0.04     0.05    30.28     0  19:12        0.05
  J03380077            JUNCTION     0.07     0.09    30.28     0  19:12        0.09
  J03380079            JUNCTION     0.16     0.20    30.28     0  19:12        0.20
  J03380081            JUNCTION     0.11     0.14    30.28     0  08:59        0.14
  J03380083            JUNCTION     0.04     0.05    30.29     0  19:11        0.05
  J03380085            JUNCTION     0.05     0.06    30.36     0  19:11        0.06
  J03380088            JUNCTION     0.64     0.75    30.38     0  08:53        0.75
  J03380089            JUNCTION     0.16     0.17    30.46     0  19:30        0.17
  J03380092            JUNCTION     0.21     0.23    30.46     0  08:48        0.23
  J03380095            JUNCTION     0.06     0.07    30.46     0  19:30        0.07
  J03380096            JUNCTION     0.26     0.28    30.46     0  19:26        0.28
  J03380098            JUNCTION     0.09     0.10    30.46     0  08:26        0.10
  J03380100            JUNCTION     0.09     0.09    30.52     0  19:55        0.09
  J03380102            JUNCTION     0.08     0.08    30.53     0  19:43        0.08
  J03380104            JUNCTION     0.10     0.11    30.61     0  08:44        0.11
  J03380106            JUNCTION     0.17     0.18    30.61     0  08:45        0.18
  J03380109            JUNCTION     0.03     0.03    30.62     0  07:59        0.03
  J03380113            JUNCTION     0.04     0.04    30.67     0  08:43        0.04
  J03380117            JUNCTION     0.05     0.06    30.72     0  08:40        0.06
  J03380120            JUNCTION     0.57     0.59    30.72     0  08:40        0.59
  J03380124            JUNCTION     0.07     0.08    30.88     0  07:39        0.08
  J03380127            JUNCTION     0.09     0.09    30.88     0  18:22        0.09
  J03380129            JUNCTION     0.08     0.08    30.88     0  18:22        0.08
  J03380131            JUNCTION     0.06     0.06    30.90     0  07:54        0.06
  J03380136            JUNCTION     0.04     0.04    31.02     0  07:54        0.04
  J03380137            JUNCTION     0.05     0.05    31.05     0  08:30        0.05
  J03380142            JUNCTION     0.07     0.07    31.07     0  08:56        0.07
  J03380145            JUNCTION     0.07     0.07    31.15     0  19:12        0.07
  J03380148            JUNCTION     0.04     0.04    31.19     0  08:27        0.04
  J03380152            JUNCTION     0.04     0.04    31.32     0  19:24        0.04
  J03380155            JUNCTION     0.03     0.04    31.50     0  19:40        0.04
  J03380159            JUNCTION     0.03     0.03    31.72     0  08:42        0.03
  J03380162            JUNCTION     0.04     0.05    31.93     0  19:20        0.05
  J03380165            JUNCTION     0.08     0.08    31.93     0  18:45        0.08
  J03380166            JUNCTION     0.04     0.04    32.07     0  07:12        0.04
  J03380170            JUNCTION     0.10     0.10    32.08     0  18:10        0.10
  J03380173            JUNCTION     0.03     0.03    32.42     0  18:09        0.03
  J03380175            JUNCTION     0.03     0.03    31.95     0  07:08        0.03
  J03380177            JUNCTION     0.02     0.03    31.75     0  18:10        0.03
  J03380178            JUNCTION     0.21     0.21    31.69     0  07:21        0.21
  J03380180            JUNCTION     0.00     0.00    32.07     0  00:00        0.00
  J03380182            JUNCTION     0.02     0.02    31.67     0  07:23        0.02
  J03380184            JUNCTION     0.03     0.03    31.39     0  18:23        0.03
  J03380186            JUNCTION     0.03     0.04    31.25     0  07:25        0.04
  J03380188            JUNCTION     0.03     0.03    31.14     0  08:03        0.03
  J03380190            JUNCTION     0.03     0.04    30.97     0  18:37        0.04
  J03380195            JUNCTION     0.08     0.08    30.89     0  07:38        0.08
  J03380197            JUNCTION     0.02     0.02    30.88     0  07:40        0.02
  J03380198            JUNCTION     0.00     0.00    31.48     0  00:00        0.00
  J03380199            JUNCTION     0.15     0.15    30.75     0  07:14        0.15
  J03380200            JUNCTION     0.00     0.00    31.36     0  00:00        0.00
  J03380201            JUNCTION     0.04     0.04    30.75     0  18:14        0.04
  J03380203            JUNCTION     0.00     0.00    31.75     0  00:00        0.00
  J03380204            JUNCTION     0.00     0.00    31.95     0  00:00        0.00
  J03380206            JUNCTION     0.00     0.00    31.42     0  00:00        0.00
  J03380207            JUNCTION     0.04     0.04    30.70     0  07:22        0.04
  J03380209            JUNCTION     0.11     0.12    30.70     0  07:23        0.12
  J03380210            JUNCTION     0.00     0.00    30.88     0  00:00        0.00
  J03380211            JUNCTION     0.06     0.07    30.70     0  18:23        0.07
  J03380212            JUNCTION     0.00     0.00    30.90     0  00:00        0.00
  J03380213            JUNCTION     0.09     0.09    30.69     0  18:23        0.09
  J03380215            JUNCTION     0.02     0.03    30.69     0  18:23        0.03
  J03380218            JUNCTION     0.07     0.07    30.50     0  07:24        0.07
  J03380219            JUNCTION     0.03     0.03    30.43     0  07:24        0.03
  J03380221            JUNCTION     0.05     0.05    30.40     0  07:26        0.05
  J03380223            JUNCTION     0.45     0.47    30.38     0  20:00        0.47
  J03380224            JUNCTION     0.03     0.04    30.38     0  19:43        0.04
  J03380225            JUNCTION     0.13     0.14    30.38     0  19:12        0.14
  J03380227            JUNCTION     0.15     0.17    30.38     0  19:08        0.17
  J03380228            JUNCTION     0.28     0.30    30.38     0  19:21        0.30
  J03380230            JUNCTION     0.11     0.12    30.38     0  19:07        0.12
  J03380231            JUNCTION     0.00     0.00    30.87     0  00:00        0.00
  J03380232            JUNCTION     0.34     0.39    30.38     0  19:10        0.39
  J03380235            JUNCTION     0.82     0.94    30.38     0  08:58        0.94
  J03380236            JUNCTION     0.12     0.15    30.38     0  08:23        0.15
  J03380237            JUNCTION     0.86     0.99    30.38     0  20:07        0.99
  J03380238            JUNCTION     0.93     1.06    30.38     0  08:07        1.06
  J03380239            JUNCTION     0.14     0.17    30.38     0  19:48        0.17
  J03380240            JUNCTION     0.00     0.00    30.40     0  00:00        0.00
  J03380241            JUNCTION     0.00     0.00    30.50     0  00:00        0.00
  J03380243            JUNCTION     0.21     0.26    30.38     0  19:14        0.26
  J03380245            JUNCTION     0.19     0.23    30.38     0  19:20        0.23
  J03380248            JUNCTION     0.00     0.00    30.80     0  00:00        0.00
  J03380252            JUNCTION     0.00     0.00    30.08     0  00:00        0.00
  J03380254            JUNCTION     0.00     0.00    30.05     0  00:00        0.00
  J03380255            JUNCTION     0.00     0.00    30.99     0  00:00        0.00
  J03380256            JUNCTION     0.00     0.00    30.05     0  00:00        0.00
  J03380258            JUNCTION     0.00     0.00    29.97     0  00:00        0.00
  J03380260            JUNCTION     0.00     0.00    30.00     0  00:00        0.00
  J03380262            JUNCTION     0.00     0.00    29.89     0  00:00        0.00
  J03380264            JUNCTION     0.00     0.00    29.86     0  00:00        0.00
  J03380265            JUNCTION     0.00     0.00    29.63     0  00:00        0.00
  J03380266            JUNCTION     0.28     0.31    29.51     0  08:06        0.31
  J03380267            JUNCTION     0.00     0.00    29.68     0  00:00        0.00
  J03380272            JUNCTION     0.00     0.00    30.30     0  00:00        0.00
  J03380280            JUNCTION     0.00     0.00    29.51     0  00:00        0.00
  J03380281            JUNCTION     0.00     0.00    30.18     0  00:00        0.00
  J03380282            JUNCTION     0.15     0.17    29.51     0  08:09        0.17
  J03380284            JUNCTION     0.00     0.00    29.65     0  00:00        0.00
  J03380286            JUNCTION     0.00     0.00    30.73     0  00:00        0.00
  J03380287            JUNCTION     0.00     0.00    30.05     0  00:00        0.00
  J03380288            JUNCTION     0.00     0.00    30.35     0  00:00        0.00
  J03380289            JUNCTION     0.00     0.00    30.10     0  00:00        0.00
  J03380290            JUNCTION     0.00     0.00    30.27     0  00:00        0.00
  J03380291            JUNCTION     0.00     0.00    30.24     0  00:00        0.00
  J03380292            JUNCTION     0.00     0.00    30.01     0  00:00        0.00
  J03380293            JUNCTION     0.00     0.00    30.16     0  00:00        0.00
  J03380295            JUNCTION     0.00     0.00    30.19     0  00:00        0.00
  J03380299            JUNCTION     0.00     0.00    30.10     0  00:00        0.00
  J03380301            JUNCTION     0.00     0.00    29.72     0  00:00        0.00
  J03380302            JUNCTION     0.00     0.00    29.72     0  00:00        0.00
  J03380305            JUNCTION     0.00     0.00    29.70     0  00:00        0.00
  J03380307            JUNCTION     0.00     0.00    29.67     0  00:00        0.00
  J03380310            JUNCTION     0.00     0.00    29.90     0  00:00        0.00
  J03380316            JUNCTION     0.00     0.00    29.65     0  00:00        0.00
  J03380318            JUNCTION     0.00     0.00    29.81     0  00:00        0.00
  J03380322            JUNCTION     0.00     0.00    29.70     0  00:00        0.00
  J03380323            JUNCTION     0.00     0.00    30.66     0  00:00        0.00
  J03380325            JUNCTION     0.00     0.00    31.08     0  00:00        0.00
  J03380327            JUNCTION     0.00     0.00    29.54     0  00:00        0.00
  J03380328            JUNCTION     0.00     0.00    29.75     0  00:00        0.00
  J03380331            JUNCTION     0.00     0.00    31.06     0  00:00        0.00
  J03380332            JUNCTION     0.00     0.00    29.63     0  00:00        0.00
  J03380335            JUNCTION     0.00     0.00    29.72     0  00:00        0.00
  J03380346            JUNCTION     0.00     0.00    29.57     0  00:00        0.00
  J03380349            JUNCTION     0.00     0.00    29.65     0  00:00        0.00
  J03380352            JUNCTION     0.00     0.00    29.47     0  00:00        0.00
  J03380356            JUNCTION     0.00     0.00    29.23     0  05:57        0.00
  J03388007            JUNCTION     0.44     0.72    28.79     0  19:46        0.72
  J03411012            JUNCTION     0.26     0.41    29.89     0  19:51        0.41
  J03411013            JUNCTION     0.00     0.00    30.51     0  00:00        0.00
  J03411014            JUNCTION     0.52     0.70    29.89     0  19:34        0.70
  J03411015            JUNCTION     0.00     0.00    30.18     0  00:00        0.00
  J03411016            JUNCTION     0.21     0.35    29.89     0  19:38        0.35
  J03411017            JUNCTION     0.00     0.00    30.23     0  00:00        0.00
  J03411018            JUNCTION     0.24     0.38    29.89     0  19:26        0.38
  J03411019            JUNCTION     0.00     0.00    30.31     0  00:00        0.00
  J03411020            JUNCTION     0.86     1.07    29.89     0  19:59        1.07
  J03411021            JUNCTION     0.16     0.27    29.89     0  19:15        0.27
  J03411079            JUNCTION     0.55     0.75    29.89     0  19:21        0.75
  J03411080            JUNCTION     1.01     1.23    29.89     0  19:21        1.23
  J03411081            JUNCTION     0.57     0.77    29.89     0  19:20        0.77
  J03411083            JUNCTION     0.62     0.80    29.89     0  19:51        0.80
  J03464880            JUNCTION     0.04     0.05    31.09     0  08:05        0.05
  J06103061            JUNCTION     0.51     0.71    29.89     0  19:43        0.71
  J06103062            JUNCTION     0.20     0.33    29.89     0  19:13        0.33
  J03260010            OUTFALL      0.04     0.05    25.58     0  19:45        0.05
  
  
  *******************
  Node Inflow Summary
  *******************
  
  -------------------------------------------------------------------------------------------------
                                  Maximum  Maximum                  Lateral       Total        Flow
                                  Lateral    Total  Time of Max      Inflow      Inflow     Balance
                                   Inflow   Inflow   Occurrence      Volume      Volume       Error
  Node                 Type           LPS      LPS  days hr:min    10^6 ltr    10^6 ltr     Percent
  -------------------------------------------------------------------------------------------------
  G03160065            JUNCTION      0.00     2.54     0  00:00           0       0.207       0.016
  G03160066            JUNCTION      2.52     2.52     0  07:00       0.207       0.207       0.008
  G03160068            JUNCTION      0.00     0.00     0  00:00           0           0       0.000 ltr
  G03160069            JUNCTION      0.00     0.00     0  00:00           0           0       0.000 ltr
  G03160070            JUNCTION      0.00     2.61     0  00:30           0       0.205       3.058
  G03160073            JUNCTION      0.00     2.52     0  18:00           0       0.207       0.927
  J03010003            JUNCTION      0.00    33.41     0  19:19           0        2.02       0.033
  J03160546            JUNCTION      0.00     0.00     0  00:00           0           0       0.000 ltr
  J03160705            JUNCTION      0.00     0.00     0  00:00           0           0       0.000 ltr
  J03165846            JUNCTION      0.00     0.00     0  00:00           0           0       0.000 ltr
  J03166590            JUNCTION      0.00     0.00     0  00:00           0           0       0.000 ltr
  J03166604            JUNCTION      0.00    12.33     0  08:37           0       0.837       0.069
  J03166622            JUNCTION      0.00     0.00     0  00:00           0           0       0.000 ltr
  J03166623            JUNCTION      0.00     0.00     0  00:00           0           0       0.000 ltr
  J03176807            JUNCTION      0.00     6.30     0  07:02           0       0.518       0.322
  J03176811            JUNCTION      0.00     1.53     0  08:00           0       0.115       0.078
  J03176902            JUNCTION      0.00     1.53     0  08:36           0       0.114       0.052
  J03180001            JUNCTION      0.00     0.43     0  00:52           0    0.000784     106.549
  J03180002            JUNCTION      0.00     0.00     0  00:00           0           0       0.000 ltr
  J03180003            JUNCTION      0.00     1.71     0  09:15           0       0.112       4.655
  J03180004            JUNCTION      0.00     0.07     0  10:17           0    0.000455      71.592
  J03180005            JUNCTION      0.00     0.00     0  00:00           0           0       0.000 ltr
  J03180006            JUNCTION      0.00     1.53     0  08:43           0       0.114       1.788
  J03180007            JUNCTION      0.00     0.00     0  00:00           0           0       0.000 ltr
  J03180008            JUNCTION      0.00     1.53     0  08:37           0       0.114       0.014
  J03180009            JUNCTION      0.00     0.00     0  00:00           0           0       0.000 ltr
  J03180010            JUNCTION      0.00     1.53     0  08:36           0       0.114       0.054
  J03180011            JUNCTION      0.00     0.00     0  00:00           0           0       0.000 ltr
  J03180015            JUNCTION      0.00     1.53     0  08:36           0       0.114       0.016
  J03180019            JUNCTION      0.00     1.53     0  08:35           0       0.114       0.088
  J03180020            JUNCTION      0.00     1.53     0  08:35           0       0.114       0.048
  J03180022            JUNCTION      0.00     1.53     0  08:35           0       0.114       0.047
  J03180025            JUNCTION      0.00     1.53     0  08:34           0       0.114       0.021
  J03180026            JUNCTION      0.00     1.53     0  08:34           0       0.114       0.344
  J03180030            JUNCTION      0.00     1.53     0  08:33           0       0.114       0.163
  J03180031            JUNCTION      0.00     0.00     0  00:00           0           0       0.000 ltr
  J03180032            JUNCTION      0.00     0.00     0  00:00           0           0       0.000 ltr
  J03180034            JUNCTION      0.00     1.53     0  08:32           0       0.115       0.212
  J03180037            JUNCTION      0.00     0.00     0  00:00           0           0       0.000 ltr
  J03180039            JUNCTION      0.00     1.53     0  08:32           0       0.115       0.126
  J03180043            JUNCTION      0.00     1.53     0  08:01           0       0.115       0.071
  J03180046            JUNCTION      0.00     1.53     0  08:00           0       0.115       0.144
  J03180049            JUNCTION      0.00     1.53     0  07:59           0       0.115       0.097
  J03180052            JUNCTION      0.00     1.53     0  07:59           0       0.115       0.057
  J03180056            JUNCTION      0.00     1.53     0  07:57           0       0.116       0.323
  J03180060            JUNCTION      0.00     1.53     0  07:57           0       0.116       0.227
  J03180062            JUNCTION      0.00     0.00     0  00:00           0           0       0.000 ltr
  J03180063            JUNCTION      0.00     1.53     0  07:57           0       0.116       0.100
  J03180074            JUNCTION      0.00     1.53     0  07:56           0       0.117       0.397
  J03180075            JUNCTION      0.00     0.00     0  00:00           0           0       0.000 ltr
  J03180077            JUNCTION      0.00     0.00     0  00:00           0           0       0.000 ltr
  J03180079            JUNCTION      0.00     0.00     0  00:00           0           0       0.000 ltr
  J03180080            JUNCTION      0.00     1.53     0  18:43           0       0.117       0.274
  J03180081            JUNCTION      0.00     0.00     0  00:00           0           0       0.000 ltr
  J03180082            JUNCTION      0.00     0.00     0  00:00           0           0       0.000 ltr
  J03180083            JUNCTION      0.00     1.53     0  18:35           0       0.117       0.117
  J03180084            JUNCTION      0.00     0.00     0  00:00           0           0       0.000 ltr
  J03180086            JUNCTION      0.00     0.00     0  00:00           0           0       0.000 ltr
  J03180087            JUNCTION      0.00     1.53     0  18:35           0       0.117       0.091
  J03180088            JUNCTION      0.00     0.00     0  00:00           0           0       0.000 ltr
  J03180090            JUNCTION      0.00     0.00     0  00:00           0           0       0.000 ltr
  J03180092            JUNCTION      0.00     1.53     0  07:27           0       0.117       0.164
  J03180093            JUNCTION      0.00     0.00     0  00:00           0           0       0.000 ltr
  J03180094            JUNCTION      0.00     0.00     0  00:00           0           0       0.000 ltr
  J03180097            JUNCTION      0.00     0.00     0  00:00           0           0       0.000 ltr
  J03180098            JUNCTION      0.00     0.00     0  00:00           0           0       0.000 ltr
  J03180100            JUNCTION      0.00     1.53     0  07:27           0       0.117       0.061
  J03180102            JUNCTION      0.00     0.00     0  00:00           0           0       0.000 ltr
  J03180103            JUNCTION      0.00     0.00     0  00:00           0           0       0.000 ltr
  J03180105            JUNCTION      0.00     1.53     0  18:23           0       0.117       0.046
  J03180106            JUNCTION      0.00     0.00     0  00:00           0           0       0.000 ltr
  J03180107            JUNCTION      0.00     0.00     0  00:00           0           0       0.000 ltr
  J03180109            JUNCTION      0.00     1.53     0  18:23           0       0.118       0.048
  J03180111            JUNCTION      0.00     1.53     0  18:22           0       0.118       0.052
  J03180113            JUNCTION      0.00     0.00     0  00:00           0           0       0.000 ltr
  J03180114            JUNCTION      0.00     1.53     0  18:22           0       0.118       0.033
  J03180116            JUNCTION      0.00     1.53     0  18:22           0       0.118       0.042
  J03180118            JUNCTION      0.00     1.53     0  18:22           0       0.118       0.191
  J03180119            JUNCTION      0.00     0.00     0  00:00           0           0       0.000 ltr
  J03180120            JUNCTION      0.00     0.00     0  00:00           0           0       0.000 ltr
  J03180124            JUNCTION      0.00     1.53     0  18:21           0       0.118       0.060
  J03189802            JUNCTION      0.00     9.92     0  07:58           0       0.778       0.026
  J03189803            JUNCTION      0.00    10.39     0  01:09           0       0.782       0.434
  J03189833            JUNCTION      0.00     0.00     0  00:00           0           0       0.000 ltr
  J03189834            JUNCTION      0.00     0.00     0  00:00           0           0       0.000 ltr
  J03189835            JUNCTION      0.00     9.92     0  07:19           0       0.792       0.036
  J03189836            JUNCTION      0.00     0.00     0  00:00           0           0       0.000 ltr
  J03189837            JUNCTION      0.00     0.00     0  00:00           0           0       0.000 ltr
  J03189838            JUNCTION      0.00     9.92     0  18:18           0       0.793       0.031
  J03189839            JUNCTION      0.00     0.00     0  00:00           0           0       0.000 ltr
  J03189840            JUNCTION      0.00     0.00     0  00:00           0           0       0.000 ltr
  J03189841            JUNCTION      0.00     0.00     0  00:00           0           0       0.000 ltr
  J03189842            JUNCTION      0.00     9.92     0  18:21           0       0.794       0.071
  J03189843            JUNCTION      0.00     0.00     0  00:00           0           0       0.000 ltr
  J03189844            JUNCTION      0.00     0.00     0  00:00           0           0       0.000 ltr
  J03189845            JUNCTION      0.00     0.00     0  00:00           0           0       0.000 ltr
  J03189846            JUNCTION      0.00     0.00     0  00:00           0           0       0.000 ltr
  J03189847            JUNCTION      0.00     0.00     0  00:00           0           0       0.000 ltr
  J03189848            JUNCTION      0.00     0.00     0  00:00           0           0       0.000 ltr
  J03190001            JUNCTION      0.00     8.41     0  23:54           0       0.463       0.127
  J03190002            JUNCTION      0.00     0.00     0  00:00           0           0       0.000 ltr
  J03190004            JUNCTION      0.00     0.00     0  00:00           0           0       0.000 ltr
  J03190007            JUNCTION      0.00     0.00     0  00:00           0           0       0.000 ltr
  J03190008            JUNCTION      0.00     8.41     0  23:55           0       0.462       0.120
  J03190010            JUNCTION      0.00     8.41     0  23:56           0       0.462       0.109
  J03190012            JUNCTION      0.00     0.00     0  00:00           0           0       0.000 ltr
  J03190013            JUNCTION      0.00     0.00     0  00:00           0           0       0.000 ltr
  J03190014            JUNCTION      0.00     8.41     0  23:57           0       0.461       0.171
  J03190015            JUNCTION      0.00     0.00     0  00:00           0           0       0.000 ltr
  J03190022            JUNCTION      0.00     0.00     0  00:00           0           0       0.000 ltr
  J03190025            JUNCTION      0.00    18.94     0  23:59           0        1.32       0.103
  J03190026            JUNCTION      0.00     0.00     0  00:00           0           0       0.000 ltr
  J03190027            JUNCTION      0.00     0.00     0  00:00           0           0       0.000 ltr
  J03190028            JUNCTION      0.00    18.94     0  23:59           0        1.32       0.117
  J03190029            JUNCTION      0.00     0.00     0  00:00           0           0       0.000 ltr
  J03190030            JUNCTION      0.00     0.00     0  00:00           0           0       0.000 ltr
  J03190031            JUNCTION      0.00    18.94     1  00:00           0        1.32       0.098
  J03190032            JUNCTION      0.00     0.00     0  00:00           0           0       0.000 ltr
  J03190034            JUNCTION      0.00    18.94     1  00:00           0        1.32       0.090
  J03190039            JUNCTION      0.00    18.94     1  00:00           0        1.31       0.102
  J03190042            JUNCTION      0.00    18.94     1  00:00           0        1.31       0.109
  J03190044            JUNCTION      0.00     0.00     0  00:00           0           0       0.000 ltr
  J03190045            JUNCTION      0.00    18.94     1  00:00           0        1.31       0.109
  J03190048            JUNCTION      0.00    18.93     1  00:00           0        1.31       0.109
  J03190051            JUNCTION      0.00    18.93     1  00:00           0        1.31       0.109
  J03190055            JUNCTION      0.00    18.93     1  00:00           0        1.31       0.074
  J03190059            JUNCTION      0.00    18.93     1  00:00           0        1.31       0.034
  J03190061            JUNCTION      0.00    18.92     1  00:00           0        1.31       0.093
  J03190064            JUNCTION      0.00    18.92     1  00:00           0         1.3       0.133
  J03190067            JUNCTION      0.00    18.89     1  00:00           0         1.3       0.112
  J03190070            JUNCTION      0.00    18.86     1  00:00           0         1.3       0.090
  J03190078            JUNCTION      0.00    18.81     1  00:00           0         1.3       0.065
  J03190083            JUNCTION      0.00    18.77     1  00:00           0         1.3       0.042
  J03190084            JUNCTION      0.00    18.73     1  00:00           0         1.3       0.053
  J03190085            JUNCTION      0.00     0.00     0  00:00           0           0       0.000 ltr
  J03190088            JUNCTION      0.00    18.69     1  00:00           0         1.3       0.093
  J03190089            JUNCTION      0.00     0.00     0  00:00           0           0       0.000 ltr
  J03190091            JUNCTION      0.00    18.58     1  00:00           0         1.3       0.127
  J03190092            JUNCTION      0.00     0.00     0  00:00           0           0       0.000 ltr
  J03190094            JUNCTION      0.00    18.39     1  00:00           0         1.3       0.108
  J03190096            JUNCTION      0.00     0.00     0  00:00           0           0       0.000 ltr
  J03190102            JUNCTION      0.00    18.23     0  19:30           0        1.29       0.101
  J03190106            JUNCTION      0.00    18.23     0  19:31           0        1.29       0.106
  J03190107            JUNCTION      0.00    18.23     0  19:32           0        1.29       0.113
  J03190111            JUNCTION      0.00    18.23     0  19:33           0        1.29       0.121
  J03190114            JUNCTION      0.00    18.23     0  19:34           0        1.29       0.124
  J03190117            JUNCTION      0.00    18.23     0  19:35           0        1.29       0.082
  J03190120            JUNCTION      0.00    18.23     0  19:36           0        1.29       0.110
  J03190121            JUNCTION      0.00     0.00     0  00:00           0           0       0.000 ltr
  J03190123            JUNCTION      0.00     0.00     0  00:00           0           0       0.000 ltr
  J03190124            JUNCTION      0.00    18.23     0  19:38           0        1.28       0.108
  J03190128            JUNCTION      0.00    18.23     0  20:03           0        1.28       0.096
  J03190129            JUNCTION      0.00     0.00     0  00:00           0           0       0.000 ltr
  J03190130            JUNCTION      0.00    18.23     0  20:01           0        1.28       0.102
  J03190133            JUNCTION      0.00     0.00     0  00:00           0           0       0.000 ltr
  J03190134            JUNCTION      0.00    22.23     0  20:00           0        1.53       1.043
  J03190138            JUNCTION      0.00    21.10     0  19:20           0        1.51       0.065
  J03190142            JUNCTION      0.00    12.53     0  12:14           0       0.588      15.023
  J03190145            JUNCTION      0.00    12.49     0  12:10           0       0.662      12.662
  J03190147            JUNCTION      0.00    12.52     0  05:58           0       0.723       9.310
  J03190149            JUNCTION      0.00     0.00     0  00:00           0           0       0.000 ltr
  J03190150            JUNCTION      0.00     0.00     0  00:00           0           0       0.000 ltr
  J03190155            JUNCTION      0.00     0.39     0  04:48           0    0.000943      53.526
  J03190159            JUNCTION      0.00     0.71     0  03:30           0    0.000553     207.097
  J03190161            JUNCTION      0.00     4.84     0  01:28           0      0.0108     160.757
  J03190162            JUNCTION      0.00     0.42     0  04:09           0    0.000804      97.486
  J03190164            JUNCTION      0.00     1.60     0  01:28           0     0.00332       0.000
  J03190167            JUNCTION      0.00     0.00     0  00:00           0           0       0.000 ltr
  J03190839            JUNCTION      0.00     0.00     0  00:00           0           0       0.000 ltr
  J03190840            JUNCTION      0.00     0.00     0  00:00           0           0       0.000 ltr
  J03191001            JUNCTION      0.00     0.86     0  10:39           0     0.00775     960.281
  J03191002            JUNCTION      0.00     0.00     0  00:00           0           0       0.000 ltr
  J03191003            JUNCTION      0.00     0.00     0  00:00           0           0       0.000 ltr
  J03191004            JUNCTION      0.00     0.00     0  00:00           0           0       0.000 ltr
  J03191005            JUNCTION      0.00     0.00     0  00:00           0           0       0.000 ltr
  J03191007            JUNCTION      0.00     0.00     0  00:00           0           0       0.000 ltr
  J03191008            JUNCTION      0.00     0.00     0  00:00           0           0       0.000 ltr
  J03191010            JUNCTION      0.00     0.00     0  00:00           0           0       0.000 ltr
  J03191015            JUNCTION      0.00     0.00     0  00:00           0           0       0.000 ltr
  J03191016            JUNCTION      0.00     0.00     0  00:00           0           0       0.000 ltr
  J03191017            JUNCTION      0.00     0.00     0  00:00           0           0       0.000 ltr
  J03191019            JUNCTION      0.00     0.00     0  00:00           0           0       0.000 ltr
  J03191021            JUNCTION      0.00     0.00     0  00:00           0           0       0.000 ltr
  J03191023            JUNCTION      0.00     0.00     0  00:00           0           0       0.000 ltr
  J03191100            JUNCTION      0.00     5.44     0  01:28           0      0.0198      18.873
  J03191101            JUNCTION      0.00     0.00     0  00:00           0           0       0.000 ltr
  J03191102            JUNCTION      0.00     0.00     0  00:00           0           0       0.000 ltr
  J03191103            JUNCTION      0.00     0.00     0  00:00           0           0       0.000 ltr
  J03191950            JUNCTION      0.00     0.00     0  00:00           0           0       0.000 ltr
  J03191951            JUNCTION      0.00     0.00     0  00:00           0           0       0.000 ltr
  J03191952            JUNCTION      0.00     0.00     0  00:00           0           0       0.000 ltr
  J03191956            JUNCTION      0.00     0.00     0  00:00           0           0       0.000 ltr
  J03191983            JUNCTION      0.00     0.00     0  00:00           0           0       0.000 ltr
  J03192002            JUNCTION      0.00     0.00     0  00:00           0           0       0.000 ltr
  J03192077            JUNCTION      0.00     0.00     0  00:00           0           0       0.000 ltr
  J03193034            JUNCTION      0.00     0.00     0  00:00           0           0       0.000 ltr
  J03193036            JUNCTION      0.00     0.00     0  00:00           0           0       0.000 ltr
  J03193037            JUNCTION      0.00     0.00     0  00:00           0           0       0.000 ltr
  J03193038            JUNCTION      0.00     0.00     0  00:00           0           0       0.000 ltr
  J03193045            JUNCTION      0.00     0.00     0  00:00           0           0       0.000 ltr
  J03193051            JUNCTION      0.00     0.00     0  00:00           0           0       0.000 ltr
  J03193057            JUNCTION      0.00     0.00     0  00:00           0           0       0.000 ltr
  J03193062            JUNCTION      0.00     0.00     0  00:00           0           0       0.000 ltr
  J03193063            JUNCTION      0.00     0.00     0  00:00           0           0       0.000 ltr
  J03193064            JUNCTION      0.00     0.00     0  00:00           0           0       0.000 ltr
  J03193078            JUNCTION      0.00     0.00     0  00:00           0           0       0.000 ltr
  J03193080            JUNCTION      0.00     0.00     0  00:00           0           0       0.000 ltr
  J03193081            JUNCTION      0.00     0.00     0  00:00           0           0       0.000 ltr
  J03193083            JUNCTION      0.00     0.00     0  00:00           0           0       0.000 ltr
  J03193085            JUNCTION      0.00     0.00     0  00:00           0           0       0.000 ltr
  J03193093            JUNCTION      2.52     2.52     0  07:00       0.207       0.207       0.014
  J03193094            JUNCTION      0.00     2.57     0  00:00           0       0.207       0.267
  J03193097            JUNCTION      0.00     2.52     0  07:21           0       0.207       0.014
  J03193099            JUNCTION      0.00     0.00     0  00:00           0           0       0.000 ltr
  J03193100            JUNCTION      0.00     2.52     0  18:08           0       0.207       0.028
  J03193103            JUNCTION      0.00     2.52     0  07:13           0       0.205       0.135
  J03193104            JUNCTION      0.00     2.52     0  07:10           0       0.207       0.520
  J03193105            JUNCTION      0.00     2.56     0  00:16           0       0.205       0.051
  J03193110            JUNCTION      0.00     2.52     0  18:32           0       0.204       0.059
  J03193113            JUNCTION      0.00     2.52     0  07:41           0       0.203       0.050
  J03193114            JUNCTION      0.00     2.52     0  07:13           0       0.205       0.470
  J03193117            JUNCTION      0.00     2.52     0  18:34           0       0.204       0.711
  J03193121            JUNCTION      0.00     2.52     0  07:44           0       0.202       0.016
  J03193123            JUNCTION      0.00     0.00     0  00:00           0           0       0.000 ltr
  J03193126            JUNCTION      0.00     0.00     0  00:00           0           0       0.000 ltr
  J03193127            JUNCTION      0.00     0.00     0  00:00           0           0       0.000 ltr
  J03193128            JUNCTION      0.00     1.94     0  00:00           0     0.00212      10.437
  J03193130            JUNCTION      2.83     4.00     0  00:09       0.233       0.237      -5.658
  J03193131            JUNCTION      0.00     2.24     0  00:02           0     0.00395      16.283
  J03193137            JUNCTION      0.00     0.93     0  00:03           0     0.00158      19.184
  J03193141            JUNCTION      0.00     0.00     0  00:00           0           0       0.000 ltr
  J03193142            JUNCTION      0.00     0.00     0  00:00           0           0       0.000 ltr
  J03193143            JUNCTION      0.00     0.00     0  00:00           0           0       0.000 ltr
  J03193145            JUNCTION      0.00     0.00     0  00:00           0           0       0.000 ltr
  J03193146            JUNCTION      0.00     0.00     0  00:00           0           0       0.000 ltr
  J03193149            JUNCTION      0.00     0.00     0  00:00           0           0       0.000 ltr
  J03193150            JUNCTION      0.00     0.00     0  00:00           0           0       0.000 ltr
  J03193152            JUNCTION      0.00     0.00     0  00:00           0           0       0.000 ltr
  J03193154            JUNCTION      0.00     0.00     0  00:00           0           0       0.000 ltr
  J03193155            JUNCTION      0.00     0.00     0  00:00           0           0       0.000 ltr
  J03193162            JUNCTION      0.00     0.00     0  00:00           0           0       0.000 ltr
  J03193164            JUNCTION      0.00     0.00     0  00:00           0           0       0.000 ltr
  J03193167            JUNCTION      0.00     0.00     0  00:00           0           0       0.000 ltr
  J03193169            JUNCTION      0.00     0.00     0  00:00           0           0       0.000 ltr
  J03193170            JUNCTION      0.00     0.00     0  00:00           0           0       0.000 ltr
  J03193173            JUNCTION      0.00     0.00     0  00:00           0           0       0.000 ltr
  J03195537            JUNCTION      0.00     2.31     0  07:25           0       0.186       0.413
  J03195666            JUNCTION      0.00     0.00     0  00:00           0           0       0.000 ltr
  J03195750            JUNCTION      0.00     2.52     0  07:07           0       0.207       0.076
  J03195943            JUNCTION      0.00     5.27     0  01:28           0      0.0165      54.639
  J03195944            JUNCTION      0.00    18.93     1  00:00           0        1.31       0.035
  J03195988            JUNCTION      0.00     6.43     0  01:35           0      0.0453      33.194
  J03195991            JUNCTION      0.00     0.00     0  00:00           0           0       0.000 ltr
  J03196571            JUNCTION      0.00     0.00     0  00:00           0           0       0.000 ltr
  J03196573            JUNCTION      0.00     2.31     0  07:23           0       0.186       0.027
  J03196577            JUNCTION      0.00     0.00     0  00:00           0           0       0.000 ltr
  J03196579            JUNCTION      0.00    12.74     0  05:54           0       0.829       1.308
  J03198004            JUNCTION      0.00     0.00     0  00:00           0           0       0.000 ltr
  J03198005            JUNCTION      0.00     0.00     0  00:00           0           0       0.000 ltr
  J03233000            JUNCTION      0.00     5.82     0  20:01           0       0.466       0.177
  J03235001            JUNCTION      0.00    11.45     0  18:13           0       0.921       0.309
  J03235002            JUNCTION      0.00     9.45     0  00:15           0       0.467       0.958
  J03235003            JUNCTION      0.00    10.36     0  00:17           0       0.468       1.130
  J03235004            JUNCTION      0.00     0.00     0  00:00           0           0       0.000 ltr
  J03235006            JUNCTION      0.00     5.73     0  18:01           0       0.464       0.825
  J03235007            JUNCTION      0.00     4.90     0  00:09           0     0.00274     132.114
  J03235013            JUNCTION      0.00     6.97     0  00:11           0       0.472       0.685
  J03235014            JUNCTION      0.00     0.00     0  00:00           0           0       0.000 ltr
  J03235018            JUNCTION      0.00     5.72     0  18:01           0       0.466       0.287
  J03235019            JUNCTION      0.00     5.81     0  18:03           0       0.472       0.360
  J03235024            JUNCTION      0.00     0.00     0  00:00           0           0       0.000 ltr
  J03235029            JUNCTION      0.00     0.00     0  00:00           0           0       0.000 ltr
  J03235031            JUNCTION      0.00     5.80     0  07:01           0       0.473       0.322
  J03235032            JUNCTION      0.00     0.00     0  00:00           0           0       0.000 ltr
  J03235041            JUNCTION      0.00     6.88     0  00:01           0       0.466       0.121
  J03235042            JUNCTION      0.00     0.00     0  00:00           0           0       0.000 ltr
  J03235045            JUNCTION      0.00     0.00     0  00:00           0           0       0.000 ltr
  J03235046            JUNCTION      0.00     0.00     0  00:00           0           0       0.000 ltr
  J03235049            JUNCTION      0.00     5.79     0  18:01           0       0.474       0.108
  J03235051            JUNCTION      0.00     6.49     0  00:00           0       0.466       0.021
  J03235052            JUNCTION      0.00     0.00     0  00:00           0           0       0.000 ltr
  J03235056            JUNCTION      0.00     0.00     0  00:00           0           0       0.000 ltr
  J03235058            JUNCTION      0.00     5.79     0  18:01           0       0.474       0.015
  J03235068            JUNCTION      0.00     0.00     0  00:00           0           0       0.000 ltr
  J03235069            JUNCTION      0.00     5.68     0  18:00           0       0.467       0.017
  J03235075            JUNCTION      0.00     5.79     0  18:00           0       0.474       0.050
  J03235080            JUNCTION      0.00     6.51     0  00:02           0       0.475       0.112
  J03235081            JUNCTION      5.67     5.67     0  07:00       0.467       0.467       0.008
  J03235088            JUNCTION      5.78     5.78     0  07:00       0.475       0.475       0.077
  J03260024            JUNCTION      0.00     6.80     0  23:44           0       0.273       3.483
  J03260025            JUNCTION      0.00     0.00     0  00:00           0           0       0.000 ltr
  J03260026            JUNCTION      0.00     6.79     0  23:44           0       0.239       8.094
  J03260027            JUNCTION      0.00     0.00     0  00:00           0           0       0.000 ltr
  J03260028            JUNCTION      0.00     0.00     0  00:00           0           0       0.000 ltr
  J03260029            JUNCTION      0.00     6.87     0  16:35           0       0.221       8.855
  J03260030            JUNCTION      0.00     0.00     0  00:00           0           0       0.000 ltr
  J03260031            JUNCTION      0.00     0.00     0  00:00           0           0       0.000 ltr
  J03260032            JUNCTION      0.00     0.00     0  00:00           0           0       0.000 ltr
  J03260033            JUNCTION      0.00     6.62     0  16:34           0       0.203      11.496
  J03260034            JUNCTION      0.00     0.00     0  00:00           0           0       0.000 ltr
  J03260038            JUNCTION      0.00     6.28     0  14:26           0       0.182      13.695
  J03260041            JUNCTION      0.00     6.03     0  14:15           0       0.163      26.342
  J03260047            JUNCTION      2.94     2.94     0  07:00       0.242       0.242       0.034
  J03260048            JUNCTION      0.00     7.18     0  23:56           0       0.326       9.765
  J03260049            JUNCTION      0.00     0.00     0  00:00           0           0       0.000 ltr
  J03260050            JUNCTION      0.00     0.00     0  00:00           0           0       0.000 ltr
  J03260051            JUNCTION      0.00     6.89     0  23:50           0       0.275      11.087
  J03260052            JUNCTION      0.00     0.00     0  00:00           0           0       0.000 ltr
  J03260054            JUNCTION      0.00    45.01     0  23:50           0        1.76       1.299
  J03260055            JUNCTION      0.00     0.00     0  00:00           0           0       0.000 ltr
  J03260058            JUNCTION      0.00     0.00     0  00:00           0           0       0.000 ltr
  J03260059            JUNCTION      0.00    44.10     0  23:33           0        1.74       0.045
  J03260060            JUNCTION      0.00     0.00     0  00:00           0           0       0.000 ltr
  J03260061            JUNCTION      0.00     0.00     0  00:00           0           0       0.000 ltr
  J03260062            JUNCTION      0.00     0.00     0  00:00           0           0       0.000 ltr
  J03260063            JUNCTION      0.00     5.67     0  23:38           0       0.223       0.271
  J03260064            JUNCTION      0.00     0.00     0  00:00           0           0       0.000 ltr
  J03260065            JUNCTION      0.00     5.68     0  23:41           0       0.223       0.145
  J03260066            JUNCTION      0.00     5.67     0  23:47           0       0.222       0.282
  J03260067            JUNCTION      0.00     0.00     0  00:00           0           0       0.000 ltr
  J03260075            JUNCTION      2.94     8.41     0  23:51       0.242       0.464       0.176
  J03260076            JUNCTION      0.00     0.00     0  00:00           0           0       0.000 ltr
  J03260077            JUNCTION      0.00     0.00     0  00:00           0           0       0.000 ltr
  J03260079            JUNCTION      0.00     0.00     0  00:00           0           0       0.000 ltr
  J03260080            JUNCTION      0.00     0.00     0  00:00           0           0       0.000 ltr
  J03260081            JUNCTION      0.00     0.00     0  00:00           0           0       0.000 ltr
  J03260082            JUNCTION      0.00     0.00     0  00:00           0           0       0.000 ltr
  J03260085            JUNCTION      0.00     0.00     0  00:00           0           0       0.000 ltr
  J03260086            JUNCTION      0.00     0.00     0  00:00           0           0       0.000 ltr
  J03260087            JUNCTION      0.00     0.00     0  00:00           0           0       0.000 ltr
  J03260088            JUNCTION      0.00    11.24     0  08:07           0       0.861       0.140
  J03260090            JUNCTION      0.00    11.24     0  08:06           0       0.862       0.068
  J03260093            JUNCTION      0.00    11.24     0  08:06           0       0.862       0.046
  J03260095            JUNCTION      0.00    11.24     0  08:05           0       0.863       0.074
  J03260097            JUNCTION      0.00    11.24     0  08:05           0       0.863       0.031
  J03260099            JUNCTION      0.00    11.24     0  08:05           0       0.863       0.020
  J03260147            JUNCTION      0.00     1.18     0  00:48           0     0.00385     439.110
  J03260148            JUNCTION      0.00     0.00     0  00:00           0           0       0.000 ltr
  J03260149            JUNCTION      0.00     6.88     0  18:59           0       0.472       2.939
  J03260150            JUNCTION      0.00     6.92     0  19:06           0       0.454       0.861
  J03260151            JUNCTION      0.00     5.33     0  18:02           0       0.374       2.560
  J03260154            JUNCTION      0.00     5.34     0  18:08           0       0.381       1.806
  J03260156            JUNCTION      0.00     5.34     0  18:02           0       0.384       0.840
  J03260157            JUNCTION      0.00     5.36     0  18:02           0       0.387       0.714
  J03260159            JUNCTION      0.00     5.34     0  18:02           0       0.389       0.494
  J03260160            JUNCTION      0.00     0.00     0  00:00           0           0       0.000 ltr
  J03260161            JUNCTION      0.00     5.33     0  18:03           0       0.392       0.854
  J03260162            JUNCTION      0.00     5.32     0  18:09           0       0.397       1.422
  J03260164            JUNCTION      0.00     5.31     0  18:09           0       0.404       1.540
  J03260166            JUNCTION      0.00     5.33     0  18:02           0       0.411       1.641
  J03260167            JUNCTION      0.00     0.47     0  06:36           0    0.000662     317.606
  J03260170            JUNCTION      0.00     5.33     0  18:03           0       0.418       1.763
  J03260171            JUNCTION      0.00     6.37     0  00:07           0       0.425       1.629
  J03260172            JUNCTION      0.00     6.37     0  00:07           0       0.428       0.742
  J03260174            JUNCTION      5.25     5.25     0  07:00       0.432       0.432       0.945
  J03260401            JUNCTION      0.00     0.00     0  00:00           0           0       0.000 ltr
  J03260403            JUNCTION      0.00     0.24     0  01:44           0     6.8e-05      70.940
  J03260404            JUNCTION      0.00     0.00     0  00:00           0           0       0.000 ltr
  J03260405            JUNCTION      0.00     0.00     0  00:00           0           0       0.000 ltr
  J03260406            JUNCTION      0.00     0.00     0  00:00           0           0       0.000 ltr
  J03260407            JUNCTION      0.00     0.00     0  00:00           0           0       0.000 ltr
  J03260408            JUNCTION      0.00     0.00     0  00:00           0           0       0.000 ltr
  J03260409            JUNCTION      0.00     0.00     0  00:00           0           0       0.000 ltr
  J03260410            JUNCTION      0.00     0.00     0  00:00           0           0       0.000 ltr
  J03260411            JUNCTION      0.00     0.00     0  00:00           0           0       0.000 ltr
  J03260412            JUNCTION      0.00     0.00     0  00:00           0           0       0.000 ltr
  J03260413            JUNCTION      0.00     0.00     0  00:00           0           0       0.000 ltr
  J03260414            JUNCTION      0.00     0.00     0  00:00           0           0       0.000 ltr
  J03260415            JUNCTION      0.00     0.00     0  00:00           0           0       0.000 ltr
  J03260416            JUNCTION      0.00     0.00     0  00:00           0           0       0.000 ltr
  J03260417            JUNCTION      0.00     0.00     0  00:00           0           0       0.000 ltr
  J03260418            JUNCTION      0.00     0.00     0  00:00           0           0       0.000 ltr
  J03260419            JUNCTION      0.00     0.00     0  00:00           0           0       0.000 ltr
  J03260421            JUNCTION      0.00     0.00     0  00:00           0           0       0.000 ltr
  J03260422            JUNCTION      0.00     0.00     0  00:00           0           0       0.000 ltr
  J03260424            JUNCTION      0.00     1.32     0  18:13           0       0.106       0.054
  J03260425            JUNCTION      0.00     1.32     0  18:10           0       0.106       0.022
  J03260426            JUNCTION      0.00     6.30     0  07:05           0       0.511       0.082
  J03260427            JUNCTION      0.00     6.30     0  18:02           0       0.511       0.051
  J03260429            JUNCTION      0.00     6.94     0  00:21           0       0.517       1.031
  J03260431            JUNCTION      6.30     6.30     0  07:00       0.518       0.518       0.026
  J03260532            JUNCTION      0.00     0.00     0  00:00           0           0       0.000 ltr
  J03260533            JUNCTION      0.00     0.00     0  00:00           0           0       0.000 ltr
  J03260534            JUNCTION      0.00     0.00     0  00:00           0           0       0.000 ltr
  J03260536            JUNCTION      0.00    11.24     0  07:58           0       0.883       0.042
  J03260538            JUNCTION      0.00    11.24     0  07:59           0       0.882       0.024
  J03260539            JUNCTION      0.00     0.00     0  00:00           0           0       0.000 ltr
  J03260541            JUNCTION      0.00    11.24     0  07:59           0       0.882       0.027
  J03260542            JUNCTION      0.00    11.24     0  07:59           0       0.882       0.062
  J03260544            JUNCTION      0.00     0.00     0  00:00           0           0       0.000 ltr
  J03260546            JUNCTION      0.00    11.24     0  07:59           0       0.881       0.053
  J03260547            JUNCTION      0.00     0.00     0  00:00           0           0       0.000 ltr
  J03260548            JUNCTION      0.00    11.24     0  08:00           0       0.881       0.035
  J03260550            JUNCTION      0.00     0.00     0  00:00           0           0       0.000 ltr
  J03260551            JUNCTION      0.00    11.24     0  08:00           0       0.881       0.030
  J03260555            JUNCTION      0.00     0.00     0  00:00           0           0       0.000 ltr
  J03260558            JUNCTION      0.00     4.19     0  01:25           0     0.00367    3728.940
  J03260559            JUNCTION      0.00     8.48     0  01:28           0     0.00982     159.833
  J03260560            JUNCTION      0.00    11.24     0  08:00           0       0.881       0.126
  J03260561            JUNCTION      0.00    11.24     0  08:01           0        0.87       0.076
  J03260562            JUNCTION      0.00     0.00     0  00:00           0           0       0.000 ltr
  J03260564            JUNCTION      0.00    11.24     0  08:01           0       0.869       0.086
  J03260566            JUNCTION      0.00    11.24     0  08:02           0       0.868       0.041
  J03260567            JUNCTION      0.00     0.00     0  00:00           0           0       0.000 ltr
  J03260568            JUNCTION      0.00    11.24     0  08:02           0       0.868       0.052
  J03260569            JUNCTION      0.00     0.00     0  00:00           0           0       0.000 ltr
  J03260571            JUNCTION      0.00    11.24     0  08:03           0       0.868       0.032
  J03260572            JUNCTION      0.00     0.00     0  00:00           0           0       0.000 ltr
  J03260574            JUNCTION      0.00    11.24     0  08:03           0       0.867       0.301
  J03260575            JUNCTION      0.00     0.00     0  00:00           0           0       0.000 ltr
  J03260577            JUNCTION      0.00    11.24     0  08:04           0       0.865       0.159
  J03260578            JUNCTION      0.00     0.00     0  00:00           0           0       0.000 ltr
  J03261001            JUNCTION      0.00     0.00     0  00:00           0           0       0.000 ltr
  J03261009            JUNCTION      0.00     1.92     0  13:39           0      0.0254     116.445
  J03261010            JUNCTION      0.00     0.00     0  00:00           0           0       0.000 ltr
  J03261011            JUNCTION      0.00     0.10     0  23:46           0    0.000734     303.465
  J03261012            JUNCTION      0.00     0.00     0  00:00           0           0       0.000 ltr
  J03261013            JUNCTION      0.00     0.00     0  00:00           0           0       0.000 ltr
  J03261014            JUNCTION      0.00     0.93     0  13:04           0      0.0109    3220.285
  J03261015            JUNCTION      0.00     0.00     0  00:00           0           0       0.000 ltr
  J03262001            JUNCTION      0.00     5.00     0  16:45           0       0.145      33.982
  J03262003            JUNCTION      0.00     0.00     0  00:00           0           0       0.000 ltr
  J03262004            JUNCTION      0.00     0.00     0  00:00           0           0       0.000 ltr
  J03262008            JUNCTION      0.00     0.00     0  00:00           0           0       0.000 ltr
  J03262029            JUNCTION      0.00     0.00     0  00:00           0           0       0.000 ltr
  J03262030            JUNCTION      0.00     0.00     0  00:00           0           0       0.000 ltr
  J03262031            JUNCTION      0.00     4.73     0  23:49           0       0.127      28.184
  J03262068            JUNCTION      0.00     0.00     0  00:00           0           0       0.000 ltr
  J03262069            JUNCTION      0.00     0.00     0  00:00           0           0       0.000 ltr
  J03262070            JUNCTION      0.00     0.00     0  00:00           0           0       0.000 ltr
  J03262073            JUNCTION      0.00     0.00     0  00:00           0           0       0.000 ltr
  J03262074            JUNCTION      0.00     0.00     0  00:00           0           0       0.000 ltr
  J03262075            JUNCTION      0.00     0.00     0  00:00           0           0       0.000 ltr
  J03262076            JUNCTION      0.00     0.00     0  00:00           0           0       0.000 ltr
  J03262078            JUNCTION      0.00     0.00     0  00:00           0           0       0.000 ltr
  J03262079            JUNCTION      0.00     0.00     0  00:00           0           0       0.000 ltr
  J03262080            JUNCTION      0.00     0.00     0  00:00           0           0       0.000 ltr
  J03262083            JUNCTION      0.00     0.00     0  00:00           0           0       0.000 ltr
  J03262093            JUNCTION      0.00     0.00     0  00:00           0           0       0.000 ltr
  J03262094            JUNCTION      0.00     0.00     0  00:00           0           0       0.000 ltr
  J03262095            JUNCTION      0.00     0.00     0  00:00           0           0       0.000 ltr
  J03262096            JUNCTION      0.00     0.00     0  00:00           0           0       0.000 ltr
  J03262097            JUNCTION      0.00     0.00     0  00:00           0           0       0.000 ltr
  J03262098            JUNCTION      0.00     0.00     0  00:00           0           0       0.000 ltr
  J03262099            JUNCTION      0.00     0.00     0  00:00           0           0       0.000 ltr
  J03262100            JUNCTION      0.00     0.00     0  00:00           0           0       0.000 ltr
  J03262101            JUNCTION      0.00     0.00     0  00:00           0           0       0.000 ltr
  J03262102            JUNCTION      0.00     0.00     0  00:00           0           0       0.000 ltr
  J03262106            JUNCTION      0.00     0.00     0  00:00           0           0       0.000 ltr
  J03262113            JUNCTION      0.00     0.00     0  00:00           0           0       0.000 ltr
  J03262114            JUNCTION      0.00     0.00     0  00:00           0           0       0.000 ltr
  J03262119            JUNCTION      0.00     0.00     0  00:00           0           0       0.000 ltr
  J03262120            JUNCTION      0.00     0.00     0  00:00           0           0       0.000 ltr
  J03262121            JUNCTION      0.00     0.00     0  00:00           0           0       0.000 ltr
  J03262126            JUNCTION      0.00     0.00     0  00:00           0           0       0.000 ltr
  J03262127            JUNCTION      0.00     0.00     0  00:00           0           0       0.000 ltr
  J03262128            JUNCTION      0.00     0.00     0  00:00           0           0       0.000 ltr
  J03262795            JUNCTION      0.00     0.00     0  00:00           0           0       0.000 ltr
  J03263001            JUNCTION      0.00     6.78     0  19:37           0       0.275       0.014
  J03263002            JUNCTION      0.00     6.78     0  19:37           0       0.276       0.032
  J03263004            JUNCTION      0.00     0.20     0  23:56           0    3.89e-05      24.404 ltr
  J03263005            JUNCTION      0.00     0.00     0  00:00           0           0       0.000 ltr
  J03263007            JUNCTION      0.00     6.78     0  19:37           0       0.276       0.098
  J03263010            JUNCTION      0.00     6.78     0  19:37           0       0.276       0.094
  J03263011            JUNCTION      0.00     0.00     0  00:00           0           0       0.000 ltr
  J03263012            JUNCTION      0.00     0.00     0  00:00           0           0       0.000 ltr
  J03263015            JUNCTION      0.00     0.00     0  00:00           0           0       0.000 ltr
  J03263016            JUNCTION      0.00     6.78     0  19:37           0       0.275       0.971
  J03263017            JUNCTION      0.00     6.78     0  19:37           0       0.277       0.176
  J03263018            JUNCTION      0.00     6.78     0  19:36           0       0.277       0.016
  J03263024            JUNCTION      0.00     6.79     0  19:36           0       0.277       0.033
  J03263039            JUNCTION      0.00     6.79     0  19:36           0       0.289       4.419
  J03263049            JUNCTION      0.00     0.00     0  00:00           0           0       0.000 ltr
  J03263052            JUNCTION      0.00     6.79     0  19:36           0        0.31       7.349
  J03263053            JUNCTION      0.00     0.00     0  00:00           0           0       0.000 ltr
  J03263054            JUNCTION      0.00     0.00     0  00:00           0           0       0.000 ltr
  J03263057            JUNCTION      0.00     0.00     0  00:00           0           0       0.000 ltr
  J03263058            JUNCTION      0.00     6.82     0  19:36           0       0.336       8.426
  J03263061            JUNCTION      0.00     0.00     0  00:00           0           0       0.000 ltr
  J03263063            JUNCTION      0.00     0.00     0  00:00           0           0       0.000 ltr
  J03263075            JUNCTION      0.00     6.84     0  19:54           0       0.353       4.796
  J03263078            JUNCTION      0.00     0.12     0  09:39           0    0.000505      81.709
  J03263079            JUNCTION      0.00     0.00     0  00:00           0           0       0.000 ltr
  J03263080            JUNCTION      0.00     6.82     0  19:13           0        0.36       1.825
  J03263081            JUNCTION      0.00     0.00     0  00:00           0           0       0.000 ltr
  J03263082            JUNCTION      0.00     0.08     0  11:16           0     0.00049      71.933
  J03264861            JUNCTION      0.00     0.00     0  00:00           0           0       0.000 ltr
  J03264862            JUNCTION      0.00     0.00     0  00:00           0           0       0.000 ltr
  J03264872            JUNCTION      0.00     0.00     0  00:00           0           0       0.000 ltr
  J03264875            JUNCTION      0.00     0.00     0  00:00           0           0       0.000 ltr
  J03264876            JUNCTION      0.00     0.00     0  00:00           0           0       0.000 ltr
  J03264882            JUNCTION      0.00     0.00     0  00:00           0           0       0.000 ltr
  J03264883            JUNCTION      0.00     0.00     0  00:00           0           0       0.000 ltr
  J03264891            JUNCTION      0.00     0.00     0  00:00           0           0       0.000 ltr
  J03264892            JUNCTION      0.00     0.00     0  00:00           0           0       0.000 ltr
  J03264894            JUNCTION      0.00     0.00     0  00:00           0           0       0.000 ltr
  J03264900            JUNCTION      0.00     0.00     0  00:00           0           0       0.000 ltr
  J03264960            JUNCTION      0.00     6.11     0  04:22           0       0.271       4.309
  J03264964            JUNCTION      0.00     0.23     0  01:17           0     0.00114     413.025
  J03265000            JUNCTION      0.00     0.00     0  00:00           0           0       0.000 ltr
  J03265001            JUNCTION      0.00     0.00     0  00:00           0           0       0.000 ltr
  J03266226            JUNCTION      0.00     0.00     0  00:00           0           0       0.000 ltr
  J03266227            JUNCTION      0.00     0.00     0  00:00           0           0       0.000 ltr
  J03266669            JUNCTION      0.00     3.50     0  19:22           0       0.147       3.295
  J03266670            JUNCTION      0.00     0.97     0  08:38           0     0.00942      72.248
  J03266695            JUNCTION      0.00     0.00     0  00:00           0           0       0.000 ltr
  J03266696            JUNCTION      0.00     0.00     0  00:00           0           0       0.000 ltr
  J03266698            JUNCTION      0.00     0.00     0  00:00           0           0       0.000 ltr
  J03266706            JUNCTION      0.00     0.00     0  00:00           0           0       0.000 ltr
  J03266707            JUNCTION      0.00     9.92     0  07:58           0       0.777       0.018
  J03351040            JUNCTION      0.00     0.00     0  00:00           0           0       0.000 ltr
  J03351041            JUNCTION      0.00     0.00     0  00:00           0           0       0.000 ltr
  J03351042            JUNCTION      0.00     0.00     0  00:00           0           0       0.000 ltr
  J03351044            JUNCTION      0.00     0.00     0  00:00           0           0       0.000 ltr
  J03351046            JUNCTION      0.00     0.00     0  00:00           0           0       0.000 ltr
  J03351047            JUNCTION      0.00     0.00     0  00:00           0           0       0.000 ltr
  J03351048            JUNCTION      0.00     0.00     0  00:00           0           0       0.000 ltr
  J03351049            JUNCTION      0.00     0.00     0  00:00           0           0       0.000 ltr
  J03351051            JUNCTION      0.00     0.00     0  00:00           0           0       0.000 ltr
  J03351053            JUNCTION      0.00     0.00     0  00:00           0           0       0.000 ltr
  J03351056            JUNCTION      0.00     0.00     0  00:00           0           0       0.000 ltr
  J03351058            JUNCTION      0.00     0.00     0  00:00           0           0       0.000 ltr
  J03351067            JUNCTION      0.00     0.00     0  00:00           0           0       0.000 ltr
  J03351068            JUNCTION      0.00     0.00     0  00:00           0           0       0.000 ltr
  J03351070            JUNCTION      0.00     0.00     0  00:00           0           0       0.000 ltr
  J03351071            JUNCTION      0.00     0.00     0  00:00           0           0       0.000 ltr
  J03351072            JUNCTION      0.00     0.00     0  00:00           0           0       0.000 ltr
  J03351075            JUNCTION      0.00     0.00     0  00:00           0           0       0.000 ltr
  J03351076            JUNCTION      0.00     0.00     0  00:00           0           0       0.000 ltr
  J03351078            JUNCTION      0.00     0.00     0  00:00           0           0       0.000 ltr
  J03351080            JUNCTION      0.00     0.00     0  00:00           0           0       0.000 ltr
  J03351083            JUNCTION      0.00     0.00     0  00:00           0           0       0.000 ltr
  J03351085            JUNCTION      0.00     0.00     0  00:00           0           0       0.000 ltr
  J03351086            JUNCTION      0.00     0.00     0  00:00           0           0       0.000 ltr
  J03351087            JUNCTION      0.00     0.00     0  00:00           0           0       0.000 ltr
  J03351089            JUNCTION      0.00     0.00     0  00:00           0           0       0.000 ltr
  J03351092            JUNCTION      0.00     0.00     0  00:00           0           0       0.000 ltr
  J03351093            JUNCTION      0.00     0.00     0  00:00           0           0       0.000 ltr
  J03351094            JUNCTION      0.00     0.00     0  00:00           0           0       0.000 ltr
  J03351095            JUNCTION      0.00     0.00     0  00:00           0           0       0.000 ltr
  J03351097            JUNCTION      0.00     0.00     0  00:00           0           0       0.000 ltr
  J03352001            JUNCTION      0.00     9.92     0  07:58           0       0.778       0.040
  J03352003            JUNCTION      0.00     9.92     0  07:57           0       0.778       0.052
  J03352004            JUNCTION      0.00     9.92     0  07:56           0       0.783       0.208
  J03352005            JUNCTION      0.00     9.92     0  07:56           0       0.785       0.164
  J03352007            JUNCTION      0.00     9.92     0  07:56           0       0.785       0.069
  J03352009            JUNCTION      0.00     9.92     0  07:56           0       0.785       0.023
  J03352010            JUNCTION      0.00     0.00     0  00:00           0           0       0.000 ltr
  J03352011            JUNCTION      0.00     9.92     0  18:35           0       0.786       0.094
  J03352013            JUNCTION      0.00     0.00     0  00:00           0           0       0.000 ltr
  J03352014            JUNCTION      0.00     9.92     0  18:35           0       0.787       0.054
  J03352015            JUNCTION      0.00     0.00     0  00:00           0           0       0.000 ltr
  J03352016            JUNCTION      0.00     9.92     0  18:35           0       0.787       0.046
  J03352017            JUNCTION      0.00     9.92     0  07:27           0        0.79       0.415
  J03352018            JUNCTION      0.00     0.00     0  00:00           0           0       0.000 ltr
  J03352026            JUNCTION      0.00     9.92     0  18:23           0       0.791       0.129
  J03352027            JUNCTION      0.00     0.00     0  00:00           0           0       0.000 ltr
  J03352028            JUNCTION      0.00     9.92     0  18:23           0       0.791       0.038
  J03352029            JUNCTION      0.00     9.92     0  07:20           0       0.792       0.023
  J03352030            JUNCTION      0.00     0.00     0  00:00           0           0       0.000 ltr
  J03352031            JUNCTION      0.00     9.92     0  07:19           0       0.792       0.047
  J03352032            JUNCTION      0.00     0.00     0  00:00           0           0       0.000 ltr
  J03352033            JUNCTION      0.00     9.92     0  07:19           0       0.793       0.042
  J03352034            JUNCTION      0.00     0.00     0  00:00           0           0       0.000 ltr
  J03352035            JUNCTION      0.00     9.92     0  18:18           0       0.793       0.008
  J03352036            JUNCTION      0.00     0.00     0  00:00           0           0       0.000 ltr
  J03352037            JUNCTION      0.00     9.92     0  18:14           0       0.794       0.050
  J03352038            JUNCTION      0.00     0.00     0  00:00           0           0       0.000 ltr
  J03352039            JUNCTION      0.00     0.00     0  00:00           0           0       0.000 ltr
  J03352041            JUNCTION      0.00     9.92     0  18:14           0       0.794       0.029
  J03352042            JUNCTION      0.00     0.00     0  00:00           0           0       0.000 ltr
  J03352043            JUNCTION      0.00    11.45     0  07:10           0       0.913       0.040
  J03352045            JUNCTION      0.00     1.53     0  18:14           0       0.118       0.091
  J03352046            JUNCTION      0.00     0.00     0  00:00           0           0       0.000 ltr
  J03352144            JUNCTION      0.00     9.92     0  18:14           0       0.794       0.027
  J03355147            JUNCTION      0.00     0.00     0  00:00           0           0       0.000 ltr
  J03380002            JUNCTION      0.00    12.72     0  05:56           0       0.786       0.790
  J03380007            JUNCTION      0.00    12.56     0  05:56           0       0.794       0.915
  J03380010            JUNCTION      0.00    12.53     0  05:55           0       0.805       1.447
  J03380014            JUNCTION      0.00    12.44     0  05:53           0       0.815       1.184
  J03380016            JUNCTION      0.00    12.60     0  05:54           0       0.818       0.416
  J03380018            JUNCTION      0.00     0.00     0  00:00           0           0       0.000 ltr
  J03380025            JUNCTION      0.00    12.53     0  05:55           0       0.836       0.869
  J03380029            JUNCTION      0.00    12.33     0  08:39           0       0.842       0.702
  J03380032            JUNCTION      0.00    12.33     0  19:47           0       0.846       0.476
  J03380033            JUNCTION      0.00     0.00     0  00:00           0           0       0.000 ltr
  J03380034            JUNCTION      0.00     0.00     0  00:00           0           0       0.000 ltr
  J03380037            JUNCTION      0.00     2.52     0  07:46           0       0.202       0.016
  J03380040            JUNCTION      0.00    12.33     0  19:36           0       0.849       0.094
  J03380042            JUNCTION      0.00     9.81     0  19:35           0       0.649       0.387
  J03380046            JUNCTION      0.00     0.00     0  00:00           0           0       0.000 ltr
  J03380047            JUNCTION      0.00     9.81     0  08:58           0       0.648       0.088
  J03380053            JUNCTION      0.00     9.83     0  20:02           0        0.65       0.381
  J03380055            JUNCTION      0.00     0.00     0  00:00           0           0       0.000 ltr
  J03380056            JUNCTION      0.00     9.83     0  08:00           0       0.667       1.079
  J03380057            JUNCTION      0.00     9.82     0  07:58           0       0.674       0.496
  J03380058            JUNCTION      0.00     7.29     0  08:52           0       0.474       0.020
  J03380060            JUNCTION      0.00     7.29     0  08:51           0       0.475       0.109
  J03380065            JUNCTION      0.00     7.29     0  08:50           0       0.476       0.267
  J03380071            JUNCTION      0.00     7.29     0  19:13           0       0.477       0.090
  J03380073            JUNCTION      0.00     7.29     0  19:12           0       0.477       0.176
  J03380075            JUNCTION      0.00     7.29     0  19:12           0       0.478       0.031
  J03380076            JUNCTION      0.00     7.29     0  19:12           0       0.478       0.012
  J03380077            JUNCTION      0.00     7.29     0  19:12           0       0.478       0.041
  J03380079            JUNCTION      0.00     7.29     0  19:11           0        0.48       0.361
  J03380081            JUNCTION      0.00     7.30     0  19:11           0       0.481       0.201
  J03380083            JUNCTION      0.00     7.30     0  19:11           0       0.481       0.035
  J03380085            JUNCTION      0.00     7.30     0  08:53           0       0.481       0.058
  J03380088            JUNCTION      0.00     7.32     0  08:23           0       0.539       0.709
  J03380089            JUNCTION      0.00     4.98     0  19:31           0        0.39       0.271
  J03380092            JUNCTION      0.00     4.98     0  08:27           0       0.391       0.478
  J03380095            JUNCTION      0.00     4.98     0  19:26           0       0.392       0.127
  J03380096            JUNCTION      0.00     4.98     0  19:22           0       0.394       0.570
  J03380098            JUNCTION      0.00     4.98     0  08:03           0       0.395       0.102
  J03380100            JUNCTION      0.00     4.98     0  08:44           0       0.395       0.121
  J03380102            JUNCTION      0.00     4.98     0  07:43           0       0.395       0.083
  J03380104            JUNCTION      0.00     4.98     0  08:21           0       0.396       0.134
  J03380106            JUNCTION      0.00     4.98     0  07:58           0       0.397       0.270
  J03380109            JUNCTION      0.00     4.98     0  07:55           0       0.397       0.019
  J03380113            JUNCTION      0.00     4.98     0  08:20           0       0.397       0.012
  J03380117            JUNCTION      0.00     4.98     0  07:37           0       0.397       0.072
  J03380120            JUNCTION      0.00     4.98     0  07:37           0       0.402       1.071
  J03380124            JUNCTION      0.00     4.98     0  07:23           0       0.402       0.076
  J03380127            JUNCTION      0.00     4.98     0  18:20           0       0.402       0.080
  J03380129            JUNCTION      0.00     4.98     0  07:45           0       0.403       0.062
  J03380131            JUNCTION      0.00     4.98     0  07:54           0       0.403       0.058
  J03380136            JUNCTION      0.00     4.98     0  18:52           0       0.403       0.029
  J03380137            JUNCTION      0.00     4.98     0  08:37           0       0.403       0.029
  J03380142            JUNCTION      0.00     4.98     0  07:36           0       0.403       0.056
  J03380145            JUNCTION      0.00     4.98     0  07:41           0       0.404       0.062
  J03380148            JUNCTION      0.00     4.98     0  19:12           0       0.404       0.022
  J03380152            JUNCTION      0.00     4.98     0  07:36           0       0.404       0.064
  J03380155            JUNCTION      0.00     4.98     0  07:48           0       0.404       0.032
  J03380159            JUNCTION      0.00     4.98     0  19:40           0       0.404       0.014
  J03380162            JUNCTION      0.00     4.98     0  08:16           0       0.404       0.039
  J03380165            JUNCTION      0.00     4.98     0  07:12           0       0.404       0.063
  J03380166            JUNCTION      0.00     4.98     0  18:09           0       0.405       0.039
  J03380170            JUNCTION      0.00     4.98     0  18:09           0       0.405       0.065
  J03380173            JUNCTION      0.00     6.30     0  18:08           0       0.511       0.028
  J03380175            JUNCTION      2.31     2.31     0  07:00        0.19        0.19       0.037
  J03380177            JUNCTION      0.00     2.31     0  07:08           0        0.19       0.018
  J03380178            JUNCTION      0.00     2.31     0  07:09           0        0.19       0.424
  J03380180            JUNCTION      0.00     0.00     0  00:00           0           0       0.000 ltr
  J03380182            JUNCTION      0.00     2.31     0  07:22           0       0.189       0.038
  J03380184            JUNCTION      0.00     2.31     0  07:23           0       0.189       0.068
  J03380186            JUNCTION      0.00     2.31     0  18:23           0       0.189       0.056
  J03380188            JUNCTION      0.00     2.31     0  07:26           0       0.189       0.023
  J03380190            JUNCTION      0.00     2.31     0  07:29           0       0.189       0.086
  J03380195            JUNCTION      0.00     2.31     0  07:34           0       0.189       0.302
  J03380197            JUNCTION      0.00     2.31     0  07:38           0       0.188       0.041
  J03380198            JUNCTION      0.00     0.00     0  00:00           0           0       0.000 ltr
  J03380199            JUNCTION      0.00     2.31     0  07:40           0       0.188       0.434
  J03380200            JUNCTION      0.00     0.00     0  00:00           0           0       0.000 ltr
  J03380201            JUNCTION      0.00     2.31     0  07:17           0       0.187       0.087
  J03380203            JUNCTION      0.00     0.00     0  00:00           0           0       0.000 ltr
  J03380204            JUNCTION      0.00     0.00     0  00:00           0           0       0.000 ltr
  J03380206            JUNCTION      0.00     0.00     0  00:00           0           0       0.000 ltr
  J03380207            JUNCTION      0.00     2.31     0  07:17           0       0.187       0.056
  J03380209            JUNCTION      0.00     2.31     0  18:19           0       0.187       0.178
  J03380210            JUNCTION      0.00     0.00     0  00:00           0           0       0.000 ltr
  J03380211            JUNCTION      0.00     2.31     0  07:21           0       0.187       0.195
  J03380212            JUNCTION      0.00     0.00     0  00:00           0           0       0.000 ltr
  J03380213            JUNCTION      0.00     2.31     0  18:23           0       0.186       0.088
  J03380215            JUNCTION      0.00     2.31     0  18:23           0       0.186       0.016
  J03380218            JUNCTION      0.00     2.31     0  07:24           0       0.186       0.090
  J03380219            JUNCTION      0.00     2.31     0  07:24           0       0.186       0.035
  J03380221            JUNCTION      0.00     2.31     0  18:25           0       0.185       0.080
  J03380223            JUNCTION      0.00     2.38     0  19:42           0       0.186       1.553
  J03380224            JUNCTION      0.00     0.19     0  04:52           0     0.00124       4.026
  J03380225            JUNCTION      0.00     2.72     0  04:54           0       0.182       0.325
  J03380227            JUNCTION      0.00     2.77     0  05:13           0       0.181       0.415
  J03380228            JUNCTION      0.00     2.72     0  05:13           0       0.181       1.179
  J03380230            JUNCTION      0.00     2.80     0  05:18           0       0.179       0.468
  J03380231            JUNCTION      0.00     0.00     0  00:00           0           0       0.000 ltr
  J03380232            JUNCTION      0.00     2.74     0  05:18           0       0.179       1.446
  J03380235            JUNCTION      0.00     7.07     0  04:33           0       0.232       8.045
  J03380236            JUNCTION      0.00     0.36     0  04:24           0    0.000522      51.015
  J03380237            JUNCTION      0.00     6.57     0  01:35           0      0.0581      26.709
  J03380238            JUNCTION      0.00     6.31     0  01:30           0      0.0347      67.956
  J03380239            JUNCTION      0.00     5.83     0  04:34           0     0.00645      21.403
  J03380240            JUNCTION      0.00     0.00     0  00:00           0           0       0.000 ltr
  J03380241            JUNCTION      0.00     0.00     0  00:00           0           0       0.000 ltr
  J03380243            JUNCTION      0.00     5.26     0  04:33           0     0.00523      75.454
  J03380245            JUNCTION      0.00     3.08     0  04:31           0     0.00245     350.696
  J03380248            JUNCTION      0.00     0.00     0  00:00           0           0       0.000 ltr
  J03380252            JUNCTION      0.00     0.00     0  00:00           0           0       0.000 ltr
  J03380254            JUNCTION      0.00     0.00     0  00:00           0           0       0.000 ltr
  J03380255            JUNCTION      0.00     0.00     0  00:00           0           0       0.000 ltr
  J03380256            JUNCTION      0.00     0.00     0  00:00           0           0       0.000 ltr
  J03380258            JUNCTION      0.00     0.00     0  00:00           0           0       0.000 ltr
  J03380260            JUNCTION      0.00     0.00     0  00:00           0           0       0.000 ltr
  J03380262            JUNCTION      0.00     0.00     0  00:00           0           0       0.000 ltr
  J03380264            JUNCTION      0.00     0.00     0  00:00           0           0       0.000 ltr
  J03380265            JUNCTION      0.00     0.00     0  00:00           0           0       0.000 ltr
  J03380266            JUNCTION      0.00     9.83     0  07:57           0        0.66       1.425
  J03380267            JUNCTION      0.00     0.00     0  00:00           0           0       0.000 ltr
  J03380272            JUNCTION      0.00     0.00     0  00:00           0           0       0.000 ltr
  J03380280            JUNCTION      0.00     0.00     0  00:00           0           0       0.000 ltr
  J03380281            JUNCTION      0.00     0.00     0  00:00           0           0       0.000 ltr
  J03380282            JUNCTION      0.00     9.83     0  07:47           0        0.67       0.541
  J03380284            JUNCTION      0.00     0.00     0  00:00           0           0       0.000 ltr
  J03380286            JUNCTION      0.00     0.00     0  00:00           0           0       0.000 ltr
  J03380287            JUNCTION      0.00     0.00     0  00:00           0           0       0.000 ltr
  J03380288            JUNCTION      0.00     0.00     0  00:00           0           0       0.000 ltr
  J03380289            JUNCTION      0.00     0.00     0  00:00           0           0       0.000 ltr
  J03380290            JUNCTION      0.00     0.00     0  00:00           0           0       0.000 ltr
  J03380291            JUNCTION      0.00     0.00     0  00:00           0           0       0.000 ltr
  J03380292            JUNCTION      0.00     0.00     0  00:00           0           0       0.000 ltr
  J03380293            JUNCTION      0.00     0.00     0  00:00           0           0       0.000 ltr
  J03380295            JUNCTION      0.00     0.00     0  00:00           0           0       0.000 ltr
  J03380299            JUNCTION      0.00     0.00     0  00:00           0           0       0.000 ltr
  J03380301            JUNCTION      0.00     0.00     0  00:00           0           0       0.000 ltr
  J03380302            JUNCTION      0.00     0.00     0  00:00           0           0       0.000 ltr
  J03380305            JUNCTION      0.00     0.00     0  00:00           0           0       0.000 ltr
  J03380307            JUNCTION      0.00     0.00     0  00:00           0           0       0.000 ltr
  J03380310            JUNCTION      0.00     0.00     0  00:00           0           0       0.000 ltr
  J03380316            JUNCTION      0.00     0.00     0  00:00           0           0       0.000 ltr
  J03380318            JUNCTION      0.00     0.00     0  00:00           0           0       0.000 ltr
  J03380322            JUNCTION      0.00     0.00     0  00:00           0           0       0.000 ltr
  J03380323            JUNCTION      0.00     0.00     0  00:00           0           0       0.000 ltr
  J03380325            JUNCTION      0.00     0.00     0  00:00           0           0       0.000 ltr
  J03380327            JUNCTION      0.00     0.00     0  00:00           0           0       0.000 ltr
  J03380328            JUNCTION      0.00     0.00     0  00:00           0           0       0.000 ltr
  J03380331            JUNCTION      0.00     0.00     0  00:00           0           0       0.000 ltr
  J03380332            JUNCTION      0.00     0.00     0  00:00           0           0       0.000 ltr
  J03380335            JUNCTION      0.00     0.00     0  00:00           0           0       0.000 ltr
  J03380346            JUNCTION      0.00     0.00     0  00:00           0           0       0.000 ltr
  J03380349            JUNCTION      0.00     0.00     0  00:00           0           0       0.000 ltr
  J03380352            JUNCTION      0.00     0.00     0  00:00           0           0       0.000 ltr
  J03380356            JUNCTION      0.00    12.69     0  05:57           0        0.78       0.026
  J03388007            JUNCTION      0.00    12.68     0  05:57           0       0.781       6.789
  J03411012            JUNCTION      0.00     0.61     0  08:38           0     0.00414     249.257
  J03411013            JUNCTION      0.00     0.00     0  00:00           0           0       0.000 ltr
  J03411014            JUNCTION      0.00     6.94     0  19:06           0       0.451       2.501
  J03411015            JUNCTION      0.00     0.00     0  00:00           0           0       0.000 ltr
  J03411016            JUNCTION      0.00     3.46     0  19:31           0       0.152       3.857
  J03411017            JUNCTION      0.00     0.00     0  00:00           0           0       0.000 ltr
  J03411018            JUNCTION      0.00     3.46     0  19:57           0       0.143       2.912
  J03411019            JUNCTION      0.00     0.00     0  00:00           0           0       0.000 ltr
  J03411020            JUNCTION      0.00     5.32     0  01:50           0       0.156       3.922
  J03411021            JUNCTION      0.00     2.47     0  19:18           0         0.1       1.389
  J03411079            JUNCTION      0.00     6.02     0  02:33           0       0.268       0.957
  J03411080            JUNCTION      0.00     9.14     0  01:58           0       0.316       6.408
  J03411081            JUNCTION      0.00     5.99     0  01:52           0      0.0123      68.010
  J03411083            JUNCTION      0.00     6.18     0  04:23           0        0.28       0.000
  J03464880            JUNCTION      0.00    11.24     0  08:04           0       0.863       0.028
  J06103061            JUNCTION      0.00     6.84     0  19:36           0       0.363       0.890
  J06103062            JUNCTION      0.00     2.47     0  19:50           0      0.0988       1.375
  J03260010            OUTFALL       0.00    33.40     0  19:45           0        2.02       0.000
  
  
  **********************
  Node Surcharge Summary
  **********************
  
  Surcharging occurs when water rises above the top of the highest conduit.
  ---------------------------------------------------------------------
                                               Max. Height   Min. Depth
                                   Hours       Above Crown    Below Rim
  Node                 Type      Surcharged         Meters       Meters
  ---------------------------------------------------------------------
  J03180001            JUNCTION       16.52          0.294        1.406
  J03180031            JUNCTION       24.00          0.000        2.000
  J03180032            JUNCTION       24.00          0.000        2.000
  J03190159            JUNCTION       19.64          0.173        1.527
  J03190161            JUNCTION       19.57          0.143        0.907
  J03190164            JUNCTION       19.60          0.153        0.927
  J03191100            JUNCTION       19.77          0.223        0.977
  J03195943            JUNCTION       19.79          0.233        0.967
  J03195988            JUNCTION       19.69          0.193        1.007
  J03233000            JUNCTION       23.42          0.138        1.412
  J03235088            JUNCTION       23.96          0.117        4.583
  J03260087            JUNCTION       24.00          0.000        2.000
  J03260151            JUNCTION       12.32          0.034        1.356
  J03260156            JUNCTION       12.61          0.054        1.346
  J03260164            JUNCTION       12.01          0.014        1.346
  J03260167            JUNCTION       12.18          0.024        1.576
  J03260171            JUNCTION       12.61          0.054        1.306
  J03260406            JUNCTION       24.00          0.000        2.000
  J03260409            JUNCTION       24.00          0.000        2.000
  J03260411            JUNCTION       24.00          0.000        2.000
  J03260413            JUNCTION       24.00          0.000        2.000
  J03260415            JUNCTION       24.00          0.000        2.000
  J03260534            JUNCTION       24.00          0.000        2.000
  J03260550            JUNCTION       24.00          0.000        2.000
  J03260555            JUNCTION       24.00          0.000        2.000
  J03260567            JUNCTION       24.00          0.000        2.000
  J03260569            JUNCTION       24.00          0.000        2.000
  J03260572            JUNCTION       24.00          0.000        2.000
  J03260575            JUNCTION       24.00          0.000        2.000
  J03260578            JUNCTION       24.00          0.000        2.000
  J03262001            JUNCTION        2.87          0.147        0.853
  J03263039            JUNCTION       16.02          0.264        0.736
  J03263052            JUNCTION       15.68          0.244        0.686
  J03265001            JUNCTION       24.00          0.000        2.000
  J03266695            JUNCTION       24.00          0.000        2.000
  J03266696            JUNCTION       24.00          0.000        2.000
  J03266698            JUNCTION       24.00          0.000        2.000
  J03380237            JUNCTION       19.27          0.063        1.007
  J03380238            JUNCTION       19.51          0.123        0.937
  J03380255            JUNCTION       24.00          0.000        2.000
  J03411079            JUNCTION       14.18          0.154        1.246
  J03411083            JUNCTION       11.65          0.004        1.196
  
  
  *********************
  Node Flooding Summary
  *********************
  
  No nodes were flooded.
  
  
  ***********************
  Outfall Loading Summary
  ***********************
  
  -----------------------------------------------------------
                         Flow       Avg       Max       Total
                         Freq      Flow      Flow      Volume
  Outfall Node           Pcnt       LPS       LPS    10^6 ltr
  -----------------------------------------------------------
  J03260010             99.33     23.54     33.40       2.020
  -----------------------------------------------------------
  System                99.33     23.54     33.40       2.020
  
  
  ********************
  Link Flow Summary
  ********************
  
  -----------------------------------------------------------------------------
                                 Maximum  Time of Max   Maximum    Max/    Max/
                                  |Flow|   Occurrence   |Veloc|    Full    Full
  Link                 Type          LPS  days hr:min     m/sec    Flow   Depth
  -----------------------------------------------------------------------------
  34                   CONDUIT      0.00     0  00:00      0.00    0.00    0.00
  63                   CONDUIT      0.00     0  00:00      0.00    0.00    0.00
  95                   CONDUIT      0.00     0  00:00      0.00    0.00    0.00
  100                  CONDUIT      0.00     0  00:00      0.00    0.00    0.00
  129                  CONDUIT      4.98     0  08:27      0.49    0.01    0.23
  325                  CONDUIT     21.10     0  19:20      0.75    0.01    0.08
  783                  CONDUIT      0.00     0  00:00      0.00    0.00    0.00
  832                  CONDUIT     18.92     1  00:00      0.50    0.01    0.07
  841                  CONDUIT      6.62     0  16:34      0.25    0.01    0.79
  842                  CONDUIT      0.00     0  00:00      0.00    0.00    0.00
  1612                 CONDUIT     18.23     0  20:00      0.62    0.02    0.08
  1806                 CONDUIT      0.00     0  00:00      0.00    0.00    0.00
  1941                 CONDUIT      0.00     0  00:00      0.00    0.00    0.00
  2487                 CONDUIT      2.52     0  18:08      0.20    0.00    0.09
  2488                 CONDUIT      2.52     0  07:07      0.67    0.00    0.09
  2543                 CONDUIT      2.47     0  19:50      0.24    0.00    0.36
  2627                 CONDUIT      9.81     0  19:35      0.17    0.00    0.03
  2628                 CONDUIT      0.00     0  00:00      0.00    0.00    0.00
  2629                 CONDUIT      0.00     0  00:00      0.00    0.00    0.00
  2630                 CONDUIT      0.00     0  00:00      0.00    0.00    0.00
  2631                 CONDUIT      0.00     0  00:00      0.00    0.00    0.00
  2632                 CONDUIT      0.00     0  00:00      0.00    0.00    0.00
  2649                 CONDUIT      0.00     0  00:00      0.00    0.00    0.00
  2941                 CONDUIT      0.00     0  00:00      0.00    0.00    0.00
  3101                 CONDUIT     18.69     1  00:00      0.63    0.03    0.11
  3137                 CONDUIT      0.00     0  00:00      0.00    0.00    0.00
  3147                 CONDUIT      7.29     0  19:12      0.72    0.01    0.08
  3166                 CONDUIT     12.44     0  05:53      0.18    0.00    0.10
  3332                 CONDUIT      0.00     0  00:00      0.00    0.00    0.00
  3334                 CONDUIT      0.00     0  00:00      0.00    0.00    0.00
  3335                 CONDUIT      1.53     0  18:14      0.33    0.02    0.08
  3336                 CONDUIT      0.00     0  00:00      0.00    0.00    0.00
  3339                 CONDUIT      0.00     0  00:00      0.00    0.00    0.00
  3369                 CONDUIT      0.00     0  00:00      0.00    0.00    0.25
  3370                 CONDUIT      9.83     0  07:57      0.08    0.00    0.25
  3372                 CONDUIT      0.00     0  00:00      0.00    0.00    0.00
  3424                 CONDUIT      2.31     0  18:23      0.21    0.04    0.15
  3459                 CONDUIT      0.00     0  00:00      0.00    0.00    0.00
  3553                 CONDUIT      0.00     0  00:00      0.00    0.00    0.00
  3572                 CONDUIT      0.00     0  00:00      0.00    0.00    0.00
  3578                 CONDUIT      5.82     0  20:01      1.12    0.02    1.00
  3580                 CONDUIT      0.00     0  00:00      0.00    0.00    0.00
  3586                 CONDUIT      0.00     0  00:00      0.00    0.00    0.00
  3590                 CONDUIT      0.00     0  00:00      0.00    0.00    0.00
  3591                 CONDUIT      0.00     0  00:00      0.00    0.00    0.00
  3596                 CONDUIT      0.00     0  00:00      0.00    0.00    0.00
  3673                 CONDUIT      0.00     0  00:00      0.00    0.00    0.00
  3679                 CONDUIT     11.24     0  08:06      0.50    0.02    0.13
  3716                 CONDUIT      2.31     0  07:34      0.43    0.02    0.15
  3755                 CONDUIT      0.00     0  00:00      0.00    0.00    0.00
  3774                 CONDUIT      2.31     0  07:29      0.59    0.01    0.08
  3781                 CONDUIT      1.32     0  18:13      0.55    0.00    0.04
  3808                 CONDUIT      6.03     0  14:15      0.39    0.01    0.86
  3826                 CONDUIT      8.41     0  23:54      0.42    0.01    0.08
  3827                 CONDUIT      5.67     0  23:51      0.35    0.02    0.11
  3832                 CONDUIT      0.00     0  00:00      0.00    0.00    0.00
  3864                 CONDUIT      0.00     0  00:00      0.00    0.00    0.00
  3904                 CONDUIT      0.00     0  00:00      0.00    0.00    0.00
  4236                 CONDUIT      0.00     0  00:00      0.00    0.00    0.00
  4245                 CONDUIT      0.00     0  00:00      0.00    0.00    0.00
  4268                 CONDUIT      0.00     0  00:00      0.00    0.00    0.00
  4271                 CONDUIT      0.00     0  00:00      0.00    0.00    0.00
  4273                 CONDUIT     11.24     0  08:00      0.90    0.02    0.09
  4291                 CONDUIT     11.24     0  08:00      0.95    0.01    0.09
  4292                 CONDUIT     11.24     0  07:59      0.90    0.02    0.09
  4293                 CONDUIT      0.00     0  00:00      0.00    0.00    0.00
  4294                 CONDUIT     11.24     0  07:59      0.81    0.02    0.10
  4476                 CONDUIT      4.98     0  19:12      0.56    0.01    0.07
  4486                 CONDUIT      0.00     0  00:00      0.00    0.00    0.00
  4518                 CONDUIT      1.53     0  18:22      0.40    0.02    0.11
  4520                 CONDUIT      0.00     0  00:00      0.00    0.00    0.00
  4533                 CONDUIT      0.00     0  00:00      0.00    0.00    0.00
  4617                 CONDUIT      0.00     0  00:00      0.00    0.00    0.00
  4644                 CONDUIT      1.53     0  08:35      0.70    0.00    0.05
  4680                 CONDUIT      9.92     0  07:58      0.61    0.06    0.19
  4691                 CONDUIT      0.00     0  00:00      0.00    0.00    0.00
  4714                 CONDUIT      6.78     0  19:37      0.15    0.03    0.38
  4783                 CONDUIT      2.47     0  19:18      0.02    0.00    0.44
  4983                 CONDUIT      2.31     0  07:23      0.84    0.01    0.08
  5044                 CONDUIT      6.79     0  23:44      0.47    0.01    0.56
  5066                 CONDUIT      0.00     0  00:00      0.00    0.00    0.00
  5183                 CONDUIT      2.31     0  07:08      0.61    0.01    0.07
  5262                 CONDUIT      0.00     0  00:00      0.00    0.00    0.00
  5289                 CONDUIT      0.00     0  00:00      0.00    0.00    0.00
  5327                 CONDUIT      2.31     0  07:25      0.69    0.00    0.19
  5328                 CONDUIT      0.00     0  00:00      0.00    0.00    0.00
  5329                 CONDUIT      2.31     0  07:38      0.22    0.02    0.14
  5372                 CONDUIT      0.00     0  00:00      0.00    0.00    0.00
  5379                 CONDUIT      0.00     0  00:00      0.00    0.00    0.00
  5383                 CONDUIT      0.00     0  00:00      0.00    0.00    0.00
  5564                 CONDUIT      6.30     0  07:05      0.84    0.00    0.06
  5646                 CONDUIT      0.00     0  00:00      0.00    0.00    0.00
  5734                 CONDUIT      0.00     0  00:00      0.00    0.00    0.00
  5754                 CONDUIT      0.00     0  00:00      0.00    0.00    0.00
  5796                 CONDUIT      0.00     0  00:00      0.00    0.00    0.00
  5799                 CONDUIT      0.00     0  00:00      0.00    0.00    0.00
  5884                 CONDUIT      0.00     0  00:00      0.00    0.00    0.00
  5963                 CONDUIT     12.52     0  05:58      0.39    0.00    0.48
  6198                 CONDUIT      2.54     0  00:00      1.82    0.00    0.04
  6200                 CONDUIT      0.00     0  00:00      0.00    0.00    0.01
  6935                 CONDUIT      0.00     0  00:00      0.00    0.00    0.00
  7035                 CONDUIT      2.52     0  18:00      1.01    0.01    0.08
  7084                 CONDUIT     11.24     0  08:01      0.67    0.02    0.14
  7105                 CONDUIT      0.00     0  00:00      0.00    0.00    0.00
  7282                 CONDUIT      0.00     0  00:00      0.00    0.00    0.00
  7373                 CONDUIT      0.00     0  00:00      0.00    0.00    0.00
  7495                 CONDUIT      0.00     0  00:00      0.00    0.00    0.00
  7498                 CONDUIT      0.00     0  00:00      0.00    0.00    0.00
  8063                 CONDUIT      1.02     0  00:09      0.10    0.00    0.23
  8274                 CONDUIT      0.00     0  00:00      0.00    0.00    0.00
  8293                 CONDUIT      0.00     0  00:00      0.00    0.00    0.00
  8294                 CONDUIT      0.00     0  00:00      0.00    0.00    0.00
  8295                 CONDUIT      0.00     0  00:00      0.00    0.00    0.00
  8305                 CONDUIT      0.86     0  10:39      0.01    0.00    0.42
  8423                 CONDUIT      0.00     0  00:00      0.00    0.00    0.00
  8614                 CONDUIT      6.49     0  00:00      0.85    0.05    0.12
  8670                 CONDUIT      1.53     0  18:23      0.43    0.02    0.10
  8894                 CONDUIT      4.98     0  19:22      0.58    0.01    0.29
  9134                 CONDUIT      0.00     0  00:00      0.00    0.00    0.00
  9700                 CONDUIT      2.52     0  07:41      0.04    0.00    0.30
  9703                 CONDUIT      9.92     0  07:57      0.54    0.01    0.27
  9704                 CONDUIT      9.92     0  07:56      0.26    0.01    0.20
  9736                 CONDUIT      0.00     0  00:00      0.00    0.00    0.00
  10024                CONDUIT      0.00     0  00:00      0.00    0.00    0.00
  10072                CONDUIT      4.90     0  00:09      0.12    0.00    0.48
  10076                CONDUIT      5.81     0  18:03      0.74    0.03    0.53
  10117                CONDUIT      0.00     0  00:00      0.00    0.00    0.00
  10119                CONDUIT      0.00     0  00:00      0.00    0.00    0.00
  10124                CONDUIT     12.60     0  05:54      0.04    0.00    0.16
  10130                CONDUIT      0.00     0  00:00      0.00    0.00    0.00
  10138                CONDUIT      1.71     0  08:36      0.03    0.00    1.00
  10144                CONDUIT      0.07     0  10:17      0.01    0.00    0.78
  10146                CONDUIT     12.74     0  05:54      0.18    0.00    0.16
  10148                CONDUIT      0.00     0  00:00      0.00    0.00    0.11
  10158                CONDUIT      0.00     0  00:00      0.00    0.00    0.03
  10159                CONDUIT      0.00     0  00:00      0.00    0.00    0.00
  10161                CONDUIT      0.00     0  00:00      0.00    0.00    0.00
  10162                CONDUIT      0.00     0  00:00      0.00    0.00    0.00
  10164                CONDUIT     12.53     0  05:55      0.14    0.00    0.15
  10211                CONDUIT     12.53     0  05:55      0.21    0.00    0.07
  10242                CONDUIT     12.33     0  08:39      0.16    0.00    0.09
  10264                CONDUIT      4.98     0  08:21      0.15    0.01    0.24
  10284                CONDUIT      0.00     0  00:00      0.00    0.00    0.00
  10363                CONDUIT      0.00     0  00:00      0.00    0.00    0.00
  10405                CONDUIT      0.00     0  00:00      0.00    0.00    0.00
  10464                CONDUIT      0.00     0  00:00      0.00    0.00    0.00
  10601                CONDUIT      5.68     0  23:41      0.39    0.02    0.10
  10602                CONDUIT      0.00     0  00:00      0.00    0.00    0.00
  10605                CONDUIT      0.00     0  00:00      0.00    0.00    0.00
  10607                CONDUIT      2.61     0  00:30      0.57    0.00    0.36
  10608                CONDUIT      0.00     0  00:00      0.00    0.00    0.00
  10671                CONDUIT      0.00     0  00:00      0.00    0.00    0.00
  10690                CONDUIT      8.48     0  01:28      0.83    0.01    0.60
  10691                CONDUIT     11.24     0  08:00      0.92    0.02    0.09
  10744                CONDUIT      9.92     0  07:19      0.56    0.04    0.12
  10746                CONDUIT      9.92     0  18:18      1.18    0.05    0.12
  10833                CONDUIT     11.24     0  07:59      0.31    0.04    0.19
  10845                CONDUIT      6.30     0  07:02      0.91    0.03    0.08
  10879                CONDUIT      0.00     0  00:00      0.00    0.00    0.00
  11139                CONDUIT      0.00     0  00:00      0.00    0.00    0.05
  11172                CONDUIT      0.00     0  00:00      0.00    0.00    0.00
  11209                CONDUIT      0.00     0  00:00      0.00    0.00    0.00
  12024                CONDUIT      0.00     0  00:00      0.00    0.00    0.00
  12611                CONDUIT      6.94     0  00:21      1.21    0.00    0.87
  12612                CONDUIT      0.00     0  00:00      0.00    0.00    0.00
  12613                CONDUIT      0.00     0  00:00      0.00    0.00    0.00
  12615                CONDUIT      0.00     0  00:00      0.00    0.00    0.00
  12620                CONDUIT      0.00     0  00:00      0.00    0.00    0.02
  12621                CONDUIT      0.00     0  00:00      0.00    0.00    0.00
  12622                CONDUIT      0.00     0  00:00      0.00    0.00    0.00
  12633                CONDUIT      0.00     0  00:00      0.00    0.00    0.00
  12636                CONDUIT      0.00     0  00:00      0.00    0.00    0.00
  12637                CONDUIT      0.00     0  00:00      0.00    0.00    0.00
  12638                CONDUIT      0.00     0  00:00      0.00    0.00    0.00
  12643                CONDUIT      0.00     0  00:00      0.00    0.00    0.00
  12644                CONDUIT      0.00     0  00:00      0.00    0.00    0.00
  12649                CONDUIT      0.00     0  00:00      0.00    0.00    0.00
  12650                CONDUIT      1.60     0  01:28      0.20    0.00    1.00
  12652                CONDUIT      6.43     0  01:35      0.41    0.02    1.00
  12653                CONDUIT      0.00     0  00:00      0.00    0.00    0.00
  12654                CONDUIT     11.24     0  08:02      0.59    0.02    0.12
  12656                CONDUIT      8.41     0  23:59      0.36    0.02    0.12
  12660                CONDUIT     18.94     0  23:59      0.53    0.03    0.12
  12661                CONDUIT      0.00     0  00:00      0.00    0.00    0.00
  12662                CONDUIT      0.00     0  00:00      0.00    0.00    0.00
  12663                CONDUIT      0.00     0  00:00      0.00    0.00    0.00
  12664                CONDUIT      2.74     0  05:18      0.42    0.00    0.40
  12665                CONDUIT      2.80     0  05:18      0.04    0.00    0.35
  12668                CONDUIT      2.52     0  07:21      0.19    0.01    0.09
  12673                CONDUIT      0.00     0  00:00      0.00    0.00    0.19
  12676                CONDUIT      0.00     0  00:00      0.00    0.00    0.00
  12678                CONDUIT     18.23     0  19:36      0.51    0.02    0.09
  12679                CONDUIT     18.23     0  19:35      0.79    0.43    0.36
  12681                CONDUIT      0.00     0  00:00      0.00    0.00    0.09
  12682                CONDUIT      0.00     0  00:00      0.00    0.00    0.00
  12683                CONDUIT      0.00     0  00:00      0.00    0.00    0.00
  12685                CONDUIT      0.00     0  00:00      0.00    0.00    0.00
  12686                CONDUIT      0.00     0  00:00      0.00    0.00    0.00
  12687                CONDUIT      0.00     0  00:00      0.00    0.00    0.00
  12688                CONDUIT      0.00     0  00:00      0.00    0.00    0.00
  12690                CONDUIT      8.41     0  23:56      0.44    0.01    0.08
  12691                CONDUIT      0.00     0  00:00      0.00    0.00    0.00
  12692                CONDUIT      0.00     0  00:00      0.00    0.00    0.00
  12694                CONDUIT     12.49     0  12:10      0.38    0.00    0.55
  12697                CONDUIT      2.31     0  18:23      0.24    0.02    0.19
  12698                CONDUIT      0.00     0  00:00      0.00    0.00    0.00
  12699                CONDUIT      0.00     0  00:00      0.00    0.00    0.00
  12700                CONDUIT      0.00     0  00:00      0.00    0.00    0.00
  12760                CONDUIT      5.79     0  18:00      1.56    0.07    0.18
  12761                CONDUIT      6.51     0  00:02      1.09    0.06    1.00
  12865                CONDUIT      6.28     0  14:26      0.32    0.03    0.79
  12866                CONDUIT      2.46     0  19:37      0.02    0.00    0.46
  12870                CONDUIT      6.78     0  19:37      0.29    0.02    0.24
  12871                CONDUIT      0.00     0  00:00      0.00    0.00    0.00
  12872                CONDUIT      0.00     0  00:00      0.00    0.00    0.00
  12873                CONDUIT      6.16     0  04:23      0.80    0.00    0.93
  12874                CONDUIT      0.97     0  08:38      0.03    0.00    0.58
  12875                CONDUIT      3.46     0  19:31      0.04    0.00    0.53
  12876                CONDUIT      3.50     0  19:22      0.35    0.00    0.47
  12877                CONDUIT      0.00     0  00:00      0.00    0.00    0.00
  12878                CONDUIT      0.00     0  00:00      0.00    0.00    0.00
  12880                CONDUIT      0.00     0  00:00      0.00    0.00    0.00
  12884                CONDUIT      5.67     0  23:47      0.41    0.02    0.10
  12888                CONDUIT      0.00     0  00:00      0.00    0.00    0.00
  12889                CONDUIT      0.00     0  00:00      0.00    0.00    0.00
  12890                CONDUIT      0.00     0  00:00      0.00    0.00    0.00
  12892                CONDUIT      0.00     0  00:00      0.00    0.00    0.00
  12893                CONDUIT      0.00     0  00:00      0.00    0.00    0.00
  12894                CONDUIT      0.00     0  00:00      0.00    0.00    0.00
  12895                CONDUIT      0.00     0  00:00      0.00    0.00    0.00
  12897                CONDUIT      4.44     0  23:56      0.25    0.01    1.00
  12903                CONDUIT      0.00     0  00:00      0.00    0.00    0.00
  12904                CONDUIT      0.00     0  00:00      0.00    0.00    0.00
  12907                CONDUIT      1.53     0  18:23      0.46    0.02    0.12
  12940                CONDUIT      9.92     0  07:19      0.22    0.03    0.18
  12942                CONDUIT      0.00     0  00:00      0.00    0.00    0.00
  12978                CONDUIT      4.98     0  19:26      0.09    0.01    0.29
  12979                CONDUIT      0.00     0  00:00      0.00    0.00    0.00
  12980                CONDUIT      4.98     0  08:03      0.49    0.01    0.08
  12982                CONDUIT      7.30     0  08:53      0.60    0.02    0.09
  12983                CONDUIT      4.98     0  08:49      0.16    0.01    0.17
  12986                CONDUIT      0.00     0  00:00      0.00    0.00    0.00
  12987                CONDUIT      0.00     0  00:00      0.00    0.00    0.00
  12988                CONDUIT      0.00     0  00:00      0.00    0.00    0.00
  12989                CONDUIT      0.00     0  00:00      0.00    0.00    0.00
  12990                CONDUIT      0.00     0  00:00      0.00    0.00    0.00
  12991                CONDUIT      0.00     0  00:00      0.00    0.00    0.00
  12993                CONDUIT      5.33     0  18:02      0.45    0.01    0.92
  12994                CONDUIT      5.33     0  18:03      0.10    0.01    0.92
  12995                CONDUIT      6.94     0  19:06      0.33    0.01    0.87
  12996                CONDUIT      6.92     0  19:06      0.54    0.00    0.76
  12998                CONDUIT      5.32     0  18:02      0.40    0.01    1.00
  13000                CONDUIT      5.33     0  18:03      0.30    0.02    0.81
  13298                CONDUIT     18.23     0  19:31      0.51    0.02    0.09
  13357                CONDUIT      1.71     0  09:15      0.54    0.00    0.76
  13491                CONDUIT      0.00     0  00:00      0.00    0.00    0.12
  13492                CONDUIT      1.53     0  07:57      0.32    0.02    0.08
  13493                CONDUIT      1.53     0  08:36      0.51    0.01    0.07
  13494                CONDUIT      1.53     0  08:32      0.21    0.01    0.08
  13496                CONDUIT      0.00     0  00:00      0.00    0.00    0.00
  13512                CONDUIT      4.84     0  01:28      0.39    0.00    1.00
  13513                CONDUIT      0.71     0  03:30      0.47    0.00    1.00
  13524                CONDUIT      0.00     0  00:00      0.00    0.00    0.00
  13525                CONDUIT     11.24     0  08:01      0.43    0.05    0.21
  13560                CONDUIT      0.00     0  00:00      0.00    0.00    0.00
  13562                CONDUIT      0.00     0  00:00      0.00    0.00    0.00
  13569                CONDUIT      0.12     0  09:39      0.18    0.00    0.60
  13643                CONDUIT      0.00     0  00:00      0.00    0.00    0.00
  13801                CONDUIT     11.24     0  08:03      0.84    0.02    0.09
  13802                CONDUIT      0.36     0  04:24      0.05    0.00    0.88
  13820                CONDUIT      9.92     0  18:14      0.50    0.05    0.13
  13821                CONDUIT      0.00     0  00:00      0.00    0.00    0.00
  13936                CONDUIT      0.00     0  00:00      0.00    0.00    0.00
  13937                CONDUIT      0.00     0  00:00      0.00    0.00    0.00
  14073                CONDUIT      0.00     0  00:00      0.00    0.00    0.00
  14080                CONDUIT      4.98     0  08:37      0.48    0.01    0.08
  14101                CONDUIT      8.41     0  23:55      0.42    0.01    0.08
  14137                CONDUIT     18.93     1  00:00      0.50    0.01    0.07
  14141                CONDUIT     18.93     1  00:00      0.54    0.02    0.09
  14208                CONDUIT      0.00     0  00:00      0.00    0.00    0.00
  14270                CONDUIT      4.98     0  07:48      0.79    0.01    0.06
  14272                CONDUIT      4.98     0  19:40      0.74    0.01    0.06
  14472                CONDUIT      7.29     0  19:13      0.18    0.01    0.20
  14475                CONDUIT      0.00     0  00:00      0.00    0.00    0.00
  14478                CONDUIT     11.24     0  08:04      0.25    0.02    0.34
  14574                CONDUIT      4.98     0  07:12      0.67    0.01    0.09
  14707                CONDUIT      0.00     0  00:00      0.00    0.00    0.00
  14739                CONDUIT     12.69     0  05:57      0.09    0.00    0.06
  14745                CONDUIT      0.00     0  00:00      0.00    0.00    0.00
  14749                CONDUIT      2.31     0  07:24      0.43    0.01    0.05
  14765                CONDUIT      2.31     0  07:26      0.44    0.02    0.09
  14950                CONDUIT      0.00     0  00:00      0.00    0.00    0.00
  15152                CONDUIT      0.00     0  00:00      0.00    0.00    0.00
  15171                CONDUIT      6.57     0  00:19      0.76    0.03    1.00
  15187                CONDUIT      0.00     0  00:00      0.00    0.00    0.00
  15242                CONDUIT      7.29     0  08:52      0.87    0.02    0.07
  15277                CONDUIT      5.81     0  18:03      0.57    0.06    0.62
  15281                CONDUIT     11.24     0  08:02      0.81    0.02    0.10
  15332                CONDUIT      9.92     0  18:14      0.76    0.04    0.16
  15333                CONDUIT      0.00     0  00:00      0.00    0.00    0.00
  15362                CONDUIT      5.31     0  18:09      0.37    0.02    0.99
  15806                CONDUIT     18.23     0  20:01      0.51    0.02    0.09
  16419                CONDUIT     18.58     1  00:00      0.40    0.00    0.04
  16476                CONDUIT      0.00     0  00:00      0.00    0.00    0.00
  16575                CONDUIT      0.00     0  00:00      0.00    0.00    0.00
  16654                CONDUIT     18.89     1  00:00      0.50    0.01    0.07
  16672                CONDUIT      6.87     0  16:35      0.33    0.03    0.73
  16865                CONDUIT      0.00     0  00:00      0.00    0.00    0.00
  16887                CONDUIT      0.00     0  00:00      0.00    0.00    0.00
  16908                CONDUIT      0.00     0  00:00      0.00    0.00    0.00
  16909                CONDUIT      0.00     0  00:00      0.00    0.00    0.00
  17523                CONDUIT      0.00     0  00:00      0.00    0.00    0.00
  17571                CONDUIT     18.39     1  00:00      0.51    0.02    0.09
  17580                CONDUIT      0.39     0  04:48      0.00    0.00    0.63
  17703                CONDUIT      0.00     0  00:00      0.00    0.00    0.00
  17714                CONDUIT      5.80     0  07:01      0.75    0.04    0.56
  17715                CONDUIT      6.88     0  00:01      1.45    0.01    0.19
  17766                CONDUIT      0.00     0  00:00      0.00    0.00    0.00
  17896                CONDUIT      1.53     0  08:36      0.68    0.00    0.06
  17908                CONDUIT      5.79     0  18:01      0.32    0.03    0.20
  17926                CONDUIT      0.00     0  00:00      0.00    0.00    0.00
  17953                CONDUIT      1.94     0  00:00      0.36    0.00    0.28
  18020                CONDUIT      0.00     0  00:00      0.00    0.00    0.00
  18084                CONDUIT      0.00     0  00:00      0.00    0.00    0.00
  18113                CONDUIT      0.00     0  00:00      0.00    0.00    0.00
  18330                CONDUIT      0.00     0  00:00      0.00    0.00    0.00
  18338                CONDUIT     18.23     0  20:03      0.51    0.02    0.09
  18383                CONDUIT      0.00     0  00:00      0.00    0.00    0.00
  18387                CONDUIT      0.42     0  04:09      0.03    0.00    1.00
  18389                CONDUIT      0.00     0  00:00      0.00    0.00    0.00
  18423                CONDUIT      0.00     0  00:00      0.00    0.00    0.00
  18530                CONDUIT     18.23     0  19:38      0.51    0.02    0.09
  19043                CONDUIT      0.00     0  00:00      0.00    0.00    0.00
  19132                CONDUIT      5.73     0  18:01      1.28    0.01    0.79
  19193                CONDUIT      6.82     0  19:36      0.54    0.00    0.94
  19227                CONDUIT      5.72     0  18:01      0.61    0.03    0.42
  19440                CONDUIT      0.00     0  00:00      0.00    0.00    0.00
  19717                CONDUIT      2.56     0  00:16      0.15    0.00    0.12
  19838                CONDUIT      5.82     0  20:01      0.56    0.04    1.00
  19850                CONDUIT      5.96     0  00:08      0.76    0.00    0.79
  19910                CONDUIT      0.00     0  00:00      0.00    0.00    0.00
  20466                CONDUIT      0.00     0  00:00      0.00    0.00    0.00
  20474                CONDUIT      2.57     0  00:00      0.81    0.00    0.11
  20518                CONDUIT      9.92     0  18:35      0.59    0.06    0.20
  20519                CONDUIT      0.00     0  00:00      0.00    0.00    0.00
  20520                CONDUIT      9.92     0  18:35      0.61    0.04    0.19
  20521                CONDUIT      0.00     0  00:00      0.00    0.00    0.00
  20529                CONDUIT      0.00     0  00:00      0.00    0.00    0.00
  20530                CONDUIT      9.92     0  18:23      0.57    0.16    0.23
  20531                CONDUIT      9.92     0  18:23      0.83    0.03    0.19
  20532                CONDUIT      9.92     0  07:58      0.77    0.12    0.16
  20534                CONDUIT      1.53     0  07:27      0.40    0.02    0.10
  20535                CONDUIT      0.00     0  00:00      0.00    0.00    0.00
  20536                CONDUIT      0.00     0  00:00      0.00    0.00    0.00
  20538                CONDUIT      1.53     0  18:35      0.33    0.02    0.08
  20539                CONDUIT      1.53     0  18:35      0.32    0.02    0.08
  20540                CONDUIT      0.00     0  00:00      0.00    0.00    0.00
  20541                CONDUIT      0.00     0  00:00      0.00    0.00    0.00
  20542                CONDUIT      0.00     0  00:00      0.00    0.00    0.00
  20543                CONDUIT      1.53     0  18:22      0.41    0.07    0.13
  20544                CONDUIT      0.00     0  00:00      0.00    0.00    0.00
  20545                CONDUIT      1.53     0  18:22      0.39    0.06    0.13
  20546                CONDUIT      0.00     0  00:00      0.00    0.00    0.32
  20547                CONDUIT      0.00     0  00:00      0.00    0.00    0.00
  20548                CONDUIT      1.53     0  18:22      0.32    0.06    0.15
  20549                CONDUIT      9.92     0  07:20      0.78    0.06    0.16
  20550                CONDUIT      9.92     0  07:19      0.52    0.07    0.23
  20560                CONDUIT      9.92     0  07:57      0.15    0.01    0.32
  20569                CONDUIT      9.92     0  07:56      0.71    0.06    0.19
  20570                CONDUIT      9.92     0  07:56      0.49    0.18    0.22
  20571                CONDUIT      9.92     0  07:58      0.21    0.01    0.20
  20573                CONDUIT      1.53     0  07:57      0.28    0.01    0.15
  20577                CONDUIT      0.43     0  00:52      0.05    0.00    1.00
  20578                CONDUIT      1.53     0  08:43      0.97    0.00    0.25
  20579                CONDUIT      1.53     0  08:37      0.34    0.01    0.06
  20582                CONDUIT      0.00     0  00:00      0.00    0.00    0.00
  20584                CONDUIT      1.53     0  08:32      0.62    0.00    0.09
  20592                CONDUIT      4.19     0  01:25      0.02    0.00    0.90
  20594                CONDUIT      1.18     0  00:48      0.03    0.00    0.95
  20605                CONDUIT      1.53     0  07:59      0.31    0.01    0.06
  20606                CONDUIT      1.53     0  07:57      0.19    0.01    0.18
  20609                CONDUIT      0.00     0  00:00      0.00    0.00    0.00
  20611                CONDUIT      1.53     0  08:36      0.54    0.00    0.04
  20613                CONDUIT      1.53     0  08:35      0.57    0.00    0.06
  20615                CONDUIT      1.53     0  08:35      0.68    0.00    0.05
  20616                CONDUIT      1.53     0  08:34      0.78    0.00    0.03
  20618                CONDUIT      1.53     0  08:34      0.47    0.00    0.12
  20619                CONDUIT      1.53     0  08:33      0.40    0.00    0.07
  20622                CONDUIT      9.92     0  18:35      0.30    0.07    0.31
  20623                CONDUIT      1.53     0  08:01      0.50    0.00    0.04
  20624                CONDUIT      1.53     0  08:00      0.19    0.01    0.10
  20627                CONDUIT      1.53     0  08:00      0.29    0.01    0.09
  20628                CONDUIT      1.53     0  07:59      0.22    0.01    0.08
  20636                CONDUIT      0.00     0  00:00      0.00    0.00    0.00
  20637                CONDUIT      2.72     0  05:13      0.47    0.00    0.38
  20638                CONDUIT      2.77     0  05:13      0.49    0.01    0.26
  20639                CONDUIT      2.72     0  04:54      0.07    0.00    0.29
  20640                CONDUIT      0.19     0  04:52      0.00    0.00    0.57
  20641                CONDUIT      0.00     0  00:00      0.00    0.00    0.00
  20643                CONDUIT      0.00     0  00:00      0.00    0.00    0.00
  20644                CONDUIT      0.00     0  00:00      0.00    0.00    0.00
  20645                CONDUIT      0.00     0  00:00      0.00    0.00    0.00
  20646                CONDUIT      0.00     0  00:00      0.00    0.00    0.00
  20647                CONDUIT     18.94     1  00:00      0.51    0.02    0.09
  20648                CONDUIT     18.94     1  00:00      0.56    0.03    0.12
  20655                CONDUIT      0.00     0  00:00      0.00    0.00    0.00
  20683                CONDUIT      0.00     0  00:00      0.00    0.00    0.00
  20777                CONDUIT     11.24     0  08:05      0.74    0.01    0.12
  20821                CONDUIT      0.00     0  00:00      0.00    0.00    0.00
  20913                CONDUIT      0.00     0  00:00      0.00    0.00    0.00
  20942                CONDUIT      6.30     0  18:02      0.04    0.00    0.54
  20944                CONDUIT      0.00     0  00:00      0.00    0.00    0.00
  20945                CONDUIT     33.40     0  19:45      2.05    0.00    0.04
  20946                CONDUIT     12.72     0  05:56      0.10    0.01    0.11
  20953                CONDUIT      6.78     0  19:37      1.31    0.02    0.09
  20954                CONDUIT      0.00     0  00:00      0.00    0.00    0.00
  20956                CONDUIT      7.29     0  19:12      0.17    0.01    0.21
  20962                CONDUIT      6.78     0  19:37      0.64    0.02    0.20
  20992                CONDUIT      0.00     0  00:00      0.00    0.00    0.00
  20993                CONDUIT      0.00     0  00:00      0.00    0.00    0.00
  21040                CONDUIT      6.78     0  19:36      1.32    0.01    0.08
  21712                CONDUIT     18.23     0  19:33      0.47    0.02    0.10
  21714                CONDUIT      5.27     0  01:28      0.55    0.00    1.00
  21715                CONDUIT      0.00     0  00:00      0.00    0.00    0.00
  21742                CONDUIT     18.23     0  19:30      0.51    0.02    0.09
  21744                CONDUIT     18.23     0  19:32      0.51    0.02    0.09
  21746                CONDUIT      0.00     0  00:00      0.00    0.00    0.00
  21747                CONDUIT      0.00     0  00:00      0.00    0.00    0.00
  21748                CONDUIT      0.00     0  00:00      0.00    0.00    0.00
  21749                CONDUIT      0.00     0  00:00      0.00    0.00    0.00
  21750                CONDUIT      0.00     0  00:00      0.00    0.00    0.00
  21754                CONDUIT      0.00     0  00:00      0.00    0.00    0.00
  21757                CONDUIT     18.23     0  19:34      0.37    0.02    0.11
  21759                CONDUIT      0.00     0  00:00      0.00    0.00    0.00
  21760                CONDUIT      2.24     0  00:02      0.35    0.09    0.28
  21762                CONDUIT     18.81     1  00:00      0.49    0.01    0.07
  21763                CONDUIT      0.00     0  00:00      0.00    0.00    0.00
  21764                CONDUIT      0.00     0  00:00      0.00    0.00    0.00
  21765                CONDUIT      0.00     0  00:00      0.00    0.00    0.00
  21766                CONDUIT      0.00     0  00:00      0.00    0.00    0.00
  21767                CONDUIT      0.00     0  00:00      0.00    0.00    0.00
  21769                CONDUIT     18.73     1  00:00      0.45    0.01    0.08
  21770                CONDUIT      0.00     0  00:00      0.00    0.00    0.00
  21771                CONDUIT     18.77     1  00:00      0.47    0.01    0.08
  21772                CONDUIT      0.00     0  00:00      0.00    0.00    0.00
  21773                CONDUIT      0.00     0  00:00      0.00    0.00    0.00
  21774                CONDUIT      0.00     0  00:00      0.00    0.00    0.00
  21778                CONDUIT      0.00     0  00:00      0.00    0.00    0.00
  21780                CONDUIT      0.00     0  00:00      0.00    0.00    0.00
  21781                CONDUIT      0.00     0  00:00      0.00    0.00    0.00
  21784                CONDUIT      0.00     0  00:00      0.00    0.00    0.00
  21786                CONDUIT      0.00     0  00:00      0.00    0.00    0.00
  21787                CONDUIT      0.00     0  00:00      0.00    0.00    0.00
  21788                CONDUIT     18.86     1  00:00      0.50    0.01    0.07
  21789                CONDUIT      6.31     0  01:30      0.33    0.01    1.00
  21792                CONDUIT     18.94     1  00:00      0.52    0.02    0.09
  21793                CONDUIT      0.00     0  00:00      0.00    0.00    0.00
  21796                CONDUIT     18.93     1  00:00      0.52    0.02    0.09
  21799                CONDUIT      0.00     0  00:00      0.00    0.00    0.00
  21800                CONDUIT      0.00     0  00:00      0.00    0.00    0.25
  21803                CONDUIT     18.93     1  00:00      0.52    0.02    0.09
  21805                CONDUIT     18.93     1  00:00      0.52    0.02    0.09
  21806                CONDUIT     18.92     1  00:00      0.50    0.01    0.07
  21812                CONDUIT      0.00     0  00:00      0.00    0.00    0.00
  21814                CONDUIT      0.00     0  00:00      0.00    0.00    0.00
  21815                CONDUIT      8.41     0  23:57      0.36    0.01    0.07
  21817                CONDUIT      0.00     0  00:00      0.00    0.00    0.00
  21820                CONDUIT      0.00     0  00:00      0.00    0.00    0.00
  21821                CONDUIT      0.00     0  00:00      0.00    0.00    0.00
  21822                CONDUIT     18.94     1  00:00      0.53    0.03    0.12
  21823                CONDUIT     18.94     1  00:00      0.53    0.03    0.12
  21824                CONDUIT      0.00     0  00:00      0.00    0.00    0.00
  21826                CONDUIT      6.57     0  01:35      0.38    0.03    1.00
  21827                CONDUIT      5.83     0  04:34      0.26    0.01    0.32
  21828                CONDUIT      2.70     0  05:22      0.11    0.00    0.45
  21829                CONDUIT      2.52     0  07:10      0.60    0.00    0.19
  21830                CONDUIT      2.52     0  07:13      0.71    0.00    0.11
  21832                CONDUIT      5.26     0  04:33      0.34    0.01    0.36
  21833                CONDUIT      3.08     0  04:31      0.24    0.10    0.37
  21835                CONDUIT      0.00     0  00:00      0.00    0.00    0.00
  21836                CONDUIT      0.00     0  00:00      0.00    0.00    0.00
  21838                CONDUIT      0.00     0  00:00      0.00    0.00    0.00
  21839                CONDUIT      0.00     0  00:00      0.00    0.00    0.00
  21840                CONDUIT      0.00     0  00:00      0.00    0.00    0.00
  21841                CONDUIT      0.00     0  00:00      0.00    0.00    0.00
  21844                CONDUIT      0.00     0  00:00      0.00    0.00    0.00
  21845                CONDUIT      2.52     0  07:44      0.48    0.01    0.05
  21846                CONDUIT      2.52     0  18:32      0.13    0.00    0.16
  21847                CONDUIT      2.52     0  07:13      0.46    0.00    0.15
  21848                CONDUIT      2.52     0  18:34      0.98    0.00    0.28
  21851                CONDUIT      0.00     0  00:00      0.00    0.00    0.00
  21852                CONDUIT      0.00     0  00:00      0.00    0.00    0.00
  21854                CONDUIT     21.08     0  19:19      0.89    0.01    0.06
  21858                CONDUIT     12.33     0  19:47      0.01    0.00    0.35
  21859                CONDUIT     12.68     0  05:57      0.80    0.00    0.29
  21862                CONDUIT      2.31     0  07:24      0.62    0.00    0.04
  21864                CONDUIT      0.00     0  00:00      0.00    0.00    0.12
  21866                CONDUIT      2.31     0  18:19      0.78    0.01    0.15
  22116                CONDUIT      0.00     0  00:00      0.00    0.00    0.00
  22117                CONDUIT      0.00     0  00:00      0.00    0.00    0.00
  22282                CONDUIT      0.00     0  00:00      0.00    0.00    0.00
  22575                CONDUIT      0.00     0  00:00      0.00    0.00    0.00
  22576                CONDUIT      0.00     0  00:00      0.00    0.00    0.00
  22580                CONDUIT      0.00     0  00:00      0.00    0.00    0.14
  22581                CONDUIT      0.00     0  00:00      0.00    0.00    0.00
  22582                CONDUIT      5.67     0  23:38      0.39    0.02    0.10
  22583                CONDUIT      0.00     0  00:00      0.00    0.00    0.00
  22585                CONDUIT      0.00     0  00:00      0.00    0.00    0.00
  22586                CONDUIT      3.52     0  19:25      0.02    0.00    0.50
  22587                CONDUIT      6.05     0  04:08      0.32    0.01    1.00
  22588                CONDUIT      5.32     0  01:50      0.97    0.00    1.00
  22589                CONDUIT      6.02     0  02:33      0.53    0.01    0.99
  22590                CONDUIT      5.99     0  01:52      0.02    0.00    0.89
  22591                CONDUIT      0.08     0  11:16      0.07    0.00    0.36
  22592                CONDUIT      0.00     0  00:00      0.00    0.00    0.11
  22596                CONDUIT      6.78     0  19:37      0.58    0.02    0.19
  22597                CONDUIT      0.00     0  00:00      0.00    0.00    0.00
  22598                CONDUIT      0.00     0  00:00      0.00    0.00    0.00
  22599                CONDUIT      0.00     0  00:00      0.00    0.00    0.00
  22601                CONDUIT      0.00     0  00:00      0.00    0.00    0.00
  22605                CONDUIT      1.92     0  13:39      0.35    0.00    0.41
  22606                CONDUIT      0.10     0  23:46      0.05    0.00    0.42
  22607                CONDUIT      0.93     0  13:04      0.15    0.00    0.67
  22608                CONDUIT      0.00     0  00:00      0.00    0.00    0.00
  22609                CONDUIT      0.00     0  00:00      0.00    0.00    0.00
  22611                CONDUIT      0.20     0  23:56      0.00    0.00    0.10
  22612                CONDUIT      3.46     0  19:57      0.05    0.00    0.47
  22613                CONDUIT      0.00     0  00:00      0.00    0.00    0.00
  22614                CONDUIT      0.23     0  01:17      0.03    0.00    0.94
  22616                CONDUIT      6.58     0  23:50      0.33    0.01    1.00
  22617                CONDUIT      0.00     0  00:00      0.00    0.00    0.00
  22618                CONDUIT      0.00     0  00:00      0.00    0.00    0.00
  22621                CONDUIT      0.00     0  00:00      0.00    0.00    0.00
  22640                CONDUIT      0.00     0  00:00      0.00    0.00    0.00
  22643                CONDUIT      0.00     0  00:00      0.00    0.00    0.00
  22653                CONDUIT      0.00     0  00:00      0.00    0.00    0.00
  22654                CONDUIT      0.00     0  00:00      0.00    0.00    0.14
  22656                CONDUIT      0.00     0  00:00      0.00    0.00    0.00
  22658                CONDUIT      0.00     0  00:00      0.00    0.00    0.00
  22659                CONDUIT      0.00     0  00:00      0.00    0.00    0.00
  22660                CONDUIT      6.89     0  23:50      0.39    0.01    1.00
  22789                CONDUIT      0.00     0  00:00      0.00    0.00    0.00
  22790                CONDUIT      0.00     0  00:00      0.00    0.00    0.00
  22794                CONDUIT      0.00     0  00:00      0.00    0.00    0.00
  22795                CONDUIT      0.00     0  00:00      0.00    0.00    0.00
  22796                CONDUIT      0.00     0  00:00      0.00    0.00    0.00
  22797                CONDUIT      0.00     0  00:00      0.00    0.00    0.00
  22798                CONDUIT      9.92     0  18:18      0.45    0.11    0.14
  22799                CONDUIT      9.92     0  18:21      0.21    0.01    0.14
  22800                CONDUIT      0.00     0  00:00      0.00    0.00    0.00
  22801                CONDUIT      0.00     0  00:00      0.00    0.00    0.00
  22802                CONDUIT      0.00     0  00:00      0.00    0.00    0.00
  22804                CONDUIT      0.00     0  00:00      0.00    0.00    0.00
  22805                CONDUIT      0.00     0  00:00      0.00    0.00    0.00
  22810                CONDUIT      0.00     0  00:00      0.00    0.00    0.00
  22811                CONDUIT      0.00     0  00:00      0.00    0.00    0.00
  22812                CONDUIT      0.00     0  00:00      0.00    0.00    0.00
  22818                CONDUIT      0.00     0  00:00      0.00    0.00    0.00
  22819                CONDUIT      0.00     0  00:00      0.00    0.00    0.04
  22827                CONDUIT      0.00     0  00:00      0.00    0.00    0.00
  22837                CONDUIT      0.00     0  00:00      0.00    0.00    0.00
  22839                CONDUIT      0.00     0  00:00      0.00    0.00    0.00
  22840                CONDUIT      0.00     0  00:00      0.00    0.00    0.00
  22850                CONDUIT      0.00     0  00:00      0.00    0.00    0.00
  22852                CONDUIT      0.00     0  00:00      0.00    0.00    0.00
  22865                CONDUIT      0.00     0  00:00      0.00    0.00    0.00
  22866                CONDUIT      0.00     0  00:00      0.00    0.00    0.00
  23050                CONDUIT      4.98     0  07:37      1.12    0.00    0.42
  23053                CONDUIT      4.98     0  07:23      0.24    0.03    0.14
  23054                CONDUIT      4.98     0  07:45      0.56    0.01    0.10
  23059                CONDUIT      4.98     0  07:54      0.57    0.01    0.08
  23060                CONDUIT      4.98     0  18:09      0.26    0.01    0.12
  23062                CONDUIT      4.98     0  18:09      0.85    0.01    0.06
  23063                CONDUIT      6.30     0  18:08      0.32    0.04    0.07
  23064                CONDUIT      7.29     0  19:12      0.41    0.01    0.11
  23066                CONDUIT      7.30     0  19:11      0.55    0.02    0.09
  23071                CONDUIT      0.00     0  00:00      0.00    0.00    0.00
  23073                CONDUIT      4.98     0  07:36      0.78    0.01    0.06
  23075                CONDUIT      4.98     0  08:16      0.32    0.01    0.10
  23077                CONDUIT      4.74     0  04:33      0.69    0.00    0.97
  23078                CONDUIT      4.98     0  19:31      0.09    0.01    0.30
  23079                CONDUIT      7.29     0  19:12      0.52    0.01    0.14
  23081                CONDUIT      0.00     0  00:00      0.00    0.00    0.00
  23082                CONDUIT      9.83     0  07:47      0.08    0.00    0.14
  23083                CONDUIT      9.83     0  08:00      0.37    0.00    0.19
  23084                CONDUIT      0.00     0  00:00      0.00    0.00    0.00
  23085                CONDUIT      9.83     0  20:02      0.03    0.00    0.14
  23087                CONDUIT      0.00     0  00:00      0.00    0.00    0.00
  23088                CONDUIT      0.00     0  00:00      0.00    0.00    0.00
  23090                CONDUIT      0.00     0  00:00      0.00    0.00    0.00
  23092                CONDUIT      0.00     0  00:00      0.00    0.00    0.00
  23093                CONDUIT      0.00     0  00:00      0.00    0.00    0.00
  23094                CONDUIT     12.33     0  19:47      0.24    0.00    0.03
  23095                CONDUIT      2.52     0  07:47      0.92    0.01    0.08
  23097                CONDUIT      9.81     0  08:58      0.18    0.00    0.02
  23098                CONDUIT      0.00     0  00:00      0.00    0.00    0.00
  23099                CONDUIT     12.56     0  05:56      0.04    0.00    0.13
  23102                CONDUIT      0.00     0  00:00      0.00    0.00    0.00
  23110                CONDUIT      0.00     0  00:00      0.00    0.00    0.27
  23112                CONDUIT      0.00     0  00:00      0.00    0.00    0.00
  23113                CONDUIT      0.00     0  00:00      0.00    0.00    0.00
  23114                CONDUIT      0.00     0  00:00      0.00    0.00    0.00
  23115                CONDUIT     12.33     0  08:37      0.08    0.00    0.07
  23116                CONDUIT      4.98     0  08:44      0.40    0.01    0.12
  23117                CONDUIT      4.98     0  07:43      0.41    0.01    0.10
  23119                CONDUIT      4.98     0  07:58      0.61    0.01    0.17
  23120                CONDUIT      4.98     0  07:55      0.70    0.01    0.06
  23122                CONDUIT      4.98     0  08:20      0.44    0.11    0.08
  23123                CONDUIT      4.98     0  07:37      0.03    0.00    0.54
  23147                CONDUIT      2.72     0  03:50      0.04    0.00    0.30
  23148                CONDUIT      0.00     0  00:00      0.00    0.00    0.00
  23150                CONDUIT      0.00     0  00:00      0.00    0.00    0.00
  23152                CONDUIT      0.00     0  00:00      0.00    0.00    0.00
  23158                CONDUIT     11.24     0  08:03      0.78    0.01    0.26
  23159                CONDUIT     11.24     0  08:05      1.00    0.01    0.08
  23163                CONDUIT      0.00     0  00:00      0.00    0.00    0.00
  23164                CONDUIT      0.00     0  00:00      0.00    0.00    0.00
  23165                CONDUIT      0.00     0  00:00      0.00    0.00    0.00
  23167                CONDUIT      0.00     0  00:00      0.00    0.00    0.00
  23171                CONDUIT      0.00     0  00:00      0.00    0.00    0.00
  23172                CONDUIT      0.24     0  01:44      0.06    0.00    0.06
  23190                CONDUIT      5.34     0  18:02      0.60    0.01    0.93
  23191                CONDUIT      5.36     0  18:02      0.66    0.01    0.83
  23192                CONDUIT      5.34     0  18:02      0.60    0.01    0.79
  23193                CONDUIT      0.00     0  00:00      0.00    0.00    0.00
  23199                CONDUIT      6.37     0  00:07      1.20    0.00    0.80
  23200                CONDUIT      6.37     0  00:07      0.06    0.00    0.33
  23204                CONDUIT      0.47     0  06:36      0.38    0.00    0.94
  23207                CONDUIT      5.33     0  18:02      0.19    0.01    1.00
  23478                CONDUIT      0.00     0  00:00      0.00    0.00    0.00
  23524                CONDUIT      0.00     0  00:00      0.00    0.00    0.00
  25966                CONDUIT      0.00     0  00:00      0.00    0.00    0.00
  26838                CONDUIT      5.44     0  01:28      0.30    0.00    1.00
  26852                CONDUIT      0.00     0  00:00      0.00    0.00    0.00
  26855                CONDUIT      0.00     0  00:00      0.00    0.00    0.00
  27342                CONDUIT      2.31     0  07:17      0.10    0.01    0.24
  31188                CONDUIT      4.98     0  07:41      0.45    0.01    0.09
  31937                CONDUIT      7.29     0  08:52      1.94    0.00    0.04
  32535                CONDUIT      0.00     0  00:00      0.00    0.00    0.00
  34331                CONDUIT      0.00     0  00:00      0.00    0.00    0.00
  36494                CONDUIT      2.31     0  07:21      0.16    0.02    0.23
  38189                CONDUIT      2.31     0  18:25      0.05    0.00    0.22
  38190                CONDUIT      0.00     0  00:00      0.00    0.00    0.00
  38193                CONDUIT      0.61     0  08:38      0.01    0.00    0.54
  38250                CONDUIT      0.00     0  00:00      0.00    0.00    0.33
  38555                CONDUIT      2.31     0  07:22      0.25    0.02    0.13
  38575                CONDUIT      0.00     0  00:00      0.00    0.00    0.00
  38710                CONDUIT      0.00     0  00:00      0.00    0.00    0.00
  38711                CONDUIT      1.53     0  07:56      0.24    0.02    0.21
  38712                CONDUIT      1.53     0  18:43      0.30    0.02    0.13
  38869                CONDUIT      0.00     0  00:00      0.00    0.00    0.00
  38870                CONDUIT      0.00     0  00:00      0.00    0.00    0.00
  38873                CONDUIT      0.00     0  00:00      0.00    0.00    0.00
  38889                CONDUIT      0.00     0  00:00      0.00    0.00    0.00
  39004                CONDUIT      1.53     0  07:27      0.38    0.02    0.11
  39117                CONDUIT      0.00     0  00:00      0.00    0.00    0.00
  39149                CONDUIT      0.00     0  00:00      0.00    0.00    0.00
  39247                CONDUIT     11.24     0  08:07      1.06    0.01    0.08
  39284                CONDUIT      0.00     0  00:00      0.00    0.00    0.00
  39378                CONDUIT      0.00     0  00:00      0.00    0.00    0.00
  39379                CONDUIT      0.00     0  00:00      0.00    0.00    0.00
  39419                CONDUIT      0.00     0  00:00      0.00    0.00    0.00
  39469                CONDUIT      0.00     0  00:00      0.00    0.00    0.00
  39514                CONDUIT      0.00     0  00:00      0.00    0.00    0.00
  39537                CONDUIT      7.29     0  08:50      0.49    0.02    0.16
  39563                CONDUIT      2.31     0  07:09      0.70    0.01    0.29
  39936                CONDUIT      0.00     0  00:00      0.00    0.00    0.00
  39937                CONDUIT      5.00     0  16:45      0.02    0.00    0.94
  40173                CONDUIT     12.53     0  12:14      0.39    0.00    0.64
  40224                CONDUIT      5.96     0  00:28      0.08    0.02    1.00
  40244                CONDUIT      6.11     0  04:22      0.14    0.02    0.99
  40245                CONDUIT      6.11     0  04:22      0.41    0.03    0.96
  40248                CONDUIT      0.00     0  00:00      0.00    0.00    0.00
  40249                CONDUIT      0.00     0  00:00      0.00    0.00    0.00
  40372                CONDUIT      0.00     0  00:00      0.00    0.00    0.00
  40373                CONDUIT      4.73     0  23:49      0.30    0.01    1.00
  40386                CONDUIT      0.00     0  00:00      0.00    0.00    0.14
  40388                CONDUIT      0.00     0  00:00      0.00    0.00    0.00
  40448                CONDUIT      0.00     0  00:00      0.00    0.00    0.00
  40679                CONDUIT      0.00     0  00:00      0.00    0.00    0.00
  40680                CONDUIT      0.00     0  00:00      0.00    0.00    0.00
  40713                CONDUIT      0.00     0  00:00      0.00    0.00    0.00
  40793                CONDUIT      9.92     0  18:14      1.08    0.05    0.13
  41025                CONDUIT      0.00     0  00:00      0.00    0.00    0.00
  41038                CONDUIT      7.29     0  19:11      0.28    0.02    0.29
  41039                CONDUIT      7.30     0  19:11      0.49    0.01    0.15
  41097                CONDUIT      0.00     0  00:00      0.00    0.00    0.00
  41114                CONDUIT      5.79     0  18:01      0.87    0.02    0.22
  41149                CONDUIT      0.00     0  00:00      0.00    0.00    0.00
  41181                CONDUIT      0.00     0  00:00      0.00    0.00    0.00
  41182                CONDUIT      0.00     0  00:00      0.00    0.00    0.00
  41183                CONDUIT      0.00     0  00:00      0.00    0.00    0.00
  41204                CONDUIT      0.00     0  00:00      0.00    0.00    0.00
  41367                CONDUIT      0.00     0  00:00      0.00    0.00    0.00
  41543                CONDUIT      2.31     0  07:26      0.66    0.00    0.25
  41557                CONDUIT      0.00     0  00:00      0.00    0.00    0.00
  41561                CONDUIT      6.79     0  19:36      0.33    0.01    1.00
  41562                CONDUIT      5.68     0  18:00      1.44    0.02    0.11
  41661                CONDUIT      6.80     0  19:24      0.62    0.01    1.00
  41712                CONDUIT      2.31     0  18:23      0.53    0.01    0.08
  42042                CONDUIT      0.00     0  00:00      0.00    0.00    0.00
  42043                CONDUIT      0.00     0  00:00      0.00    0.00    0.00
  42079                CONDUIT      0.00     0  00:00      0.00    0.00    0.00
  42080                CONDUIT      0.00     0  00:00      0.00    0.00    0.00
  42081                CONDUIT      4.98     0  18:52      0.55    0.02    0.07
  42082                CONDUIT      4.98     0  07:36      0.53    0.01    0.09
  42085                CONDUIT      5.32     0  18:09      0.08    0.01    0.92
  42514                CONDUIT      0.00     0  00:00      0.00    0.00    0.00
  42515                CONDUIT      9.92     0  07:58      0.90    0.03    0.14
  42541                CONDUIT      0.00     0  00:00      0.00    0.00    0.00
  42568                CONDUIT      6.79     0  19:36      0.50    0.00    1.00
  42610                CONDUIT      2.97     0  00:00      0.35    0.03    0.18
  42644                CONDUIT      0.00     0  00:00      0.00    0.00    0.00
  42711                CONDUIT      0.00     0  00:00      0.00    0.00    0.00
  42712                CONDUIT      0.00     0  00:00      0.00    0.00    0.00
  42713                CONDUIT      0.00     0  00:00      0.00    0.00    0.00
  42714                CONDUIT      2.31     0  07:17      0.51    0.02    0.10
  42715                CONDUIT      1.32     0  18:10      0.36    0.01    0.04
  42716                CONDUIT      2.31     0  07:23      0.68    0.01    0.07
  42717                CONDUIT      2.31     0  07:40      0.54    0.01    0.22
  42718                CONDUIT     11.24     0  08:05      1.03    0.01    0.08
  42719                CONDUIT     11.24     0  07:59      0.75    0.04    0.13
  42720                CONDUIT      0.00     0  00:00      0.00    0.00    0.00
  42721                CONDUIT      1.32     0  07:03      0.41    0.01    0.12
  42722                CONDUIT     38.61     0  23:35      0.24    0.02    0.55
  42723                CONDUIT     11.24     0  08:06      0.52    0.40    0.13
  42724                CONDUIT      6.78     0  19:38      0.73    0.01    0.32
  42725                CONDUIT      6.79     0  19:36      0.04    0.00    0.53
  42726                CONDUIT      6.78     0  19:37      1.22    0.00    0.18
  42727                CONDUIT      6.82     0  19:13      0.62    0.02    1.00
  42728                CONDUIT      1.53     0  18:21      0.27    0.02    0.10
  42730                CONDUIT      7.29     0  08:51      0.26    0.02    0.16
  42731                CONDUIT      0.00     0  00:00      0.00    0.00    0.00
  42732                CONDUIT      9.92     0  07:27      0.65    0.08    0.30
  42733                CONDUIT      9.92     0  07:56      0.69    0.06    0.33
  42734                CONDUIT      5.34     0  18:08      0.33    0.01    1.00
  42735                CONDUIT      2.52     0  07:46      0.79    0.01    0.06
  42736                CONDUIT      9.81     0  19:36      0.18    0.00    0.02
  42737                CONDUIT      0.00     0  00:00      0.00    0.00    0.07
  42738                CONDUIT      4.98     0  18:20      0.61    0.01    0.14
  42739                CONDUIT     11.24     0  08:04      0.33    0.02    0.18
  42740                CONDUIT     11.24     0  08:08      0.89    0.02    0.09
  42742                CONDUIT     11.45     0  07:10      0.15    0.03    0.57
  P1                   PUMP         4.00     0  00:08              0.50
  P2                   PUMP        44.10     0  23:33              0.76
  
  
  ***************************
  Flow Classification Summary
  ***************************
  
  -------------------------------------------------------------------------------------
                      Adjusted    ---------- Fraction of Time in Flow Class ---------- 
                       /Actual         Up    Down  Sub   Sup   Up    Down  Norm  Inlet 
  Conduit               Length    Dry  Dry   Dry   Crit  Crit  Crit  Crit  Ltd   Ctrl  
  -------------------------------------------------------------------------------------
  34                      1.00   1.00  0.00  0.00  0.00  0.00  0.00  0.00  0.00  0.00
  63                      1.51   1.00  0.00  0.00  0.00  0.00  0.00  0.00  0.00  0.00
  95                      1.12   1.00  0.00  0.00  0.00  0.00  0.00  0.00  0.00  0.00
  100                     1.00   1.00  0.00  0.00  0.00  0.00  0.00  0.00  0.00  0.00
  129                     1.00   0.05  0.00  0.00  0.95  0.00  0.00  0.00  0.01  0.00
  325                     1.00   0.01  0.00  0.00  0.19  0.80  0.00  0.00  0.99  0.00
  783                     1.22   1.00  0.00  0.00  0.00  0.00  0.00  0.00  0.00  0.00
  832                     1.00   0.02  0.00  0.00  0.98  0.00  0.00  0.00  0.00  0.00
  841                     1.00   0.50  0.00  0.00  0.50  0.00  0.00  0.00  0.11  0.00
  842                     1.00   1.00  0.00  0.00  0.00  0.00  0.00  0.00  0.00  0.00
  1612                    1.00   0.01  0.04  0.00  0.96  0.00  0.00  0.00  0.01  0.00
  1806                    1.47   1.00  0.00  0.00  0.00  0.00  0.00  0.00  0.00  0.00
  1941                    2.66   1.00  0.00  0.00  0.00  0.00  0.00  0.00  0.00  0.00
  2487                    1.96   0.00  0.00  0.00  1.00  0.00  0.00  0.00  0.00  0.00
  2488                    4.89   0.00  0.00  0.00  1.00  0.00  0.00  0.00  0.00  0.00
  2543                    1.93   0.35  0.00  0.00  0.65  0.00  0.00  0.00  0.01  0.00
  2627                    1.00   0.02  0.12  0.00  0.85  0.00  0.00  0.00  0.85  0.00
  2628                    4.88   1.00  0.00  0.00  0.00  0.00  0.00  0.00  0.00  0.00
  2629                    1.00   1.00  0.00  0.00  0.00  0.00  0.00  0.00  0.00  0.00
  2630                    3.08   1.00  0.00  0.00  0.00  0.00  0.00  0.00  0.00  0.00
  2631                    1.00   1.00  0.00  0.00  0.00  0.00  0.00  0.00  0.00  0.00
  2632                    1.00   1.00  0.00  0.00  0.00  0.00  0.00  0.00  0.00  0.00
  2649                    2.68   1.00  0.00  0.00  0.00  0.00  0.00  0.00  0.00  0.00
  2941                    2.66   1.00  0.00  0.00  0.00  0.00  0.00  0.00  0.00  0.00
  3101                    1.00   0.02  0.00  0.00  0.98  0.00  0.00  0.00  0.00  0.00
  3137                    1.00   1.00  0.00  0.00  0.00  0.00  0.00  0.00  0.00  0.00
  3147                    3.59   0.21  0.00  0.00  0.00  0.79  0.00  0.00  0.00  0.00
  3166                    1.00   0.14  0.00  0.00  0.86  0.00  0.00  0.00  0.06  0.00
  3332                    4.13   1.00  0.00  0.00  0.00  0.00  0.00  0.00  0.00  0.00
  3334                    1.00   1.00  0.00  0.00  0.00  0.00  0.00  0.00  0.00  0.00
  3335                    1.00   0.03  0.00  0.00  0.00  0.00  0.00  0.97  0.00  0.00
  3336                    3.24   1.00  0.00  0.00  0.00  0.00  0.00  0.00  0.00  0.00
  3339                   10.48   1.00  0.00  0.00  0.00  0.00  0.00  0.00  0.00  0.00
  3369                    1.33   0.02  0.98  0.00  0.00  0.00  0.00  0.00  0.00  0.00
  3370                    1.00   0.02  0.00  0.00  0.98  0.00  0.00  0.00  0.00  0.00
  3372                    3.91   1.00  0.00  0.00  0.00  0.00  0.00  0.00  0.00  0.00
  3424                    1.00   0.02  0.00  0.00  0.98  0.00  0.00  0.00  0.00  0.00
  3459                    1.00   1.00  0.00  0.00  0.00  0.00  0.00  0.00  0.00  0.00
  3553                    3.20   1.00  0.00  0.00  0.00  0.00  0.00  0.00  0.00  0.00
  3572                    3.54   1.00  0.00  0.00  0.00  0.00  0.00  0.00  0.00  0.00
  3578                    2.64   0.01  0.00  0.00  0.99  0.00  0.00  0.00  0.01  0.00
  3580                    2.38   1.00  0.00  0.00  0.00  0.00  0.00  0.00  0.00  0.00
  3586                    1.00   1.00  0.00  0.00  0.00  0.00  0.00  0.00  0.00  0.00
  3590                    1.00   1.00  0.00  0.00  0.00  0.00  0.00  0.00  0.00  0.00
  3591                    1.00   1.00  0.00  0.00  0.00  0.00  0.00  0.00  0.00  0.00
  3596                    1.00   1.00  0.00  0.00  0.00  0.00  0.00  0.00  0.00  0.00
  3673                    1.09   1.00  0.00  0.00  0.00  0.00  0.00  0.00  0.00  0.00
  3679                    1.00   0.07  0.00  0.00  0.93  0.00  0.00  0.00  0.93  0.00
  3716                    1.00   0.01  0.00  0.00  0.99  0.00  0.00  0.00  0.99  0.00
  3755                    1.00   1.00  0.00  0.00  0.00  0.00  0.00  0.00  0.00  0.00
  3774                    1.00   0.01  0.00  0.00  0.00  0.99  0.00  0.00  0.99  0.00
  3781                    1.56   0.01  0.00  0.00  0.98  0.00  0.00  0.00  0.98  0.00
  3808                    1.00   0.51  0.00  0.00  0.44  0.00  0.00  0.05  0.02  0.00
  3826                    1.00   0.00  0.00  0.00  1.00  0.00  0.00  0.00  0.49  0.00
  3827                    1.00   0.00  0.08  0.00  0.92  0.00  0.00  0.00  0.92  0.00
  3832                    1.00   1.00  0.00  0.00  0.00  0.00  0.00  0.00  0.00  0.00
  3864                    1.00   1.00  0.00  0.00  0.00  0.00  0.00  0.00  0.00  0.00
  3904                    1.00   1.00  0.00  0.00  0.00  0.00  0.00  0.00  0.00  0.00
  4236                    1.00   1.00  0.00  0.00  0.00  0.00  0.00  0.00  0.00  0.00
  4245                    1.24   1.00  0.00  0.00  0.00  0.00  0.00  0.00  0.00  0.00
  4268                    3.04   1.00  0.00  0.00  0.00  0.00  0.00  0.00  0.00  0.00
  4271                    2.39   1.00  0.00  0.00  0.00  0.00  0.00  0.00  0.00  0.00
  4273                    1.00   0.02  0.00  0.00  0.00  0.98  0.00  0.00  0.00  0.00
  4291                    1.00   0.02  0.00  0.00  0.00  0.98  0.00  0.00  0.97  0.00
  4292                    1.00   0.02  0.00  0.00  0.00  0.00  0.00  0.98  0.00  0.00
  4293                    1.18   1.00  0.00  0.00  0.00  0.00  0.00  0.00  0.00  0.00
  4294                    1.00   0.02  0.00  0.00  0.00  0.98  0.00  0.00  0.95  0.00
  4476                    1.00   0.02  0.00  0.00  0.00  0.00  0.00  0.98  0.00  0.00
  4486                    1.00   1.00  0.00  0.00  0.00  0.00  0.00  0.00  0.00  0.00
  4518                    1.00   0.04  0.00  0.00  0.96  0.00  0.00  0.00  0.00  0.00
  4520                    1.00   1.00  0.00  0.00  0.00  0.00  0.00  0.00  0.00  0.00
  4533                    1.00   1.00  0.00  0.00  0.00  0.00  0.00  0.00  0.00  0.00
  4617                    3.98   1.00  0.00  0.00  0.00  0.00  0.00  0.00  0.00  0.00
  4644                    1.00   0.07  0.00  0.00  0.15  0.78  0.00  0.00  0.93  0.00
  4680                    1.00   0.05  0.00  0.00  0.95  0.00  0.00  0.00  0.00  0.00
  4691                    2.41   1.00  0.00  0.00  0.00  0.00  0.00  0.00  0.00  0.00
  4714                    1.00   0.49  0.01  0.00  0.51  0.00  0.00  0.00  0.00  0.00
  4783                    1.00   0.23  0.10  0.00  0.67  0.00  0.00  0.00  0.00  0.00
  4983                    1.49   0.02  0.00  0.00  0.00  0.98  0.00  0.00  0.00  0.00
  5044                    1.00   0.50  0.00  0.00  0.50  0.00  0.00  0.00  0.28  0.00
  5066                    1.00   1.00  0.00  0.00  0.00  0.00  0.00  0.00  0.00  0.00
  5183                    1.00   0.00  0.00  0.00  0.00  0.00  0.00  1.00  0.00  0.00
  5262                    1.94   1.00  0.00  0.00  0.00  0.00  0.00  0.00  0.00  0.00
  5289                    1.02   1.00  0.00  0.00  0.00  0.00  0.00  0.00  0.00  0.00
  5327                    1.00   0.02  0.00  0.00  0.98  0.00  0.00  0.00  0.98  0.00
  5328                    1.70   1.00  0.00  0.00  0.00  0.00  0.00  0.00  0.00  0.00
  5329                    1.00   0.01  0.00  0.00  0.99  0.00  0.00  0.00  0.00  0.00
  5372                    2.94   1.00  0.00  0.00  0.00  0.00  0.00  0.00  0.00  0.00
  5379                   14.45   1.00  0.00  0.00  0.00  0.00  0.00  0.00  0.00  0.00
  5383                    1.00   1.00  0.00  0.00  0.00  0.00  0.00  0.00  0.00  0.00
  5564                    1.23   0.01  0.00  0.00  0.00  0.99  0.00  0.00  0.99  0.00
  5646                    1.00   1.00  0.00  0.00  0.00  0.00  0.00  0.00  0.00  0.00
  5734                    1.00   1.00  0.00  0.00  0.00  0.00  0.00  0.00  0.00  0.00
  5754                    1.00   1.00  0.00  0.00  0.00  0.00  0.00  0.00  0.00  0.00
  5796                    1.53   1.00  0.00  0.00  0.00  0.00  0.00  0.00  0.00  0.00
  5799                    2.65   1.00  0.00  0.00  0.00  0.00  0.00  0.00  0.00  0.00
  5884                    4.74   1.00  0.00  0.00  0.00  0.00  0.00  0.00  0.00  0.00
  5963                    1.00   0.24  0.00  0.00  0.76  0.00  0.00  0.00  0.05  0.00
  6198                    4.52   0.00  0.00  0.00  0.00  0.00  0.00  1.00  0.00  0.00
  6200                    1.00   0.07  0.93  0.00  0.00  0.00  0.00  0.00  0.00  0.00
  6935                    1.37   1.00  0.00  0.00  0.00  0.00  0.00  0.00  0.00  0.00
  7035                    1.00   0.00  0.00  0.00  0.00  0.00  0.00  1.00  0.00  0.00
  7084                    1.00   0.06  0.00  0.00  0.94  0.00  0.00  0.00  0.94  0.00
  7105                    1.00   1.00  0.00  0.00  0.00  0.00  0.00  0.00  0.00  0.00
  7282                    1.00   1.00  0.00  0.00  0.00  0.00  0.00  0.00  0.00  0.00
  7373                    1.00   1.00  0.00  0.00  0.00  0.00  0.00  0.00  0.00  0.00
  7495                    2.81   1.00  0.00  0.00  0.00  0.00  0.00  0.00  0.00  0.00
  7498                    4.72   1.00  0.00  0.00  0.00  0.00  0.00  0.00  0.00  0.00
  8063                    1.00   0.00  0.00  0.00  1.00  0.00  0.00  0.00  0.00  0.00
  8274                    1.00   1.00  0.00  0.00  0.00  0.00  0.00  0.00  0.00  0.00
  8293                    1.00   1.00  0.00  0.00  0.00  0.00  0.00  0.00  0.00  0.00
  8294                    1.00   1.00  0.00  0.00  0.00  0.00  0.00  0.00  0.00  0.00
  8295                    1.71   1.00  0.00  0.00  0.00  0.00  0.00  0.00  0.00  0.00
  8305                    1.00   0.24  0.08  0.00  0.68  0.00  0.00  0.00  0.00  0.00
  8423                    4.40   1.00  0.00  0.00  0.00  0.00  0.00  0.00  0.00  0.00
  8614                    1.00   0.00  0.00  0.00  0.00  1.00  0.00  0.00  0.00  0.00
  8670                    1.00   0.04  0.00  0.00  0.96  0.00  0.00  0.00  0.00  0.00
  8894                    1.00   0.04  0.00  0.00  0.96  0.00  0.00  0.00  0.00  0.00
  9134                    1.00   1.00  0.00  0.00  0.00  0.00  0.00  0.00  0.00  0.00
  9700                    1.00   0.01  0.01  0.00  0.98  0.00  0.00  0.00  0.00  0.00
  9703                    1.00   0.04  0.00  0.00  0.95  0.00  0.00  0.00  0.00  0.00
  9704                    1.00   0.04  0.00  0.00  0.95  0.00  0.00  0.00  0.00  0.00
  9736                    1.00   1.00  0.00  0.00  0.00  0.00  0.00  0.00  0.00  0.00
  10024                   1.00   1.00  0.00  0.00  0.00  0.00  0.00  0.00  0.00  0.00
  10072                   4.49   0.00  0.00  0.00  0.99  0.00  0.00  0.00  0.00  0.00
  10076                   1.00   0.00  0.00  0.00  0.98  0.00  0.00  0.02  0.00  0.00
  10117                   1.95   1.00  0.00  0.00  0.00  0.00  0.00  0.00  0.00  0.00
  10119                   6.78   1.00  0.00  0.00  0.00  0.00  0.00  0.00  0.00  0.00
  10124                  14.43   0.08  0.06  0.00  0.87  0.00  0.00  0.00  0.00  0.00
  10130                   2.38   1.00  0.00  0.00  0.00  0.00  0.00  0.00  0.00  0.00
  10138                   1.00   0.03  0.02  0.00  0.96  0.00  0.00  0.00  0.00  0.00
  10144                   2.07   0.36  0.04  0.00  0.60  0.00  0.00  0.00  0.00  0.00
  10146                   1.00   0.08  0.00  0.00  0.92  0.00  0.00  0.00  0.02  0.00
  10148                   2.81   0.47  0.53  0.00  0.00  0.00  0.00  0.00  0.00  0.00
  10158                   3.62   0.50  0.50  0.00  0.00  0.00  0.00  0.00  0.00  0.00
  10159                   1.00   1.00  0.00  0.00  0.00  0.00  0.00  0.00  0.00  0.00
  10161                   1.62   1.00  0.00  0.00  0.00  0.00  0.00  0.00  0.00  0.00
  10162                   1.88   1.00  0.00  0.00  0.00  0.00  0.00  0.00  0.00  0.00
  10164                   1.00   0.14  0.00  0.00  0.86  0.00  0.00  0.00  0.01  0.00
  10211                   1.00   0.08  0.00  0.00  0.92  0.00  0.00  0.00  0.16  0.00
  10242                   1.00   0.02  0.00  0.00  0.98  0.00  0.00  0.00  0.02  0.00
  10264                   1.00   0.03  0.00  0.00  0.96  0.00  0.00  0.00  0.00  0.00
  10284                   1.00   1.00  0.00  0.00  0.00  0.00  0.00  0.00  0.00  0.00
  10363                   1.00   1.00  0.00  0.00  0.00  0.00  0.00  0.00  0.00  0.00
  10405                   1.00   1.00  0.00  0.00  0.00  0.00  0.00  0.00  0.00  0.00
  10464                   1.00   1.00  0.00  0.00  0.00  0.00  0.00  0.00  0.00  0.00
  10601                   1.00   0.08  0.00  0.00  0.92  0.00  0.00  0.00  0.00  0.00
  10602                   2.12   1.00  0.00  0.00  0.00  0.00  0.00  0.00  0.00  0.00
  10605                   1.00   1.00  0.00  0.00  0.00  0.00  0.00  0.00  0.00  0.00
  10607                   1.00   0.00  0.00  0.00  1.00  0.00  0.00  0.00  0.01  0.00
  10608                   1.00   1.00  0.00  0.00  0.00  0.00  0.00  0.00  0.00  0.00
  10671                   1.00   1.00  0.00  0.00  0.00  0.00  0.00  0.00  0.00  0.00
  10690                   1.93   0.02  0.00  0.00  0.94  0.00  0.00  0.03  0.00  0.00
  10691                   1.00   0.02  0.00  0.00  0.00  0.94  0.00  0.04  0.94  0.00
  10744                   1.00   0.03  0.00  0.00  0.97  0.00  0.00  0.00  0.97  0.00
  10746                   1.00   0.03  0.00  0.00  0.00  0.97  0.00  0.00  0.97  0.00
  10833                   1.00   0.02  0.00  0.00  0.98  0.00  0.00  0.00  0.00  0.00
  10845                   1.00   0.00  0.00  0.00  0.00  0.00  0.00  1.00  0.00  0.00
  10879                   1.54   1.00  0.00  0.00  0.00  0.00  0.00  0.00  0.00  0.00
  11139                   3.09   0.07  0.93  0.00  0.00  0.00  0.00  0.00  0.00  0.00
  11172                   1.22   1.00  0.00  0.00  0.00  0.00  0.00  0.00  0.00  0.00
  11209                   1.14   1.00  0.00  0.00  0.00  0.00  0.00  0.00  0.00  0.00
  12024                   1.00   1.00  0.00  0.00  0.00  0.00  0.00  0.00  0.00  0.00
  12611                   8.14   0.00  0.00  0.00  1.00  0.00  0.00  0.00  0.00  0.00
  12612                   3.33   1.00  0.00  0.00  0.00  0.00  0.00  0.00  0.00  0.00
  12613                   2.55   1.00  0.00  0.00  0.00  0.00  0.00  0.00  0.00  0.00
  12615                   1.70   1.00  0.00  0.00  0.00  0.00  0.00  0.00  0.00  0.00
  12620                   2.86   0.05  0.95  0.00  0.00  0.00  0.00  0.00  0.00  0.00
  12621                   4.58   1.00  0.00  0.00  0.00  0.00  0.00  0.00  0.00  0.00
  12622                   2.92   1.00  0.00  0.00  0.00  0.00  0.00  0.00  0.00  0.00
  12633                   1.00   1.00  0.00  0.00  0.00  0.00  0.00  0.00  0.00  0.00
  12636                   1.84   1.00  0.00  0.00  0.00  0.00  0.00  0.00  0.00  0.00
  12637                   1.00   1.00  0.00  0.00  0.00  0.00  0.00  0.00  0.00  0.00
  12638                   1.00   1.00  0.00  0.00  0.00  0.00  0.00  0.00  0.00  0.00
  12643                   1.00   1.00  0.00  0.00  0.00  0.00  0.00  0.00  0.00  0.00
  12644                   1.00   1.00  0.00  0.00  0.00  0.00  0.00  0.00  0.00  0.00
  12649                   1.00   1.00  0.00  0.00  0.00  0.00  0.00  0.00  0.00  0.00
  12650                   1.00   0.06  0.00  0.00  0.94  0.00  0.00  0.00  0.00  0.00
  12652                   2.54   0.05  0.00  0.00  0.95  0.00  0.00  0.00  0.00  0.00
  12653                   1.74   1.00  0.00  0.00  0.00  0.00  0.00  0.00  0.00  0.00
  12654                   1.00   0.06  0.00  0.00  0.93  0.00  0.00  0.00  0.93  0.00
  12656                   1.00   0.00  0.00  0.00  1.00  0.00  0.00  0.00  0.00  0.00
  12660                   1.00   0.00  0.00  0.00  1.00  0.00  0.00  0.00  0.21  0.00
  12661                   3.82   1.00  0.00  0.00  0.00  0.00  0.00  0.00  0.00  0.00
  12662                   1.00   1.00  0.00  0.00  0.00  0.00  0.00  0.00  0.00  0.00
  12663                   2.26   1.00  0.00  0.00  0.00  0.00  0.00  0.00  0.00  0.00
  12664                   1.00   0.05  0.00  0.00  0.95  0.00  0.00  0.00  0.15  0.00
  12665                   1.00   0.04  0.01  0.00  0.95  0.00  0.00  0.00  0.00  0.00
  12668                   1.00   0.00  0.00  0.00  0.00  0.00  1.00  0.00  0.00  0.00
  12673                   1.00   0.19  0.81  0.00  0.00  0.00  0.00  0.00  0.00  0.00
  12676                   1.00   1.00  0.00  0.00  0.00  0.00  0.00  0.00  0.00  0.00
  12678                   1.00   0.04  0.00  0.00  0.96  0.00  0.00  0.00  0.36  0.00
  12679                   1.00   0.03  0.00  0.00  0.97  0.00  0.00  0.00  0.00  0.00
  12681                   1.00   0.00  1.00  0.00  0.00  0.00  0.00  0.00  0.00  0.00
  12682                   1.57   1.00  0.00  0.00  0.00  0.00  0.00  0.00  0.00  0.00
  12683                   2.98   1.00  0.00  0.00  0.00  0.00  0.00  0.00  0.00  0.00
  12685                   1.50   1.00  0.00  0.00  0.00  0.00  0.00  0.00  0.00  0.00
  12686                   1.00   1.00  0.00  0.00  0.00  0.00  0.00  0.00  0.00  0.00
  12687                   1.00   1.00  0.00  0.00  0.00  0.00  0.00  0.00  0.00  0.00
  12688                   1.49   1.00  0.00  0.00  0.00  0.00  0.00  0.00  0.00  0.00
  12690                   1.00   0.00  0.00  0.00  1.00  0.00  0.00  0.00  0.00  0.00
  12691                   1.00   1.00  0.00  0.00  0.00  0.00  0.00  0.00  0.00  0.00
  12692                   3.76   1.00  0.00  0.00  0.00  0.00  0.00  0.00  0.00  0.00
  12694                   1.00   0.24  0.00  0.00  0.76  0.00  0.00  0.00  0.02  0.00
  12697                   1.00   0.02  0.00  0.00  0.98  0.00  0.00  0.00  0.00  0.00
  12698                   1.00   1.00  0.00  0.00  0.00  0.00  0.00  0.00  0.00  0.00
  12699                   2.61   1.00  0.00  0.00  0.00  0.00  0.00  0.00  0.00  0.00
  12700                   1.00   1.00  0.00  0.00  0.00  0.00  0.00  0.00  0.00  0.00
  12760                   1.29   0.00  0.00  0.00  0.00  0.00  0.00  1.00  0.00  0.00
  12761                   1.00   0.00  0.00  0.00  1.00  0.00  0.00  0.00  0.00  0.00
  12865                   1.00   0.51  0.00  0.00  0.40  0.00  0.09  0.00  0.00  0.00
  12866                   2.62   0.35  0.02  0.00  0.63  0.00  0.00  0.00  0.00  0.00
  12870                   1.00   0.50  0.00  0.00  0.50  0.00  0.00  0.00  0.00  0.00
  12871                   3.40   1.00  0.00  0.00  0.00  0.00  0.00  0.00  0.00  0.00
  12872                   1.00   1.00  0.00  0.00  0.00  0.00  0.00  0.00  0.00  0.00
  12873                   4.37   0.04  0.00  0.00  0.95  0.00  0.00  0.00  0.00  0.00
  12874                   1.73   0.20  0.01  0.00  0.79  0.00  0.00  0.00  0.00  0.00
  12875                   1.00   0.06  0.21  0.00  0.73  0.00  0.00  0.00  0.00  0.00
  12876                   9.15   0.27  0.00  0.00  0.73  0.00  0.00  0.00  0.01  0.00
  12877                   1.38   1.00  0.00  0.00  0.00  0.00  0.00  0.00  0.00  0.00
  12878                   1.00   1.00  0.00  0.00  0.00  0.00  0.00  0.00  0.00  0.00
  12880                   1.00   1.00  0.00  0.00  0.00  0.00  0.00  0.00  0.00  0.00
  12884                   1.00   0.08  0.00  0.00  0.91  0.00  0.00  0.00  0.00  0.00
  12888                   9.93   1.00  0.00  0.00  0.00  0.00  0.00  0.00  0.00  0.00
  12889                   1.00   1.00  0.00  0.00  0.00  0.00  0.00  0.00  0.00  0.00
  12890                   1.00   1.00  0.00  0.00  0.00  0.00  0.00  0.00  0.00  0.00
  12892                   3.10   1.00  0.00  0.00  0.00  0.00  0.00  0.00  0.00  0.00
  12893                   1.47   1.00  0.00  0.00  0.00  0.00  0.00  0.00  0.00  0.00
  12894                   1.00   1.00  0.00  0.00  0.00  0.00  0.00  0.00  0.00  0.00
  12895                   1.63   1.00  0.00  0.00  0.00  0.00  0.00  0.00  0.00  0.00
  12897                   1.00   0.00  0.00  0.00  1.00  0.00  0.00  0.00  0.00  0.00
  12903                   1.00   1.00  0.00  0.00  0.00  0.00  0.00  0.00  0.00  0.00
  12904                   3.08   1.00  0.00  0.00  0.00  0.00  0.00  0.00  0.00  0.00
  12907                   1.00   0.04  0.00  0.00  0.96  0.00  0.00  0.00  0.00  0.00
  12940                   1.00   0.03  0.00  0.00  0.97  0.00  0.00  0.00  0.00  0.00
  12942                   2.45   1.00  0.00  0.00  0.00  0.00  0.00  0.00  0.00  0.00
  12978                   1.00   0.04  0.00  0.00  0.95  0.00  0.00  0.00  0.00  0.00
  12979                   3.11   1.00  0.00  0.00  0.00  0.00  0.00  0.00  0.00  0.00
  12980                   1.00   0.04  0.00  0.00  0.00  0.00  0.00  0.96  0.00  0.00
  12982                   1.00   0.20  0.00  0.00  0.00  0.00  0.00  0.80  0.00  0.00
  12983                   1.00   0.05  0.00  0.00  0.00  0.00  0.95  0.00  0.00  0.00
  12986                   1.00   1.00  0.00  0.00  0.00  0.00  0.00  0.00  0.00  0.00
  12987                   1.00   1.00  0.00  0.00  0.00  0.00  0.00  0.00  0.00  0.00
  12988                   1.00   1.00  0.00  0.00  0.00  0.00  0.00  0.00  0.00  0.00
  12989                   1.00   1.00  0.00  0.00  0.00  0.00  0.00  0.00  0.00  0.00
  12990                   1.00   1.00  0.00  0.00  0.00  0.00  0.00  0.00  0.00  0.00
  12991                   1.00   1.00  0.00  0.00  0.00  0.00  0.00  0.00  0.00  0.00
  12993                   1.00   0.01  0.00  0.00  0.99  0.00  0.00  0.00  0.01  0.00
  12994                   1.00   0.00  0.00  0.00  0.99  0.00  0.00  0.00  0.00  0.00
  12995                   1.00   0.04  0.00  0.00  0.96  0.00  0.00  0.00  0.00  0.00
  12996                   2.57   0.04  0.00  0.00  0.95  0.00  0.00  0.00  0.02  0.00
  12998                   1.00   0.02  0.00  0.00  0.98  0.00  0.00  0.00  0.01  0.00
  13000                   1.00   0.01  0.00  0.00  0.98  0.00  0.00  0.00  0.00  0.00
  13298                   1.00   0.03  0.00  0.00  0.97  0.00  0.00  0.00  0.05  0.00
  13357                   1.00   0.04  0.03  0.00  0.81  0.12  0.00  0.00  0.27  0.00
  13491                   4.06   0.05  0.95  0.00  0.00  0.00  0.00  0.00  0.00  0.00
  13492                   1.00   0.05  0.00  0.00  0.00  0.00  0.00  0.95  0.00  0.00
  13493                   1.45   0.07  0.00  0.00  0.93  0.00  0.00  0.00  0.00  0.00
  13494                   1.00   0.06  0.00  0.00  0.94  0.00  0.00  0.00  0.94  0.00
  13496                   1.00   1.00  0.00  0.00  0.00  0.00  0.00  0.00  0.00  0.00
  13512                   1.00   0.06  0.00  0.00  0.94  0.00  0.00  0.00  0.00  0.00
  13513                   2.37   0.14  0.00  0.00  0.85  0.00  0.00  0.00  0.00  0.00
  13524                   1.03   1.00  0.00  0.00  0.00  0.00  0.00  0.00  0.00  0.00
  13525                   1.00   0.06  0.00  0.00  0.94  0.00  0.00  0.00  0.00  0.00
  13560                   1.00   1.00  0.00  0.00  0.00  0.00  0.00  0.00  0.00  0.00
  13562                   1.91   1.00  0.00  0.00  0.00  0.00  0.00  0.00  0.00  0.00
  13569                   1.00   0.40  0.00  0.00  0.60  0.00  0.00  0.00  0.00  0.00
  13643                   3.79   1.00  0.00  0.00  0.00  0.00  0.00  0.00  0.00  0.00
  13801                   1.00   0.07  0.00  0.00  0.00  0.93  0.00  0.00  0.00  0.00
  13802                   2.29   0.17  0.01  0.00  0.82  0.00  0.00  0.00  0.00  0.00
  13820                   1.00   0.03  0.00  0.00  0.97  0.00  0.00  0.00  0.80  0.00
  13821                   5.79   1.00  0.00  0.00  0.00  0.00  0.00  0.00  0.00  0.00
  13936                   2.52   1.00  0.00  0.00  0.00  0.00  0.00  0.00  0.00  0.00
  13937                   1.00   1.00  0.00  0.00  0.00  0.00  0.00  0.00  0.00  0.00
  14073                   1.00   1.00  0.00  0.00  0.00  0.00  0.00  0.00  0.00  0.00
  14080                   1.00   0.02  0.00  0.00  0.98  0.00  0.00  0.00  0.00  0.00
  14101                   1.00   0.00  0.00  0.00  1.00  0.00  0.00  0.00  0.08  0.00
  14137                   1.00   0.01  0.00  0.00  0.99  0.00  0.00  0.00  0.00  0.00
  14141                   1.00   0.01  0.00  0.00  0.99  0.00  0.00  0.00  0.00  0.00
  14208                   1.00   1.00  0.00  0.00  0.00  0.00  0.00  0.00  0.00  0.00
  14270                   1.00   0.02  0.00  0.00  0.00  0.98  0.00  0.00  0.98  0.00
  14272                   1.00   0.02  0.00  0.00  0.00  0.00  0.00  0.98  0.00  0.00
  14472                   1.00   0.21  0.00  0.00  0.79  0.00  0.00  0.00  0.00  0.00
  14475                   2.39   1.00  0.00  0.00  0.00  0.00  0.00  0.00  0.00  0.00
  14478                   1.00   0.07  0.00  0.00  0.93  0.00  0.00  0.00  0.00  0.00
  14574                   1.00   0.02  0.00  0.00  0.98  0.00  0.00  0.00  0.98  0.00
  14707                   1.00   1.00  0.00  0.00  0.00  0.00  0.00  0.00  0.00  0.00
  14739                   1.00   0.17  0.07  0.00  0.76  0.00  0.00  0.00  0.00  0.00
  14745                   1.00   1.00  0.00  0.00  0.00  0.00  0.00  0.00  0.00  0.00
  14749                   1.00   0.02  0.00  0.00  0.98  0.00  0.00  0.00  0.00  0.00
  14765                   1.00   0.00  0.00  0.00  0.00  0.00  0.00  1.00  0.00  0.00
  14950                   4.57   1.00  0.00  0.00  0.00  0.00  0.00  0.00  0.00  0.00
  15152                   1.00   1.00  0.00  0.00  0.00  0.00  0.00  0.00  0.00  0.00
  15171                   1.00   0.01  0.00  0.00  0.99  0.00  0.00  0.01  0.00  0.00
  15187                   1.00   1.00  0.00  0.00  0.00  0.00  0.00  0.00  0.00  0.00
  15242                   1.00   0.22  0.00  0.00  0.00  0.78  0.00  0.00  0.00  0.00
  15277                   1.00   0.00  0.00  0.00  1.00  0.00  0.00  0.00  0.00  0.00
  15281                   1.00   0.06  0.00  0.00  0.00  0.94  0.00  0.00  0.93  0.00
  15332                   1.00   0.03  0.00  0.00  0.00  0.97  0.00  0.00  0.97  0.00
  15333                   1.64   1.00  0.00  0.00  0.00  0.00  0.00  0.00  0.00  0.00
  15362                   1.00   0.01  0.00  0.00  0.99  0.00  0.00  0.00  0.00  0.00
  15806                   1.00   0.04  0.00  0.00  0.96  0.00  0.00  0.00  0.04  0.00
  16419                   1.00   0.02  0.00  0.00  0.98  0.00  0.00  0.00  0.59  0.00
  16476                   1.00   1.00  0.00  0.00  0.00  0.00  0.00  0.00  0.00  0.00
  16575                   1.45   1.00  0.00  0.00  0.00  0.00  0.00  0.00  0.00  0.00
  16654                   1.00   0.02  0.00  0.00  0.98  0.00  0.00  0.00  0.21  0.00
  16672                   1.00   0.50  0.00  0.00  0.50  0.00  0.00  0.00  0.00  0.00
  16865                   1.00   1.00  0.00  0.00  0.00  0.00  0.00  0.00  0.00  0.00
  16887                   1.35   1.00  0.00  0.00  0.00  0.00  0.00  0.00  0.00  0.00
  16908                   1.00   1.00  0.00  0.00  0.00  0.00  0.00  0.00  0.00  0.00
  16909                   2.57   1.00  0.00  0.00  0.00  0.00  0.00  0.00  0.00  0.00
  17523                   1.85   1.00  0.00  0.00  0.00  0.00  0.00  0.00  0.00  0.00
  17571                   1.00   0.03  0.00  0.00  0.97  0.00  0.00  0.00  0.33  0.00
  17580                   4.21   0.11  0.08  0.00  0.81  0.00  0.00  0.00  0.00  0.00
  17703                   1.00   1.00  0.00  0.00  0.00  0.00  0.00  0.00  0.00  0.00
  17714                   1.00   0.00  0.00  0.00  1.00  0.00  0.00  0.00  0.00  0.00
  17715                   3.01   0.00  0.00  0.00  0.97  0.03  0.00  0.00  0.03  0.00
  17766                   1.00   1.00  0.00  0.00  0.00  0.00  0.00  0.00  0.00  0.00
  17896                   1.00   0.07  0.00  0.00  0.93  0.00  0.00  0.00  0.93  0.00
  17908                   1.00   0.00  0.00  0.00  0.00  0.00  1.00  0.00  0.00  0.00
  17926                   1.00   1.00  0.00  0.00  0.00  0.00  0.00  0.00  0.00  0.00
  17953                   2.49   0.00  0.00  0.00  1.00  0.00  0.00  0.00  0.00  0.00
  18020                   5.37   1.00  0.00  0.00  0.00  0.00  0.00  0.00  0.00  0.00
  18084                   1.00   1.00  0.00  0.00  0.00  0.00  0.00  0.00  0.00  0.00
  18113                   1.00   1.00  0.00  0.00  0.00  0.00  0.00  0.00  0.00  0.00
  18330                   1.88   1.00  0.00  0.00  0.00  0.00  0.00  0.00  0.00  0.00
  18338                   1.00   0.04  0.00  0.00  0.96  0.00  0.00  0.00  0.33  0.00
  18383                   1.00   1.00  0.00  0.00  0.00  0.00  0.00  0.00  0.00  0.00
  18387                   2.06   0.14  0.02  0.00  0.84  0.00  0.00  0.00  0.00  0.00
  18389                   1.00   1.00  0.00  0.00  0.00  0.00  0.00  0.00  0.00  0.00
  18423                   2.88   1.00  0.00  0.00  0.00  0.00  0.00  0.00  0.00  0.00
  18530                   1.00   0.04  0.00  0.00  0.96  0.00  0.00  0.00  0.46  0.00
  19043                   1.00   1.00  0.00  0.00  0.00  0.00  0.00  0.00  0.00  0.00
  19132                   1.00   0.00  0.00  0.00  1.00  0.00  0.00  0.00  0.02  0.00
  19193                   1.00   0.08  0.00  0.00  0.92  0.00  0.00  0.00  0.04  0.00
  19227                   1.00   0.00  0.00  0.00  0.98  0.00  0.00  0.02  0.00  0.00
  19440                   1.45   1.00  0.00  0.00  0.00  0.00  0.00  0.00  0.00  0.00
  19717                   9.25   0.01  0.00  0.00  0.99  0.00  0.00  0.00  0.00  0.00
  19838                   1.00   0.01  0.00  0.00  0.99  0.00  0.00  0.01  0.00  0.00
  19850                   9.21   0.01  0.00  0.00  0.99  0.00  0.00  0.00  0.00  0.00
  19910                   1.97   1.00  0.00  0.00  0.00  0.00  0.00  0.00  0.00  0.00
  20466                   1.00   1.00  0.00  0.00  0.00  0.00  0.00  0.00  0.00  0.00
  20474                   1.00   0.00  0.00  0.00  1.00  0.00  0.00  0.00  1.00  0.00
  20518                   1.00   0.04  0.00  0.00  0.96  0.00  0.00  0.00  0.96  0.00
  20519                   2.06   1.00  0.00  0.00  0.00  0.00  0.00  0.00  0.00  0.00
  20520                   1.00   0.04  0.00  0.00  0.96  0.00  0.00  0.00  0.96  0.00
  20521                   3.41   1.00  0.00  0.00  0.00  0.00  0.00  0.00  0.00  0.00
  20529                   3.05   1.00  0.00  0.00  0.00  0.00  0.00  0.00  0.00  0.00
  20530                   1.00   0.03  0.00  0.00  0.97  0.00  0.00  0.00  0.00  0.00
  20531                   1.00   0.03  0.00  0.00  0.96  0.00  0.00  0.00  0.96  0.00
  20532                   1.00   0.05  0.00  0.00  0.00  0.95  0.00  0.00  0.00  0.00
  20534                   1.00   0.04  0.00  0.00  0.96  0.00  0.00  0.00  0.00  0.00
  20535                   4.15   1.00  0.00  0.00  0.00  0.00  0.00  0.00  0.00  0.00
  20536                   3.80   1.00  0.00  0.00  0.00  0.00  0.00  0.00  0.00  0.00
  20538                   1.00   0.04  0.00  0.00  0.00  0.00  0.00  0.96  0.00  0.00
  20539                   1.00   0.04  0.00  0.00  0.00  0.00  0.00  0.96  0.00  0.00
  20540                   4.60   1.00  0.00  0.00  0.00  0.00  0.00  0.00  0.00  0.00
  20541                   4.88   1.00  0.00  0.00  0.00  0.00  0.00  0.00  0.00  0.00
  20542                   3.48   1.00  0.00  0.00  0.00  0.00  0.00  0.00  0.00  0.00
  20543                   1.00   0.03  0.00  0.00  0.00  0.00  0.00  0.97  0.00  0.00
  20544                   1.00   1.00  0.00  0.00  0.00  0.00  0.00  0.00  0.00  0.00
  20545                   1.00   0.03  0.00  0.00  0.00  0.00  0.00  0.97  0.00  0.00
  20546                   5.52   0.03  0.97  0.00  0.00  0.00  0.00  0.00  0.00  0.00
  20547                   2.72   1.00  0.00  0.00  0.00  0.00  0.00  0.00  0.00  0.00
  20548                   1.00   0.03  0.00  0.00  0.97  0.00  0.00  0.00  0.00  0.00
  20549                   1.00   0.03  0.00  0.00  0.00  0.97  0.00  0.00  0.00  0.00
  20550                   1.00   0.03  0.00  0.00  0.97  0.00  0.00  0.00  0.00  0.00
  20560                   1.00   0.04  0.00  0.00  0.95  0.00  0.00  0.00  0.00  0.00
  20569                   1.00   0.04  0.00  0.00  0.95  0.01  0.00  0.00  0.95  0.00
  20570                   1.00   0.04  0.00  0.00  0.00  0.00  0.96  0.00  0.00  0.00
  20571                   1.00   0.05  0.00  0.00  0.95  0.00  0.00  0.00  0.00  0.00
  20573                   1.00   0.05  0.00  0.00  0.95  0.00  0.00  0.00  0.00  0.00
  20577                   3.53   0.03  0.00  0.00  0.97  0.00  0.00  0.00  0.00  0.00
  20578                   1.00   0.07  0.00  0.00  0.62  0.02  0.00  0.29  0.64  0.00
  20579                   1.00   0.07  0.00  0.00  0.00  0.00  0.00  0.93  0.00  0.00
  20582                   1.12   1.00  0.00  0.00  0.00  0.00  0.00  0.00  0.00  0.00
  20584                   1.00   0.06  0.00  0.00  0.94  0.00  0.00  0.00  0.94  0.00
  20592                   6.08   0.02  0.02  0.00  0.96  0.00  0.00  0.00  0.00  0.00
  20594                   1.00   0.02  0.01  0.00  0.97  0.00  0.00  0.00  0.00  0.00
  20605                   1.00   0.05  0.00  0.00  0.00  0.00  0.00  0.95  0.00  0.00
  20606                   1.00   0.05  0.00  0.00  0.95  0.00  0.00  0.00  0.00  0.00
  20609                   3.04   1.00  0.00  0.00  0.00  0.00  0.00  0.00  0.00  0.00
  20611                   1.00   0.07  0.00  0.00  0.00  0.00  0.00  0.93  0.00  0.00
  20613                   1.00   0.07  0.00  0.00  0.93  0.00  0.00  0.00  0.93  0.00
  20615                   1.00   0.07  0.00  0.00  0.00  0.93  0.00  0.00  0.93  0.00
  20616                   1.00   0.07  0.00  0.00  0.00  0.93  0.00  0.00  0.00  0.00
  20618                   1.00   0.07  0.00  0.00  0.93  0.00  0.00  0.00  0.93  0.00
  20619                   1.00   0.06  0.00  0.00  0.94  0.00  0.00  0.00  0.94  0.00
  20622                   1.00   0.04  0.00  0.00  0.96  0.00  0.00  0.00  0.00  0.00
  20623                   1.00   0.06  0.00  0.00  0.00  0.94  0.00  0.00  0.94  0.00
  20624                   1.00   0.05  0.00  0.00  0.95  0.00  0.00  0.00  0.00  0.00
  20627                   1.38   0.05  0.00  0.00  0.95  0.00  0.00  0.00  0.00  0.00
  20628                   1.00   0.05  0.00  0.00  0.95  0.00  0.00  0.00  0.94  0.00
  20636                   1.12   1.00  0.00  0.00  0.00  0.00  0.00  0.00  0.00  0.00
  20637                   1.00   0.04  0.00  0.00  0.96  0.00  0.00  0.00  0.00  0.00
  20638                   1.00   0.04  0.00  0.00  0.96  0.01  0.00  0.00  0.00  0.00
  20639                   1.00   0.03  0.01  0.00  0.95  0.00  0.01  0.00  0.00  0.00
  20640                   2.99   0.03  0.17  0.00  0.80  0.00  0.00  0.00  0.00  0.00
  20641                   1.00   1.00  0.00  0.00  0.00  0.00  0.00  0.00  0.00  0.00
  20643                   1.89   1.00  0.00  0.00  0.00  0.00  0.00  0.00  0.00  0.00
  20644                   2.31   1.00  0.00  0.00  0.00  0.00  0.00  0.00  0.00  0.00
  20645                   1.00   1.00  0.00  0.00  0.00  0.00  0.00  0.00  0.00  0.00
  20646                   1.62   1.00  0.00  0.00  0.00  0.00  0.00  0.00  0.00  0.00
  20647                   1.00   0.01  0.00  0.00  0.99  0.00  0.00  0.00  0.00  0.00
  20648                   1.00   0.01  0.00  0.00  0.99  0.00  0.00  0.00  0.00  0.00
  20655                   5.12   1.00  0.00  0.00  0.00  0.00  0.00  0.00  0.00  0.00
  20683                   1.00   1.00  0.00  0.00  0.00  0.00  0.00  0.00  0.00  0.00
  20777                   1.00   0.07  0.00  0.00  0.93  0.00  0.00  0.00  0.93  0.00
  20821                   1.00   1.00  0.00  0.00  0.00  0.00  0.00  0.00  0.00  0.00
  20913                   1.00   1.00  0.00  0.00  0.00  0.00  0.00  0.00  0.00  0.00
  20942                   1.00   0.00  0.01  0.00  0.99  0.00  0.00  0.00  0.00  0.00
  20944                   1.71   1.00  0.00  0.00  0.00  0.00  0.00  0.00  0.00  0.00
  20945                   1.00   0.01  0.00  0.00  0.00  0.99  0.00  0.00  0.57  0.00
  20946                   1.00   0.17  0.00  0.00  0.83  0.00  0.00  0.00  0.00  0.00
  20953                   1.00   0.50  0.00  0.00  0.00  0.50  0.00  0.00  0.00  0.00
  20954                   1.00   1.00  0.00  0.00  0.00  0.00  0.00  0.00  0.00  0.00
  20956                   1.00   0.20  0.01  0.00  0.79  0.00  0.00  0.00  0.00  0.00
  20962                   1.00   0.49  0.00  0.00  0.51  0.00  0.00  0.01  0.51  0.00
  20992                   1.00   1.00  0.00  0.00  0.00  0.00  0.00  0.00  0.00  0.00
  20993                   2.01   1.00  0.00  0.00  0.00  0.00  0.00  0.00  0.00  0.00
  21040                   1.14   0.49  0.00  0.00  0.00  0.51  0.00  0.00  0.50  0.00
  21712                   1.00   0.03  0.00  0.00  0.97  0.00  0.00  0.00  0.13  0.00
  21714                   2.61   0.06  0.00  0.00  0.94  0.00  0.00  0.00  0.00  0.00
  21715                   2.51   1.00  0.00  0.00  0.00  0.00  0.00  0.00  0.00  0.00
  21742                   1.00   0.03  0.00  0.00  0.97  0.00  0.00  0.00  0.35  0.00
  21744                   1.00   0.03  0.00  0.00  0.97  0.00  0.00  0.00  0.39  0.00
  21746                   1.32   1.00  0.00  0.00  0.00  0.00  0.00  0.00  0.00  0.00
  21747                   1.00   1.00  0.00  0.00  0.00  0.00  0.00  0.00  0.00  0.00
  21748                   1.00   1.00  0.00  0.00  0.00  0.00  0.00  0.00  0.00  0.00
  21749                   3.60   1.00  0.00  0.00  0.00  0.00  0.00  0.00  0.00  0.00
  21750                   3.89   1.00  0.00  0.00  0.00  0.00  0.00  0.00  0.00  0.00
  21754                   1.00   1.00  0.00  0.00  0.00  0.00  0.00  0.00  0.00  0.00
  21757                   1.00   0.03  0.00  0.00  0.97  0.00  0.00  0.00  0.05  0.00
  21759                   1.00   1.00  0.00  0.00  0.00  0.00  0.00  0.00  0.00  0.00
  21760                   1.00   0.00  0.00  0.00  1.00  0.00  0.00  0.00  0.00  0.00
  21762                   1.00   0.02  0.00  0.00  0.98  0.00  0.00  0.00  0.00  0.00
  21763                   2.51   1.00  0.00  0.00  0.00  0.00  0.00  0.00  0.00  0.00
  21764                   3.13   1.00  0.00  0.00  0.00  0.00  0.00  0.00  0.00  0.00
  21765                   2.65   1.00  0.00  0.00  0.00  0.00  0.00  0.00  0.00  0.00
  21766                   1.00   1.00  0.00  0.00  0.00  0.00  0.00  0.00  0.00  0.00
  21767                   4.14   1.00  0.00  0.00  0.00  0.00  0.00  0.00  0.00  0.00
  21769                   1.00   0.02  0.00  0.00  0.98  0.00  0.00  0.00  0.00  0.00
  21770                   1.00   1.00  0.00  0.00  0.00  0.00  0.00  0.00  0.00  0.00
  21771                   1.00   0.02  0.00  0.00  0.98  0.00  0.00  0.00  0.05  0.00
  21772                   1.39   1.00  0.00  0.00  0.00  0.00  0.00  0.00  0.00  0.00
  21773                   1.00   1.00  0.00  0.00  0.00  0.00  0.00  0.00  0.00  0.00
  21774                   1.00   1.00  0.00  0.00  0.00  0.00  0.00  0.00  0.00  0.00
  21778                   1.32   1.00  0.00  0.00  0.00  0.00  0.00  0.00  0.00  0.00
  21780                   5.74   1.00  0.00  0.00  0.00  0.00  0.00  0.00  0.00  0.00
  21781                   1.00   1.00  0.00  0.00  0.00  0.00  0.00  0.00  0.00  0.00
  21784                   1.00   1.00  0.00  0.00  0.00  0.00  0.00  0.00  0.00  0.00
  21786                   3.01   1.00  0.00  0.00  0.00  0.00  0.00  0.00  0.00  0.00
  21787                   1.00   1.00  0.00  0.00  0.00  0.00  0.00  0.00  0.00  0.00
  21788                   1.00   0.02  0.00  0.00  0.98  0.00  0.00  0.00  0.18  0.00
  21789                   1.00   0.05  0.00  0.00  0.94  0.00  0.00  0.00  0.00  0.00
  21792                   1.00   0.01  0.00  0.00  0.99  0.00  0.00  0.00  0.01  0.00
  21793                   1.69   1.00  0.00  0.00  0.00  0.00  0.00  0.00  0.00  0.00
  21796                   1.00   0.01  0.00  0.00  0.99  0.00  0.00  0.00  0.17  0.00
  21799                   1.00   1.00  0.00  0.00  0.00  0.00  0.00  0.00  0.00  0.00
  21800                   2.55   0.19  0.81  0.00  0.00  0.00  0.00  0.00  0.00  0.00
  21803                   1.00   0.01  0.00  0.00  0.99  0.00  0.00  0.00  0.30  0.00
  21805                   1.00   0.01  0.00  0.00  0.99  0.00  0.00  0.00  0.06  0.00
  21806                   1.00   0.02  0.00  0.00  0.98  0.00  0.00  0.00  0.01  0.00
  21812                   1.65   1.00  0.00  0.00  0.00  0.00  0.00  0.00  0.00  0.00
  21814                   1.00   1.00  0.00  0.00  0.00  0.00  0.00  0.00  0.00  0.00
  21815                   1.00   0.00  0.00  0.00  1.00  0.00  0.00  0.00  0.97  0.00
  21817                   2.10   1.00  0.00  0.00  0.00  0.00  0.00  0.00  0.00  0.00
  21820                   1.00   1.00  0.00  0.00  0.00  0.00  0.00  0.00  0.00  0.00
  21821                   1.36   1.00  0.00  0.00  0.00  0.00  0.00  0.00  0.00  0.00
  21822                   1.00   0.00  0.00  0.00  1.00  0.00  0.00  0.00  0.06  0.00
  21823                   1.00   0.00  0.00  0.00  1.00  0.00  0.00  0.00  0.01  0.00
  21824                   1.00   1.00  0.00  0.00  0.00  0.00  0.00  0.00  0.00  0.00
  21826                   1.00   0.05  0.00  0.00  0.93  0.00  0.00  0.01  0.00  0.00
  21827                   1.00   0.18  0.01  0.00  0.81  0.00  0.01  0.00  0.00  0.00
  21828                   1.00   0.05  0.00  0.00  0.82  0.00  0.12  0.00  0.00  0.00
  21829                   1.00   0.00  0.00  0.00  1.00  0.00  0.00  0.00  1.00  0.00
  21830                   2.20   0.01  0.00  0.00  0.99  0.00  0.00  0.00  0.99  0.00
  21832                   1.00   0.18  0.00  0.00  0.82  0.00  0.00  0.00  0.00  0.00
  21833                   1.00   0.19  0.00  0.00  0.81  0.00  0.00  0.00  0.00  0.00
  21835                   1.00   1.00  0.00  0.00  0.00  0.00  0.00  0.00  0.00  0.00
  21836                   1.00   1.00  0.00  0.00  0.00  0.00  0.00  0.00  0.00  0.00
  21838                   1.00   1.00  0.00  0.00  0.00  0.00  0.00  0.00  0.00  0.00
  21839                   1.00   1.00  0.00  0.00  0.00  0.00  0.00  0.00  0.00  0.00
  21840                   1.00   1.00  0.00  0.00  0.00  0.00  0.00  0.00  0.00  0.00
  21841                   4.27   1.00  0.00  0.00  0.00  0.00  0.00  0.00  0.00  0.00
  21844                   1.00   1.00  0.00  0.00  0.00  0.00  0.00  0.00  0.00  0.00
  21845                   1.00   0.02  0.00  0.00  0.00  0.98  0.00  0.00  0.00  0.00
  21846                   1.00   0.01  0.00  0.00  0.99  0.00  0.00  0.00  0.00  0.00
  21847                   1.00   0.01  0.00  0.00  0.99  0.00  0.00  0.00  0.99  0.00
  21848                   1.70   0.01  0.00  0.00  0.98  0.00  0.00  0.00  0.01  0.00
  21851                   2.79   1.00  0.00  0.00  0.00  0.00  0.00  0.00  0.00  0.00
  21852                   1.00   1.00  0.00  0.00  0.00  0.00  0.00  0.00  0.00  0.00
  21854                   1.00   0.01  0.00  0.00  0.00  0.99  0.00  0.00  0.00  0.00
  21858                   1.00   0.24  0.25  0.00  0.00  0.00  0.50  0.00  0.00  0.00
  21859                   7.94   0.24  0.00  0.00  0.70  0.06  0.00  0.00  0.76  0.00
  21862                   1.00   0.02  0.00  0.00  0.00  0.00  0.00  0.98  0.00  0.00
  21864                   8.06   0.02  0.98  0.00  0.00  0.00  0.00  0.00  0.00  0.00
  21866                   3.80   0.01  0.00  0.00  0.98  0.00  0.00  0.00  0.00  0.00
  22116                   2.31   1.00  0.00  0.00  0.00  0.00  0.00  0.00  0.00  0.00
  22117                   2.28   1.00  0.00  0.00  0.00  0.00  0.00  0.00  0.00  0.00
  22282                   2.05   1.00  0.00  0.00  0.00  0.00  0.00  0.00  0.00  0.00
  22575                   1.12   1.00  0.00  0.00  0.00  0.00  0.00  0.00  0.00  0.00
  22576                   3.43   1.00  0.00  0.00  0.00  0.00  0.00  0.00  0.00  0.00
  22580                   1.10   0.89  0.11  0.00  0.00  0.00  0.00  0.00  0.00  0.00
  22581                   5.28   1.00  0.00  0.00  0.00  0.00  0.00  0.00  0.00  0.00
  22582                   1.00   0.08  0.00  0.00  0.92  0.00  0.00  0.00  0.90  0.00
  22583                   1.00   1.00  0.00  0.00  0.00  0.00  0.00  0.00  0.00  0.00
  22585                   2.91   1.00  0.00  0.00  0.00  0.00  0.00  0.00  0.00  0.00
  22586                   1.00   0.23  0.02  0.00  0.75  0.00  0.00  0.00  0.00  0.00
  22587                   2.28   0.08  0.00  0.00  0.92  0.00  0.00  0.00  0.00  0.00
  22588                   3.83   0.06  0.00  0.00  0.94  0.00  0.00  0.00  0.00  0.00
  22589                   1.00   0.08  0.00  0.00  0.92  0.00  0.00  0.00  0.09  0.00
  22590                   1.71   0.05  0.02  0.00  0.93  0.00  0.00  0.00  0.00  0.00
  22591                   1.55   0.44  0.01  0.00  0.56  0.00  0.00  0.00  0.00  0.00
  22592                   2.67   0.44  0.56  0.00  0.00  0.00  0.00  0.00  0.00  0.00
  22596                   1.00   0.50  0.00  0.00  0.50  0.00  0.00  0.00  0.50  0.00
  22597                   1.00   1.00  0.00  0.00  0.00  0.00  0.00  0.00  0.00  0.00
  22598                   2.07   1.00  0.00  0.00  0.00  0.00  0.00  0.00  0.00  0.00
  22599                   5.00   1.00  0.00  0.00  0.00  0.00  0.00  0.00  0.00  0.00
  22601                   1.00   1.00  0.00  0.00  0.00  0.00  0.00  0.00  0.00  0.00
  22605                   1.00   0.50  0.00  0.00  0.44  0.00  0.00  0.07  0.01  0.00
  22606                   1.62   0.56  0.00  0.00  0.43  0.00  0.00  0.00  0.00  0.00
  22607                   1.00   0.50  0.00  0.00  0.50  0.00  0.00  0.00  0.00  0.00
  22608                   3.65   1.00  0.00  0.00  0.00  0.00  0.00  0.00  0.00  0.00
  22609                   2.36   1.00  0.00  0.00  0.00  0.00  0.00  0.00  0.00  0.00
  22611                   1.00   0.50  0.49  0.00  0.01  0.00  0.00  0.00  0.00  0.00
  22612                   1.00   0.27  0.01  0.00  0.72  0.00  0.00  0.00  0.00  0.00
  22613                   1.53   1.00  0.00  0.00  0.00  0.00  0.00  0.00  0.00  0.00
  22614                   2.05   0.05  0.01  0.00  0.95  0.00  0.00  0.00  0.00  0.00
  22616                   1.00   0.00  0.00  0.00  1.00  0.00  0.00  0.00  0.01  0.00
  22617                   2.42   1.00  0.00  0.00  0.00  0.00  0.00  0.00  0.00  0.00
  22618                   1.00   1.00  0.00  0.00  0.00  0.00  0.00  0.00  0.00  0.00
  22621                   3.88   1.00  0.00  0.00  0.00  0.00  0.00  0.00  0.00  0.00
  22640                   1.00   1.00  0.00  0.00  0.00  0.00  0.00  0.00  0.00  0.00
  22643                   1.00   1.00  0.00  0.00  0.00  0.00  0.00  0.00  0.00  0.00
  22653                   1.18   1.00  0.00  0.00  0.00  0.00  0.00  0.00  0.00  0.00
  22654                   3.32   0.46  0.54  0.00  0.00  0.00  0.00  0.00  0.00  0.00
  22656                   1.00   1.00  0.00  0.00  0.00  0.00  0.00  0.00  0.00  0.00
  22658                   1.00   1.00  0.00  0.00  0.00  0.00  0.00  0.00  0.00  0.00
  22659                   1.00   1.00  0.00  0.00  0.00  0.00  0.00  0.00  0.00  0.00
  22660                   1.00   0.00  0.00  0.00  1.00  0.00  0.00  0.00  0.03  0.00
  22789                   2.57   1.00  0.00  0.00  0.00  0.00  0.00  0.00  0.00  0.00
  22790                   2.14   1.00  0.00  0.00  0.00  0.00  0.00  0.00  0.00  0.00
  22794                   3.11   1.00  0.00  0.00  0.00  0.00  0.00  0.00  0.00  0.00
  22795                   5.93   1.00  0.00  0.00  0.00  0.00  0.00  0.00  0.00  0.00
  22796                   5.43   1.00  0.00  0.00  0.00  0.00  0.00  0.00  0.00  0.00
  22797                   1.97   1.00  0.00  0.00  0.00  0.00  0.00  0.00  0.00  0.00
  22798                   1.00   0.03  0.00  0.00  0.00  0.00  0.97  0.00  0.00  0.00
  22799                   1.00   0.03  0.00  0.00  0.97  0.00  0.00  0.00  0.00  0.00
  22800                   4.17   1.00  0.00  0.00  0.00  0.00  0.00  0.00  0.00  0.00
  22801                   6.24   1.00  0.00  0.00  0.00  0.00  0.00  0.00  0.00  0.00
  22802                   1.00   1.00  0.00  0.00  0.00  0.00  0.00  0.00  0.00  0.00
  22804                   1.00   1.00  0.00  0.00  0.00  0.00  0.00  0.00  0.00  0.00
  22805                   1.00   1.00  0.00  0.00  0.00  0.00  0.00  0.00  0.00  0.00
  22810                   6.19   1.00  0.00  0.00  0.00  0.00  0.00  0.00  0.00  0.00
  22811                   1.00   1.00  0.00  0.00  0.00  0.00  0.00  0.00  0.00  0.00
  22812                   1.00   1.00  0.00  0.00  0.00  0.00  0.00  0.00  0.00  0.00
  22818                   3.41   1.00  0.00  0.00  0.00  0.00  0.00  0.00  0.00  0.00
  22819                   5.37   0.03  0.97  0.00  0.00  0.00  0.00  0.00  0.00  0.00
  22827                   2.60   1.00  0.00  0.00  0.00  0.00  0.00  0.00  0.00  0.00
  22837                   1.00   1.00  0.00  0.00  0.00  0.00  0.00  0.00  0.00  0.00
  22839                   2.92   1.00  0.00  0.00  0.00  0.00  0.00  0.00  0.00  0.00
  22840                   1.00   1.00  0.00  0.00  0.00  0.00  0.00  0.00  0.00  0.00
  22850                   1.00   1.00  0.00  0.00  0.00  0.00  0.00  0.00  0.00  0.00
  22852                   1.00   1.00  0.00  0.00  0.00  0.00  0.00  0.00  0.00  0.00
  22865                   1.00   1.00  0.00  0.00  0.00  0.00  0.00  0.00  0.00  0.00
  22866                   1.00   1.00  0.00  0.00  0.00  0.00  0.00  0.00  0.00  0.00
  23050                   1.00   0.02  0.00  0.00  0.97  0.00  0.00  0.00  0.98  0.00
  23053                   1.00   0.02  0.00  0.00  0.98  0.00  0.00  0.00  0.00  0.00
  23054                   1.00   0.02  0.00  0.00  0.98  0.00  0.00  0.00  0.98  0.00
  23059                   1.00   0.02  0.00  0.00  0.98  0.00  0.00  0.00  0.98  0.00
  23060                   1.00   0.01  0.00  0.00  0.98  0.00  0.00  0.00  0.00  0.00
  23062                   1.00   0.01  0.00  0.00  0.00  0.98  0.00  0.00  0.98  0.00
  23063                   1.00   0.01  0.00  0.00  0.00  0.00  0.99  0.00  0.00  0.00
  23064                   1.39   0.21  0.00  0.00  0.79  0.00  0.00  0.00  0.00  0.00
  23066                   1.00   0.20  0.00  0.00  0.00  0.00  0.00  0.80  0.00  0.00
  23071                   2.45   1.00  0.00  0.00  0.00  0.00  0.00  0.00  0.00  0.00
  23073                   1.00   0.02  0.00  0.00  0.00  0.98  0.00  0.00  0.98  0.00
  23075                   1.00   0.02  0.00  0.00  0.98  0.00  0.00  0.00  0.00  0.00
  23077                   1.00   0.05  0.00  0.00  0.93  0.00  0.00  0.02  0.02  0.00
  23078                   1.00   0.05  0.00  0.00  0.95  0.00  0.00  0.00  0.00  0.00
  23079                   1.00   0.21  0.00  0.00  0.79  0.00  0.00  0.00  0.79  0.00
  23081                   1.00   1.00  0.00  0.00  0.00  0.00  0.00  0.00  0.00  0.00
  23082                   5.75   0.01  0.01  0.00  0.98  0.00  0.00  0.00  0.00  0.00
  23083                   2.48   0.02  0.00  0.00  0.98  0.00  0.00  0.00  0.04  0.00
  23084                   6.61   1.00  0.00  0.00  0.00  0.00  0.00  0.00  0.00  0.00
  23085                   1.00   0.02  0.11  0.00  0.86  0.00  0.00  0.00  0.00  0.00
  23087                   1.00   1.00  0.00  0.00  0.00  0.00  0.00  0.00  0.00  0.00
  23088                   1.00   1.00  0.00  0.00  0.00  0.00  0.00  0.00  0.00  0.00
  23090                   1.24   1.00  0.00  0.00  0.00  0.00  0.00  0.00  0.00  0.00
  23092                   1.00   1.00  0.00  0.00  0.00  0.00  0.00  0.00  0.00  0.00
  23093                   1.00   1.00  0.00  0.00  0.00  0.00  0.00  0.00  0.00  0.00
  23094                   1.00   0.02  0.00  0.00  0.97  0.01  0.00  0.00  0.97  0.00
  23095                   1.00   0.02  0.00  0.00  0.00  0.00  0.00  0.98  0.00  0.00
  23097                   1.00   0.14  0.01  0.00  0.00  0.00  0.85  0.00  0.00  0.00
  23098                   1.11   1.00  0.00  0.00  0.00  0.00  0.00  0.00  0.00  0.00
  23099                   1.00   0.14  0.03  0.00  0.83  0.00  0.00  0.00  0.00  0.00
  23102                   1.24   1.00  0.00  0.00  0.00  0.00  0.00  0.00  0.00  0.00
  23110                   1.23   0.37  0.63  0.00  0.00  0.00  0.00  0.00  0.00  0.00
  23112                   1.00   1.00  0.00  0.00  0.00  0.00  0.00  0.00  0.00  0.00
  23113                   1.00   1.00  0.00  0.00  0.00  0.00  0.00  0.00  0.00  0.00
  23114                   2.71   1.00  0.00  0.00  0.00  0.00  0.00  0.00  0.00  0.00
  23115                   5.06   0.03  0.05  0.00  0.92  0.00  0.00  0.00  0.00  0.00
  23116                   1.00   0.04  0.00  0.00  0.96  0.00  0.00  0.00  0.00  0.00
  23117                   1.00   0.04  0.00  0.00  0.96  0.00  0.00  0.00  0.96  0.00
  23119                   1.00   0.03  0.00  0.00  0.96  0.00  0.00  0.00  0.96  0.00
  23120                   1.00   0.03  0.00  0.00  0.00  0.97  0.00  0.00  0.96  0.00
  23122                   1.00   0.03  0.00  0.00  0.00  0.00  0.00  0.97  0.00  0.00
  23123                   1.00   0.02  0.01  0.00  0.97  0.00  0.00  0.00  0.00  0.00
  23147                   1.00   0.00  0.01  0.00  0.99  0.00  0.00  0.00  0.00  0.00
  23148                   1.59   1.00  0.00  0.00  0.00  0.00  0.00  0.00  0.00  0.00
  23150                   1.00   1.00  0.00  0.00  0.00  0.00  0.00  0.00  0.00  0.00
  23152                   1.23   1.00  0.00  0.00  0.00  0.00  0.00  0.00  0.00  0.00
  23158                   1.00   0.07  0.00  0.00  0.93  0.00  0.00  0.00  0.93  0.00
  23159                   1.00   0.07  0.00  0.00  0.00  0.93  0.00  0.00  0.93  0.00
  23163                   1.00   1.00  0.00  0.00  0.00  0.00  0.00  0.00  0.00  0.00
  23164                   1.00   1.00  0.00  0.00  0.00  0.00  0.00  0.00  0.00  0.00
  23165                   1.00   1.00  0.00  0.00  0.00  0.00  0.00  0.00  0.00  0.00
  23167                   1.00   1.00  0.00  0.00  0.00  0.00  0.00  0.00  0.00  0.00
  23171                   2.31   1.00  0.00  0.00  0.00  0.00  0.00  0.00  0.00  0.00
  23172                   1.00   0.07  0.00  0.00  0.93  0.00  0.00  0.00  0.00  0.00
  23190                   1.00   0.02  0.00  0.00  0.98  0.01  0.00  0.00  0.17  0.00
  23191                   1.00   0.02  0.00  0.00  0.80  0.18  0.00  0.00  0.00  0.00
  23192                   2.62   0.02  0.00  0.00  0.79  0.20  0.00  0.00  0.00  0.00
  23193                   1.36   1.00  0.00  0.00  0.00  0.00  0.00  0.00  0.00  0.00
  23199                   1.00   0.00  0.00  0.00  0.99  0.00  0.00  0.00  0.28  0.00
  23200                  12.18   0.00  0.00  0.00  0.71  0.00  0.29  0.00  0.00  0.00
  23204                   4.93   0.27  0.00  0.00  0.73  0.00  0.00  0.00  0.00  0.00
  23207                   1.00   0.02  0.00  0.00  0.98  0.00  0.00  0.00  0.00  0.00
  23478                   1.00   1.00  0.00  0.00  0.00  0.00  0.00  0.00  0.00  0.00
  23524                   1.00   1.00  0.00  0.00  0.00  0.00  0.00  0.00  0.00  0.00
  25966                   5.12   1.00  0.00  0.00  0.00  0.00  0.00  0.00  0.00  0.00
  26838                   1.13   0.06  0.00  0.00  0.94  0.00  0.00  0.00  0.00  0.00
  26852                   1.00   1.00  0.00  0.00  0.00  0.00  0.00  0.00  0.00  0.00
  26855                   1.98   1.00  0.00  0.00  0.00  0.00  0.00  0.00  0.00  0.00
  27342                   1.00   0.01  0.00  0.00  0.99  0.00  0.00  0.00  0.00  0.00
  31188                   1.00   0.02  0.00  0.00  0.98  0.00  0.00  0.00  0.98  0.00
  31937                   1.92   0.22  0.00  0.00  0.00  0.00  0.00  0.78  0.00  0.00
  32535                   2.73   1.00  0.00  0.00  0.00  0.00  0.00  0.00  0.00  0.00
  34331                   1.22   1.00  0.00  0.00  0.00  0.00  0.00  0.00  0.00  0.00
  36494                   1.00   0.01  0.00  0.00  0.98  0.00  0.00  0.00  0.00  0.00
  38189                   1.00   0.02  0.00  0.00  0.97  0.00  0.00  0.00  0.00  0.00
  38190                   1.00   1.00  0.00  0.00  0.00  0.00  0.00  0.00  0.00  0.00
  38193                   1.00   0.21  0.02  0.00  0.77  0.00  0.00  0.00  0.00  0.00
  38250                   3.84   0.33  0.67  0.00  0.00  0.00  0.00  0.00  0.00  0.00
  38555                   1.00   0.00  0.00  0.00  1.00  0.00  0.00  0.00  0.00  0.00
  38575                   2.84   1.00  0.00  0.00  0.00  0.00  0.00  0.00  0.00  0.00
  38710                   1.16   1.00  0.00  0.00  0.00  0.00  0.00  0.00  0.00  0.00
  38711                   1.00   0.04  0.00  0.00  0.96  0.00  0.00  0.00  0.00  0.00
  38712                   1.00   0.04  0.00  0.00  0.96  0.00  0.00  0.00  0.00  0.00
  38869                   4.49   1.00  0.00  0.00  0.00  0.00  0.00  0.00  0.00  0.00
  38870                   1.00   1.00  0.00  0.00  0.00  0.00  0.00  0.00  0.00  0.00
  38873                   2.18   1.00  0.00  0.00  0.00  0.00  0.00  0.00  0.00  0.00
  38889                   1.00   1.00  0.00  0.00  0.00  0.00  0.00  0.00  0.00  0.00
  39004                   1.00   0.04  0.00  0.00  0.96  0.00  0.00  0.00  0.00  0.00
  39117                   5.87   1.00  0.00  0.00  0.00  0.00  0.00  0.00  0.00  0.00
  39149                   1.00   1.00  0.00  0.00  0.00  0.00  0.00  0.00  0.00  0.00
  39247                   1.00   0.07  0.00  0.00  0.00  0.00  0.00  0.93  0.00  0.00
  39284                   1.00   1.00  0.00  0.00  0.00  0.00  0.00  0.00  0.00  0.00
  39378                   1.00   1.00  0.00  0.00  0.00  0.00  0.00  0.00  0.00  0.00
  39379                   1.79   1.00  0.00  0.00  0.00  0.00  0.00  0.00  0.00  0.00
  39419                   1.00   1.00  0.00  0.00  0.00  0.00  0.00  0.00  0.00  0.00
  39469                   3.37   1.00  0.00  0.00  0.00  0.00  0.00  0.00  0.00  0.00
  39514                   3.19   1.00  0.00  0.00  0.00  0.00  0.00  0.00  0.00  0.00
  39537                   1.00   0.21  0.00  0.00  0.78  0.00  0.00  0.00  0.00  0.00
  39563                   1.00   0.00  0.00  0.00  1.00  0.00  0.00  0.00  1.00  0.00
  39936                   1.00   1.00  0.00  0.00  0.00  0.00  0.00  0.00  0.00  0.00
  39937                   1.00   0.00  0.12  0.00  0.88  0.00  0.00  0.00  0.00  0.00
  40173                   1.00   0.24  0.00  0.00  0.75  0.00  0.00  0.00  0.01  0.00
  40224                   1.00   0.00  0.00  0.00  1.00  0.00  0.00  0.00  0.00  0.00
  40244                   1.00   0.05  0.00  0.00  0.95  0.00  0.00  0.00  0.00  0.00
  40245                   1.00   0.05  0.00  0.00  0.82  0.00  0.00  0.13  0.00  0.00
  40248                   1.00   1.00  0.00  0.00  0.00  0.00  0.00  0.00  0.00  0.00
  40249                   3.22   1.00  0.00  0.00  0.00  0.00  0.00  0.00  0.00  0.00
  40372                   1.55   1.00  0.00  0.00  0.00  0.00  0.00  0.00  0.00  0.00
  40373                   1.00   0.00  0.00  0.00  0.99  0.00  0.00  0.01  0.01  0.00
  40386                   1.00   0.02  0.98  0.00  0.00  0.00  0.00  0.00  0.00  0.00
  40388                   1.00   1.00  0.00  0.00  0.00  0.00  0.00  0.00  0.00  0.00
  40448                   3.26   1.00  0.00  0.00  0.00  0.00  0.00  0.00  0.00  0.00
  40679                   1.98   1.00  0.00  0.00  0.00  0.00  0.00  0.00  0.00  0.00
  40680                   1.00   1.00  0.00  0.00  0.00  0.00  0.00  0.00  0.00  0.00
  40713                   2.53   1.00  0.00  0.00  0.00  0.00  0.00  0.00  0.00  0.00
  40793                   1.00   0.03  0.00  0.00  0.00  0.97  0.00  0.00  0.97  0.00
  41025                   3.15   1.00  0.00  0.00  0.00  0.00  0.00  0.00  0.00  0.00
  41038                   1.00   0.20  0.00  0.00  0.80  0.00  0.00  0.00  0.00  0.00
  41039                   1.00   0.20  0.00  0.00  0.79  0.00  0.00  0.01  0.79  0.00
  41097                   1.73   1.00  0.00  0.00  0.00  0.00  0.00  0.00  0.00  0.00
  41114                   1.00   0.00  0.00  0.00  0.97  0.00  0.00  0.02  0.97  0.00
  41149                   2.77   1.00  0.00  0.00  0.00  0.00  0.00  0.00  0.00  0.00
  41181                   2.58   1.00  0.00  0.00  0.00  0.00  0.00  0.00  0.00  0.00
  41182                   1.10   1.00  0.00  0.00  0.00  0.00  0.00  0.00  0.00  0.00
  41183                   1.56   1.00  0.00  0.00  0.00  0.00  0.00  0.00  0.00  0.00
  41204                   1.00   1.00  0.00  0.00  0.00  0.00  0.00  0.00  0.00  0.00
  41367                   1.00   1.00  0.00  0.00  0.00  0.00  0.00  0.00  0.00  0.00
  41543                   1.00   0.03  0.00  0.00  0.97  0.00  0.00  0.00  0.97  0.00
  41557                   2.52   1.00  0.00  0.00  0.00  0.00  0.00  0.00  0.00  0.00
  41561                   1.00   0.08  0.00  0.00  0.92  0.00  0.00  0.00  0.00  0.00
  41562                   1.00   0.00  0.00  0.00  0.00  0.00  0.00  1.00  0.00  0.00
  41661                   1.00   0.08  0.00  0.00  0.87  0.00  0.00  0.05  0.02  0.00
  41712                   1.00   0.00  0.00  0.00  0.00  0.00  0.00  1.00  0.00  0.00
  42042                   2.12   1.00  0.00  0.00  0.00  0.00  0.00  0.00  0.00  0.00
  42043                   4.97   1.00  0.00  0.00  0.00  0.00  0.00  0.00  0.00  0.00
  42079                   5.47   1.00  0.00  0.00  0.00  0.00  0.00  0.00  0.00  0.00
  42080                   2.91   1.00  0.00  0.00  0.00  0.00  0.00  0.00  0.00  0.00
  42081                   1.00   0.02  0.00  0.00  0.00  0.98  0.00  0.00  0.00  0.00
  42082                   1.00   0.02  0.00  0.00  0.98  0.00  0.00  0.00  0.98  0.00
  42085                   1.00   0.01  0.00  0.00  0.99  0.00  0.00  0.00  0.00  0.00
  42514                   1.62   1.00  0.00  0.00  0.00  0.00  0.00  0.00  0.00  0.00
  42515                   1.00   0.02  0.03  0.00  0.00  0.95  0.00  0.00  0.95  0.00
  42541                   2.92   1.00  0.00  0.00  0.00  0.00  0.00  0.00  0.00  0.00
  42568                   1.00   0.08  0.00  0.00  0.92  0.00  0.00  0.00  0.01  0.00
  42610                   1.00   0.00  0.00  0.00  0.00  0.00  1.00  0.00  0.00  0.00
  42644                   2.78   1.00  0.00  0.00  0.00  0.00  0.00  0.00  0.00  0.00
  42711                   1.00   1.00  0.00  0.00  0.00  0.00  0.00  0.00  0.00  0.00
  42712                   4.89   1.00  0.00  0.00  0.00  0.00  0.00  0.00  0.00  0.00
  42713                   1.00   1.00  0.00  0.00  0.00  0.00  0.00  0.00  0.00  0.00
  42714                   1.00   0.01  0.00  0.00  0.98  0.01  0.00  0.00  0.00  0.00
  42715                   1.00   0.01  0.00  0.00  0.99  0.00  0.00  0.00  0.00  0.00
  42716                   1.00   0.00  0.00  0.00  0.00  1.00  0.00  0.00  0.99  0.00
  42717                   1.00   0.01  0.00  0.00  0.99  0.00  0.00  0.00  0.99  0.00
  42718                   1.00   0.07  0.00  0.00  0.00  0.93  0.00  0.00  0.93  0.00
  42719                   1.00   0.02  0.00  0.00  0.03  0.95  0.00  0.00  0.94  0.00
  42720                   1.00   1.00  0.00  0.00  0.00  0.00  0.00  0.00  0.00  0.00
  42721                   1.00   0.02  0.00  0.00  0.98  0.00  0.00  0.00  0.01  0.00
  42722                   1.00   0.00  0.08  0.00  0.92  0.00  0.00  0.00  0.92  0.00
  42723                   1.00   0.07  0.00  0.00  0.93  0.00  0.00  0.00  0.00  0.00
  42724                   1.00   0.50  0.00  0.00  0.21  0.29  0.00  0.00  0.09  0.00
  42725                   1.30   0.08  0.40  0.00  0.51  0.00  0.00  0.00  0.00  0.00
  42726                   1.55   0.50  0.00  0.00  0.10  0.40  0.00  0.00  0.50  0.00
  42727                   1.00   0.08  0.00  0.00  0.86  0.07  0.00  0.00  0.00  0.00
  42728                   1.00   0.03  0.00  0.00  0.97  0.00  0.00  0.00  0.00  0.00
  42730                   1.00   0.21  0.00  0.00  0.78  0.00  0.00  0.00  0.00  0.00
  42731                   1.00   1.00  0.00  0.00  0.00  0.00  0.00  0.00  0.00  0.00
  42732                   1.00   0.04  0.00  0.00  0.96  0.00  0.00  0.00  0.96  0.00
  42733                   1.00   0.04  0.00  0.00  0.96  0.00  0.00  0.00  0.01  0.00
  42734                   1.00   0.02  0.00  0.00  0.98  0.00  0.00  0.00  0.00  0.00
  42735                   1.00   0.02  0.00  0.00  0.00  0.98  0.00  0.00  0.97  0.00
  42736                   1.00   0.02  0.00  0.00  0.98  0.00  0.00  0.00  0.02  0.00
  42737                   1.00   0.01  0.99  0.00  0.00  0.00  0.00  0.00  0.00  0.00
  42738                   3.15   0.02  0.00  0.00  0.98  0.00  0.00  0.00  0.00  0.00
  42739                   1.00   0.07  0.00  0.00  0.93  0.00  0.00  0.00  0.00  0.00
  42740                   1.00   0.07  0.00  0.00  0.00  0.00  0.00  0.93  0.00  0.00
  42742                   1.00   0.00  0.02  0.00  0.97  0.00  0.00  0.00  0.00  0.00
  
  
  *************************
  Conduit Surcharge Summary
  *************************
  
  ----------------------------------------------------------------------------
                                                           Hours        Hours 
                         --------- Hours Full --------   Above Full   Capacity
  Conduit                Both Ends  Upstream  Dnstream   Normal Flow   Limited
  ----------------------------------------------------------------------------
  3578                       23.48     23.48     23.54      0.01         0.01
  10138                      12.00     12.00     16.01      0.01         0.01
  12650                      19.91     19.91     19.97      0.01         0.01
  12652                      19.69     19.69     19.69      0.01         0.01
  12761                      23.96     23.96     23.97      0.01         0.01
  12873                       0.01      0.01     11.64      0.01         0.01
  12897                       0.45      0.45      0.82      0.01         0.01
  12993                       0.01      0.01     12.01      0.01         0.01
  12994                       0.01      0.01     13.22      0.01         0.01
  12998                      12.32     12.32     15.51      0.01         0.01
  13357                       0.01      0.01     12.00      0.01         0.01
  13512                      19.79     19.79     19.97      0.01         0.01
  13513                      19.57     19.57     19.64      0.01         0.01
  13802                       0.01      0.01     19.26      0.01         0.01
  15171                      23.41     23.41     23.48      0.01         0.01
  15362                       0.01      0.01     12.01      0.01         0.01
  17580                       0.01      0.01     19.51      0.01         0.01
  18387                      19.17     19.17     19.60      0.01         0.01
  19132                       0.01      0.01     23.67      0.01         0.01
  19193                       0.01      0.01     15.34      0.01         0.01
  19838                      23.42     23.42     23.44      0.01         0.01
  20577                      16.52     16.52     17.68      0.01         0.01
  20592                       0.01      0.01     22.56      0.01         0.01
  20594                       0.01      0.01     13.69      0.01         0.01
  20640                       0.01      0.01     19.16      0.01         0.01
  20942                       0.01      0.01     23.68      0.01         0.01
  21714                      19.77     19.77     19.79      0.01         0.01
  21789                      19.69     19.69     19.85      0.01         0.01
  21826                      19.57     19.57     19.60      0.01         0.01
  22587                      13.53     13.53     14.18      0.01         0.01
  22588                      12.76     12.76     16.18      0.01         0.01
  22589                       0.01      0.01     14.18      0.01         0.01
  22590                       0.01      0.01     15.51      0.01         0.01
  22614                       0.01      0.01     12.01      0.01         0.01
  22616                       5.85      5.85      7.49      0.01         0.01
  22660                       4.17      4.17      5.85      0.01         0.01
  23077                       0.01      0.01     19.33      0.01         0.01
  23190                       0.01      0.01     12.61      0.01         0.01
  23199                       0.01      0.01     12.61      0.01         0.01
  23204                       0.01      0.01     12.18      0.01         0.01
  23207                      12.46     12.46     13.53      0.01         0.01
  26838                      19.77     19.77     19.88      0.01         0.01
  39937                       0.01      0.01      2.87      0.01         0.01
  40224                      23.40     23.40     23.69      0.01         0.01
  40244                       0.01      0.01     12.46      0.01         0.01
  40373                       4.71      4.71      5.40      0.01         0.01
  41561                      15.68     15.68     16.02      0.01         0.01
  41661                      14.01     14.01     16.02      0.01         0.01
  42085                       0.01      0.01     12.61      0.01         0.01
  42568                      14.18     14.18     16.86      0.01         0.01
  42722                       0.01      0.01      9.88      0.01         0.01
  42725                       0.01      0.01     12.32      0.01         0.01
  42727                      13.53     13.53     14.01      0.01         0.01
  42734                      12.61     12.61     13.53      0.01         0.01
  42742                       0.01      0.01     23.32      0.01         0.01
  
  
  ***************
  Pumping Summary
  ***************
  
  ---------------------------------------------------------------------------------------------------------
                                                  Min       Avg       Max     Total     Power    % Time Off
                        Percent   Number of      Flow      Flow      Flow    Volume     Usage    Pump Curve
  Pump                 Utilized   Start-Ups       LPS       LPS       LPS  10^6 ltr     Kw-hr    Low   High
  ---------------------------------------------------------------------------------------------------------
  P1                      99.40           1      0.00      2.87      4.00     0.246      1.72    0.0    0.0
  P2                      91.66           1      0.00     21.98     44.10     1.741      5.41    0.0    0.0
  

  Analysis begun on:  Sat May 30 15:55:27 2026
  Analysis ended on:  Sat May 30 15:57:33 2026
  Total elapsed time: 00:02:06