
  EPA STORM WATER MANAGEMENT MODEL - VERSION 5.2 (Build 5.2.4)
  ------------------------------------------------------------

  INP file created on 2026/5/10 16:06:32 by admini with inpPINS version 0.0.3.0 
  Title/Notes: 
  Storm realism correction: Rain_10Y and pre-optimization pump rules retained; uniform node ponding removed; Horton parameters and surface storage revised for urban storm response; hydraulic solver stability improved. 
  WARNING 04: minimum elevation drop used for Conduit 95
  WARNING 04: minimum elevation drop used for Conduit 842
  WARNING 04: minimum elevation drop used for Conduit 3755
  WARNING 04: minimum elevation drop used for Conduit 5796
  WARNING 04: minimum elevation drop used for Conduit 10024
  WARNING 04: minimum elevation drop used for Conduit 10405
  WARNING 04: minimum elevation drop used for Conduit 12638
  WARNING 04: minimum elevation drop used for Conduit 12652
  WARNING 04: minimum elevation drop used for Conduit 16887
  WARNING 04: minimum elevation drop used for Conduit 18383
  WARNING 04: minimum elevation drop used for Conduit 20636
  WARNING 04: minimum elevation drop used for Conduit 21760
  WARNING 04: minimum elevation drop used for Conduit 21799
  WARNING 04: minimum elevation drop used for Conduit 21833
  WARNING 04: minimum elevation drop used for Conduit 22658
  WARNING 04: minimum elevation drop used for Conduit 23122
  WARNING 04: minimum elevation drop used for Conduit 23164
  WARNING 04: minimum elevation drop used for Conduit 38889
  WARNING 04: minimum elevation drop used for Conduit 42723
  WARNING 02: maximum depth increased for Node J03010003
  WARNING 02: maximum depth increased for Node J03190001
  WARNING 02: maximum depth increased for Node J03190120
  WARNING 02: maximum depth increased for Node J03190124
  WARNING 02: maximum depth increased for Node J03190130
  WARNING 02: maximum depth increased for Node J03190134
  WARNING 02: maximum depth increased for Node J03260026
  WARNING 02: maximum depth increased for Node J03260029
  WARNING 02: maximum depth increased for Node J03260033
  WARNING 02: maximum depth increased for Node J03260048
  WARNING 02: maximum depth increased for Node J03260051
  WARNING 02: maximum depth increased for Node J03260054
  WARNING 02: maximum depth increased for Node J03260075
  WARNING 02: maximum depth increased for Node J03262031
  
  ****************
  Analysis Options
  ****************
  Flow Units ............... LPS
  Process Models:
    Rainfall/Runoff ........ YES
    RDII ................... NO
    Snowmelt ............... NO
    Groundwater ............ NO
    Flow Routing ........... YES
    Ponding Allowed ........ NO
    Water Quality .......... NO
  Infiltration Method ...... HORTON
  Flow Routing Method ...... DYNWAVE
  Surcharge Method ......... EXTRAN
  Starting Date ............ 05/10/2026 00:00:00
  Ending Date .............. 05/11/2026 00:00:00
  Antecedent Dry Days ...... 0.0
  Report Time Step ......... 00:10:00
  Wet Time Step ............ 00:02:00
  Dry Time Step ............ 01:00:00
  Routing Time Step ........ 1.00 sec
  Variable Time Step ....... YES
  Maximum Trials ........... 30
  Number of Threads ........ 1
  Head Tolerance ........... 0.001000 m
  
  
  **************************        Volume         Depth
  Runoff Quantity Continuity     hectare-m            mm
  **************************     ---------       -------
  Total Precipitation ......         5.494        76.667
  Evaporation Loss .........         0.000         0.000
  Infiltration Loss ........         0.801        11.177
  Surface Runoff ...........         4.638        64.722
  Final Storage ............         0.052         0.728
  Continuity Error (%) .....         0.052
  
  
  **************************        Volume        Volume
  Flow Routing Continuity        hectare-m      10^6 ltr
  **************************     ---------     ---------
  Dry Weather Inflow .......         0.321         3.214
  Wet Weather Inflow .......         4.643        46.429
  Groundwater Inflow .......         0.000         0.000
  RDII Inflow ..............         0.000         0.000
  External Inflow ..........         0.000         0.000
  External Outflow .........         1.617        16.166
  Flooding Loss ............         3.219        32.190
  Evaporation Loss .........         0.000         0.000
  Exfiltration Loss ........         0.000         0.000
  Initial Stored Volume ....         0.000         0.000
  Final Stored Volume ......         0.118         1.179
  Continuity Error (%) .....         0.219
  
  
  *************************
  Highest Continuity Errors
  *************************
  Node J03261014 (46.80%)
  Node J03190159 (34.24%)
  Node J03261009 (26.78%)
  Node J03260559 (23.11%)
  Node J03260167 (22.11%)
  
  
  ***************************
  Time-Step Critical Elements
  ***************************
  Link 10124 (27.09%)
  Link 12876 (19.10%)
  Link 12888 (16.48%)
  Link 23192 (16.45%)
  Link 12611 (10.94%)
  
  
  ********************************
  Highest Flow Instability Indexes
  ********************************
  Link P1 (63)
  Link 19850 (54)
  Link 19838 (47)
  Link 3578 (45)
  Link 15171 (44)
  
  
  *********************************
  Most Frequent Nonconverging Nodes
  *********************************
  Node J03260010 (0.80%)
  Node J03235032 (0.15%)
  Node J03190059 (0.06%)
  Node J03195944 (0.06%)
  Node J03190061 (0.06%)
  
  
  *************************
  Routing Time Step Summary
  *************************
  Minimum Time Step           :     0.00 sec
  Average Time Step           :     0.51 sec
  Maximum Time Step           :     1.00 sec
  % of Time in Steady State   :     0.00
  Average Iterations per Step :     4.15
  % of Steps Not Converging   :     0.80
  Time Step Frequencies       :
      1.000 -  0.758 sec      :    26.90 %
      0.758 -  0.574 sec      :    16.22 %
      0.574 -  0.435 sec      :    16.95 %
      0.435 -  0.330 sec      :     0.60 %
      0.330 -  0.250 sec      :    39.32 %
  
  
  ***************************
  Subcatchment Runoff Summary
  ***************************
  
  ------------------------------------------------------------------------------------------------------------------------------
                            Total      Total      Total      Total     Imperv       Perv      Total       Total     Peak  Runoff
                           Precip      Runon       Evap      Infil     Runoff     Runoff     Runoff      Runoff   Runoff   Coeff
  Subcatchment                 mm         mm         mm         mm         mm         mm         mm    10^6 ltr      LPS
  ------------------------------------------------------------------------------------------------------------------------------
  S1                        76.67       0.00       0.00       7.24      56.61      11.91      68.52       11.16  1761.02   0.894
  S2                        76.67       0.00       0.00      13.11      45.28      17.53      62.82       14.29  2299.20   0.819
  S3                        76.67       0.00       0.00      14.39      41.52      20.09      61.61       10.75  1768.67   0.804
  S4                        76.67       0.00       0.00       9.19      49.09      17.63      66.72        3.12   505.66   0.870
  S5                        76.67       0.00       0.00       7.80      52.87      15.19      68.05        3.30   526.11   0.888
  S6                        76.67       0.00       0.00       9.35      49.09      17.47      66.56        3.77   611.56   0.868
  
  
  ******************
  Node Depth Summary
  ******************
  
  ---------------------------------------------------------------------------------
                                 Average  Maximum  Maximum  Time of Max    Reported
                                   Depth    Depth      HGL   Occurrence   Max Depth
  Node                 Type       Meters   Meters   Meters  days hr:min      Meters
  ---------------------------------------------------------------------------------
  G03160065            JUNCTION     0.27     2.00    32.35     0  01:25        2.00
  G03160066            JUNCTION     0.16     1.38    32.46     0  01:54        1.36
  G03160068            JUNCTION     0.00     0.00    30.03     0  00:00        0.00
  G03160069            JUNCTION     0.00     0.00    30.15     0  00:00        0.00
  G03160070            JUNCTION     0.50     0.79    29.86     0  01:56        0.79
  G03160073            JUNCTION     0.35     0.65    29.87     0  01:54        0.65
  J03010003            JUNCTION     0.12     0.32    27.82     0  02:01        0.32
  J03160546            JUNCTION     0.00     0.00    29.75     0  00:00        0.00
  J03160705            JUNCTION     0.00     0.00    29.67     0  00:00        0.00
  J03165846            JUNCTION     0.00     0.00    33.55     0  00:00        0.00
  J03166590            JUNCTION     0.00     0.00    29.98     0  00:00        0.00
  J03166604            JUNCTION     0.09     0.44    29.66     0  01:58        0.44
  J03166622            JUNCTION     0.00     0.00    31.62     0  00:00        0.00
  J03166623            JUNCTION     0.00     0.00    31.60     0  00:00        0.00
  J03176807            JUNCTION     0.70     1.07    33.02     0  00:17        1.06
  J03176811            JUNCTION     0.09     0.19    33.21     0  02:34        0.19
  J03176902            JUNCTION     0.16     0.80    30.89     0  00:22        0.62
  J03180001            JUNCTION     0.76     1.79    31.09     0  00:22        1.40
  J03180002            JUNCTION     0.17     1.26    31.17     0  00:21        0.79
  J03180003            JUNCTION     0.68     1.58    30.96     0  00:22        1.32
  J03180004            JUNCTION     0.33     1.23    30.96     0  00:22        0.97
  J03180005            JUNCTION     0.09     2.00    32.24     0  00:21        0.47
  J03180006            JUNCTION     0.43     1.69    31.32     0  00:22        1.08
  J03180007            JUNCTION     0.09     1.17    31.38     0  00:21        0.50
  J03180008            JUNCTION     0.14     1.49    31.55     0  00:22        0.65
  J03180009            JUNCTION     0.04     0.88    31.39     0  00:22        0.20
  J03180010            JUNCTION     0.17     0.90    30.98     0  00:22        0.63
  J03180011            JUNCTION     0.02     0.24    30.82     0  00:23        0.14
  J03180015            JUNCTION     0.08     0.41    30.81     0  00:23        0.31
  J03180019            JUNCTION     0.07     0.18    30.87     0  00:21        0.15
  J03180020            JUNCTION     0.07     0.19    31.01     0  00:21        0.14
  J03180022            JUNCTION     0.06     0.19    31.15     0  00:21        0.14
  J03180025            JUNCTION     0.04     0.13    31.61     0  00:21        0.10
  J03180026            JUNCTION     0.12     0.21    31.83     0  00:20        0.19
  J03180030            JUNCTION     0.08     0.18    32.08     0  00:20        0.16
  J03180031            JUNCTION     0.00     0.00    32.40     0  00:00        0.00
  J03180032            JUNCTION     0.00     0.00    32.35     0  00:00        0.00
  J03180034            JUNCTION     0.11     0.22    32.25     0  00:20        0.20
  J03180037            JUNCTION     0.00     0.00    32.64     0  00:00        0.00
  J03180039            JUNCTION     0.07     0.14    32.77     0  00:19        0.14
  J03180043            JUNCTION     0.08     0.20    32.86     0  00:19        0.19
  J03180046            JUNCTION     0.09     0.16    33.16     0  02:34        0.16
  J03180049            JUNCTION     0.09     0.20    33.22     0  02:33        0.20
  J03180052            JUNCTION     0.09     0.22    33.26     0  02:33        0.22
  J03180056            JUNCTION     0.15     0.28    33.31     0  02:33        0.28
  J03180060            JUNCTION     0.14     0.27    33.32     0  02:33        0.27
  J03180062            JUNCTION     0.00     0.00    33.50     0  00:00        0.00
  J03180063            JUNCTION     0.13     0.27    33.33     0  02:33        0.27
  J03180074            JUNCTION     0.16     0.29    33.42     0  01:46        0.29
  J03180075            JUNCTION     0.00     0.00    33.76     0  00:00        0.00
  J03180077            JUNCTION     0.00     0.00    33.70     0  00:00        0.00
  J03180079            JUNCTION     0.00     0.00    34.08     0  00:00        0.00
  J03180080            JUNCTION     0.14     0.29    33.44     0  01:46        0.29
  J03180081            JUNCTION     0.00     0.00    33.63     0  00:00        0.00
  J03180082            JUNCTION     0.00     0.00    34.06     0  00:00        0.00
  J03180083            JUNCTION     0.12     0.29    33.48     0  02:02        0.29
  J03180084            JUNCTION     0.00     0.00    34.16     0  00:00        0.00
  J03180086            JUNCTION     0.00     0.00    34.23     0  00:00        0.00
  J03180087            JUNCTION     0.11     0.27    33.50     0  02:01        0.27
  J03180088            JUNCTION     0.00     0.00    34.06     0  00:00        0.00
  J03180090            JUNCTION     0.00     0.00    33.88     0  00:00        0.00
  J03180092            JUNCTION     0.11     0.27    33.54     0  02:23        0.27
  J03180093            JUNCTION     0.00     0.00    33.93     0  00:00        0.00
  J03180094            JUNCTION     0.00     0.00    34.33     0  00:00        0.00
  J03180097            JUNCTION     0.00     0.00    33.88     0  00:00        0.00
  J03180098            JUNCTION     0.00     0.00    34.14     0  00:00        0.00
  J03180100            JUNCTION     0.11     0.27    33.56     0  00:50        0.27
  J03180102            JUNCTION     0.00     0.00    34.19     0  00:00        0.00
  J03180103            JUNCTION     0.00     0.00    34.17     0  00:00        0.00
  J03180105            JUNCTION     0.11     0.28    33.57     0  02:29        0.28
  J03180106            JUNCTION     0.00     0.00    33.90     0  00:00        0.00
  J03180107            JUNCTION     0.00     0.00    33.92     0  00:00        0.00
  J03180109            JUNCTION     0.12     0.29    33.58     0  02:35        0.29
  J03180111            JUNCTION     0.12     0.29    33.59     0  02:35        0.29
  J03180113            JUNCTION     0.00     0.00    34.18     0  00:00        0.00
  J03180114            JUNCTION     0.10     0.24    33.68     0  02:26        0.24
  J03180116            JUNCTION     0.10     0.26    33.75     0  02:26        0.25
  J03180118            JUNCTION     0.23     0.41    33.60     0  02:37        0.41
  J03180119            JUNCTION     0.00     0.00    33.96     0  00:00        0.00
  J03180120            JUNCTION     0.00     0.00    34.40     0  00:00        0.00
  J03180124            JUNCTION     0.14     0.37    33.88     0  02:26        0.37
  J03189802            JUNCTION     0.15     0.34    32.84     0  02:07        0.34
  J03189803            JUNCTION     0.34     0.54    32.85     0  01:36        0.54
  J03189833            JUNCTION     0.00     0.00    33.79     0  00:00        0.00
  J03189834            JUNCTION     0.00     0.00    33.80     0  00:00        0.00
  J03189835            JUNCTION     0.22     0.60    33.73     0  00:22        0.58
  J03189836            JUNCTION     0.00     0.00    33.79     0  00:00        0.00
  J03189837            JUNCTION     0.00     0.00    33.74     0  00:00        0.00
  J03189838            JUNCTION     0.17     0.54    33.78     0  00:49        0.52
  J03189839            JUNCTION     0.05     0.20    33.77     0  02:25        0.20
  J03189840            JUNCTION     0.00     0.00    33.96     0  00:00        0.00
  J03189841            JUNCTION     0.00     0.00    33.84     0  00:00        0.00
  J03189842            JUNCTION     0.19     0.50    33.79     0  01:54        0.50
  J03189843            JUNCTION     0.00     0.00    33.87     0  00:00        0.00
  J03189844            JUNCTION     0.00     0.00    33.93     0  00:00        0.00
  J03189845            JUNCTION     0.00     0.00    34.30     0  00:00        0.00
  J03189846            JUNCTION     0.00     0.00    34.35     0  00:00        0.00
  J03189847            JUNCTION     0.00     0.00    34.36     0  00:00        0.00
  J03189848            JUNCTION     0.02     0.10    33.89     0  02:26        0.10
  J03190001            JUNCTION     0.26     0.94    30.08     0  00:52        0.85
  J03190002            JUNCTION     0.00     0.00    31.01     0  00:00        0.00
  J03190004            JUNCTION     0.00     0.00    30.74     0  00:00        0.00
  J03190007            JUNCTION     0.00     0.00    30.64     0  00:00        0.00
  J03190008            JUNCTION     0.27     1.00    30.09     0  00:52        0.91
  J03190010            JUNCTION     0.28     1.03    30.10     0  00:52        0.94
  J03190012            JUNCTION     0.00     0.00    30.66     0  00:00        0.00
  J03190013            JUNCTION     0.00     0.00    30.37     0  00:00        0.00
  J03190014            JUNCTION     0.30     1.07    30.11     0  00:52        0.97
  J03190015            JUNCTION     0.00     0.00    30.56     0  00:00        0.00
  J03190022            JUNCTION     0.00     0.00    30.36     0  00:00        0.00
  J03190025            JUNCTION     0.33     1.13    30.13     0  00:51        1.04
  J03190026            JUNCTION     0.00     0.00    30.57     0  00:00        0.00
  J03190027            JUNCTION     0.00     0.00    30.47     0  00:00        0.00
  J03190028            JUNCTION     0.35     1.18    30.13     0  00:52        1.10
  J03190029            JUNCTION     0.00     0.00    30.33     0  00:00        0.00
  J03190030            JUNCTION     0.00     0.10    30.13     0  00:51        0.01
  J03190031            JUNCTION     0.36     1.23    30.12     0  00:51        1.14
  J03190032            JUNCTION     0.00     0.00    30.28     0  00:00        0.00
  J03190034            JUNCTION     0.37     1.42    30.27     0  00:47        1.18
  J03190039            JUNCTION     0.39     2.00    30.81     0  00:47        1.22
  J03190042            JUNCTION     0.40     1.58    30.35     0  00:47        1.27
  J03190044            JUNCTION     0.00     0.00    30.24     0  00:00        0.00
  J03190045            JUNCTION     0.42     1.36    30.08     0  00:51        1.32
  J03190048            JUNCTION     0.43     1.51    30.19     0  00:44        1.36
  J03190051            JUNCTION     0.45     1.68    30.32     0  00:47        1.41
  J03190055            JUNCTION     0.46     1.92    30.51     0  00:47        1.45
  J03190059            JUNCTION     0.47     1.99    30.56     0  00:47        1.47
  J03190061            JUNCTION     0.48     2.00    30.54     0  00:47        1.49
  J03190064            JUNCTION     0.51     2.00    30.48     0  00:46        1.56
  J03190067            JUNCTION     0.52     2.00    30.43     0  00:46        1.61
  J03190070            JUNCTION     0.54     1.79    30.18     0  00:46        1.65
  J03190078            JUNCTION     0.56     1.72    30.08     0  00:54        1.68
  J03190083            JUNCTION     0.57     1.75    30.08     0  00:53        1.70
  J03190084            JUNCTION     0.57     1.75    30.07     0  00:54        1.71
  J03190085            JUNCTION     0.01     0.14    30.09     0  00:49        0.08
  J03190088            JUNCTION     0.58     1.78    30.07     0  00:54        1.76
  J03190089            JUNCTION     0.05     0.27    30.08     0  00:54        0.22
  J03190091            JUNCTION     0.60     1.83    30.07     0  00:53        1.81
  J03190092            JUNCTION     0.02     0.15    30.07     0  00:54        0.14
  J03190094            JUNCTION     0.62     1.88    30.07     0  00:49        1.87
  J03190096            JUNCTION     0.13     1.19    30.55     0  00:47        0.71
  J03190102            JUNCTION     0.64     1.91    30.06     0  00:49        1.90
  J03190106            JUNCTION     0.65     1.93    30.04     0  00:49        1.92
  J03190107            JUNCTION     0.67     1.96    30.01     0  00:56        1.95
  J03190111            JUNCTION     0.70     1.99    30.00     0  01:04        1.98
  J03190114            JUNCTION     0.73     2.00    29.97     0  00:47        2.00
  J03190117            JUNCTION     0.19     0.33    28.26     0  00:49        0.33
  J03190120            JUNCTION     0.19     0.33    28.20     0  00:49        0.33
  J03190121            JUNCTION     0.00     0.00    30.01     0  00:00        0.00
  J03190123            JUNCTION     0.00     0.00    29.70     0  00:00        0.00
  J03190124            JUNCTION     0.18     0.33    28.15     0  00:50        0.33
  J03190128            JUNCTION     0.18     0.32    28.10     0  00:50        0.32
  J03190129            JUNCTION     0.00     0.00    29.93     0  00:00        0.00
  J03190130            JUNCTION     0.17     0.31    28.05     0  02:01        0.31
  J03190133            JUNCTION     0.00     0.00    30.07     0  00:00        0.00
  J03190134            JUNCTION     0.15     0.29    27.98     0  02:01        0.29
  J03190138            JUNCTION     0.17     0.33    27.88     0  02:01        0.33
  J03190142            JUNCTION     1.11     1.29    28.98     0  02:00        1.29
  J03190145            JUNCTION     0.95     1.13    28.98     0  02:00        1.13
  J03190147            JUNCTION     0.83     1.02    28.99     0  02:00        1.02
  J03190149            JUNCTION     0.00     0.00    30.25     0  00:00        0.00
  J03190150            JUNCTION     0.06     0.29    30.64     0  02:08        0.29
  J03190155            JUNCTION     0.22     1.38    31.63     0  00:21        0.49
  J03190159            JUNCTION     0.55     1.20    31.11     0  00:21        0.84
  J03190161            JUNCTION     1.16     1.82    31.11     0  00:21        1.47
  J03190162            JUNCTION     0.42     0.68    30.72     0  01:40        0.67
  J03190164            JUNCTION     1.14     2.00    31.31     0  00:21        1.44
  J03190167            JUNCTION     0.13     0.36    30.67     0  01:08        0.36
  J03190839            JUNCTION     0.00     0.00    29.83     0  00:00        0.00
  J03190840            JUNCTION     0.00     0.00    29.94     0  00:00        0.00
  J03191001            JUNCTION     0.64     0.84    29.01     0  01:35        0.83
  J03191002            JUNCTION     0.29     1.19    30.08     0  00:54        1.16
  J03191003            JUNCTION     0.02     0.17    30.08     0  00:50        0.14
  J03191004            JUNCTION     0.07     0.19    30.08     0  00:54        0.16
  J03191005            JUNCTION     0.07     0.19    30.08     0  00:54        0.15
  J03191007            JUNCTION     0.31     1.08    30.08     0  00:54        1.04
  J03191008            JUNCTION     0.00     0.00    30.19     0  00:00        0.00
  J03191010            JUNCTION     0.03     0.25    30.08     0  00:53        0.20
  J03191015            JUNCTION     0.00     0.00    30.14     0  00:00        0.00
  J03191016            JUNCTION     0.00     0.00    30.27     0  00:00        0.00
  J03191017            JUNCTION     0.00     0.00    30.32     0  00:00        0.00
  J03191019            JUNCTION     0.04     0.19    30.17     0  02:08        0.19
  J03191021            JUNCTION     0.18     0.87    30.08     0  00:54        0.82
  J03191023            JUNCTION     0.00     0.00    30.17     0  00:00        0.00
  J03191100            JUNCTION     1.09     1.82    31.18     0  00:21        1.45
  J03191101            JUNCTION     0.00     0.00    30.18     0  00:00        0.00
  J03191102            JUNCTION     0.00     0.00    30.48     0  00:00        0.00
  J03191103            JUNCTION     0.14     0.73    30.09     0  00:54        0.68
  J03191950            JUNCTION     0.32     1.28    30.08     0  00:53        1.24
  J03191951            JUNCTION     0.00     0.01    30.08     0  00:54        0.00
  J03191952            JUNCTION     0.00     0.00    30.18     0  00:00        0.00
  J03191956            JUNCTION     0.04     0.19    30.70     0  01:08        0.19
  J03191983            JUNCTION     0.41     2.00    31.01     0  00:15        2.00
  J03192002            JUNCTION     0.29     1.19    30.39     0  00:48        0.83
  J03192077            JUNCTION     0.01     0.13    30.08     0  00:54        0.08
  J03193034            JUNCTION     0.09     2.00    31.53     0  00:47        0.51
  J03193036            JUNCTION     0.24     1.35    31.50     0  01:44        1.33
  J03193037            JUNCTION     0.24     1.59    31.46     0  01:53        1.57
  J03193038            JUNCTION     0.22     1.47    31.47     0  01:03        1.44
  J03193045            JUNCTION     0.18     1.26    31.50     0  01:10        1.25
  J03193051            JUNCTION     0.38     1.47    31.53     0  01:25        1.45
  J03193057            JUNCTION     0.41     1.54    31.58     0  02:00        1.52
  J03193062            JUNCTION     0.37     1.52    31.60     0  01:44        1.49
  J03193063            JUNCTION     0.35     1.50    31.60     0  00:58        1.47
  J03193064            JUNCTION     0.24     1.43    31.65     0  01:32        1.41
  J03193078            JUNCTION     0.40     1.66    31.74     0  00:50        1.64
  J03193080            JUNCTION     0.51     2.00    31.97     0  00:13        1.78
  J03193081            JUNCTION     0.44     2.00    32.06     0  00:13        1.80
  J03193083            JUNCTION     0.50     1.99    32.02     0  00:48        1.96
  J03193085            JUNCTION     0.45     1.93    32.00     0  01:04        1.91
  J03193093            JUNCTION     0.21     1.60    32.44     0  01:42        1.58
  J03193094            JUNCTION     0.32     1.77    32.36     0  01:54        1.75
  J03193097            JUNCTION     0.23     1.65    32.30     0  01:54        1.62
  J03193099            JUNCTION     0.12     1.10    32.27     0  01:55        1.08
  J03193100            JUNCTION     0.22     1.62    32.27     0  01:42        1.60
  J03193103            JUNCTION     0.32     1.75    32.15     0  01:57        1.72
  J03193104            JUNCTION     0.42     1.84    32.16     0  01:57        1.81
  J03193105            JUNCTION     0.24     1.65    32.13     0  01:43        1.64
  J03193110            JUNCTION     0.24     1.52    31.97     0  01:54        1.50
  J03193113            JUNCTION     0.21     1.43    31.90     0  01:56        1.40
  J03193114            JUNCTION     0.35     1.65    32.00     0  01:44        1.63
  J03193117            JUNCTION     0.51     1.77    31.95     0  01:51        1.74
  J03193121            JUNCTION     0.20     1.41    31.87     0  01:54        1.38
  J03193123            JUNCTION     0.30     1.84    32.11     0  00:58        1.82
  J03193126            JUNCTION     0.29     1.72    32.18     0  00:48        1.68
  J03193127            JUNCTION     0.26     1.68    32.17     0  00:45        1.66
  J03193128            JUNCTION     0.46     2.00    32.19     0  00:47        1.98
  J03193130            JUNCTION     0.48     2.00    32.17     0  00:34        2.00
  J03193131            JUNCTION     0.47     2.00    32.18     0  00:41        1.99
  J03193137            JUNCTION     0.41     1.95    32.18     0  01:40        1.93
  J03193141            JUNCTION     0.35     1.86    32.17     0  01:56        1.84
  J03193142            JUNCTION     0.51     2.00    32.14     0  00:33        2.00
  J03193143            JUNCTION     0.49     2.00    32.16     0  00:35        1.99
  J03193145            JUNCTION     0.43     1.94    32.16     0  00:47        1.92
  J03193146            JUNCTION     0.46     1.98    32.17     0  00:49        1.95
  J03193149            JUNCTION     0.23     0.36    30.51     0  00:34        0.36
  J03193150            JUNCTION     0.15     1.09    32.16     0  00:37        1.07
  J03193152            JUNCTION     0.48     1.99    32.16     0  01:40        1.97
  J03193154            JUNCTION     0.31     1.74    32.16     0  00:34        1.72
  J03193155            JUNCTION     0.26     1.69    32.16     0  00:48        1.67
  J03193162            JUNCTION     0.00     0.00    30.40     0  00:00        0.00
  J03193164            JUNCTION     0.01     0.08    29.91     0  00:35        0.08
  J03193167            JUNCTION     0.02     0.10    30.26     0  00:34        0.10
  J03193169            JUNCTION     0.06     0.18    30.50     0  00:34        0.18
  J03193170            JUNCTION     0.38     0.51    30.51     0  00:34        0.51
  J03193173            JUNCTION     0.00     0.00    30.69     0  00:00        0.00
  J03195537            JUNCTION     0.29     0.57    30.76     0  00:47        0.56
  J03195666            JUNCTION     0.50     1.99    32.01     0  00:47        1.96
  J03195750            JUNCTION     0.28     1.70    32.29     0  01:44        1.67
  J03195943            JUNCTION     1.10     1.82    31.17     0  00:21        1.44
  J03195944            JUNCTION     0.47     2.00    30.56     0  00:47        1.48
  J03195988            JUNCTION     1.06     1.87    31.26     0  00:21        1.38
  J03195991            JUNCTION     0.64     2.00    30.37     0  00:15        1.78
  J03196571            JUNCTION     0.00     0.00    30.83     0  00:00        0.00
  J03196573            JUNCTION     0.04     0.13    30.75     0  00:40        0.13
  J03196577            JUNCTION     0.00     0.00    30.11     0  00:00        0.00
  J03196579            JUNCTION     0.31     0.63    29.62     0  01:59        0.63
  J03198004            JUNCTION     0.43     1.55    30.12     0  00:54        1.52
  J03198005            JUNCTION     0.49     2.00    30.80     0  00:15        1.84
  J03233000            JUNCTION     0.73     1.14    34.17     0  00:22        1.11
  J03235001            JUNCTION     0.62     0.90    34.00     0  01:12        0.90
  J03235002            JUNCTION     1.38     1.92    34.32     0  00:14        1.86
  J03235003            JUNCTION     1.48     2.00    34.30     0  00:14        1.97
  J03235004            JUNCTION     0.00     0.00    34.46     0  00:00        0.00
  J03235006            JUNCTION     0.97     1.25    34.00     0  00:14        1.25
  J03235007            JUNCTION     0.79     1.86    34.90     0  00:14        1.42
  J03235013            JUNCTION     0.91     1.97    34.89     0  00:14        1.54
  J03235014            JUNCTION     0.00     0.00    34.45     0  00:00        0.00
  J03235018            JUNCTION     0.33     0.62    34.01     0  00:15        0.61
  J03235019            JUNCTION     0.53     1.92    35.27     0  00:14        1.26
  J03235024            JUNCTION     0.12     1.14    35.27     0  00:14        0.48
  J03235029            JUNCTION     0.10     1.09    35.26     0  00:14        0.49
  J03235031            JUNCTION     0.61     2.00    35.38     0  00:13        1.71
  J03235032            JUNCTION     0.15     2.00    36.43     0  00:13        0.67
  J03235041            JUNCTION     0.23     0.53    34.03     0  00:14        0.50
  J03235042            JUNCTION     0.00     0.00    34.11     0  00:00        0.00
  J03235045            JUNCTION     0.28     1.25    35.55     0  00:13        0.96
  J03235046            JUNCTION     0.25     1.37    35.52     0  00:13        1.10
  J03235049            JUNCTION     0.62     2.00    35.41     0  00:13        1.85
  J03235051            JUNCTION     0.15     0.45    34.03     0  00:14        0.42
  J03235052            JUNCTION     0.00     0.00    34.26     0  00:00        0.00
  J03235056            JUNCTION     0.29     1.42    35.60     0  00:13        1.28
  J03235058            JUNCTION     0.49     1.97    35.56     0  00:13        1.83
  J03235068            JUNCTION     0.00     0.00    34.39     0  00:00        0.00
  J03235069            JUNCTION     0.14     0.42    34.04     0  00:14        0.38
  J03235075            JUNCTION     0.59     2.00    35.59     0  00:13        2.00
  J03235080            JUNCTION     1.29     4.00    37.98     0  00:14        4.00
  J03235081            JUNCTION     0.03     0.03    34.55     0  00:00        0.03
  J03235088            JUNCTION     1.47     5.00    39.02     0  00:17        5.00
  J03260024            JUNCTION     1.06     1.43    29.83     0  00:42        1.34
  J03260025            JUNCTION     0.00     0.00    30.17     0  00:00        0.00
  J03260026            JUNCTION     1.31     1.66    29.80     0  00:41        1.57
  J03260027            JUNCTION     0.00     0.00    30.07     0  00:00        0.00
  J03260028            JUNCTION     0.00     0.00    30.01     0  00:00        0.00
  J03260029            JUNCTION     1.31     1.63    29.76     0  00:42        1.54
  J03260030            JUNCTION     0.00     0.00    30.05     0  00:00        0.00
  J03260031            JUNCTION     0.00     0.00    30.03     0  00:00        0.00
  J03260032            JUNCTION     0.30     0.56    29.73     0  00:41        0.48
  J03260033            JUNCTION     1.39     1.68    29.72     0  00:42        1.61
  J03260034            JUNCTION     0.00     0.00    30.00     0  00:00        0.00
  J03260038            JUNCTION     1.38     2.00    30.05     0  00:34        1.57
  J03260041            JUNCTION     1.58     2.00    29.83     0  00:34        1.76
  J03260047            JUNCTION     0.07     0.07    30.40     0  00:00        0.07
  J03260048            JUNCTION     1.71     1.92    29.62     0  00:51        1.89
  J03260049            JUNCTION     0.00     0.00    30.30     0  00:00        0.00
  J03260050            JUNCTION     0.00     0.00    30.32     0  00:00        0.00
  J03260051            JUNCTION     1.81     2.04    29.64     0  00:51        2.01
  J03260052            JUNCTION     0.00     0.00    30.52     0  00:00        0.00
  J03260054            JUNCTION     1.91     2.16    29.66     0  00:51        2.12
  J03260055            JUNCTION     0.00     0.00    30.68     0  00:00        0.00
  J03260058            JUNCTION     0.00     0.00    30.68     0  00:00        0.00
  J03260059            JUNCTION     0.15     0.41    29.76     0  00:52        0.36
  J03260060            JUNCTION     0.00     0.00    30.61     0  00:00        0.00
  J03260061            JUNCTION     0.00     0.00    29.85     0  00:00        0.00
  J03260062            JUNCTION     0.00     0.00    30.60     0  00:00        0.00
  J03260063            JUNCTION     0.18     0.56    29.86     0  00:52        0.50
  J03260064            JUNCTION     0.00     0.00    30.80     0  00:00        0.00
  J03260065            JUNCTION     0.20     0.68    29.94     0  00:52        0.60
  J03260066            JUNCTION     0.20     0.68    29.93     0  00:52        0.61
  J03260067            JUNCTION     0.00     0.00    30.78     0  00:00        0.00
  J03260075            JUNCTION     0.25     0.90    30.07     0  00:51        0.82
  J03260076            JUNCTION     0.00     0.00    31.19     0  00:00        0.00
  J03260077            JUNCTION     0.00     0.00    31.33     0  00:00        0.00
  J03260079            JUNCTION     0.00     0.00    31.32     0  00:00        0.00
  J03260080            JUNCTION     0.00     0.00    31.37     0  00:00        0.00
  J03260081            JUNCTION     0.00     0.00    31.30     0  00:00        0.00
  J03260082            JUNCTION     0.00     0.00    31.17     0  00:00        0.00
  J03260085            JUNCTION     0.00     0.00    31.12     0  00:00        0.00
  J03260086            JUNCTION     0.00     0.00    30.70     0  00:00        0.00
  J03260087            JUNCTION     0.00     0.00    31.62     0  00:00        0.00
  J03260088            JUNCTION     0.13     0.33    30.46     0  00:52        0.33
  J03260090            JUNCTION     0.16     0.34    30.70     0  00:28        0.34
  J03260093            JUNCTION     0.16     0.41    30.86     0  00:28        0.41
  J03260095            JUNCTION     0.20     0.49    30.94     0  00:28        0.48
  J03260097            JUNCTION     0.13     0.36    31.05     0  00:28        0.36
  J03260099            JUNCTION     0.12     0.31    31.25     0  00:28        0.31
  J03260147            JUNCTION     0.79     2.00    31.27     0  00:22        1.43
  J03260148            JUNCTION     0.15     2.00    32.19     0  00:22        0.51
  J03260149            JUNCTION     1.00     2.00    31.06     0  00:22        1.64
  J03260150            JUNCTION     0.86     1.87    31.07     0  00:22        1.50
  J03260151            JUNCTION     0.82     1.77    31.02     0  00:22        1.52
  J03260154            JUNCTION     0.91     2.00    31.18     0  00:22        1.66
  J03260156            JUNCTION     0.85     1.97    31.21     0  00:22        1.63
  J03260157            JUNCTION     0.72     1.86    31.24     0  00:22        1.52
  J03260159            JUNCTION     0.70     1.84    31.25     0  00:22        1.51
  J03260160            JUNCTION     0.18     1.24    31.26     0  00:22        0.90
  J03260161            JUNCTION     0.68     1.83    31.26     0  00:22        1.50
  J03260162            JUNCTION     0.73     1.86    31.25     0  00:22        1.59
  J03260164            JUNCTION     0.89     2.00    31.24     0  00:22        1.78
  J03260166            JUNCTION     0.86     1.98    31.26     0  00:22        1.80
  J03260167            JUNCTION     0.67     1.80    31.27     0  00:22        1.61
  J03260170            JUNCTION     0.76     1.85    31.24     0  00:22        1.74
  J03260171            JUNCTION     0.97     2.00    31.20     0  00:18        2.00
  J03260172            JUNCTION     0.66     1.80    31.33     0  00:42        1.77
  J03260174            JUNCTION     0.89     2.00    31.30     0  00:19        2.00
  J03260401            JUNCTION     0.08     0.25    31.34     0  00:27        0.25
  J03260403            JUNCTION     0.09     0.30    31.37     0  00:26        0.28
  J03260404            JUNCTION     0.06     0.25    31.45     0  00:27        0.22
  J03260405            JUNCTION     0.05     0.19    31.56     0  00:27        0.18
  J03260406            JUNCTION     0.00     0.00    32.36     0  00:00        0.00
  J03260407            JUNCTION     0.07     0.20    31.81     0  00:26        0.19
  J03260408            JUNCTION     0.09     0.25    31.86     0  00:26        0.25
  J03260409            JUNCTION     0.00     0.00    32.57     0  00:00        0.00
  J03260410            JUNCTION     0.06     0.22    31.93     0  00:26        0.22
  J03260411            JUNCTION     0.00     0.00    32.75     0  00:00        0.00
  J03260412            JUNCTION     0.05     0.18    32.07     0  01:56        0.18
  J03260413            JUNCTION     0.00     0.00    32.79     0  00:00        0.00
  J03260414            JUNCTION     0.06     0.24    32.20     0  01:55        0.24
  J03260415            JUNCTION     0.00     0.00    32.79     0  00:00        0.00
  J03260416            JUNCTION     0.04     0.17    32.22     0  01:05        0.17
  J03260417            JUNCTION     0.04     0.16    32.24     0  01:05        0.16
  J03260418            JUNCTION     0.07     0.21    32.40     0  01:18        0.21
  J03260419            JUNCTION     0.00     0.00    32.19     0  00:00        0.00
  J03260421            JUNCTION     0.05     0.19    32.55     0  01:18        0.19
  J03260422            JUNCTION     0.17     0.36    32.61     0  01:55        0.36
  J03260424            JUNCTION     0.11     0.32    32.63     0  01:17        0.32
  J03260425            JUNCTION     0.08     0.26    32.64     0  01:47        0.26
  J03260426            JUNCTION     0.17     0.52    32.92     0  00:17        0.51
  J03260427            JUNCTION     0.15     0.45    32.93     0  00:17        0.45
  J03260429            JUNCTION     0.75     1.15    33.04     0  00:25        1.12
  J03260431            JUNCTION     0.43     2.00    35.83     0  00:12        2.00
  J03260532            JUNCTION     0.13     0.37    32.80     0  00:24        0.35
  J03260533            JUNCTION     0.12     0.35    32.79     0  00:28        0.34
  J03260534            JUNCTION     0.00     0.00    33.13     0  00:00        0.00
  J03260536            JUNCTION     0.15     0.37    32.64     0  01:34        0.37
  J03260538            JUNCTION     0.13     0.31    32.50     0  02:08        0.31
  J03260539            JUNCTION     0.00     0.00    32.59     0  00:00        0.00
  J03260541            JUNCTION     0.12     0.28    32.44     0  00:23        0.28
  J03260542            JUNCTION     0.21     0.42    32.37     0  00:24        0.39
  J03260544            JUNCTION     0.00     0.00    32.47     0  00:00        0.00
  J03260546            JUNCTION     0.14     0.29    32.28     0  00:24        0.27
  J03260547            JUNCTION     0.00     0.00    32.99     0  00:00        0.00
  J03260548            JUNCTION     0.12     0.29    32.06     0  00:24        0.27
  J03260550            JUNCTION     0.00     0.00    32.05     0  00:00        0.00
  J03260551            JUNCTION     0.12     0.31    31.90     0  00:24        0.29
  J03260555            JUNCTION     0.00     0.00    32.86     0  00:00        0.00
  J03260558            JUNCTION     0.70     0.92    31.85     0  00:24        0.90
  J03260559            JUNCTION     1.12     1.34    31.85     0  00:24        1.32
  J03260560            JUNCTION     0.53     0.75    31.85     0  00:24        0.73
  J03260561            JUNCTION     0.19     0.42    31.81     0  00:25        0.39
  J03260562            JUNCTION     0.00     0.00    32.23     0  00:00        0.00
  J03260564            JUNCTION     0.20     0.39    31.76     0  00:25        0.36
  J03260566            JUNCTION     0.13     0.35    31.63     0  00:25        0.32
  J03260567            JUNCTION     0.00     0.00    32.46     0  00:00        0.00
  J03260568            JUNCTION     0.15     0.38    31.55     0  00:25        0.35
  J03260569            JUNCTION     0.00     0.00    32.47     0  00:00        0.00
  J03260571            JUNCTION     0.13     0.38    31.47     0  00:26        0.35
  J03260572            JUNCTION     0.00     0.00    32.44     0  00:00        0.00
  J03260574            JUNCTION     0.34     0.60    31.44     0  00:26        0.57
  J03260575            JUNCTION     0.00     0.00    32.09     0  00:00        0.00
  J03260577            JUNCTION     0.24     0.48    31.41     0  00:26        0.45
  J03260578            JUNCTION     0.00     0.00    31.72     0  00:00        0.00
  J03261001            JUNCTION     0.00     0.00    28.36     0  00:00        0.00
  J03261009            JUNCTION     1.39     1.80    29.86     0  00:42        1.68
  J03261010            JUNCTION     0.02     0.25    29.86     0  00:42        0.12
  J03261011            JUNCTION     1.07     1.47    29.86     0  00:41        1.34
  J03261012            JUNCTION     0.00     0.00    30.00     0  00:00        0.00
  J03261013            JUNCTION     0.01     0.25    29.89     0  00:41        0.10
  J03261014            JUNCTION     1.41     1.97    30.01     0  00:41        1.69
  J03261015            JUNCTION     0.09     0.60    30.01     0  00:41        0.32
  J03262001            JUNCTION     1.83     2.00    29.57     0  00:32        2.00
  J03262003            JUNCTION     0.00     0.00    28.28     0  00:00        0.00
  J03262004            JUNCTION     0.00     0.00    27.85     0  00:00        0.00
  J03262008            JUNCTION     0.00     0.00    28.22     0  00:00        0.00
  J03262029            JUNCTION     0.00     0.00    30.27     0  00:00        0.00
  J03262030            JUNCTION     0.00     0.00    30.18     0  00:00        0.00
  J03262031            JUNCTION     1.74     1.94    29.61     0  00:41        1.92
  J03262068            JUNCTION     0.00     0.00    28.90     0  00:00        0.00
  J03262069            JUNCTION     0.00     0.00    28.90     0  00:00        0.00
  J03262070            JUNCTION     0.00     0.00    28.93     0  00:00        0.00
  J03262073            JUNCTION     0.00     0.00    29.91     0  00:00        0.00
  J03262074            JUNCTION     0.00     0.00    29.72     0  00:00        0.00
  J03262075            JUNCTION     0.00     0.00    29.91     0  00:00        0.00
  J03262076            JUNCTION     0.00     0.00    29.80     0  00:00        0.00
  J03262078            JUNCTION     0.00     0.00    29.17     0  00:00        0.00
  J03262079            JUNCTION     0.00     0.00    30.51     0  00:00        0.00
  J03262080            JUNCTION     0.00     0.00    30.57     0  00:00        0.00
  J03262083            JUNCTION     0.00     0.00    29.98     0  00:00        0.00
  J03262093            JUNCTION     0.00     0.00    30.07     0  00:00        0.00
  J03262094            JUNCTION     0.00     0.00    29.93     0  00:00        0.00
  J03262095            JUNCTION     0.00     0.00    30.49     0  00:00        0.00
  J03262096            JUNCTION     0.00     0.00    29.75     0  00:00        0.00
  J03262097            JUNCTION     0.00     0.00    30.48     0  00:00        0.00
  J03262098            JUNCTION     0.00     0.00    30.45     0  00:00        0.00
  J03262099            JUNCTION     0.00     0.00    29.72     0  00:00        0.00
  J03262100            JUNCTION     0.00     0.00    29.61     0  00:00        0.00
  J03262101            JUNCTION     0.00     0.00    30.16     0  00:00        0.00
  J03262102            JUNCTION     0.00     0.00    29.88     0  00:00        0.00
  J03262106            JUNCTION     0.00     0.00    30.39     0  00:00        0.00
  J03262113            JUNCTION     0.00     0.00    30.12     0  00:00        0.00
  J03262114            JUNCTION     0.00     0.00    29.85     0  00:00        0.00
  J03262119            JUNCTION     0.00     0.00    30.17     0  00:00        0.00
  J03262120            JUNCTION     0.00     0.00    30.17     0  00:00        0.00
  J03262121            JUNCTION     0.00     0.00    30.44     0  00:00        0.00
  J03262126            JUNCTION     0.00     0.00    29.75     0  00:00        0.00
  J03262127            JUNCTION     0.00     0.00    30.41     0  00:00        0.00
  J03262128            JUNCTION     0.00     0.00    29.22     0  00:00        0.00
  J03262795            JUNCTION     0.10     0.27    29.98     0  00:42        0.26
  J03263001            JUNCTION     0.10     0.44    29.85     0  00:42        0.36
  J03263002            JUNCTION     0.13     0.56    30.11     0  00:40        0.39
  J03263004            JUNCTION     0.76     1.16    29.87     0  00:41        1.04
  J03263005            JUNCTION     0.15     0.52    29.88     0  00:41        0.40
  J03263007            JUNCTION     0.25     2.00    31.45     0  00:20        0.59
  J03263010            JUNCTION     0.24     0.76    30.28     0  00:40        0.64
  J03263011            JUNCTION     0.03     0.28    29.86     0  00:41        0.17
  J03263012            JUNCTION     0.03     0.21    29.90     0  00:24        0.19
  J03263015            JUNCTION     0.22     0.36    29.93     0  00:24        0.34
  J03263016            JUNCTION     0.95     1.32    29.84     0  00:42        1.23
  J03263017            JUNCTION     0.36     2.00    31.44     0  00:20        0.91
  J03263018            JUNCTION     0.19     0.86    30.57     0  00:22        0.74
  J03263024            JUNCTION     0.17     0.79    30.65     0  00:22        0.66
  J03263039            JUNCTION     1.38     2.00    30.63     0  00:19        1.91
  J03263049            JUNCTION     0.18     0.40    30.03     0  00:24        0.38
  J03263052            JUNCTION     1.43     2.00    30.58     0  00:19        1.96
  J03263053            JUNCTION     0.24     2.00    31.58     0  00:22        0.48
  J03263054            JUNCTION     0.12     0.36    30.06     0  00:42        0.35
  J03263057            JUNCTION     0.11     1.35    31.33     0  00:21        0.56
  J03263058            JUNCTION     1.34     1.91    30.58     0  00:22        1.87
  J03263061            JUNCTION     0.06     0.32    30.11     0  00:42        0.31
  J03263063            JUNCTION     0.14     0.42    30.11     0  00:25        0.39
  J03263075            JUNCTION     1.01     1.58    30.59     0  00:20        1.53
  J03263078            JUNCTION     0.32     0.83    30.54     0  00:42        0.80
  J03263079            JUNCTION     0.04     0.26    30.17     0  00:22        0.24
  J03263080            JUNCTION     0.89     1.66    30.81     0  00:22        1.47
  J03263081            JUNCTION     0.00     0.01    30.62     0  00:41        0.01
  J03263082            JUNCTION     0.26     0.96    30.75     0  00:22        0.84
  J03264861            JUNCTION     0.00     0.00    34.00     0  00:00        0.00
  J03264862            JUNCTION     0.00     0.00    34.07     0  00:00        0.00
  J03264872            JUNCTION     0.10     0.46    33.51     0  02:06        0.46
  J03264875            JUNCTION     0.00     0.00    33.44     0  00:00        0.00
  J03264876            JUNCTION     0.10     0.45    33.40     0  02:06        0.45
  J03264882            JUNCTION     0.14     0.48    33.17     0  02:05        0.48
  J03264883            JUNCTION     0.10     0.43    33.16     0  02:05        0.43
  J03264891            JUNCTION     0.29     1.78    34.07     0  00:22        0.70
  J03264892            JUNCTION     0.54     1.46    33.49     0  00:22        0.96
  J03264894            JUNCTION     0.26     0.53    32.84     0  00:34        0.52
  J03264900            JUNCTION     0.04     1.56    32.16     0  00:22        0.24
  J03264960            JUNCTION     0.75     2.00    31.30     0  00:20        1.38
  J03264964            JUNCTION     0.70     1.69    31.05     0  00:22        1.33
  J03265000            JUNCTION     0.00     0.00    32.37     0  00:00        0.00
  J03265001            JUNCTION     0.00     0.00    32.31     0  00:00        0.00
  J03266226            JUNCTION     0.23     0.41    30.46     0  00:42        0.41
  J03266227            JUNCTION     0.04     0.24    30.49     0  00:42        0.23
  J03266669            JUNCTION     0.57     1.55    31.04     0  00:22        1.19
  J03266670            JUNCTION     0.62     1.63    31.07     0  00:22        1.25
  J03266695            JUNCTION     0.00     0.00    31.54     0  00:00        0.00
  J03266696            JUNCTION     0.00     0.00    32.05     0  00:00        0.00
  J03266698            JUNCTION     0.00     0.00    32.53     0  00:00        0.00
  J03266706            JUNCTION     0.00     0.00    32.41     0  00:00        0.00
  J03266707            JUNCTION     0.12     0.31    32.74     0  02:15        0.31
  J03351040            JUNCTION     0.11     0.39    33.93     0  02:29        0.38
  J03351041            JUNCTION     0.00     0.00    34.27     0  00:00        0.00
  J03351042            JUNCTION     0.10     0.36    33.90     0  02:11        0.36
  J03351044            JUNCTION     0.22     0.50    33.85     0  02:09        0.50
  J03351046            JUNCTION     0.10     0.47    33.79     0  02:12        0.47
  J03351047            JUNCTION     0.00     0.00    34.03     0  00:00        0.00
  J03351048            JUNCTION     0.00     0.00    34.09     0  00:00        0.00
  J03351049            JUNCTION     0.10     0.49    33.74     0  02:12        0.49
  J03351051            JUNCTION     0.12     0.53    33.68     0  02:12        0.53
  J03351053            JUNCTION     0.01     0.05    33.68     0  02:12        0.05
  J03351056            JUNCTION     0.21     2.00    34.95     0  00:17        0.63
  J03351058            JUNCTION     0.12     0.49    33.51     0  02:06        0.49
  J03351067            JUNCTION     0.10     0.45    33.46     0  02:06        0.45
  J03351068            JUNCTION     0.11     0.46    33.40     0  02:06        0.46
  J03351070            JUNCTION     0.00     0.00    33.38     0  00:00        0.00
  J03351071            JUNCTION     0.00     0.00    33.56     0  00:00        0.00
  J03351072            JUNCTION     0.12     0.52    33.34     0  02:13        0.52
  J03351075            JUNCTION     0.16     0.59    33.29     0  02:03        0.59
  J03351076            JUNCTION     0.30     2.00    34.54     0  00:19        0.71
  J03351078            JUNCTION     0.11     0.45    33.16     0  02:05        0.45
  J03351080            JUNCTION     0.13     0.47    33.11     0  02:30        0.47
  J03351083            JUNCTION     0.09     0.39    33.06     0  02:30        0.39
  J03351085            JUNCTION     0.00     0.01    33.06     0  02:30        0.01
  J03351086            JUNCTION     0.00     0.00    33.08     0  00:00        0.00
  J03351087            JUNCTION     0.10     0.46    33.01     0  02:30        0.45
  J03351089            JUNCTION     0.16     1.80    34.23     0  00:23        0.53
  J03351092            JUNCTION     1.11     2.00    33.45     0  00:22        1.52
  J03351093            JUNCTION     0.47     1.39    33.49     0  00:22        0.89
  J03351094            JUNCTION     0.29     0.56    32.83     0  02:30        0.56
  J03351095            JUNCTION     0.00     0.00    32.91     0  00:00        0.00
  J03351097            JUNCTION     0.31     0.55    32.79     0  00:23        0.53
  J03352001            JUNCTION     0.16     0.35    32.80     0  01:28        0.35
  J03352003            JUNCTION     0.25     0.44    32.84     0  01:47        0.44
  J03352004            JUNCTION     0.21     0.41    32.86     0  01:18        0.41
  J03352005            JUNCTION     0.26     0.46    32.86     0  01:18        0.46
  J03352007            JUNCTION     0.19     0.44    32.93     0  01:18        0.44
  J03352009            JUNCTION     0.16     0.40    33.01     0  01:18        0.40
  J03352010            JUNCTION     0.00     0.00    33.32     0  00:00        0.00
  J03352011            JUNCTION     0.20     0.44    33.06     0  01:18        0.44
  J03352013            JUNCTION     0.00     0.00    33.43     0  00:00        0.00
  J03352014            JUNCTION     0.19     0.42    33.13     0  01:57        0.42
  J03352015            JUNCTION     0.00     0.00    33.50     0  00:00        0.00
  J03352016            JUNCTION     0.16     0.36    33.17     0  01:58        0.36
  J03352017            JUNCTION     0.25     0.49    33.23     0  01:58        0.48
  J03352018            JUNCTION     0.00     0.00    33.54     0  00:00        0.00
  J03352026            JUNCTION     0.22     0.57    33.53     0  01:58        0.57
  J03352027            JUNCTION     0.00     0.00    33.70     0  00:00        0.00
  J03352028            JUNCTION     0.25     0.68    33.63     0  00:15        0.64
  J03352029            JUNCTION     0.20     0.57    33.60     0  02:03        0.57
  J03352030            JUNCTION     0.00     0.00    33.82     0  00:00        0.00
  J03352031            JUNCTION     0.24     0.59    33.67     0  02:03        0.59
  J03352032            JUNCTION     0.00     0.00    33.89     0  00:00        0.00
  J03352033            JUNCTION     0.25     0.62    33.72     0  01:59        0.62
  J03352034            JUNCTION     0.00     0.00    33.97     0  00:00        0.00
  J03352035            JUNCTION     0.17     0.49    33.77     0  02:25        0.49
  J03352036            JUNCTION     0.00     0.00    33.91     0  00:00        0.00
  J03352037            JUNCTION     0.25     0.57    33.80     0  01:54        0.57
  J03352038            JUNCTION     0.00     0.00    34.03     0  00:00        0.00
  J03352039            JUNCTION     0.03     0.14    33.82     0  02:04        0.14
  J03352041            JUNCTION     0.18     0.45    33.84     0  01:55        0.45
  J03352042            JUNCTION     0.00     0.00    34.30     0  00:00        0.00
  J03352043            JUNCTION     0.14     0.34    33.90     0  02:26        0.34
  J03352045            JUNCTION     0.13     0.37    33.89     0  02:26        0.37
  J03352046            JUNCTION     0.00     0.00    34.22     0  00:00        0.00
  J03352144            JUNCTION     0.16     0.47    33.82     0  02:27        0.47
  J03355147            JUNCTION     0.10     0.46    33.82     0  02:12        0.46
  J03380002            JUNCTION     0.19     0.39    29.48     0  02:00        0.39
  J03380007            JUNCTION     0.18     0.42    29.52     0  01:59        0.42
  J03380010            JUNCTION     0.26     0.53    29.56     0  01:59        0.53
  J03380014            JUNCTION     0.23     0.52    29.58     0  01:59        0.52
  J03380016            JUNCTION     0.14     0.45    29.61     0  01:59        0.45
  J03380018            JUNCTION     0.00     0.00    30.22     0  00:00        0.00
  J03380025            JUNCTION     0.21     0.54    29.63     0  01:59        0.54
  J03380029            JUNCTION     0.22     0.57    29.66     0  01:58        0.57
  J03380032            JUNCTION     0.15     0.51    29.68     0  01:58        0.51
  J03380033            JUNCTION     0.00     0.00    30.41     0  00:00        0.00
  J03380034            JUNCTION     0.00     0.00    30.51     0  00:00        0.00
  J03380037            JUNCTION     0.18     1.19    31.50     0  01:43        1.17
  J03380040            JUNCTION     0.07     0.33    29.76     0  01:58        0.33
  J03380042            JUNCTION     0.11     0.37    29.78     0  01:57        0.37
  J03380046            JUNCTION     0.00     0.00    30.13     0  00:00        0.00
  J03380047            JUNCTION     0.08     0.34    29.81     0  01:57        0.34
  J03380053            JUNCTION     0.11     0.38    29.84     0  02:00        0.38
  J03380055            JUNCTION     0.00     0.00    30.26     0  00:00        0.00
  J03380056            JUNCTION     0.38     0.66    29.85     0  01:50        0.66
  J03380057            JUNCTION     0.26     0.54    29.85     0  01:50        0.54
  J03380058            JUNCTION     0.05     0.13    30.24     0  02:29        0.13
  J03380060            JUNCTION     0.13     0.33    30.51     0  01:19        0.33
  J03380065            JUNCTION     0.21     0.46    30.58     0  01:53        0.46
  J03380071            JUNCTION     0.17     0.43    30.61     0  01:22        0.43
  J03380073            JUNCTION     0.26     0.54    30.63     0  01:51        0.54
  J03380075            JUNCTION     0.15     0.43    30.65     0  01:52        0.43
  J03380076            JUNCTION     0.14     0.42    30.65     0  01:52        0.42
  J03380077            JUNCTION     0.18     0.46    30.65     0  01:52        0.46
  J03380079            JUNCTION     0.30     0.59    30.67     0  01:22        0.59
  J03380081            JUNCTION     0.24     0.55    30.69     0  01:51        0.55
  J03380083            JUNCTION     0.16     0.47    30.71     0  01:51        0.47
  J03380085            JUNCTION     0.15     0.44    30.74     0  01:51        0.44
  J03380088            JUNCTION     0.83     1.12    30.75     0  01:51        1.12
  J03380089            JUNCTION     0.25     0.50    30.79     0  01:52        0.50
  J03380092            JUNCTION     0.32     0.60    30.83     0  01:21        0.60
  J03380095            JUNCTION     0.17     0.48    30.87     0  01:21        0.48
  J03380096            JUNCTION     0.39     1.23    31.41     0  00:18        0.73
  J03380098            JUNCTION     0.22     0.60    30.96     0  01:20        0.60
  J03380100            JUNCTION     0.21     0.57    31.00     0  01:20        0.57
  J03380102            JUNCTION     0.20     0.59    31.04     0  01:20        0.59
  J03380104            JUNCTION     0.22     0.58    31.08     0  01:20        0.58
  J03380106            JUNCTION     0.30     0.71    31.14     0  00:19        0.70
  J03380109            JUNCTION     0.16     0.56    31.15     0  01:20        0.56
  J03380113            JUNCTION     0.16     0.54    31.17     0  01:20        0.54
  J03380117            JUNCTION     0.17     0.52    31.18     0  01:20        0.52
  J03380120            JUNCTION     0.70     1.11    31.24     0  01:40        1.09
  J03380124            JUNCTION     0.16     0.46    31.26     0  01:20        0.45
  J03380127            JUNCTION     0.19     0.51    31.30     0  01:20        0.51
  J03380129            JUNCTION     0.18     0.51    31.31     0  01:20        0.51
  J03380131            JUNCTION     0.17     0.51    31.35     0  00:32        0.50
  J03380136            JUNCTION     0.13     0.43    31.41     0  00:32        0.42
  J03380137            JUNCTION     0.15     0.45    31.45     0  00:21        0.43
  J03380142            JUNCTION     0.17     0.49    31.49     0  00:29        0.46
  J03380145            JUNCTION     0.16     0.46    31.54     0  00:18        0.45
  J03380148            JUNCTION     0.14     0.45    31.60     0  00:18        0.44
  J03380152            JUNCTION     0.13     0.41    31.69     0  00:18        0.39
  J03380155            JUNCTION     0.11     0.35    31.81     0  00:18        0.33
  J03380159            JUNCTION     0.10     0.30    31.99     0  00:18        0.29
  J03380162            JUNCTION     0.11     0.32    32.20     0  00:18        0.31
  J03380165            JUNCTION     0.15     0.38    32.23     0  00:18        0.37
  J03380166            JUNCTION     0.12     0.33    32.36     0  00:17        0.32
  J03380170            JUNCTION     0.19     0.46    32.44     0  00:17        0.45
  J03380173            JUNCTION     0.09     0.28    32.67     0  00:17        0.27
  J03380175            JUNCTION     0.03     0.03    31.95     0  00:10        0.03
  J03380177            JUNCTION     0.02     0.02    31.74     0  13:43        0.02
  J03380178            JUNCTION     0.21     0.21    31.69     0  17:45        0.21
  J03380180            JUNCTION     0.00     0.00    32.07     0  00:00        0.00
  J03380182            JUNCTION     0.02     0.02    31.67     0  02:38        0.02
  J03380184            JUNCTION     0.03     0.03    31.39     0  02:38        0.03
  J03380186            JUNCTION     0.03     0.03    31.24     0  16:41        0.03
  J03380188            JUNCTION     0.03     0.03    31.14     0  14:14        0.03
  J03380190            JUNCTION     0.03     0.03    30.96     0  18:14        0.03
  J03380195            JUNCTION     0.08     0.08    30.89     0  13:44        0.08
  J03380197            JUNCTION     0.02     0.02    30.88     0  02:43        0.02
  J03380198            JUNCTION     0.00     0.00    31.48     0  00:00        0.00
  J03380199            JUNCTION     0.15     0.16    30.76     0  00:33        0.15
  J03380200            JUNCTION     0.00     0.00    31.36     0  00:00        0.00
  J03380201            JUNCTION     0.04     0.04    30.75     0  00:39        0.04
  J03380203            JUNCTION     0.00     0.00    31.75     0  00:00        0.00
  J03380204            JUNCTION     0.00     0.00    31.95     0  00:00        0.00
  J03380206            JUNCTION     0.00     0.00    31.42     0  00:00        0.00
  J03380207            JUNCTION     0.04     0.10    30.76     0  00:31        0.09
  J03380209            JUNCTION     0.12     0.18    30.76     0  00:31        0.17
  J03380210            JUNCTION     0.00     0.00    30.88     0  00:00        0.00
  J03380211            JUNCTION     0.07     0.13    30.76     0  00:31        0.12
  J03380212            JUNCTION     0.00     0.00    30.90     0  00:00        0.00
  J03380213            JUNCTION     0.10     0.15    30.75     0  00:36        0.15
  J03380215            JUNCTION     0.03     0.09    30.75     0  00:40        0.09
  J03380218            JUNCTION     0.12     0.32    30.75     0  00:35        0.32
  J03380219            JUNCTION     0.10     0.36    30.76     0  00:33        0.35
  J03380221            JUNCTION     0.13     0.41    30.76     0  00:35        0.40
  J03380223            JUNCTION     0.55     1.00    30.91     0  00:56        0.86
  J03380224            JUNCTION     0.13     0.57    30.91     0  00:56        0.43
  J03380225            JUNCTION     0.23     0.52    30.76     0  00:35        0.51
  J03380227            JUNCTION     0.26     0.55    30.76     0  00:40        0.55
  J03380228            JUNCTION     0.39     0.87    30.95     0  00:26        0.68
  J03380230            JUNCTION     0.21     0.49    30.75     0  00:42        0.49
  J03380231            JUNCTION     0.00     0.00    30.87     0  00:00        0.00
  J03380232            JUNCTION     0.47     0.78    30.77     0  00:46        0.76
  J03380235            JUNCTION     1.01     1.31    30.75     0  01:54        1.31
  J03380236            JUNCTION     0.24     2.00    32.23     0  00:21        0.53
  J03380237            JUNCTION     1.06     1.85    31.24     0  00:21        1.38
  J03380238            JUNCTION     1.13     1.93    31.25     0  00:21        1.44
  J03380239            JUNCTION     0.26     0.54    30.75     0  01:19        0.53
  J03380240            JUNCTION     0.08     0.35    30.75     0  00:58        0.35
  J03380241            JUNCTION     0.05     0.25    30.75     0  00:59        0.25
  J03380243            JUNCTION     0.35     0.63    30.75     0  01:52        0.63
  J03380245            JUNCTION     0.32     0.60    30.75     0  00:34        0.60
  J03380248            JUNCTION     0.00     0.00    30.80     0  00:00        0.00
  J03380252            JUNCTION     0.00     0.00    30.08     0  00:00        0.00
  J03380254            JUNCTION     0.00     0.00    30.05     0  00:00        0.00
  J03380255            JUNCTION     0.00     0.00    30.99     0  00:00        0.00
  J03380256            JUNCTION     0.00     0.00    30.05     0  00:00        0.00
  J03380258            JUNCTION     0.00     0.00    29.97     0  00:00        0.00
  J03380260            JUNCTION     0.00     0.00    30.00     0  00:00        0.00
  J03380262            JUNCTION     0.00     0.00    29.89     0  00:00        0.00
  J03380264            JUNCTION     0.00     0.00    29.86     0  00:00        0.00
  J03380265            JUNCTION     0.03     0.22    29.85     0  02:00        0.22
  J03380266            JUNCTION     0.37     0.65    29.85     0  01:57        0.65
  J03380267            JUNCTION     0.02     0.17    29.85     0  01:54        0.17
  J03380272            JUNCTION     0.00     0.00    30.30     0  00:00        0.00
  J03380280            JUNCTION     0.00     0.00    29.51     0  00:00        0.00
  J03380281            JUNCTION     0.00     0.00    30.18     0  00:00        0.00
  J03380282            JUNCTION     0.23     0.51    29.85     0  01:42        0.51
  J03380284            JUNCTION     0.03     0.20    29.85     0  01:48        0.20
  J03380286            JUNCTION     0.00     0.00    30.73     0  00:00        0.00
  J03380287            JUNCTION     0.00     0.00    30.05     0  00:00        0.00
  J03380288            JUNCTION     0.00     0.00    30.35     0  00:00        0.00
  J03380289            JUNCTION     0.00     0.00    30.10     0  00:00        0.00
  J03380290            JUNCTION     0.00     0.00    30.27     0  00:00        0.00
  J03380291            JUNCTION     0.00     0.00    30.24     0  00:00        0.00
  J03380292            JUNCTION     0.00     0.00    30.01     0  00:00        0.00
  J03380293            JUNCTION     0.00     0.00    30.16     0  00:00        0.00
  J03380295            JUNCTION     0.00     0.00    30.19     0  00:00        0.00
  J03380299            JUNCTION     0.00     0.00    30.10     0  00:00        0.00
  J03380301            JUNCTION     0.00     0.00    29.72     0  00:00        0.00
  J03380302            JUNCTION     0.00     0.00    29.72     0  00:00        0.00
  J03380305            JUNCTION     0.00     0.00    29.70     0  00:00        0.00
  J03380307            JUNCTION     0.00     0.00    29.67     0  00:00        0.00
  J03380310            JUNCTION     0.00     0.00    29.90     0  00:00        0.00
  J03380316            JUNCTION     0.00     0.00    29.65     0  00:00        0.00
  J03380318            JUNCTION     0.00     0.00    29.81     0  00:00        0.00
  J03380322            JUNCTION     0.00     0.00    29.70     0  00:00        0.00
  J03380323            JUNCTION     0.00     0.00    30.66     0  00:00        0.00
  J03380325            JUNCTION     0.00     0.00    31.08     0  00:00        0.00
  J03380327            JUNCTION     0.00     0.00    29.54     0  00:00        0.00
  J03380328            JUNCTION     0.00     0.00    29.75     0  00:00        0.00
  J03380331            JUNCTION     0.00     0.00    31.06     0  00:00        0.00
  J03380332            JUNCTION     0.00     0.00    29.63     0  00:00        0.00
  J03380335            JUNCTION     0.00     0.00    29.72     0  00:00        0.00
  J03380346            JUNCTION     0.00     0.00    29.57     0  00:00        0.00
  J03380349            JUNCTION     0.00     0.00    29.65     0  00:00        0.00
  J03380352            JUNCTION     0.00     0.00    29.47     0  00:00        0.00
  J03380356            JUNCTION     0.02     0.08    29.31     0  02:00        0.08
  J03388007            JUNCTION     0.74     0.93    29.00     0  01:53        0.93
  J03411012            JUNCTION     0.58     2.00    31.48     0  00:22        1.21
  J03411013            JUNCTION     0.03     1.00    31.51     0  00:22        0.18
  J03411014            JUNCTION     0.86     1.85    31.04     0  00:22        1.50
  J03411015            JUNCTION     0.10     1.20    31.38     0  00:22        0.51
  J03411016            JUNCTION     0.52     1.52    31.06     0  00:22        1.14
  J03411017            JUNCTION     0.08     1.84    32.07     0  00:22        0.45
  J03411018            JUNCTION     0.54     1.57    31.08     0  00:22        1.15
  J03411019            JUNCTION     0.07     1.36    31.67     0  00:22        0.36
  J03411020            JUNCTION     1.22     2.00    30.82     0  00:22        1.85
  J03411021            JUNCTION     0.43     1.73    31.35     0  00:22        1.04
  J03411079            JUNCTION     0.91     1.79    30.93     0  00:22        1.52
  J03411080            JUNCTION     1.38     2.00    30.66     0  00:22        2.00
  J03411081            JUNCTION     0.93     1.57    30.69     0  00:45        1.55
  J03411083            JUNCTION     0.96     1.95    31.04     0  00:22        1.60
  J03464880            JUNCTION     0.11     0.30    31.34     0  00:27        0.30
  J06103061            JUNCTION     0.87     1.79    30.97     0  00:22        1.48
  J06103062            JUNCTION     0.49     1.60    31.16     0  00:22        1.10
  J03260010            OUTFALL      0.12     0.32    25.85     0  02:01        0.32
  
  
  *******************
  Node Inflow Summary
  *******************
  
  -------------------------------------------------------------------------------------------------
                                  Maximum  Maximum                  Lateral       Total        Flow
                                  Lateral    Total  Time of Max      Inflow      Inflow     Balance
                                   Inflow   Inflow   Occurrence      Volume      Volume       Error
  Node                 Type           LPS      LPS  days hr:min    10^6 ltr    10^6 ltr     Percent
  -------------------------------------------------------------------------------------------------
  G03160065            JUNCTION      0.00   508.25     0  01:59           0        3.33       0.001
  G03160066            JUNCTION    508.06   508.06     0  02:00        3.33        3.33       0.001
  G03160068            JUNCTION      0.00     0.00     0  00:00           0           0       0.000 ltr
  G03160069            JUNCTION      0.00     0.00     0  00:00           0           0       0.000 ltr
  G03160070            JUNCTION      0.00   504.96     0  01:43           0        3.33       0.184
  G03160073            JUNCTION      0.00   504.86     0  01:38           0        3.33       0.057
  J03010003            JUNCTION      0.00  1610.95     0  02:01           0        16.2       0.003
  J03160546            JUNCTION      0.00     0.00     0  00:00           0           0       0.000 ltr
  J03160705            JUNCTION      0.00     0.00     0  00:00           0           0       0.000 ltr
  J03165846            JUNCTION      0.00     0.00     0  00:00           0           0       0.000 ltr
  J03166590            JUNCTION      0.00     0.00     0  00:00           0           0       0.000 ltr
  J03166604            JUNCTION      0.00  1283.08     0  01:58           0         9.9       0.004
  J03166622            JUNCTION      0.00     0.00     0  00:00           0           0       0.000 ltr
  J03166623            JUNCTION      0.00     0.00     0  00:00           0           0       0.000 ltr
  J03176807            JUNCTION      0.00   492.25     0  00:22           0        5.36       0.013
  J03176811            JUNCTION      0.00    76.12     0  02:34           0        1.04       0.004
  J03176902            JUNCTION      0.00   115.77     0  00:21           0        1.04      -0.032
  J03180001            JUNCTION      0.00    15.55     0  00:13           0     0.00126      32.969
  J03180002            JUNCTION      0.00    33.37     0  00:21           0     0.00176      -1.282
  J03180003            JUNCTION      0.00   109.23     0  00:23           0        1.06       0.426
  J03180004            JUNCTION      0.00     6.59     0  00:16           0     0.00358       4.827
  J03180005            JUNCTION      0.00    58.94     0  00:21           0    0.000525      -3.569
  J03180006            JUNCTION      0.00   109.29     0  00:23           0        1.05       0.196
  J03180007            JUNCTION      0.00    32.41     0  00:21           0    0.000436      -5.966
  J03180008            JUNCTION      0.00   110.65     0  00:21           0        1.05       0.035
  J03180009            JUNCTION      0.00    16.21     0  00:22           0    0.000395       0.037
  J03180010            JUNCTION      0.00   109.32     0  00:23           0        1.04       0.028
  J03180011            JUNCTION      0.00    12.50     0  00:22           0     0.00285       0.001
  J03180015            JUNCTION      0.00    92.51     0  00:21           0        1.04       0.001
  J03180019            JUNCTION      0.00   131.32     0  00:21           0        1.04      -0.000
  J03180020            JUNCTION      0.00   110.00     0  00:21           0        1.04       0.006
  J03180022            JUNCTION      0.00   107.78     0  00:21           0        1.04       0.006
  J03180025            JUNCTION      0.00    92.95     0  00:21           0        1.04       0.000
  J03180026            JUNCTION      0.00    85.73     0  00:20           0        1.04       0.048
  J03180030            JUNCTION      0.00    82.43     0  00:20           0        1.04       0.018
  J03180031            JUNCTION      0.00     0.00     0  00:00           0           0       0.000 ltr
  J03180032            JUNCTION      0.00     0.00     0  00:00           0           0       0.000 ltr
  J03180034            JUNCTION      0.00    80.15     0  00:19           0        1.04       0.021
  J03180037            JUNCTION      0.00     0.00     0  00:00           0           0       0.000 ltr
  J03180039            JUNCTION      0.00    76.22     0  02:34           0        1.04       0.015
  J03180043            JUNCTION      0.00    76.14     0  02:34           0        1.04      -0.029
  J03180046            JUNCTION      0.00    76.17     0  02:34           0        1.04       0.049
  J03180049            JUNCTION      0.00    76.13     0  02:33           0        1.04       0.017
  J03180052            JUNCTION      0.00    76.15     0  02:33           0        1.04      -0.031
  J03180056            JUNCTION      0.00    76.23     0  02:33           0        1.04       0.092
  J03180060            JUNCTION      0.00    76.20     0  02:32           0        1.04       0.022
  J03180062            JUNCTION      0.00     0.00     0  00:00           0           0       0.000 ltr
  J03180063            JUNCTION      0.00    76.21     0  02:32           0        1.04       0.008
  J03180074            JUNCTION      0.00    77.12     0  01:46           0        1.04       0.047
  J03180075            JUNCTION      0.00     0.00     0  00:00           0           0       0.000 ltr
  J03180077            JUNCTION      0.00     0.00     0  00:00           0           0       0.000 ltr
  J03180079            JUNCTION      0.00     0.00     0  00:00           0           0       0.000 ltr
  J03180080            JUNCTION      0.00    76.86     0  02:32           0        1.04      -0.030
  J03180081            JUNCTION      0.00     0.00     0  00:00           0           0       0.000 ltr
  J03180082            JUNCTION      0.00     0.00     0  00:00           0           0       0.000 ltr
  J03180083            JUNCTION      0.00    77.18     0  02:01           0        1.05       0.086
  J03180084            JUNCTION      0.00     0.00     0  00:00           0           0       0.000 ltr
  J03180086            JUNCTION      0.00     0.00     0  00:00           0           0       0.000 ltr
  J03180087            JUNCTION      0.00    77.29     0  00:51           0        1.05       0.059
  J03180088            JUNCTION      0.00     0.00     0  00:00           0           0       0.000 ltr
  J03180090            JUNCTION      0.00     0.00     0  00:00           0           0       0.000 ltr
  J03180092            JUNCTION      0.00    78.82     0  00:50           0        1.05       0.056
  J03180093            JUNCTION      0.00     0.00     0  00:00           0           0       0.000 ltr
  J03180094            JUNCTION      0.00     0.00     0  00:00           0           0       0.000 ltr
  J03180097            JUNCTION      0.00     0.00     0  00:00           0           0       0.000 ltr
  J03180098            JUNCTION      0.00     0.00     0  00:00           0           0       0.000 ltr
  J03180100            JUNCTION      0.00    79.45     0  02:37           0        1.05       0.007
  J03180102            JUNCTION      0.00     0.00     0  00:00           0           0       0.000 ltr
  J03180103            JUNCTION      0.00     0.00     0  00:00           0           0       0.000 ltr
  J03180105            JUNCTION      0.00    79.26     0  02:39           0        1.05       0.004
  J03180106            JUNCTION      0.00     0.00     0  00:00           0           0       0.000 ltr
  J03180107            JUNCTION      0.00     0.00     0  00:00           0           0       0.000 ltr
  J03180109            JUNCTION      0.00    78.88     0  01:12           0        1.05       0.005
  J03180111            JUNCTION      0.00    77.63     0  00:32           0        1.05       0.007
  J03180113            JUNCTION      0.00     0.00     0  00:00           0           0       0.000 ltr
  J03180114            JUNCTION      0.00    75.63     0  02:26           0        1.05       0.004
  J03180116            JUNCTION      0.00    75.63     0  02:26           0        1.05       0.005
  J03180118            JUNCTION      0.00    75.63     0  02:26           0        1.05       0.017
  J03180119            JUNCTION      0.00     0.00     0  00:00           0           0       0.000 ltr
  J03180120            JUNCTION      0.00     0.00     0  00:00           0           0       0.000 ltr
  J03180124            JUNCTION      0.00    75.63     0  02:26           0        1.05       0.008
  J03189802            JUNCTION      0.00   142.46     0  02:51           0        2.58       0.006
  J03189803            JUNCTION      0.00   172.71     0  00:18           0        2.59       0.139
  J03189833            JUNCTION      0.00     0.00     0  00:00           0           0       0.000 ltr
  J03189834            JUNCTION      0.00     0.00     0  00:00           0           0       0.000 ltr
  J03189835            JUNCTION      0.00   170.66     0  00:15           0         2.6       0.007
  J03189836            JUNCTION      0.00     0.00     0  00:00           0           0       0.000 ltr
  J03189837            JUNCTION      0.00     0.00     0  00:00           0           0       0.000 ltr
  J03189838            JUNCTION      0.00   175.15     0  00:15           0         2.6       0.026
  J03189839            JUNCTION      0.00     2.64     0  00:17           0    0.000865       0.005
  J03189840            JUNCTION      0.00     0.00     0  00:00           0           0       0.000 ltr
  J03189841            JUNCTION      0.00     0.00     0  00:00           0           0       0.000 ltr
  J03189842            JUNCTION      0.00   179.90     0  00:15           0         2.6       0.026
  J03189843            JUNCTION      0.00     0.00     0  00:00           0           0       0.000 ltr
  J03189844            JUNCTION      0.00     0.00     0  00:00           0           0       0.000 ltr
  J03189845            JUNCTION      0.00     0.00     0  00:00           0           0       0.000 ltr
  J03189846            JUNCTION      0.00     0.00     0  00:00           0           0       0.000 ltr
  J03189847            JUNCTION      0.00     0.00     0  00:00           0           0       0.000 ltr
  J03189848            JUNCTION      0.00     1.91     0  00:14           0     0.00037       0.008
  J03190001            JUNCTION      0.00   364.25     0  00:51           0        3.63       0.022
  J03190002            JUNCTION      0.00     0.00     0  00:00           0           0       0.000 ltr
  J03190004            JUNCTION      0.00     0.00     0  00:00           0           0       0.000 ltr
  J03190007            JUNCTION      0.00     0.00     0  00:00           0           0       0.000 ltr
  J03190008            JUNCTION      0.00   368.18     0  00:50           0        3.64       0.019
  J03190010            JUNCTION      0.00   373.18     0  00:50           0        3.65       0.019
  J03190012            JUNCTION      0.00     0.00     0  00:00           0           0       0.000 ltr
  J03190013            JUNCTION      0.00     0.00     0  00:00           0           0       0.000 ltr
  J03190014            JUNCTION      0.00   387.16     0  00:50           0        3.67       0.028
  J03190015            JUNCTION      0.00     0.00     0  00:00           0           0       0.000 ltr
  J03190022            JUNCTION      0.00     0.00     0  00:00           0           0       0.000 ltr
  J03190025            JUNCTION      0.00   428.98     0  00:50           0        6.25      -0.006
  J03190026            JUNCTION      0.00     0.00     0  00:00           0           0       0.000 ltr
  J03190027            JUNCTION      0.00     0.00     0  00:00           0           0       0.000 ltr
  J03190028            JUNCTION      0.00   379.07     0  00:36           0        3.78       0.047
  J03190029            JUNCTION      0.00     0.00     0  00:00           0           0       0.000 ltr
  J03190030            JUNCTION      0.00     7.74     0  00:50           0    0.000526       0.007
  J03190031            JUNCTION      0.00   376.79     0  00:37           0        3.79       0.040
  J03190032            JUNCTION      0.00     0.00     0  00:00           0           0       0.000 ltr
  J03190034            JUNCTION      0.00   373.96     0  00:37           0        3.79       0.029
  J03190039            JUNCTION      0.00   369.30     0  00:37           0        3.78       0.030
  J03190042            JUNCTION      0.00   360.98     0  00:36           0        3.78       0.039
  J03190044            JUNCTION      0.00     0.00     0  00:00           0           0       0.000 ltr
  J03190045            JUNCTION      0.00   346.18     0  00:36           0        3.78       0.043
  J03190048            JUNCTION      0.00   335.81     0  00:35           0        3.78       0.033
  J03190051            JUNCTION      0.00   322.80     0  00:35           0        3.78       0.033
  J03190055            JUNCTION      0.00   303.68     0  00:35           0        3.78       0.025
  J03190059            JUNCTION      0.00   285.54     0  00:33           0        3.78       0.012
  J03190061            JUNCTION      0.00   274.98     0  00:33           0        3.79       0.035
  J03190064            JUNCTION      0.00   256.85     0  00:33           0         3.8       0.035
  J03190067            JUNCTION      0.00   227.10     0  00:33           0        3.83       0.031
  J03190070            JUNCTION      0.00   211.51     0  03:35           0        3.87       0.018
  J03190078            JUNCTION      0.00   253.72     0  00:55           0        4.94       0.013
  J03190083            JUNCTION      0.00   253.75     0  00:55           0        4.92       0.003
  J03190084            JUNCTION      0.00   253.71     0  00:55           0        4.94       0.023
  J03190085            JUNCTION      0.00    15.56     0  00:49           0     0.00163       0.035
  J03190088            JUNCTION      0.00   547.96     0  00:55           0        7.12      -0.012
  J03190089            JUNCTION      0.00    14.18     0  00:47           0     0.00446       0.527
  J03190091            JUNCTION      0.00   562.35     0  00:55           0        7.06       0.032
  J03190092            JUNCTION      0.00     5.28     0  00:49           0    0.000973       1.218
  J03190094            JUNCTION      0.00   549.06     0  00:55           0        7.06       0.019
  J03190096            JUNCTION      0.00    20.54     0  00:47           0      0.0019      -2.246
  J03190102            JUNCTION      0.00   549.07     0  00:55           0        7.05       0.017
  J03190106            JUNCTION      0.00   549.12     0  00:55           0        7.05       0.016
  J03190107            JUNCTION      0.00   549.07     0  00:55           0        7.05       0.021
  J03190111            JUNCTION      0.00   549.09     0  00:55           0        7.05       0.020
  J03190114            JUNCTION      0.00   549.10     0  00:55           0        7.05       0.028
  J03190117            JUNCTION      0.00   260.13     0  02:13           0         5.9       0.018
  J03190120            JUNCTION      0.00   260.33     0  00:49           0         5.9       0.030
  J03190121            JUNCTION      0.00     0.00     0  00:00           0           0       0.000 ltr
  J03190123            JUNCTION      0.00     0.00     0  00:00           0           0       0.000 ltr
  J03190124            JUNCTION      0.00   260.78     0  02:07           0         5.9       0.029
  J03190128            JUNCTION      0.00   261.50     0  02:07           0         5.9       0.029
  J03190129            JUNCTION      0.00     0.00     0  00:00           0           0       0.000 ltr
  J03190130            JUNCTION      0.00   262.59     0  02:06           0        5.89       0.029
  J03190133            JUNCTION      0.00     0.00     0  00:00           0           0       0.000 ltr
  J03190134            JUNCTION      0.00   329.42     0  00:51           0        6.58       0.149
  J03190138            JUNCTION      0.00   329.90     0  00:51           0        6.57       0.026
  J03190142            JUNCTION      0.00  1283.19     0  02:00           0        9.68       0.799
  J03190145            JUNCTION      0.00  1283.21     0  02:00           0        9.75       0.769
  J03190147            JUNCTION      0.00  1285.24     0  02:00           0        9.81       0.632
  J03190149            JUNCTION      0.00     0.00     0  00:00           0           0       0.000 ltr
  J03190150            JUNCTION      0.00   123.29     0  01:08           0        1.07      -0.032
  J03190155            JUNCTION      0.00   102.94     0  00:21           0     0.00351       4.630
  J03190159            JUNCTION      0.00    36.43     0  00:21           0    0.000999      52.068
  J03190161            JUNCTION      0.00   183.39     0  00:19           0        1.09       0.602
  J03190162            JUNCTION      0.00   123.36     0  01:19           0        1.07       0.037
  J03190164            JUNCTION      0.00   141.86     0  00:21           0        1.08       0.000
  J03190167            JUNCTION      0.00   124.94     0  00:21           0        1.07       0.015
  J03190839            JUNCTION      0.00     0.00     0  00:00           0           0       0.000 ltr
  J03190840            JUNCTION      0.00     0.00     0  00:00           0           0       0.000 ltr
  J03191001            JUNCTION      0.00   100.43     0  00:25           0        0.22       3.148
  J03191002            JUNCTION      0.00   165.37     0  00:51           0        1.07      -0.078
  J03191003            JUNCTION      0.00    18.05     0  00:48           0     0.00162       0.726
  J03191004            JUNCTION      0.00    25.26     0  00:48           0     0.00577       1.064
  J03191005            JUNCTION      0.00    23.34     0  00:48           0     0.00639       1.106
  J03191007            JUNCTION      0.00   161.34     0  00:51           0        1.07       0.193
  J03191008            JUNCTION      0.00     0.00     0  00:00           0           0       0.000 ltr
  J03191010            JUNCTION      0.00    21.96     0  00:48           0      0.0017       0.037
  J03191015            JUNCTION      0.00     0.00     0  00:00           0           0       0.000 ltr
  J03191016            JUNCTION      0.00     0.00     0  00:00           0           0       0.000 ltr
  J03191017            JUNCTION      0.00     0.00     0  00:00           0           0       0.000 ltr
  J03191019            JUNCTION      0.00   122.86     0  02:08           0        1.07       0.000
  J03191021            JUNCTION      0.00   157.21     0  00:51           0        1.09      -0.026
  J03191023            JUNCTION      0.00     0.00     0  00:00           0           0       0.000 ltr
  J03191100            JUNCTION      0.00   305.00     0  00:19           0        1.09       0.162
  J03191101            JUNCTION      0.00     0.00     0  00:00           0           0       0.000 ltr
  J03191102            JUNCTION      0.00     0.00     0  00:00           0           0       0.000 ltr
  J03191103            JUNCTION      0.00    58.46     0  00:47           0      0.0228      -0.178
  J03191950            JUNCTION      0.00   162.10     0  00:51           0        1.08      -0.037
  J03191951            JUNCTION      0.00     0.52     0  00:53           0    1.11e-05       0.080 ltr
  J03191952            JUNCTION      0.00     0.00     0  00:00           0           0       0.000 ltr
  J03191956            JUNCTION      0.00   123.16     0  01:10           0        1.07       0.002
  J03191983            JUNCTION      0.00   353.72     0  00:33           0        2.24       0.002
  J03192002            JUNCTION      0.00    44.72     0  00:47           0     0.00602       9.936
  J03192077            JUNCTION      0.00    21.07     0  00:48           0     0.00645       0.003
  J03193034            JUNCTION      0.00    31.42     0  00:47           0     0.00249      -0.628
  J03193036            JUNCTION      0.00   353.84     0  00:33           0        2.24       0.001
  J03193037            JUNCTION      0.00   353.78     0  00:33           0        2.24      -0.006
  J03193038            JUNCTION      0.00   353.79     0  00:33           0        2.24       0.001
  J03193045            JUNCTION      0.00   353.89     0  00:33           0        2.24      -0.004
  J03193051            JUNCTION      0.00   353.87     0  00:33           0        2.24       0.029
  J03193057            JUNCTION      0.00   353.94     0  00:33           0        2.24       0.015
  J03193062            JUNCTION      0.00   354.05     0  00:33           0        2.25       0.009
  J03193063            JUNCTION      0.00   353.80     0  00:33           0        2.25       0.021
  J03193064            JUNCTION      0.00   353.77     0  00:33           0        2.25       0.003
  J03193078            JUNCTION      0.00   353.81     0  00:33           0        2.25       0.025
  J03193080            JUNCTION      0.00   353.77     0  00:33           0        2.25       0.100
  J03193081            JUNCTION      0.00   353.76     0  00:33           0        2.25       0.093
  J03193083            JUNCTION      0.00   353.83     0  00:33           0        2.25       0.016
  J03193085            JUNCTION      0.00   353.91     0  00:33           0        2.25       0.012
  J03193093            JUNCTION    528.51   528.51     0  02:00        3.51        3.51       0.001
  J03193094            JUNCTION      0.00   528.57     0  01:59           0        3.51       0.025
  J03193097            JUNCTION      0.00   528.61     0  01:59           0        3.51      -0.006
  J03193099            JUNCTION      0.00     2.85     0  00:22           0    0.000549      -0.574
  J03193100            JUNCTION      0.00   529.06     0  01:57           0        3.51       0.001
  J03193103            JUNCTION      0.00   529.00     0  01:57           0        3.51       0.003
  J03193104            JUNCTION      0.00   528.89     0  01:57           0        3.51       0.030
  J03193105            JUNCTION      0.00   529.55     0  01:59           0        3.51      -0.001
  J03193110            JUNCTION      0.00   528.74     0  01:59           0        3.51       0.003
  J03193113            JUNCTION      0.00   528.69     0  01:59           0        3.51       0.002
  J03193114            JUNCTION      0.00   528.67     0  01:59           0        3.51       0.031
  J03193117            JUNCTION      0.00   528.76     0  01:58           0        3.51       0.033
  J03193121            JUNCTION      0.00   528.72     0  01:59           0        3.51       0.001
  J03193123            JUNCTION      0.00   353.83     0  00:33           0        2.25       0.022
  J03193126            JUNCTION      0.00   354.15     0  00:33           0        2.25       0.001
  J03193127            JUNCTION      0.00   354.17     0  00:33           0        2.25      -0.002
  J03193128            JUNCTION      0.00   354.03     0  00:33           0        2.25       0.008
  J03193130            JUNCTION    614.26   614.26     0  02:00        4.01        4.02      -0.199
  J03193131            JUNCTION      0.00   141.00     0  01:23           0       0.819       0.063
  J03193137            JUNCTION      0.00   141.01     0  01:23           0       0.814       0.070
  J03193141            JUNCTION      0.00   141.01     0  01:23           0        0.81      -0.015
  J03193142            JUNCTION      0.00   141.22     0  00:49           0        0.81       0.029
  J03193143            JUNCTION      0.00    72.61     0  00:10           0       0.398       0.426
  J03193145            JUNCTION      0.00    60.08     0  00:35           0       0.392      -0.013
  J03193146            JUNCTION      0.00    60.74     0  01:38           0       0.388       0.082
  J03193149            JUNCTION      0.00    59.97     0  00:35           0       0.384       0.176
  J03193150            JUNCTION      0.00    60.09     0  00:35           0       0.377      -0.003
  J03193152            JUNCTION      0.00    60.10     0  00:45           0       0.383       0.158
  J03193154            JUNCTION      0.00    21.60     0  00:11           0     0.00184      -0.877
  J03193155            JUNCTION      0.00    12.53     0  00:10           0    0.000598       0.300
  J03193162            JUNCTION      0.00     0.00     0  00:00           0           0       0.000 ltr
  J03193164            JUNCTION      0.00    59.87     0  00:34           0       0.375      -0.040
  J03193167            JUNCTION      0.00    59.86     0  00:35           0       0.375      -0.002
  J03193169            JUNCTION      0.00    59.93     0  00:34           0       0.377       0.025
  J03193170            JUNCTION      0.00    59.88     0  00:34           0       0.385       0.466
  J03193173            JUNCTION      0.00     0.00     0  00:00           0           0       0.000 ltr
  J03195537            JUNCTION      0.00    96.20     0  00:25           0       0.219       0.485
  J03195666            JUNCTION      0.00   353.94     0  00:33           0        2.25       0.012
  J03195750            JUNCTION      0.00   529.29     0  01:58           0        3.51       0.002
  J03195943            JUNCTION      0.00   275.66     0  00:19           0        1.09       0.426
  J03195944            JUNCTION      0.00   281.14     0  00:33           0        3.78       0.008
  J03195988            JUNCTION      0.00   371.83     0  00:19           0        1.11       1.050
  J03195991            JUNCTION      0.00   353.72     0  00:33           0        2.23      -0.005
  J03196571            JUNCTION      0.00     0.00     0  00:00           0           0       0.000 ltr
  J03196573            JUNCTION      0.00    25.47     0  00:25           0       0.189       0.030
  J03196577            JUNCTION      0.00     0.00     0  00:00           0           0       0.000 ltr
  J03196579            JUNCTION      0.00  1283.08     0  01:59           0         9.9       0.067
  J03198004            JUNCTION      0.00   353.77     0  00:33           0        2.23       0.046
  J03198005            JUNCTION      0.00   353.72     0  00:33           0        2.23       0.047
  J03233000            JUNCTION      0.00   341.59     0  00:14           0        4.43      -0.038
  J03235001            JUNCTION      0.00   362.55     0  00:15           0         4.9       0.039
  J03235002            JUNCTION      0.00   364.44     0  00:25           0        4.43       0.117
  J03235003            JUNCTION      0.00   341.50     0  00:14           0        4.43      -0.029
  J03235004            JUNCTION      0.00     0.00     0  00:00           0           0       0.000 ltr
  J03235006            JUNCTION      0.00    69.37     0  00:11           0       0.479       0.800
  J03235007            JUNCTION      0.00    42.43     0  00:14           0       0.006      16.188
  J03235013            JUNCTION      0.00   342.80     0  00:14           0        4.44       0.039
  J03235014            JUNCTION      0.00     0.00     0  00:00           0           0       0.000 ltr
  J03235018            JUNCTION      0.00    72.34     0  00:10           0       0.475       0.279
  J03235019            JUNCTION      0.00   345.42     0  00:14           0        4.44       0.043
  J03235024            JUNCTION      0.00    26.27     0  00:13           0    0.000561       0.254
  J03235029            JUNCTION      0.00    43.73     0  00:14           0    0.000655      -1.536
  J03235031            JUNCTION      0.00   340.75     0  00:14           0        4.44       0.032
  J03235032            JUNCTION      0.00    23.47     0  00:13           0     0.00038      -4.250
  J03235041            JUNCTION      0.00    41.05     0  00:11           0       0.471       0.115
  J03235042            JUNCTION      0.00     0.00     0  00:00           0           0       0.000 ltr
  J03235045            JUNCTION      0.00    21.35     0  00:12           0    0.000673      10.319
  J03235046            JUNCTION      0.00    39.65     0  00:13           0     0.00184      -2.867
  J03235049            JUNCTION      0.00   340.81     0  00:14           0        4.44       0.004
  J03235051            JUNCTION      0.00    29.10     0  00:11           0       0.469       0.014
  J03235052            JUNCTION      0.00     0.00     0  00:00           0           0       0.000 ltr
  J03235056            JUNCTION      0.00    20.43     0  00:12           0    0.000494      -5.637
  J03235058            JUNCTION      0.00   340.88     0  00:14           0        4.44      -0.003
  J03235068            JUNCTION      0.00     0.00     0  00:00           0           0       0.000 ltr
  J03235069            JUNCTION      0.00    19.44     0  00:11           0       0.467       0.019
  J03235075            JUNCTION      0.00   368.05     0  02:41           0        4.71       0.009
  J03235080            JUNCTION      0.00   586.72     0  00:21           0        6.54       0.008
  J03235081            JUNCTION      5.40     5.40     0  00:00       0.467       0.467       0.008
  J03235088            JUNCTION   2304.70  2304.70     0  02:00        14.8        14.8       0.002
  J03260024            JUNCTION      0.00   494.03     0  00:25           0        4.78       0.593
  J03260025            JUNCTION      0.00     0.00     0  00:00           0           0       0.000 ltr
  J03260026            JUNCTION      0.00   480.75     0  00:43           0        4.69       0.678
  J03260027            JUNCTION      0.00     0.00     0  00:00           0           0       0.000 ltr
  J03260028            JUNCTION      0.00     0.00     0  00:00           0           0       0.000 ltr
  J03260029            JUNCTION      0.00   483.26     0  00:43           0        4.65       0.643
  J03260030            JUNCTION      0.00     0.00     0  00:00           0           0       0.000 ltr
  J03260031            JUNCTION      0.00     0.00     0  00:00           0           0       0.000 ltr
  J03260032            JUNCTION      0.00    11.47     0  00:39           0     0.00393      12.640
  J03260033            JUNCTION      0.00   499.36     0  00:42           0        4.63       0.865
  J03260034            JUNCTION      0.00     0.00     0  00:00           0           0       0.000 ltr
  J03260038            JUNCTION      0.00   492.29     0  00:43           0        4.58       0.595
  J03260041            JUNCTION      0.00   492.31     0  00:43           0        4.56       0.658
  J03260047            JUNCTION      2.80     2.80     0  00:00       0.242       0.242       0.034
  J03260048            JUNCTION      0.00   412.37     0  00:29           0        3.55       1.120
  J03260049            JUNCTION      0.00     0.00     0  00:00           0           0       0.000 ltr
  J03260050            JUNCTION      0.00     0.00     0  00:00           0           0       0.000 ltr
  J03260051            JUNCTION      0.00   369.91     0  00:53           0        3.49       1.098
  J03260052            JUNCTION      0.00     0.00     0  00:00           0           0       0.000 ltr
  J03260054            JUNCTION      0.00   417.81     0  00:53           0        7.14       0.457
  J03260055            JUNCTION      0.00     0.00     0  00:00           0           0       0.000 ltr
  J03260058            JUNCTION      0.00     0.00     0  00:00           0           0       0.000 ltr
  J03260059            JUNCTION      0.00   411.80     0  00:52           0        7.11       0.014
  J03260060            JUNCTION      0.00     0.00     0  00:00           0           0       0.000 ltr
  J03260061            JUNCTION      0.00     0.00     0  00:00           0           0       0.000 ltr
  J03260062            JUNCTION      0.00     0.00     0  00:00           0           0       0.000 ltr
  J03260063            JUNCTION      0.00   354.11     0  00:53           0        3.42       0.028
  J03260064            JUNCTION      0.00     0.00     0  00:00           0           0       0.000 ltr
  J03260065            JUNCTION      0.00   354.31     0  00:53           0        3.42       0.010
  J03260066            JUNCTION      0.00   348.72     0  00:53           0        3.42       0.034
  J03260067            JUNCTION      0.00     0.00     0  00:00           0           0       0.000 ltr
  J03260075            JUNCTION      2.80   365.84     0  00:51       0.242        3.65       0.025
  J03260076            JUNCTION      0.00     0.00     0  00:00           0           0       0.000 ltr
  J03260077            JUNCTION      0.00     0.00     0  00:00           0           0       0.000 ltr
  J03260079            JUNCTION      0.00     0.00     0  00:00           0           0       0.000 ltr
  J03260080            JUNCTION      0.00     0.00     0  00:00           0           0       0.000 ltr
  J03260081            JUNCTION      0.00     0.00     0  00:00           0           0       0.000 ltr
  J03260082            JUNCTION      0.00     0.00     0  00:00           0           0       0.000 ltr
  J03260085            JUNCTION      0.00     0.00     0  00:00           0           0       0.000 ltr
  J03260086            JUNCTION      0.00     0.00     0  00:00           0           0       0.000 ltr
  J03260087            JUNCTION      0.00     0.00     0  00:00           0           0       0.000 ltr
  J03260088            JUNCTION      0.00   401.97     0  00:28           0        5.04       0.048
  J03260090            JUNCTION      0.00   399.74     0  00:28           0        5.04       0.027
  J03260093            JUNCTION      0.00   398.94     0  00:28           0        5.04       0.008
  J03260095            JUNCTION      0.00   399.82     0  00:28           0        5.04       0.013
  J03260097            JUNCTION      0.00   398.47     0  00:28           0        5.04       0.005
  J03260099            JUNCTION      0.00   394.81     0  01:18           0        5.04       0.003
  J03260147            JUNCTION      0.00    88.37     0  00:22           0      0.0312      11.060
  J03260148            JUNCTION      0.00    44.96     0  00:22           0       0.001       8.191
  J03260149            JUNCTION      0.00   616.58     0  00:18           0        5.16       0.235
  J03260150            JUNCTION      0.00   617.24     0  00:19           0        5.11       0.047
  J03260151            JUNCTION      0.00   609.82     0  00:18           0         4.1       0.219
  J03260154            JUNCTION      0.00   610.12     0  00:19           0         4.1       0.165
  J03260156            JUNCTION      0.00   610.02     0  00:19           0        4.11       0.076
  J03260157            JUNCTION      0.00   610.07     0  00:19           0        4.11       0.065
  J03260159            JUNCTION      0.00   610.44     0  00:19           0        4.11       0.036
  J03260160            JUNCTION      0.00    13.84     0  00:16           0      0.0005       0.877
  J03260161            JUNCTION      0.00   610.04     0  00:19           0        4.11       0.069
  J03260162            JUNCTION      0.00   610.01     0  00:19           0        4.12       0.133
  J03260164            JUNCTION      0.00   610.00     0  00:19           0        4.12       0.137
  J03260166            JUNCTION      0.00   610.05     0  00:19           0        4.13       0.156
  J03260167            JUNCTION      0.00    11.03     0  00:13           0     0.00193      28.379
  J03260170            JUNCTION      0.00   610.06     0  00:19           0        4.14       0.170
  J03260171            JUNCTION      0.00   773.58     0  02:09           0        6.84       0.098
  J03260172            JUNCTION      0.00   775.94     0  01:40           0        6.84       0.017
  J03260174            JUNCTION   1766.02  1766.02     0  02:00        11.6        11.6       0.006
  J03260401            JUNCTION      0.00     4.09     0  00:26           0      0.0012       3.004
  J03260403            JUNCTION      0.00   146.67     0  00:27           0        1.23      -0.026
  J03260404            JUNCTION      0.00   129.05     0  00:27           0        1.23       0.023
  J03260405            JUNCTION      0.00   129.23     0  00:26           0        1.23      -0.001
  J03260406            JUNCTION      0.00     0.00     0  00:00           0           0       0.000 ltr
  J03260407            JUNCTION      0.00   126.60     0  01:56           0        1.23       0.007
  J03260408            JUNCTION      0.00   126.41     0  01:56           0        1.23      -0.011
  J03260409            JUNCTION      0.00     0.00     0  00:00           0           0       0.000 ltr
  J03260410            JUNCTION      0.00   126.31     0  01:56           0        1.23       0.018
  J03260411            JUNCTION      0.00     0.00     0  00:00           0           0       0.000 ltr
  J03260412            JUNCTION      0.00   126.16     0  01:05           0        1.23      -0.002
  J03260413            JUNCTION      0.00     0.00     0  00:00           0           0       0.000 ltr
  J03260414            JUNCTION      0.00   126.20     0  01:19           0        1.23      -0.003
  J03260415            JUNCTION      0.00     0.00     0  00:00           0           0       0.000 ltr
  J03260416            JUNCTION      0.00   126.23     0  01:19           0        1.23      -0.000
  J03260417            JUNCTION      0.00   126.27     0  01:18           0        1.23       0.001
  J03260418            JUNCTION      0.00   126.51     0  01:18           0        1.23       0.006
  J03260419            JUNCTION      0.00     0.00     0  00:00           0           0       0.000 ltr
  J03260421            JUNCTION      0.00   126.16     0  01:18           0        1.23      -0.003
  J03260422            JUNCTION      0.00   126.75     0  01:18           0        1.23       0.041
  J03260424            JUNCTION      0.00   185.62     0  00:22           0         1.4       0.008
  J03260425            JUNCTION      0.00   168.77     0  00:17           0        1.24       0.004
  J03260426            JUNCTION      0.00   495.18     0  00:17           0        5.35       0.008
  J03260427            JUNCTION      0.00   493.43     0  00:17           0        5.35       0.005
  J03260429            JUNCTION      0.00   494.00     0  00:17           0        5.36       0.069
  J03260431            JUNCTION   1774.67  1774.67     0  02:00        11.3        11.3       0.001
  J03260532            JUNCTION      0.00    36.22     0  00:23           0     0.00633       0.932
  J03260533            JUNCTION      0.00    69.55     0  00:23           0      0.0134       0.084
  J03260534            JUNCTION      0.00     0.00     0  00:00           0           0       0.000 ltr
  J03260536            JUNCTION      0.00   269.52     0  02:28           0        3.97       0.010
  J03260538            JUNCTION      0.00   277.69     0  01:34           0        3.82       0.005
  J03260539            JUNCTION      0.00     0.00     0  00:00           0           0       0.000 ltr
  J03260541            JUNCTION      0.00   269.49     0  02:08           0        3.82       0.007
  J03260542            JUNCTION      0.00   270.01     0  01:25           0        3.82       0.016
  J03260544            JUNCTION      0.00     0.00     0  00:00           0           0       0.000 ltr
  J03260546            JUNCTION      0.00   268.75     0  01:58           0        3.82       0.013
  J03260547            JUNCTION      0.00     0.00     0  00:00           0           0       0.000 ltr
  J03260548            JUNCTION      0.00   272.26     0  00:24           0        3.82       0.008
  J03260550            JUNCTION      0.00     0.00     0  00:00           0           0       0.000 ltr
  J03260551            JUNCTION      0.00   278.49     0  00:24           0        3.82       0.010
  J03260555            JUNCTION      0.00     0.00     0  00:00           0           0       0.000 ltr
  J03260558            JUNCTION      0.00    32.85     0  00:13           0     0.00232      40.729
  J03260559            JUNCTION      0.00    37.70     0  00:14           0     0.00651      30.061
  J03260560            JUNCTION      0.00   278.90     0  00:24           0        3.82       0.022
  J03260561            JUNCTION      0.00   278.38     0  00:24           0        3.82       0.011
  J03260562            JUNCTION      0.00     0.00     0  00:00           0           0       0.000 ltr
  J03260564            JUNCTION      0.00   285.49     0  00:25           0        3.82       0.020
  J03260566            JUNCTION      0.00   292.99     0  00:25           0        3.82       0.009
  J03260567            JUNCTION      0.00     0.00     0  00:00           0           0       0.000 ltr
  J03260568            JUNCTION      0.00   296.40     0  00:25           0        3.82       0.013
  J03260569            JUNCTION      0.00     0.00     0  00:00           0           0       0.000 ltr
  J03260571            JUNCTION      0.00   299.88     0  00:25           0        3.82       0.006
  J03260572            JUNCTION      0.00     0.00     0  00:00           0           0       0.000 ltr
  J03260574            JUNCTION      0.00   288.57     0  00:26           0        3.82       0.070
  J03260575            JUNCTION      0.00     0.00     0  00:00           0           0       0.000 ltr
  J03260577            JUNCTION      0.00   292.71     0  00:26           0        3.81       0.037
  J03260578            JUNCTION      0.00     0.00     0  00:00           0           0       0.000 ltr
  J03261001            JUNCTION      0.00     0.00     0  00:00           0           0       0.000 ltr
  J03261009            JUNCTION      0.00   168.57     0  00:35           0      0.0935      36.578
  J03261010            JUNCTION      0.00    26.53     0  00:42           0     0.00476       0.002
  J03261011            JUNCTION      0.00    44.92     0  00:41           0     0.00715      21.260
  J03261012            JUNCTION      0.00     0.00     0  00:00           0           0       0.000 ltr
  J03261013            JUNCTION      0.00    27.28     0  00:41           0     0.00316       0.003
  J03261014            JUNCTION      0.00    78.35     0  00:22           0      0.0383      87.985
  J03261015            JUNCTION      0.00    15.09     0  00:39           0     0.00294       0.164
  J03262001            JUNCTION      0.00   817.95     0  00:53           0        7.01       0.525
  J03262003            JUNCTION      0.00     0.00     0  00:00           0           0       0.000 ltr
  J03262004            JUNCTION      0.00     0.00     0  00:00           0           0       0.000 ltr
  J03262008            JUNCTION      0.00     0.00     0  00:00           0           0       0.000 ltr
  J03262029            JUNCTION      0.00     0.00     0  00:00           0           0       0.000 ltr
  J03262030            JUNCTION      0.00     0.00     0  00:00           0           0       0.000 ltr
  J03262031            JUNCTION      0.00   433.68     0  00:30           0        3.38       1.142
  J03262068            JUNCTION      0.00     0.00     0  00:00           0           0       0.000 ltr
  J03262069            JUNCTION      0.00     0.00     0  00:00           0           0       0.000 ltr
  J03262070            JUNCTION      0.00     0.00     0  00:00           0           0       0.000 ltr
  J03262073            JUNCTION      0.00     0.00     0  00:00           0           0       0.000 ltr
  J03262074            JUNCTION      0.00     0.00     0  00:00           0           0       0.000 ltr
  J03262075            JUNCTION      0.00     0.00     0  00:00           0           0       0.000 ltr
  J03262076            JUNCTION      0.00     0.00     0  00:00           0           0       0.000 ltr
  J03262078            JUNCTION      0.00     0.00     0  00:00           0           0       0.000 ltr
  J03262079            JUNCTION      0.00     0.00     0  00:00           0           0       0.000 ltr
  J03262080            JUNCTION      0.00     0.00     0  00:00           0           0       0.000 ltr
  J03262083            JUNCTION      0.00     0.00     0  00:00           0           0       0.000 ltr
  J03262093            JUNCTION      0.00     0.00     0  00:00           0           0       0.000 ltr
  J03262094            JUNCTION      0.00     0.00     0  00:00           0           0       0.000 ltr
  J03262095            JUNCTION      0.00     0.00     0  00:00           0           0       0.000 ltr
  J03262096            JUNCTION      0.00     0.00     0  00:00           0           0       0.000 ltr
  J03262097            JUNCTION      0.00     0.00     0  00:00           0           0       0.000 ltr
  J03262098            JUNCTION      0.00     0.00     0  00:00           0           0       0.000 ltr
  J03262099            JUNCTION      0.00     0.00     0  00:00           0           0       0.000 ltr
  J03262100            JUNCTION      0.00     0.00     0  00:00           0           0       0.000 ltr
  J03262101            JUNCTION      0.00     0.00     0  00:00           0           0       0.000 ltr
  J03262102            JUNCTION      0.00     0.00     0  00:00           0           0       0.000 ltr
  J03262106            JUNCTION      0.00     0.00     0  00:00           0           0       0.000 ltr
  J03262113            JUNCTION      0.00     0.00     0  00:00           0           0       0.000 ltr
  J03262114            JUNCTION      0.00     0.00     0  00:00           0           0       0.000 ltr
  J03262119            JUNCTION      0.00     0.00     0  00:00           0           0       0.000 ltr
  J03262120            JUNCTION      0.00     0.00     0  00:00           0           0       0.000 ltr
  J03262121            JUNCTION      0.00     0.00     0  00:00           0           0       0.000 ltr
  J03262126            JUNCTION      0.00     0.00     0  00:00           0           0       0.000 ltr
  J03262127            JUNCTION      0.00     0.00     0  00:00           0           0       0.000 ltr
  J03262128            JUNCTION      0.00     0.00     0  00:00           0           0       0.000 ltr
  J03262795            JUNCTION      0.00   121.63     0  00:42           0       0.904       0.029
  J03263001            JUNCTION      0.00   335.40     0  00:26           0        3.88      -0.000
  J03263002            JUNCTION      0.00   320.73     0  00:34           0        3.88       0.001
  J03263004            JUNCTION      0.00   142.95     0  00:43           0       0.916       1.298
  J03263005            JUNCTION      0.00   134.43     0  00:24           0       0.903      -0.027
  J03263007            JUNCTION      0.00   320.72     0  00:34           0        3.88      -0.001
  J03263010            JUNCTION      0.00   320.71     0  00:34           0        3.88       0.015
  J03263011            JUNCTION      0.00    43.38     0  00:40           0     0.00316       0.068
  J03263012            JUNCTION      0.00   124.12     0  00:43           0       0.903       0.031
  J03263015            JUNCTION      0.00   122.75     0  00:42           0       0.904       0.104
  J03263016            JUNCTION      0.00   489.12     0  00:25           0        4.78       0.326
  J03263017            JUNCTION      0.00   320.73     0  00:34           0        3.88       0.006
  J03263018            JUNCTION      0.00   320.74     0  00:34           0        3.88       0.005
  J03263024            JUNCTION      0.00   320.89     0  00:34           0        3.88       0.002
  J03263039            JUNCTION      0.00   320.85     0  00:34           0         3.9       0.300
  J03263049            JUNCTION      0.00   135.56     0  00:23           0       0.905       0.093
  J03263052            JUNCTION      0.00   357.11     0  00:19           0        3.92       0.538
  J03263053            JUNCTION      0.00   162.79     0  00:22           0       0.907       0.054
  J03263054            JUNCTION      0.00   175.41     0  00:23           0       0.906       0.015
  J03263057            JUNCTION      0.00    23.79     0  00:21           0    0.000542      -0.865
  J03263058            JUNCTION      0.00   488.92     0  00:19           0        3.94       0.666
  J03263061            JUNCTION      0.00   140.84     0  00:22           0       0.905      -0.018
  J03263063            JUNCTION      0.00   139.58     0  00:22           0       0.907       0.020
  J03263075            JUNCTION      0.00   524.87     0  00:19           0        4.86       0.248
  J03263078            JUNCTION      0.00   121.91     0  00:42           0       0.908       0.022
  J03263079            JUNCTION      0.00   121.89     0  00:42           0       0.905       0.018
  J03263080            JUNCTION      0.00   540.61     0  00:19           0        4.87       0.194
  J03263081            JUNCTION      0.00     8.34     0  00:22           0    0.000257       0.010
  J03263082            JUNCTION      0.00    37.47     0  00:20           0     0.00224       5.444
  J03264861            JUNCTION      0.00     0.00     0  00:00           0           0       0.000 ltr
  J03264862            JUNCTION      0.00     0.00     0  00:00           0           0       0.000 ltr
  J03264872            JUNCTION      0.00   126.54     0  02:12           0        1.24       0.002
  J03264875            JUNCTION      0.00     0.00     0  00:00           0           0       0.000 ltr
  J03264876            JUNCTION      0.00   126.53     0  02:12           0        1.24       0.006
  J03264882            JUNCTION      0.00   126.54     0  02:12           0        1.25       0.016
  J03264883            JUNCTION      0.00   126.60     0  02:31           0        1.24      -0.009
  J03264891            JUNCTION      0.00    71.34     0  00:22           0     0.00149      13.689
  J03264892            JUNCTION      0.00    38.24     0  00:21           0     0.00071      90.835
  J03264894            JUNCTION      0.00   128.95     0  00:34           0        1.23       0.070
  J03264900            JUNCTION      0.00   107.67     0  00:22           0     0.00166       0.220
  J03264960            JUNCTION      0.00   360.25     0  00:19           0        1.77       0.886
  J03264964            JUNCTION      0.00    20.29     0  00:14           0     0.00431      15.125
  J03265000            JUNCTION      0.00     0.00     0  00:00           0           0       0.000 ltr
  J03265001            JUNCTION      0.00     0.00     0  00:00           0           0       0.000 ltr
  J03266226            JUNCTION      0.00   121.92     0  00:42           0       0.906       0.026
  J03266227            JUNCTION      0.00   121.93     0  00:42           0       0.906       0.000
  J03266669            JUNCTION      0.00   328.14     0  00:23           0        3.31       0.198
  J03266670            JUNCTION      0.00   158.03     0  00:22           0      0.0443       8.457
  J03266695            JUNCTION      0.00     0.00     0  00:00           0           0       0.000 ltr
  J03266696            JUNCTION      0.00     0.00     0  00:00           0           0       0.000 ltr
  J03266698            JUNCTION      0.00     0.00     0  00:00           0           0       0.000 ltr
  J03266706            JUNCTION      0.00     0.00     0  00:00           0           0       0.000 ltr
  J03266707            JUNCTION      0.00   268.83     0  02:31           0        3.81       0.006
  J03351040            JUNCTION      0.00   126.68     0  01:12           0        1.24       0.002
  J03351041            JUNCTION      0.00     0.00     0  00:00           0           0       0.000 ltr
  J03351042            JUNCTION      0.00   149.04     0  02:53           0        1.24      -0.012
  J03351044            JUNCTION      0.00   126.71     0  01:46           0        1.24       0.048
  J03351046            JUNCTION      0.00   126.54     0  01:46           0        1.24      -0.003
  J03351047            JUNCTION      0.00     0.00     0  00:00           0           0       0.000 ltr
  J03351048            JUNCTION      0.00     0.00     0  00:00           0           0       0.000 ltr
  J03351049            JUNCTION      0.00   126.54     0  01:48           0        1.24      -0.001
  J03351051            JUNCTION      0.00   126.57     0  01:48           0        1.24      -0.018
  J03351053            JUNCTION      0.00     0.18     0  00:43           0    0.000108       0.025
  J03351056            JUNCTION      0.00   126.53     0  02:09           0        1.24       0.085
  J03351058            JUNCTION      0.00   126.55     0  02:09           0        1.24       0.018
  J03351067            JUNCTION      0.00   126.53     0  02:12           0        1.24      -0.020
  J03351068            JUNCTION      0.00   126.53     0  02:29           0        1.24       0.040
  J03351070            JUNCTION      0.00     0.00     0  00:00           0           0       0.000 ltr
  J03351071            JUNCTION      0.00     0.00     0  00:00           0           0       0.000 ltr
  J03351072            JUNCTION      0.00   126.53     0  02:12           0        1.24      -0.016
  J03351075            JUNCTION      0.00   126.53     0  02:12           0        1.25       0.069
  J03351076            JUNCTION      0.00   126.54     0  02:12           0        1.26       0.047
  J03351078            JUNCTION      0.00   126.60     0  02:31           0        1.24      -0.001
  J03351080            JUNCTION      0.00   126.55     0  02:30           0        1.24       0.010
  J03351083            JUNCTION      0.00   127.12     0  02:30           0        1.24       0.045
  J03351085            JUNCTION      0.00     0.57     0  02:30           0    0.000258       0.014
  J03351086            JUNCTION      0.00     0.00     0  00:00           0           0       0.000 ltr
  J03351087            JUNCTION      0.00   126.92     0  02:30           0        1.24       0.020
  J03351089            JUNCTION      0.00   126.91     0  02:30           0        1.24      -0.040
  J03351092            JUNCTION      0.00   142.83     0  00:22           0        1.24       0.596
  J03351093            JUNCTION      0.00    40.31     0  00:22           0     0.00144      39.370
  J03351094            JUNCTION      0.00   127.14     0  02:30           0        1.23       0.080
  J03351095            JUNCTION      0.00     0.00     0  00:00           0           0       0.000 ltr
  J03351097            JUNCTION      0.00   136.61     0  00:31           0        1.24      -0.014
  J03352001            JUNCTION      0.00   142.51     0  02:51           0        2.58       0.013
  J03352003            JUNCTION      0.00   142.43     0  02:51           0        2.58       0.013
  J03352004            JUNCTION      0.00   169.71     0  00:19           0        2.59       0.047
  J03352005            JUNCTION      0.00   154.67     0  00:18           0        2.59       0.076
  J03352007            JUNCTION      0.00   149.86     0  00:18           0        2.59       0.020
  J03352009            JUNCTION      0.00   142.32     0  00:17           0        2.59      -0.003
  J03352010            JUNCTION      0.00     0.00     0  00:00           0           0       0.000 ltr
  J03352011            JUNCTION      0.00   142.63     0  00:24           0        2.59       0.003
  J03352013            JUNCTION      0.00     0.00     0  00:00           0           0       0.000 ltr
  J03352014            JUNCTION      0.00   142.98     0  00:24           0        2.59       0.058
  J03352015            JUNCTION      0.00     0.00     0  00:00           0           0       0.000 ltr
  J03352016            JUNCTION      0.00   143.29     0  00:24           0        2.59       0.013
  J03352017            JUNCTION      0.00   144.27     0  00:16           0         2.6       0.121
  J03352018            JUNCTION      0.00     0.00     0  00:00           0           0       0.000 ltr
  J03352026            JUNCTION      0.00   151.63     0  00:16           0         2.6       0.047
  J03352027            JUNCTION      0.00     0.00     0  00:00           0           0       0.000 ltr
  J03352028            JUNCTION      0.00   156.19     0  00:15           0         2.6       0.010
  J03352029            JUNCTION      0.00   155.40     0  00:15           0         2.6       0.008
  J03352030            JUNCTION      0.00     0.00     0  00:00           0           0       0.000 ltr
  J03352031            JUNCTION      0.00   163.89     0  00:15           0         2.6       0.014
  J03352032            JUNCTION      0.00     0.00     0  00:00           0           0       0.000 ltr
  J03352033            JUNCTION      0.00   174.06     0  00:15           0         2.6      -0.002
  J03352034            JUNCTION      0.00     0.00     0  00:00           0           0       0.000 ltr
  J03352035            JUNCTION      0.00   177.78     0  00:15           0         2.6      -0.002
  J03352036            JUNCTION      0.00     0.00     0  00:00           0           0       0.000 ltr
  J03352037            JUNCTION      0.00   179.68     0  00:15           0         2.6       0.003
  J03352038            JUNCTION      0.00     0.00     0  00:00           0           0       0.000 ltr
  J03352039            JUNCTION      0.00     1.45     0  00:17           0    0.000235       0.017
  J03352041            JUNCTION      0.00   179.65     0  00:15           0         2.6       0.009
  J03352042            JUNCTION      0.00     0.00     0  00:00           0           0       0.000 ltr
  J03352043            JUNCTION      0.00   249.61     0  00:15           0        3.65       0.015
  J03352045            JUNCTION      0.00    75.74     0  00:40           0        1.05      -0.006
  J03352046            JUNCTION      0.00     0.00     0  00:00           0           0       0.000 ltr
  J03352144            JUNCTION      0.00   179.35     0  00:15           0         2.6       0.021
  J03355147            JUNCTION      0.00   126.54     0  01:46           0        1.24       0.000
  J03380002            JUNCTION      0.00  1283.10     0  02:00           0        9.86       0.063
  J03380007            JUNCTION      0.00  1283.12     0  01:59           0        9.87       0.073
  J03380010            JUNCTION      0.00  1283.10     0  01:59           0        9.88       0.116
  J03380014            JUNCTION      0.00  1283.09     0  01:59           0        9.89       0.097
  J03380016            JUNCTION      0.00  1283.07     0  01:59           0        9.89       0.022
  J03380018            JUNCTION      0.00     0.00     0  00:00           0           0       0.000 ltr
  J03380025            JUNCTION      0.00  1283.09     0  01:58           0         9.9       0.073
  J03380029            JUNCTION      0.00  1283.08     0  01:58           0        9.91       0.044
  J03380032            JUNCTION      0.00  1283.10     0  01:58           0        9.91       0.040
  J03380033            JUNCTION      0.00     0.00     0  00:00           0           0       0.000 ltr
  J03380034            JUNCTION      0.00     0.00     0  00:00           0           0       0.000 ltr
  J03380037            JUNCTION      0.00   528.66     0  01:59           0        3.51       0.001
  J03380040            JUNCTION      0.00  1283.24     0  01:57           0        9.92       0.008
  J03380042            JUNCTION      0.00   765.91     0  02:01           0        6.42       0.039
  J03380046            JUNCTION      0.00     0.00     0  00:00           0           0       0.000 ltr
  J03380047            JUNCTION      0.00   754.65     0  02:00           0        6.41       0.003
  J03380053            JUNCTION      0.00   754.70     0  01:50           0        6.41       0.043
  J03380055            JUNCTION      0.00     0.00     0  00:00           0           0       0.000 ltr
  J03380056            JUNCTION      0.00   755.28     0  01:42           0        6.43       0.078
  J03380057            JUNCTION      0.00   757.21     0  01:42           0        6.43       0.030
  J03380058            JUNCTION      0.00   260.56     0  01:19           0        3.11       0.000
  J03380060            JUNCTION      0.00   250.17     0  02:28           0        3.11       0.022
  J03380065            JUNCTION      0.00   250.22     0  01:53           0        3.11       0.040
  J03380071            JUNCTION      0.00   250.24     0  01:53           0        3.11       0.012
  J03380073            JUNCTION      0.00   250.12     0  01:22           0        3.11       0.017
  J03380075            JUNCTION      0.00   250.12     0  01:51           0        3.11       0.012
  J03380076            JUNCTION      0.00   250.13     0  01:51           0        3.11       0.002
  J03380077            JUNCTION      0.00   250.21     0  01:51           0        3.11       0.001
  J03380079            JUNCTION      0.00   250.23     0  01:51           0        3.12       0.073
  J03380081            JUNCTION      0.00   250.26     0  01:51           0        3.12       0.014
  J03380083            JUNCTION      0.00   250.46     0  01:51           0        3.12      -0.004
  J03380085            JUNCTION      0.00   251.19     0  01:51           0        3.12       0.034
  J03380088            JUNCTION      0.00   371.06     0  01:21           0        4.27       0.100
  J03380089            JUNCTION      0.00   370.78     0  01:21           0        4.09       0.013
  J03380092            JUNCTION      0.00   370.61     0  02:02           0        4.09       0.059
  J03380095            JUNCTION      0.00   371.07     0  01:21           0        4.09       0.039
  J03380096            JUNCTION      0.00   371.07     0  01:21           0         4.1       0.035
  J03380098            JUNCTION      0.00   370.97     0  01:20           0         4.1       0.022
  J03380100            JUNCTION      0.00   376.51     0  00:20           0         4.1       0.035
  J03380102            JUNCTION      0.00   375.52     0  00:22           0         4.1       0.009
  J03380104            JUNCTION      0.00   373.05     0  00:33           0         4.1       0.012
  J03380106            JUNCTION      0.00   373.09     0  00:33           0         4.1       0.012
  J03380109            JUNCTION      0.00   372.46     0  00:33           0         4.1       0.013
  J03380113            JUNCTION      0.00   373.16     0  00:33           0         4.1       0.000
  J03380117            JUNCTION      0.00   383.82     0  00:19           0         4.1       0.007
  J03380120            JUNCTION      0.00   383.84     0  00:19           0         4.1       0.090
  J03380124            JUNCTION      0.00   383.09     0  00:19           0        4.11       0.015
  J03380127            JUNCTION      0.00   382.31     0  00:19           0        4.11       0.005
  J03380129            JUNCTION      0.00   388.51     0  00:19           0        4.11       0.007
  J03380131            JUNCTION      0.00   392.27     0  00:19           0        4.11       0.006
  J03380136            JUNCTION      0.00   403.21     0  00:30           0        4.11      -0.001
  J03380137            JUNCTION      0.00   410.84     0  00:19           0        4.11       0.004
  J03380142            JUNCTION      0.00   391.27     0  00:19           0        4.11       0.008
  J03380145            JUNCTION      0.00   386.06     0  00:19           0        4.11       0.006
  J03380148            JUNCTION      0.00   387.69     0  00:18           0        4.11      -0.008
  J03380152            JUNCTION      0.00   395.10     0  00:18           0        4.11       0.022
  J03380155            JUNCTION      0.00   388.37     0  00:18           0        4.11       0.003
  J03380159            JUNCTION      0.00   383.54     0  00:18           0        4.11       0.000
  J03380162            JUNCTION      0.00   379.28     0  00:18           0        4.11       0.003
  J03380165            JUNCTION      0.00   379.82     0  00:18           0        4.11       0.007
  J03380166            JUNCTION      0.00   378.67     0  00:17           0        4.11       0.003
  J03380170            JUNCTION      0.00   373.10     0  00:20           0        4.11       0.009
  J03380173            JUNCTION      0.00   494.20     0  00:17           0        5.35       0.006
  J03380175            JUNCTION      2.20     2.20     0  00:00        0.19        0.19       0.038
  J03380177            JUNCTION      0.00     2.20     0  08:46           0        0.19       0.018
  J03380178            JUNCTION      0.00     2.20     0  02:43           0        0.19       0.426
  J03380180            JUNCTION      0.00     0.00     0  00:00           0           0       0.000 ltr
  J03380182            JUNCTION      0.00     2.20     0  04:10           0       0.189       0.039
  J03380184            JUNCTION      0.00     2.20     0  04:37           0       0.189       0.069
  J03380186            JUNCTION      0.00     2.20     0  02:51           0       0.189       0.057
  J03380188            JUNCTION      0.00     2.20     0  02:48           0       0.189       0.023
  J03380190            JUNCTION      0.00     2.20     0  02:34           0       0.189       0.087
  J03380195            JUNCTION      0.00     2.20     0  02:37           0       0.189       0.304
  J03380197            JUNCTION      0.00     2.20     0  02:43           0       0.188       0.042
  J03380198            JUNCTION      0.00     0.00     0  00:00           0           0       0.000 ltr
  J03380199            JUNCTION      0.00     2.20     0  02:43           0       0.188       0.436
  J03380200            JUNCTION      0.00     0.00     0  00:00           0           0       0.000 ltr
  J03380201            JUNCTION      0.00     3.18     0  00:33           0       0.187       0.089
  J03380203            JUNCTION      0.00     0.00     0  00:00           0           0       0.000 ltr
  J03380204            JUNCTION      0.00     0.00     0  00:00           0           0       0.000 ltr
  J03380206            JUNCTION      0.00     0.00     0  00:00           0           0       0.000 ltr
  J03380207            JUNCTION      0.00     3.75     0  00:30           0       0.187       0.048
  J03380209            JUNCTION      0.00     4.87     0  00:30           0       0.187       0.165
  J03380210            JUNCTION      0.00     0.00     0  00:00           0           0       0.000 ltr
  J03380211            JUNCTION      0.00     9.09     0  00:30           0       0.188       0.184
  J03380212            JUNCTION      0.00     0.00     0  00:00           0           0       0.000 ltr
  J03380213            JUNCTION      0.00    17.48     0  00:25           0       0.188       0.095
  J03380215            JUNCTION      0.00    15.42     0  00:25           0       0.188       0.014
  J03380218            JUNCTION      0.00    59.57     0  00:25           0       0.192      -0.061
  J03380219            JUNCTION      0.00    76.60     0  00:24           0       0.207       0.248
  J03380221            JUNCTION      0.00   127.45     0  00:24           0       0.216      -0.206
  J03380223            JUNCTION      0.00   162.88     0  00:24           0       0.224       1.115
  J03380224            JUNCTION      0.00    16.42     0  00:23           0      0.0019       2.015
  J03380225            JUNCTION      0.00   151.18     0  00:24           0       0.244       0.511
  J03380227            JUNCTION      0.00   169.34     0  00:24           0       0.248       0.256
  J03380228            JUNCTION      0.00   187.10     0  00:24           0        0.24       0.938
  J03380230            JUNCTION      0.00   205.78     0  00:24           0       0.246      -0.013
  J03380231            JUNCTION      0.00     0.00     0  00:00           0           0       0.000 ltr
  J03380232            JUNCTION      0.00   208.84     0  00:23           0       0.254       1.284
  J03380235            JUNCTION      0.00   372.61     0  00:21           0        1.39       1.558
  J03380236            JUNCTION      0.00    65.83     0  00:21           0     0.00095      20.352
  J03380237            JUNCTION      0.00   311.33     0  00:21           0        1.12       0.657
  J03380238            JUNCTION      0.00   331.27     0  00:19           0        1.11       0.926
  J03380239            JUNCTION      0.00   196.26     0  00:22           0      0.0399       1.631
  J03380240            JUNCTION      0.00    14.45     0  00:23           0     0.00256       0.002
  J03380241            JUNCTION      0.00    11.46     0  00:23           0     0.00241       0.002
  J03380243            JUNCTION      0.00   158.13     0  00:22           0      0.0259      15.551
  J03380245            JUNCTION      0.00   135.42     0  00:22           0     0.00989      16.140
  J03380248            JUNCTION      0.00     0.00     0  00:00           0           0       0.000 ltr
  J03380252            JUNCTION      0.00     0.00     0  00:00           0           0       0.000 ltr
  J03380254            JUNCTION      0.00     0.00     0  00:00           0           0       0.000 ltr
  J03380255            JUNCTION      0.00     0.00     0  00:00           0           0       0.000 ltr
  J03380256            JUNCTION      0.00     0.00     0  00:00           0           0       0.000 ltr
  J03380258            JUNCTION      0.00     0.00     0  00:00           0           0       0.000 ltr
  J03380260            JUNCTION      0.00     0.00     0  00:00           0           0       0.000 ltr
  J03380262            JUNCTION      0.00     0.00     0  00:00           0           0       0.000 ltr
  J03380264            JUNCTION      0.00     0.00     0  00:00           0           0       0.000 ltr
  J03380265            JUNCTION      0.00    20.45     0  00:29           0     0.00715       0.001
  J03380266            JUNCTION      0.00   754.91     0  01:50           0        6.43       0.157
  J03380267            JUNCTION      0.00     4.81     0  00:29           0     0.00137       0.182
  J03380272            JUNCTION      0.00     0.00     0  00:00           0           0       0.000 ltr
  J03380280            JUNCTION      0.00     0.00     0  00:00           0           0       0.000 ltr
  J03380281            JUNCTION      0.00     0.00     0  00:00           0           0       0.000 ltr
  J03380282            JUNCTION      0.00   755.66     0  01:42           0        6.43       0.020
  J03380284            JUNCTION      0.00     4.61     0  00:27           0     0.00165       0.039
  J03380286            JUNCTION      0.00     0.00     0  00:00           0           0       0.000 ltr
  J03380287            JUNCTION      0.00     0.00     0  00:00           0           0       0.000 ltr
  J03380288            JUNCTION      0.00     0.00     0  00:00           0           0       0.000 ltr
  J03380289            JUNCTION      0.00     0.00     0  00:00           0           0       0.000 ltr
  J03380290            JUNCTION      0.00     0.00     0  00:00           0           0       0.000 ltr
  J03380291            JUNCTION      0.00     0.00     0  00:00           0           0       0.000 ltr
  J03380292            JUNCTION      0.00     0.00     0  00:00           0           0       0.000 ltr
  J03380293            JUNCTION      0.00     0.00     0  00:00           0           0       0.000 ltr
  J03380295            JUNCTION      0.00     0.00     0  00:00           0           0       0.000 ltr
  J03380299            JUNCTION      0.00     0.00     0  00:00           0           0       0.000 ltr
  J03380301            JUNCTION      0.00     0.00     0  00:00           0           0       0.000 ltr
  J03380302            JUNCTION      0.00     0.00     0  00:00           0           0       0.000 ltr
  J03380305            JUNCTION      0.00     0.00     0  00:00           0           0       0.000 ltr
  J03380307            JUNCTION      0.00     0.00     0  00:00           0           0       0.000 ltr
  J03380310            JUNCTION      0.00     0.00     0  00:00           0           0       0.000 ltr
  J03380316            JUNCTION      0.00     0.00     0  00:00           0           0       0.000 ltr
  J03380318            JUNCTION      0.00     0.00     0  00:00           0           0       0.000 ltr
  J03380322            JUNCTION      0.00     0.00     0  00:00           0           0       0.000 ltr
  J03380323            JUNCTION      0.00     0.00     0  00:00           0           0       0.000 ltr
  J03380325            JUNCTION      0.00     0.00     0  00:00           0           0       0.000 ltr
  J03380327            JUNCTION      0.00     0.00     0  00:00           0           0       0.000 ltr
  J03380328            JUNCTION      0.00     0.00     0  00:00           0           0       0.000 ltr
  J03380331            JUNCTION      0.00     0.00     0  00:00           0           0       0.000 ltr
  J03380332            JUNCTION      0.00     0.00     0  00:00           0           0       0.000 ltr
  J03380335            JUNCTION      0.00     0.00     0  00:00           0           0       0.000 ltr
  J03380346            JUNCTION      0.00     0.00     0  00:00           0           0       0.000 ltr
  J03380349            JUNCTION      0.00     0.00     0  00:00           0           0       0.000 ltr
  J03380352            JUNCTION      0.00     0.00     0  00:00           0           0       0.000 ltr
  J03380356            JUNCTION      0.00  1283.13     0  02:00           0        9.85       0.001
  J03388007            JUNCTION      0.00  1312.90     0  01:37           0        10.1       0.314
  J03411012            JUNCTION      0.00   122.63     0  00:22           0       0.018      19.492
  J03411013            JUNCTION      0.00    39.96     0  00:22           0    0.000273      -1.507
  J03411014            JUNCTION      0.00   618.65     0  00:19           0        5.13       0.169
  J03411015            JUNCTION      0.00    40.94     0  00:22           0    0.000559      -1.937
  J03411016            JUNCTION      0.00   373.51     0  00:21           0        3.32       0.138
  J03411017            JUNCTION      0.00    78.96     0  00:22           0    0.000521      -2.659
  J03411018            JUNCTION      0.00   327.42     0  00:23           0        3.31       0.050
  J03411019            JUNCTION      0.00    53.45     0  00:22           0    0.000488      -0.127
  J03411020            JUNCTION      0.00   327.54     0  00:23           0        3.31       0.091
  J03411021            JUNCTION      0.00   262.98     0  00:35           0        2.69       0.046
  J03411079            JUNCTION      0.00   514.22     0  00:19           0        2.19       0.092
  J03411080            JUNCTION      0.00   544.74     0  00:19           0        2.37       0.352
  J03411081            JUNCTION      0.00   108.26     0  00:15           0      0.0074      61.116
  J03411083            JUNCTION      0.00   385.10     0  00:18           0        1.78       0.000
  J03464880            JUNCTION      0.00   396.95     0  00:27           0        5.04       0.006
  J06103061            JUNCTION      0.00   547.64     0  00:19           0        4.88       0.044
  J06103062            JUNCTION      0.00   262.91     0  00:35           0        2.69       0.030
  J03260010            OUTFALL       0.00  1610.96     0  02:01           0        16.2       0.000
  
  
  **********************
  Node Surcharge Summary
  **********************
  
  Surcharging occurs when water rises above the top of the highest conduit.
  ---------------------------------------------------------------------
                                               Max. Height   Min. Depth
                                   Hours       Above Crown    Below Rim
  Node                 Type      Surcharged         Meters       Meters
  ---------------------------------------------------------------------
  G03160065            JUNCTION        1.70          1.270        0.000
  G03160066            JUNCTION        1.38          0.978        0.622
  J03176902            JUNCTION        2.12          0.298        1.324
  J03180001            JUNCTION       23.75          1.487        0.213
  J03180002            JUNCTION        2.38          0.863        0.737
  J03180003            JUNCTION        2.89          0.926        0.424
  J03180004            JUNCTION        3.25          0.981        0.769
  J03180005            JUNCTION        2.19          1.750        0.000
  J03180006            JUNCTION        2.53          1.159        0.311
  J03180007            JUNCTION        2.30          0.970        0.830
  J03180008            JUNCTION        2.12          0.971        0.512
  J03180009            JUNCTION        2.05          0.717        1.123
  J03180010            JUNCTION        2.11          0.394        1.096
  J03180031            JUNCTION       24.00          0.000        2.000
  J03180032            JUNCTION       24.00          0.000        2.000
  J03180116            JUNCTION        2.50          0.005        2.470
  J03189835            JUNCTION        2.85          0.097        1.403
  J03189838            JUNCTION        2.91          0.137        1.463
  J03190034            JUNCTION        2.35          0.616        0.584
  J03190039            JUNCTION        1.97          1.000        0.000
  J03190042            JUNCTION        2.05          0.583        0.417
  J03190048            JUNCTION        2.29          0.509        0.491
  J03190051            JUNCTION        2.40          0.684        0.316
  J03190055            JUNCTION        2.51          0.924        0.076
  J03190059            JUNCTION        2.04          0.788        0.012
  J03190061            JUNCTION        2.11          0.799        0.001
  J03190064            JUNCTION        2.28          0.800        0.000
  J03190067            JUNCTION        2.39          0.800        0.000
  J03190070            JUNCTION        2.50          0.589        0.211
  J03190078            JUNCTION        2.58          0.522        0.278
  J03190083            JUNCTION        2.39          0.455        0.249
  J03190094            JUNCTION        2.03          0.303        0.122
  J03190096            JUNCTION        1.89          0.693        0.807
  J03190102            JUNCTION        4.01          0.911        0.089
  J03190106            JUNCTION        4.10          0.928        0.072
  J03190107            JUNCTION        4.21          0.957        0.043
  J03190111            JUNCTION        4.30          0.994        0.006
  J03190114            JUNCTION        4.39          1.000        0.000
  J03190155            JUNCTION        0.01          0.882        0.618
  J03190159            JUNCTION       23.64          0.897        0.803
  J03190161            JUNCTION       23.64          0.868        0.182
  J03190164            JUNCTION       23.64          1.080        0.000
  J03191100            JUNCTION       23.64          1.023        0.177
  J03191950            JUNCTION        2.00          0.282        0.718
  J03191983            JUNCTION        3.68          1.600        0.000
  J03192002            JUNCTION        1.44          0.389        0.811
  J03193034            JUNCTION        1.80          1.600        0.000
  J03193036            JUNCTION        1.79          0.798        0.652
  J03193037            JUNCTION        1.91          1.088        0.412
  J03193038            JUNCTION        1.87          0.959        0.531
  J03193045            JUNCTION        1.77          0.754        0.736
  J03193051            JUNCTION        1.78          0.792        0.528
  J03193057            JUNCTION        1.93          0.945        0.455
  J03193062            JUNCTION        1.95          1.020        0.480
  J03193063            JUNCTION        1.94          1.003        0.497
  J03193064            JUNCTION        1.89          0.923        0.567
  J03193078            JUNCTION        1.94          1.082        0.338
  J03193080            JUNCTION        2.18          1.500        0.000
  J03193081            JUNCTION        2.03          1.500        0.000
  J03193083            JUNCTION        2.02          1.431        0.009
  J03193085            JUNCTION        1.97          1.323        0.067
  J03193093            JUNCTION        1.57          0.999        0.401
  J03193094            JUNCTION        1.69          1.145        0.225
  J03193097            JUNCTION        1.66          1.028        0.352
  J03193099            JUNCTION        1.43          0.772        0.898
  J03193100            JUNCTION        1.53          0.875        0.385
  J03193103            JUNCTION        1.77          1.148        0.252
  J03193104            JUNCTION        1.71          1.053        0.157
  J03193105            JUNCTION        1.72          1.055        0.345
  J03193110            JUNCTION        1.70          0.907        0.483
  J03193113            JUNCTION        1.68          0.826        0.574
  J03193114            JUNCTION        1.76          1.034        0.346
  J03193117            JUNCTION        1.86          1.133        0.227
  J03193121            JUNCTION        1.67          0.806        0.594
  J03193123            JUNCTION        1.94          1.325        0.155
  J03193126            JUNCTION        1.89          1.166        0.284
  J03193127            JUNCTION        1.90          1.178        0.322
  J03193128            JUNCTION        1.90          1.200        0.000
  J03193130            JUNCTION        2.09          1.490        0.000
  J03193131            JUNCTION        2.09          1.500        0.000
  J03193137            JUNCTION        2.02          1.450        0.050
  J03193141            JUNCTION        1.94          1.329        0.141
  J03193142            JUNCTION        2.15          1.480        0.000
  J03193143            JUNCTION        2.15          1.500        0.000
  J03193145            JUNCTION        1.94          1.336        0.064
  J03193146            JUNCTION        1.97          1.377        0.023
  J03193150            JUNCTION        1.72          0.590        0.910
  J03193152            JUNCTION        2.12          1.493        0.007
  J03193154            JUNCTION        1.98          1.392        0.258
  J03193155            JUNCTION        1.98          1.394        0.306
  J03195666            JUNCTION        2.10          1.491        0.009
  J03195750            JUNCTION        1.69          1.097        0.303
  J03195943            JUNCTION       23.65          1.025        0.175
  J03195944            JUNCTION        2.07          0.800        0.000
  J03195988            JUNCTION       23.64          1.071        0.129
  J03195991            JUNCTION        4.91          1.520        0.000
  J03198004            JUNCTION        4.15          1.025        0.455
  J03198005            JUNCTION        3.98          1.490        0.000
  J03233000            JUNCTION       23.83          0.688        0.862
  J03235002            JUNCTION        2.91          0.323        0.077
  J03235003            JUNCTION        3.13          0.400        0.000
  J03235007            JUNCTION        2.59          0.518        0.142
  J03235013            JUNCTION        2.69          0.627        0.033
  J03235019            JUNCTION        2.62          0.799        0.081
  J03235024            JUNCTION        2.64          0.836        0.864
  J03235029            JUNCTION        2.62          0.792        0.908
  J03235031            JUNCTION        2.82          0.940        0.000
  J03235032            JUNCTION        2.71          1.800        0.000
  J03235045            JUNCTION        2.77          0.946        0.754
  J03235046            JUNCTION        2.74          0.844        0.626
  J03235049            JUNCTION        2.92          1.050        0.000
  J03235056            JUNCTION        2.88          1.117        0.583
  J03235058            JUNCTION        2.90          1.115        0.025
  J03235075            JUNCTION        2.93          1.120        0.000
  J03235080            JUNCTION        3.62          3.380        0.000
  J03235088            JUNCTION       23.96          4.700        0.000
  J03260032            JUNCTION        0.03          0.064        1.436
  J03260038            JUNCTION       23.41          1.160        0.000
  J03260041            JUNCTION       23.42          1.000        0.000
  J03260065            JUNCTION        1.15          0.080        1.320
  J03260087            JUNCTION       24.00          0.000        2.000
  J03260147            JUNCTION        2.28          0.860        0.000
  J03260148            JUNCTION        2.35          1.850        0.000
  J03260149            JUNCTION        2.50          0.890        0.000
  J03260150            JUNCTION        3.09          1.067        0.133
  J03260151            JUNCTION       23.73          1.156        0.234
  J03260154            JUNCTION        2.09          0.480        0.000
  J03260156            JUNCTION       23.74          1.365        0.035
  J03260157            JUNCTION        3.33          1.262        0.138
  J03260159            JUNCTION        2.46          0.925        0.155
  J03260160            JUNCTION        2.46          0.941        0.759
  J03260161            JUNCTION        2.99          1.234        0.166
  J03260162            JUNCTION        3.26          1.264        0.136
  J03260164            JUNCTION       23.76          1.360        0.000
  J03260166            JUNCTION        3.93          1.325        0.015
  J03260167            JUNCTION       23.77          1.398        0.202
  J03260170            JUNCTION        3.29          1.254        0.146
  J03260171            JUNCTION       23.79          1.360        0.000
  J03260172            JUNCTION        2.17          0.388        0.202
  J03260174            JUNCTION        2.29          0.630        0.000
  J03260406            JUNCTION       24.00          0.000        2.000
  J03260409            JUNCTION       24.00          0.000        2.000
  J03260411            JUNCTION       24.00          0.000        2.000
  J03260413            JUNCTION       24.00          0.000        2.000
  J03260415            JUNCTION       24.00          0.000        2.000
  J03260429            JUNCTION        3.79          0.449        0.851
  J03260431            JUNCTION        2.70          1.700        0.000
  J03260534            JUNCTION       24.00          0.000        2.000
  J03260550            JUNCTION       24.00          0.000        2.000
  J03260555            JUNCTION       24.00          0.000        2.000
  J03260558            JUNCTION        2.88          0.124        1.076
  J03260567            JUNCTION       24.00          0.000        2.000
  J03260569            JUNCTION       24.00          0.000        2.000
  J03260572            JUNCTION       24.00          0.000        2.000
  J03260575            JUNCTION       24.00          0.000        2.000
  J03260578            JUNCTION       24.00          0.000        2.000
  J03261009            JUNCTION        0.04          0.094        0.196
  J03261014            JUNCTION        0.01          0.197        0.033
  J03261015            JUNCTION        1.79          0.302        1.398
  J03262001            JUNCTION       23.45          1.000        0.000
  J03263002            JUNCTION        0.05          0.162        1.438
  J03263004            JUNCTION        1.79          0.150        0.840
  J03263005            JUNCTION        0.01          0.029        1.481
  J03263007            JUNCTION        2.46          1.560        0.000
  J03263010            JUNCTION        2.39          0.288        1.242
  J03263016            JUNCTION        3.55          0.325        0.675
  J03263017            JUNCTION        2.68          1.530        0.000
  J03263018            JUNCTION        2.45          0.463        1.137
  J03263024            JUNCTION        2.09          0.187        1.213
  J03263039            JUNCTION       23.67          1.000        0.000
  J03263049            JUNCTION        0.01          0.004        1.596
  J03263052            JUNCTION       23.67          0.930        0.000
  J03263053            JUNCTION        2.04          1.550        0.000
  J03263057            JUNCTION        2.44          1.150        0.650
  J03263058            JUNCTION        2.53          0.474        0.086
  J03263063            JUNCTION        0.03          0.024        1.576
  J03263075            JUNCTION        2.86          0.574        0.416
  J03263078            JUNCTION        2.53          0.425        1.175
  J03263080            JUNCTION        2.64          0.731        0.339
  J03263082            JUNCTION        2.39          0.490        1.040
  J03264891            JUNCTION        3.18          1.475        0.225
  J03264892            JUNCTION       23.63          1.164        0.536
  J03264894            JUNCTION        2.45          0.028        1.472
  J03264900            JUNCTION        0.01          1.161        0.439
  J03264960            JUNCTION        4.07          1.370        0.000
  J03264964            JUNCTION        3.47          1.091        0.309
  J03265001            JUNCTION       24.00          0.000        2.000
  J03266669            JUNCTION        2.27          0.628        0.452
  J03266670            JUNCTION        2.34          0.721        0.369
  J03266695            JUNCTION       24.00          0.000        2.000
  J03266696            JUNCTION       24.00          0.000        2.000
  J03266698            JUNCTION       24.00          0.000        2.000
  J03351049            JUNCTION        2.22          0.089        1.511
  J03351056            JUNCTION        2.62          1.600        0.000
  J03351067            JUNCTION        1.95          0.018        1.552
  J03351072            JUNCTION        2.38          0.084        1.476
  J03351075            JUNCTION        2.38          0.077        1.413
  J03351076            JUNCTION        2.67          1.560        0.000
  J03351080            JUNCTION        2.45          0.067        1.533
  J03351087            JUNCTION        2.37          0.038        1.542
  J03351089            JUNCTION        2.59          1.387        0.203
  J03351092            JUNCTION        4.66          0.950        0.000
  J03351093            JUNCTION        4.11          0.974        0.606
  J03352007            JUNCTION        2.74          0.040        1.560
  J03352011            JUNCTION        2.60          0.035        1.555
  J03352028            JUNCTION        3.16          0.283        1.317
  J03355147            JUNCTION        2.11          0.057        1.543
  J03380037            JUNCTION        1.85          0.792        0.808
  J03380096            JUNCTION        2.33          0.596        0.774
  J03380106            JUNCTION        2.21          0.100        1.290
  J03380120            JUNCTION        3.34          0.398        0.892
  J03380223            JUNCTION        1.17          0.173        0.997
  J03380224            JUNCTION        2.39          0.274        1.426
  J03380228            JUNCTION        2.13          0.249        1.131
  J03380232            JUNCTION        2.29          0.115        1.215
  J03380236            JUNCTION        4.01          1.800        0.000
  J03380237            JUNCTION       23.64          0.924        0.146
  J03380238            JUNCTION       23.64          0.987        0.073
  J03380255            JUNCTION       24.00          0.000        2.000
  J03411012            JUNCTION        2.09          0.880        0.000
  J03411013            JUNCTION        2.07          0.882        0.998
  J03411014            JUNCTION        2.45          0.818        0.169
  J03411015            JUNCTION        2.31          1.004        0.796
  J03411016            JUNCTION        2.34          0.722        0.478
  J03411017            JUNCTION        2.24          1.636        0.164
  J03411018            JUNCTION        2.18          0.612        0.428
  J03411019            JUNCTION        2.16          1.166        0.644
  J03411020            JUNCTION        2.40          0.550        0.000
  J03411021            JUNCTION        2.20          0.895        0.275
  J03411079            JUNCTION       23.67          1.186        0.214
  J03411080            JUNCTION        6.27          0.760        0.000
  J03411081            JUNCTION        2.57          0.572        0.428
  J03411083            JUNCTION       23.68          1.152        0.048
  J06103061            JUNCTION        2.39          0.688        0.212
  J06103062            JUNCTION        2.33          0.797        0.403
  
  
  *********************
  Node Flooding Summary
  *********************
  
  Flooding refers to all water that overflows a node, whether it ponds or not.
  --------------------------------------------------------------------------
                                                             Total   Maximum
                                 Maximum   Time of Max       Flood    Ponded
                        Hours       Rate    Occurrence      Volume     Depth
  Node                 Flooded       LPS   days hr:min    10^6 ltr    Meters
  --------------------------------------------------------------------------
  G03160065               0.46      3.27      0  01:59       0.003     0.000
  J03180005               0.01     33.59      0  00:21       0.000     0.000
  J03190039               0.01     33.68      0  00:47       0.000     0.000
  J03190064               0.01     11.56      0  00:46       0.000     0.000
  J03190067               0.01     10.53      0  00:46       0.000     0.000
  J03190114               1.71    289.06      0  00:55       1.147     0.000
  J03190164               0.01     75.85      0  00:21       0.000     0.000
  J03191983               1.24    103.21      0  00:15       0.014     0.000
  J03193034               0.01     22.27      0  00:47       0.000     0.000
  J03193080               0.01     38.71      0  00:13       0.000     0.000
  J03193081               0.01     35.83      0  00:13       0.000     0.000
  J03193128               0.01      0.17      0  00:47       0.000     0.000
  J03193130               1.35    174.58      0  01:59       0.663     0.000
  J03193131               0.01      0.07      0  00:45       0.000     0.000
  J03193142               1.51     81.39      0  01:23       0.410     0.000
  J03193143               0.01      0.12      0  00:48       0.000     0.000
  J03195944               0.01      5.29      0  00:47       0.000     0.000
  J03195991               0.01     84.07      0  00:15       0.000     0.000
  J03198005               0.01     67.76      0  00:15       0.000     0.000
  J03235003               0.01     23.15      0  00:14       0.000     0.000
  J03235031               0.01     20.33      0  00:13       0.000     0.000
  J03235032               0.01     20.75      0  00:13       0.000     0.000
  J03235049               0.01     14.53      0  00:13       0.000     0.000
  J03235075               2.55     30.70      0  02:30       0.274     0.000
  J03235080               2.49    218.67      0  00:21       1.823     0.000
  J03235088               2.17   1717.97      0  02:00       8.241     0.000
  J03260038               0.01     28.61      0  00:34       0.000     0.000
  J03260041               0.01     62.66      0  00:34       0.000     0.000
  J03260147               0.01     32.17      0  00:22       0.000     0.000
  J03260148               0.01     27.32      0  00:22       0.000     0.000
  J03260149               0.01      5.01      0  00:22       0.000     0.000
  J03260154               0.01     65.35      0  00:22       0.000     0.000
  J03260164               0.01      0.89      0  00:22       0.000     0.000
  J03260171               2.08    395.09      0  00:23       2.696     0.000
  J03260174               1.83    993.28      0  01:59       4.758     0.000
  J03260431               2.11   1282.41      0  02:00       5.920     0.000
  J03262001               3.14    817.95      0  00:53       6.077     0.000
  J03263007               0.01     49.67      0  00:20       0.000     0.000
  J03263017               0.01     44.83      0  00:20       0.000     0.000
  J03263039               0.01    113.77      0  00:19       0.000     0.000
  J03263052               0.01    208.62      0  00:19       0.000     0.000
  J03263053               0.01     58.06      0  00:22       0.000     0.000
  J03264960               0.01     54.50      0  00:20       0.000     0.000
  J03351056               0.01     12.58      0  00:17       0.000     0.000
  J03351076               0.01     30.07      0  00:19       0.000     0.000
  J03351092               0.01     52.89      0  00:22       0.000     0.000
  J03380236               0.01     40.93      0  00:21       0.000     0.000
  J03411012               0.01     50.59      0  00:22       0.000     0.000
  J03411020               0.01      9.17      0  00:22       0.000     0.000
  J03411080               2.04    126.79      0  00:22       0.164     0.000
  
  
  ***********************
  Outfall Loading Summary
  ***********************
  
  -----------------------------------------------------------
                         Flow       Avg       Max       Total
                         Freq      Flow      Flow      Volume
  Outfall Node           Pcnt       LPS       LPS    10^6 ltr
  -----------------------------------------------------------
  J03260010             99.64    331.95   1610.96      16.166
  -----------------------------------------------------------
  System                99.64    331.95   1610.96      16.166
  
  
  ********************
  Link Flow Summary
  ********************
  
  -----------------------------------------------------------------------------
                                 Maximum  Time of Max   Maximum    Max/    Max/
                                  |Flow|   Occurrence   |Veloc|    Full    Full
  Link                 Type          LPS  days hr:min     m/sec    Flow   Depth
  -----------------------------------------------------------------------------
  34                   CONDUIT      0.00     0  00:00      0.00    0.00    0.00
  63                   CONDUIT      0.00     0  00:00      0.00    0.00    0.00
  95                   CONDUIT     25.26     0  00:48      1.25    0.76    0.47
  100                  CONDUIT      0.00     0  00:00      0.00    0.00    0.00
  129                  CONDUIT    370.61     0  02:02      1.64    0.57    0.89
  325                  CONDUIT    329.90     0  00:51      1.67    0.16    0.31
  783                  CONDUIT      0.00     0  00:00      0.00    0.00    0.00
  832                  CONDUIT    274.98     0  00:33      0.70    0.16    1.00
  841                  CONDUIT    498.77     0  00:42      1.55    0.62    1.00
  842                  CONDUIT      0.00     0  00:00      0.00    0.00    0.00
  1612                 CONDUIT    264.53     0  02:06      1.50    0.25    0.30
  1806                 CONDUIT      0.00     0  00:00      0.00    0.00    0.00
  1941                 CONDUIT      0.00     0  00:00      0.00    0.00    0.00
  2487                 CONDUIT    529.06     0  01:57      1.87    0.48    1.00
  2488                 CONDUIT    529.29     0  01:58      1.87    0.34    1.00
  2543                 CONDUIT    262.91     0  00:35      0.91    0.10    1.00
  2627                 CONDUIT    765.91     0  02:01      1.22    0.16    0.29
  2628                 CONDUIT      0.00     0  00:00      0.00    0.00    0.00
  2629                 CONDUIT      0.00     0  00:00      0.00    0.00    0.00
  2630                 CONDUIT      0.00     0  00:00      0.00    0.00    0.00
  2631                 CONDUIT      0.00     0  00:00      0.00    0.00    0.00
  2632                 CONDUIT      0.00     0  00:00      0.00    0.00    0.00
  2649                 CONDUIT     44.96     0  00:22      2.04    0.79    1.00
  2941                 CONDUIT      0.00     0  00:00      0.00    0.00    0.02
  3101                 CONDUIT    255.59     0  00:55      0.91    0.44    1.00
  3137                 CONDUIT      0.00     0  00:00      0.00    0.00    0.00
  3147                 CONDUIT    250.12     0  01:51      1.76    0.36    0.71
  3166                 CONDUIT   1283.09     0  01:59      1.46    0.19    0.38
  3332                 CONDUIT      0.55     0  02:49      0.02    0.00    0.31
  3334                 CONDUIT     36.22     0  00:23      1.06    0.21    0.87
  3335                 CONDUIT     75.64     0  01:46      0.90    0.89    0.81
  3336                 CONDUIT      0.00     0  00:00      0.00    0.00    0.00
  3339                 CONDUIT      0.57     0  02:30      0.02    0.00    0.20
  3369                 CONDUIT     20.45     0  00:29      0.12    0.01    0.68
  3370                 CONDUIT    754.91     0  01:50      0.64    0.23    0.52
  3372                 CONDUIT      0.00     0  00:00      0.00    0.00    0.00
  3424                 CONDUIT      5.76     0  00:32      0.39    0.10    0.28
  3459                 CONDUIT      0.00     0  00:00      0.00    0.00    0.01
  3553                 CONDUIT      0.00     0  00:00      0.00    0.00    0.00
  3572                 CONDUIT      0.00     0  00:00      0.00    0.00    0.00
  3578                 CONDUIT    341.68     0  00:14      4.83    1.36    1.00
  3580                 CONDUIT      0.00     0  00:00      0.00    0.00    0.00
  3586                 CONDUIT      0.00     0  00:00      0.00    0.00    0.00
  3590                 CONDUIT      0.00     0  00:00      0.00    0.00    0.00
  3591                 CONDUIT      0.00     0  00:00      0.00    0.00    0.00
  3596                 CONDUIT      0.00     0  00:00      0.00    0.00    0.00
  3673                 CONDUIT     69.55     0  00:23      0.67    0.14    0.94
  3679                 CONDUIT    399.74     0  00:28      2.13    0.84    0.63
  3716                 CONDUIT      2.20     0  02:37      0.43    0.02    0.15
  3755                 CONDUIT      0.00     0  00:00      0.00    0.00    0.00
  3774                 CONDUIT      2.20     0  02:34      0.59    0.01    0.08
  3781                 CONDUIT    185.62     0  00:22      1.91    0.18    0.49
  3808                 CONDUIT    492.31     0  00:43      1.64    0.90    1.00
  3826                 CONDUIT    363.04     0  00:51      0.72    0.62    1.00
  3827                 CONDUIT    348.72     0  00:53      1.23    1.29    1.00
  3832                 CONDUIT    353.72     0  00:33      2.81    1.66    1.00
  3864                 CONDUIT    126.91     0  02:30      1.52    0.71    1.00
  3904                 CONDUIT      0.00     0  00:00      0.00    0.00    0.00
  4236                 CONDUIT      0.00     0  00:00      0.00    0.00    0.00
  4245                 CONDUIT     14.18     0  00:47      1.13    0.13    0.85
  4268                 CONDUIT      0.00     0  00:00      0.00    0.00    0.00
  4271                 CONDUIT      0.00     0  00:00      0.00    0.00    0.00
  4273                 CONDUIT    278.49     0  00:24      2.07    0.43    0.49
  4291                 CONDUIT    272.26     0  00:24      2.36    0.32    0.44
  4292                 CONDUIT    270.01     0  01:25      2.02    0.40    0.50
  4293                 CONDUIT      0.00     0  00:00      0.00    0.00    0.01
  4294                 CONDUIT    269.49     0  02:08      1.98    0.53    0.49
  4476                 CONDUIT    387.69     0  00:18      1.94    0.79    0.67
  4486                 CONDUIT      0.00     0  00:00      0.00    0.00    0.00
  4518                 CONDUIT     77.63     0  00:32      1.12    0.92    0.73
  4520                 CONDUIT      0.00     0  00:00      0.00    0.00    0.00
  4533                 CONDUIT    139.58     0  00:22      1.87    0.46    0.91
  4617                 CONDUIT      0.00     0  00:00      0.00    0.00    0.17
  4644                 CONDUIT    131.32     0  00:21      2.95    0.21    0.29
  4680                 CONDUIT    142.51     0  02:51      1.76    0.93    0.85
  4691                 CONDUIT    107.67     0  00:22      1.58    0.19    1.00
  4714                 CONDUIT    320.71     0  00:34      2.55    1.55    1.00
  4783                 CONDUIT    262.98     0  00:35      0.52    0.12    1.00
  4983                 CONDUIT     15.42     0  00:25      0.83    0.10    0.37
  5044                 CONDUIT    480.75     0  00:43      1.73    0.37    1.00
  5066                 CONDUIT      0.00     0  00:00      0.00    0.00    0.00
  5183                 CONDUIT      2.20     0  08:46      0.60    0.01    0.07
  5262                 CONDUIT      0.00     0  00:00      0.00    0.00    0.00
  5289                 CONDUIT     23.79     0  00:21      1.07    0.38    1.00
  5327                 CONDUIT     76.60     0  00:24      0.64    0.06    0.76
  5328                 CONDUIT      0.00     0  00:00      0.00    0.00    0.00
  5329                 CONDUIT      2.20     0  02:43      0.22    0.02    0.13
  5372                 CONDUIT    126.23     0  01:19      1.95    0.13    0.28
  5379                 CONDUIT      0.00     0  00:00      0.00    0.00    0.06
  5383                 CONDUIT    126.75     0  01:18      0.86    0.31    0.52
  5564                 CONDUIT    495.18     0  00:17      2.10    0.31    0.68
  5646                 CONDUIT      0.00     0  00:00      0.00    0.00    0.00
  5734                 CONDUIT     60.10     0  00:45      0.70    0.24    1.00
  5754                 CONDUIT      0.00     0  00:00      0.00    0.00    0.00
  5796                 CONDUIT     21.96     0  00:48      1.04    1.14    0.82
  5799                 CONDUIT      0.00     0  00:00      0.00    0.00    0.00
  5884                 CONDUIT      0.00     0  00:00      0.00    0.00    0.42
  5963                 CONDUIT   1285.24     0  02:00      1.71    0.18    0.61
  6198                 CONDUIT    508.25     0  01:59      7.15    0.46    1.00
  6200                 CONDUIT    146.67     0  00:27      1.30    0.27    0.44
  6935                 CONDUIT    124.94     0  00:21      3.83    0.26    0.62
  7035                 CONDUIT    504.86     0  01:38      7.14    2.39    1.00
  7084                 CONDUIT    278.38     0  00:24      1.56    0.41    0.62
  7105                 CONDUIT    126.92     0  02:30      1.39    0.77    0.98
  7282                 CONDUIT      0.00     0  00:00      0.00    0.00    0.00
  7373                 CONDUIT    126.53     0  02:12      1.24    2.39    1.00
  7495                 CONDUIT      0.00     0  00:00      0.00    0.00    0.00
  7498                 CONDUIT      0.00     0  00:00      0.00    0.00    0.05
  8063                 CONDUIT    141.01     0  01:23      0.72    0.44    1.00
  8274                 CONDUIT    123.29     0  01:08      1.18    0.67    0.77
  8293                 CONDUIT      0.00     0  00:00      0.00    0.00    0.00
  8294                 CONDUIT      0.00     0  00:00      0.00    0.00    0.00
  8295                 CONDUIT      0.00     0  00:00      0.00    0.00    0.00
  8305                 CONDUIT    100.43     0  00:25      0.36    0.01    0.55
  8423                 CONDUIT    128.95     0  00:34      1.29    0.16    1.00
  8614                 CONDUIT     14.04     0  00:11      0.86    0.11    1.00
  8670                 CONDUIT     79.26     0  02:39      1.22    0.95    0.69
  8894                 CONDUIT    371.07     0  01:21      1.34    0.55    1.00
  9134                 CONDUIT    129.05     0  00:27      1.57    0.20    0.36
  9700                 CONDUIT    528.69     0  01:59      1.87    0.45    1.00
  9703                 CONDUIT    172.71     0  00:18      1.48    0.23    0.68
  9704                 CONDUIT    169.71     0  00:19      1.28    0.18    0.62
  9736                 CONDUIT      0.00     0  00:00      0.00    0.00    0.00
  10024                CONDUIT    149.04     0  02:53      1.87    6.18    0.93
  10072                CONDUIT     42.43     0  00:14      0.13    0.01    1.00
  10076                CONDUIT    341.42     0  00:14      2.72    1.52    1.00
  10117                CONDUIT      0.00     0  00:00      0.00    0.00    0.00
  10119                CONDUIT     71.34     0  00:22      1.22    0.18    1.00
  10124                CONDUIT   1283.07     0  01:59      1.32    0.04    0.54
  10130                CONDUIT     38.24     0  00:21      1.30    0.28    1.00
  10138                CONDUIT    109.09     0  00:23      0.56    0.17    1.00
  10144                CONDUIT      6.59     0  00:16      0.42    0.05    1.00
  10146                CONDUIT   1283.08     0  01:59      1.22    0.19    0.47
  10148                CONDUIT     58.94     0  00:21      1.33    0.20    1.00
  10158                CONDUIT     32.41     0  00:21      0.82    0.14    1.00
  10159                CONDUIT    126.88     0  02:30      2.26    0.24    1.00
  10161                CONDUIT     26.27     0  00:13      1.30    0.28    1.00
  10162                CONDUIT     40.31     0  00:22      1.14    0.25    1.00
  10164                CONDUIT   1283.10     0  01:59      1.36    0.34    0.41
  10211                CONDUIT   1283.09     0  01:58      1.45    0.16    0.39
  10242                CONDUIT   1283.08     0  01:58      1.31    0.22    0.43
  10264                CONDUIT    373.05     0  00:33      1.33    0.85    0.98
  10284                CONDUIT      0.00     0  00:00      0.00    0.00    0.00
  10363                CONDUIT      0.00     0  00:00      0.00    0.00    0.00
  10405                CONDUIT     43.73     0  00:14      0.98    3.14    1.00
  10464                CONDUIT      0.00     0  00:00      0.00    0.00    0.00
  10601                CONDUIT    354.11     0  00:53      1.28    1.31    0.96
  10602                CONDUIT      0.00     0  00:00      0.00    0.00    0.00
  10605                CONDUIT      0.00     0  00:00      0.00    0.00    0.35
  10607                CONDUIT    504.96     0  01:43      0.84    0.18    0.72
  10608                CONDUIT    162.79     0  00:22      1.66    0.67    1.00
  10671                CONDUIT    126.57     0  02:04      1.32    1.17    0.72
  10690                CONDUIT     37.70     0  00:14      1.30    0.02    0.96
  10691                CONDUIT    274.58     0  00:24      1.86    0.38    0.54
  10744                CONDUIT    174.06     0  00:15      1.31    0.73    1.00
  10746                CONDUIT    175.15     0  00:15      2.45    0.81    1.00
  10833                CONDUIT    268.75     0  01:58      1.67    0.84    0.57
  10845                CONDUIT    492.25     0  00:22      5.55    2.50    1.00
  10879                CONDUIT      0.00     0  00:00      0.00    0.00    0.00
  11139                CONDUIT      0.00     0  00:00      0.00    0.00    0.28
  11172                CONDUIT      0.00     0  00:00      0.00    0.00    0.00
  11209                CONDUIT      0.00     0  00:00      0.00    0.00    0.00
  12024                CONDUIT      0.00     0  00:00      0.00    0.00    0.00
  12611                CONDUIT    494.00     0  00:17      1.34    0.18    1.00
  12612                CONDUIT      0.00     0  00:00      0.00    0.00    0.00
  12613                CONDUIT      0.00     0  00:00      0.00    0.00    0.00
  12615                CONDUIT      0.00     0  00:00      0.00    0.00    0.00
  12620                CONDUIT      0.00     0  00:00      0.00    0.00    0.40
  12621                CONDUIT      0.00     0  00:00      0.00    0.00    0.23
  12622                CONDUIT      0.00     0  00:00      0.00    0.00    0.00
  12633                CONDUIT    353.80     0  00:33      1.80    0.80    1.00
  12636                CONDUIT    159.21     0  00:55      1.92    0.04    1.00
  12637                CONDUIT     60.08     0  00:35      0.64    0.21    1.00
  12638                CONDUIT     59.97     0  00:35      6.31   56.10    1.00
  12643                CONDUIT     59.87     0  00:34      2.41    0.09    0.18
  12644                CONDUIT     59.86     0  00:35      1.31    0.18    0.28
  12649                CONDUIT    126.51     0  01:18      1.55    0.21    0.33
  12650                CONDUIT    141.86     0  00:21      0.64    0.14    1.00
  12652                CONDUIT    371.83     0  00:19      1.93    1.42    1.00
  12653                CONDUIT    126.20     0  01:19      1.47    0.10    0.35
  12654                CONDUIT    296.40     0  00:25      1.70    0.56    0.59
  12656                CONDUIT    387.16     0  00:50      1.01    0.95    1.00
  12660                CONDUIT    379.07     0  00:36      1.29    0.65    1.00
  12661                CONDUIT      0.00     0  00:00      0.00    0.00    0.00
  12662                CONDUIT      0.00     0  00:00      0.00    0.00    0.00
  12663                CONDUIT      7.74     0  00:50      0.62    0.04    0.41
  12664                CONDUIT    205.78     0  00:24      0.95    0.20    0.87
  12665                CONDUIT    187.10     0  00:24      1.63    0.25    0.91
  12668                CONDUIT    528.61     0  01:59      1.87    1.17    1.00
  12673                CONDUIT      0.00     0  00:00      0.00    0.00    0.50
  12676                CONDUIT      0.00     0  00:00      0.00    0.00    0.18
  12678                CONDUIT    260.33     0  00:49      1.36    0.24    0.33
  12679                CONDUIT    260.13     0  02:13      3.68    6.10    1.00
  12681                CONDUIT    141.01     0  01:23      1.06    0.27    1.00
  12682                CONDUIT     72.61     0  00:10      0.84    0.17    1.00
  12683                CONDUIT    141.22     0  00:49      1.43    0.12    1.00
  12685                CONDUIT    353.78     0  00:33      3.71    0.41    1.00
  12686                CONDUIT    353.79     0  00:33      3.52    0.47    1.00
  12687                CONDUIT    353.83     0  00:33      1.80    0.84    1.00
  12688                CONDUIT    353.91     0  00:33      1.80    0.60    1.00
  12690                CONDUIT    368.18     0  00:50      0.73    0.63    1.00
  12691                CONDUIT    354.15     0  00:33      1.88    1.08    1.00
  12692                CONDUIT    354.17     0  00:33      1.91    0.47    1.00
  12694                CONDUIT   1283.21     0  02:00      1.75    0.20    0.67
  12697                CONDUIT     17.26     0  00:25      1.28    0.15    0.40
  12698                CONDUIT    353.81     0  00:33      1.80    0.71    1.00
  12699                CONDUIT     58.46     0  00:47      1.12    0.05    0.90
  12700                CONDUIT     44.72     0  00:47      0.64    0.03    0.95
  12760                CONDUIT    368.05     0  02:41     11.72    4.29    1.00
  12761                CONDUIT    586.72     0  00:21      8.30    5.10    1.00
  12865                CONDUIT    492.29     0  00:43      1.51    2.04    1.00
  12866                CONDUIT    262.94     0  00:35      0.93    0.17    1.00
  12870                CONDUIT    320.73     0  00:34      2.57    1.05    1.00
  12871                CONDUIT    136.86     0  00:24      2.65    0.64    1.00
  12872                CONDUIT     43.38     0  00:40      0.10    0.01    0.64
  12873                CONDUIT    375.56     0  00:18      1.84    0.10    1.00
  12874                CONDUIT    158.03     0  00:22      0.92    0.12    1.00
  12875                CONDUIT    373.51     0  00:21      0.88    0.36    1.00
  12876                CONDUIT    328.11     0  00:23      1.37    0.09    1.00
  12877                CONDUIT     78.96     0  00:22      2.55    1.45    1.00
  12878                CONDUIT      0.00     0  00:00      0.00    0.00    0.23
  12880                CONDUIT      0.00     0  00:00      0.00    0.00    0.00
  12884                CONDUIT    354.31     0  00:53      1.25    1.30    1.00
  12888                CONDUIT    121.92     0  00:42      4.23    0.19    0.75
  12889                CONDUIT    135.56     0  00:23      2.17    0.84    0.94
  12890                CONDUIT    175.41     0  00:23      2.00    0.66    0.95
  12892                CONDUIT      0.00     0  00:00      0.00    0.00    0.00
  12893                CONDUIT      0.00     0  00:00      0.00    0.00    0.00
  12894                CONDUIT      0.00     0  00:00      0.00    0.00    0.00
  12895                CONDUIT      0.00     0  00:00      0.00    0.00    0.00
  12897                CONDUIT    409.57     0  00:29      1.23    0.57    1.00
  12903                CONDUIT      0.00     0  00:00      0.00    0.00    0.00
  12904                CONDUIT      0.00     0  00:00      0.00    0.00    0.00
  12907                CONDUIT     78.88     0  01:12      1.19    0.91    0.73
  12940                CONDUIT    170.66     0  00:15      0.92    0.47    1.00
  12942                CONDUIT      0.00     0  00:00      0.00    0.00    0.03
  12978                CONDUIT    371.07     0  01:21      1.39    0.47    0.90
  12979                CONDUIT      0.00     0  00:00      0.00    0.00    0.00
  12980                CONDUIT    370.97     0  01:20      1.55    1.07    0.88
  12982                CONDUIT    251.19     0  01:51      1.46    0.56    0.70
  12983                CONDUIT    371.06     0  01:21      1.90    0.50    0.69
  12986                CONDUIT      0.00     0  00:00      0.00    0.00    0.00
  12987                CONDUIT      0.00     0  00:00      0.00    0.00    0.00
  12988                CONDUIT      0.00     0  00:00      0.00    0.00    0.00
  12989                CONDUIT      0.00     0  00:00      0.00    0.00    0.00
  12990                CONDUIT      0.00     0  00:00      0.00    0.00    0.00
  12991                CONDUIT      0.00     0  00:00      0.00    0.00    0.00
  12993                CONDUIT    610.05     0  00:19      2.16    1.07    1.00
  12994                CONDUIT    610.06     0  00:19      2.16    1.04    1.00
  12995                CONDUIT    618.65     0  00:19      1.31    1.14    1.00
  12996                CONDUIT    617.24     0  00:19      1.61    0.17    1.00
  12998                CONDUIT    609.81     0  00:18      2.16    0.97    1.00
  13000                CONDUIT    610.04     0  00:19      2.16    1.82    1.00
  13298                CONDUIT    549.12     0  00:55      1.62    0.52    1.00
  13357                CONDUIT    109.15     0  00:23      0.56    0.24    1.00
  13491                CONDUIT      0.00     0  00:00      0.00    0.00    0.50
  13492                CONDUIT     76.21     0  02:32      1.11    0.89    0.54
  13493                CONDUIT    115.77     0  00:21      1.05    0.76    1.00
  13494                CONDUIT     76.22     0  02:34      1.37    0.49    0.33
  13496                CONDUIT      0.00     0  00:00      0.00    0.00    0.00
  13512                CONDUIT    183.01     0  00:19      1.29    0.18    1.00
  13513                CONDUIT     36.43     0  00:21      1.94    0.22    1.00
  13524                CONDUIT      0.00     0  00:00      0.00    0.00    0.00
  13525                CONDUIT    285.49     0  00:25      1.43    1.27    0.66
  13560                CONDUIT      0.00     0  00:00      0.00    0.00    0.00
  13562                CONDUIT      0.00     0  00:00      0.00    0.00    0.00
  13569                CONDUIT    121.91     0  00:42      1.72    1.83    1.00
  13643                CONDUIT    126.53     0  02:29      1.80    0.43    0.91
  13801                CONDUIT    299.88     0  00:25      1.74    0.60    0.60
  13802                CONDUIT     65.83     0  00:21      3.14    0.66    1.00
  13820                CONDUIT    179.68     0  00:15      1.30    0.87    1.00
  13821                CONDUIT      1.45     0  00:17      0.06    0.00    0.41
  13936                CONDUIT      0.00     0  00:00      0.00    0.00    0.00
  13937                CONDUIT    122.86     0  02:08      1.36    1.21    0.68
  14073                CONDUIT      0.00     0  00:00      0.00    0.00    0.19
  14080                CONDUIT    410.84     0  00:19      1.83    1.20    0.76
  14101                CONDUIT    364.25     0  00:51      0.72    0.63    1.00
  14137                CONDUIT    281.14     0  00:33      0.74    0.16    1.00
  14141                CONDUIT    285.54     0  00:33      0.88    0.28    1.00
  14208                CONDUIT     21.55     0  00:11      0.42    0.16    1.00
  14270                CONDUIT    388.37     0  00:18      2.55    0.47    0.54
  14272                CONDUIT    383.54     0  00:18      2.67    0.52    0.52
  14472                CONDUIT    250.24     0  01:53      1.07    0.48    0.81
  14475                CONDUIT      0.00     0  00:00      0.00    0.00    0.00
  14478                CONDUIT    292.71     0  00:26      1.14    0.65    0.88
  14574                CONDUIT    379.82     0  00:18      2.27    0.49    0.58
  14707                CONDUIT      0.00     0  00:00      0.00    0.00    0.00
  14739                CONDUIT   1283.13     0  02:00      3.05    0.13    0.18
  14745                CONDUIT    158.28     0  00:51      1.05    0.06    0.94
  14749                CONDUIT     59.57     0  00:25      0.57    0.13    0.53
  14765                CONDUIT      2.20     0  02:48      0.44    0.02    0.08
  14950                CONDUIT     21.35     0  00:12      3.01    0.07    1.00
  15152                CONDUIT    126.54     0  02:12      1.01    0.63    1.00
  15171                CONDUIT    341.50     0  00:14      2.72    1.51    1.00
  15187                CONDUIT      0.00     0  00:00      0.00    0.00    0.00
  15242                CONDUIT    260.56     0  01:19      2.60    0.64    0.38
  15277                CONDUIT    340.72     0  00:14      2.71    3.49    1.00
  15281                CONDUIT    292.99     0  00:25      1.90    0.45    0.54
  15332                CONDUIT    179.65     0  00:15      1.68    0.81    0.93
  15333                CONDUIT      0.00     0  00:00      0.00    0.00    0.00
  15362                CONDUIT    610.00     0  00:19      2.16    2.49    1.00
  15806                CONDUIT    262.59     0  02:06      1.29    0.25    0.32
  16419                CONDUIT    562.16     0  00:55      1.65    0.08    0.90
  16476                CONDUIT    353.72     0  00:33      2.81    1.28    1.00
  16575                CONDUIT      0.00     0  00:00      0.00    0.00    0.00
  16654                CONDUIT    227.10     0  00:33      0.61    0.13    1.00
  16672                CONDUIT    483.26     0  00:43      1.31    1.97    1.00
  16865                CONDUIT      0.00     0  00:00      0.00    0.00    0.00
  16887                CONDUIT      0.00     0  00:00      0.00    0.00    0.00
  16908                CONDUIT      0.00     0  00:00      0.00    0.00    0.00
  16909                CONDUIT     39.96     0  00:22      4.27    1.71    1.00
  17523                CONDUIT    122.87     0  02:08      2.03    0.47    0.49
  17571                CONDUIT    549.03     0  00:55      1.61    0.52    1.00
  17580                CONDUIT    102.94     0  00:21      0.69    0.05    1.00
  17703                CONDUIT      0.00     0  00:00      0.00    0.00    0.00
  17714                CONDUIT    340.75     0  00:14      2.71    2.33    1.00
  17715                CONDUIT     26.61     0  00:11      1.41    0.05    1.00
  17766                CONDUIT     20.43     0  00:12      0.67    0.17    1.00
  17896                CONDUIT    109.32     0  00:23      1.44    0.14    0.91
  17908                CONDUIT    340.84     0  00:14      2.71    1.70    1.00
  17926                CONDUIT      0.00     0  00:00      0.00    0.00    0.00
  17953                CONDUIT    354.03     0  00:33      1.80    0.71    1.00
  18020                CONDUIT      0.00     0  00:00      0.00    0.00    0.00
  18084                CONDUIT    165.37     0  00:51      0.96    0.08    0.99
  18113                CONDUIT    126.71     0  01:46      1.22    0.52    0.92
  18330                CONDUIT    123.16     0  01:10      3.72    0.25    0.62
  18338                CONDUIT    261.50     0  02:07      1.24    0.25    0.32
  18383                CONDUIT      0.00     0  00:00      0.00    0.00    0.00
  18387                CONDUIT    123.36     0  01:19      1.75    0.48    1.00
  18389                CONDUIT    121.63     0  00:42      1.16    0.75    0.83
  18423                CONDUIT      0.00     0  00:00      0.00    0.00    0.00
  18530                CONDUIT    260.78     0  02:07      1.29    0.25    0.33
  19043                CONDUIT     12.53     0  00:10      0.58    0.10    1.00
  19132                CONDUIT     67.79     0  00:10      1.29    0.12    1.00
  19193                CONDUIT    488.92     0  00:19      1.86    0.15    1.00
  19227                CONDUIT     41.05     0  00:11      0.62    0.24    1.00
  19440                CONDUIT      0.00     0  00:00      0.00    0.00    0.00
  19717                CONDUIT    529.55     0  01:59      1.87    0.24    1.00
  19838                CONDUIT    341.59     0  00:14      2.72    2.43    1.00
  19850                CONDUIT    364.44     0  00:25      0.46    0.05    1.00
  19910                CONDUIT      0.00     0  00:00      0.00    0.00    0.00
  20466                CONDUIT     23.47     0  00:13      0.77    0.60    1.00
  20474                CONDUIT    528.57     0  01:59      1.87    0.56    1.00
  20518                CONDUIT    142.63     0  00:24      1.36    0.80    0.98
  20519                CONDUIT      0.00     0  00:00      0.00    0.00    0.00
  20520                CONDUIT    142.98     0  00:24      1.65    0.59    0.91
  20521                CONDUIT      0.00     0  00:00      0.00    0.00    0.00
  20529                CONDUIT      0.00     0  00:00      0.00    0.00    0.00
  20530                CONDUIT    151.63     0  00:16      1.85    2.39    1.00
  20531                CONDUIT    156.19     0  00:15      1.70    0.51    1.00
  20532                CONDUIT    142.61     0  02:52      1.86    1.74    0.82
  20534                CONDUIT     79.45     0  02:37      1.17    0.92    0.68
  20535                CONDUIT      0.00     0  00:00      0.00    0.00    0.22
  20536                CONDUIT      0.00     0  00:00      0.00    0.00    0.09
  20538                CONDUIT     77.18     0  02:01      1.00    0.90    0.67
  20539                CONDUIT     77.29     0  00:51      1.06    0.90    0.62
  20540                CONDUIT      0.00     0  00:00      0.00    0.00    0.26
  20541                CONDUIT      0.00     0  00:00      0.00    0.00    0.36
  20542                CONDUIT      0.00     0  00:00      0.00    0.00    0.16
  20543                CONDUIT     75.63     0  02:26      1.61    3.45    0.92
  20544                CONDUIT      0.00     0  00:00      0.00    0.00    0.49
  20545                CONDUIT     75.63     0  02:26      1.58    3.22    0.94
  20546                CONDUIT      0.00     0  00:00      0.00    0.00    0.50
  20547                CONDUIT      0.00     0  00:00      0.00    0.00    0.00
  20548                CONDUIT     75.63     0  02:26      1.54    3.04    1.00
  20549                CONDUIT    155.40     0  00:15      1.61    0.96    1.00
  20550                CONDUIT    163.89     0  00:15      1.49    1.09    1.00
  20560                CONDUIT    142.43     0  02:51      0.84    0.19    0.78
  20569                CONDUIT    149.86     0  00:18      1.64    0.86    1.00
  20570                CONDUIT    142.32     0  00:17      1.36    2.53    0.97
  20571                CONDUIT    142.46     0  02:51      1.04    0.20    0.65
  20573                CONDUIT     76.20     0  02:32      1.06    0.49    0.54
  20577                CONDUIT     15.55     0  00:13      0.77    0.06    1.00
  20578                CONDUIT    109.27     0  00:23      0.70    0.10    1.00
  20579                CONDUIT    110.65     0  00:21      1.11    0.70    1.00
  20582                CONDUIT      0.00     0  00:00      0.00    0.00    0.00
  20584                CONDUIT     80.15     0  00:19      1.95    0.10    0.32
  20592                CONDUIT     32.85     0  00:13      0.21    0.00    1.00
  20594                CONDUIT     88.37     0  00:22      0.42    0.07    1.00
  20605                CONDUIT     76.15     0  02:33      0.99    0.49    0.41
  20606                CONDUIT     76.23     0  02:33      0.96    0.49    0.55
  20609                CONDUIT     12.50     0  00:22      0.47    0.04    0.89
  20611                CONDUIT     92.51     0  00:21      1.87    0.20    0.52
  20613                CONDUIT    110.00     0  00:21      1.84    0.20    0.36
  20615                CONDUIT    107.78     0  00:21      2.23    0.13    0.30
  20616                CONDUIT     92.95     0  00:21      2.54    0.13    0.25
  20618                CONDUIT     85.73     0  00:20      1.42    0.18    0.35
  20619                CONDUIT     82.43     0  00:20      1.54    0.22    0.33
  20622                CONDUIT    143.29     0  00:24      1.23    1.00    0.95
  20623                CONDUIT     76.14     0  02:34      1.50    0.13    0.30
  20624                CONDUIT     76.17     0  02:34      1.23    0.49    0.36
  20627                CONDUIT     76.12     0  02:34      1.06    0.51    0.39
  20628                CONDUIT     76.13     0  02:33      0.99    0.49    0.41
  20636                CONDUIT      0.00     0  00:00      0.00    0.00    0.00
  20637                CONDUIT    169.34     0  00:24      0.90    0.23    0.96
  20638                CONDUIT    151.18     0  00:24      1.48    0.32    0.88
  20639                CONDUIT    162.88     0  00:24      1.45    0.25    0.89
  20640                CONDUIT     16.42     0  00:23      0.38    0.03    1.00
  20641                CONDUIT      0.00     0  00:00      0.00    0.00    0.00
  20643                CONDUIT      0.00     0  00:00      0.00    0.00    0.00
  20644                CONDUIT      0.00     0  00:00      0.00    0.00    0.00
  20645                CONDUIT    126.27     0  01:18      1.85    0.21    0.29
  20646                CONDUIT      0.00     0  00:00      0.00    0.00    0.06
  20647                CONDUIT    360.98     0  00:36      1.17    0.34    1.00
  20648                CONDUIT    369.30     0  00:37      1.34    0.63    1.00
  20655                CONDUIT     23.34     0  00:48      2.14    0.04    0.39
  20683                CONDUIT      0.00     0  00:00      0.00    0.00    0.00
  20777                CONDUIT    399.82     0  00:28      1.88    0.51    0.70
  20821                CONDUIT    140.84     0  00:22      2.05    0.60    0.69
  20913                CONDUIT    122.75     0  00:42      1.29    0.62    0.77
  20942                CONDUIT    493.43     0  00:17      1.88    0.39    0.88
  20944                CONDUIT      0.00     0  00:00      0.00    0.00    0.00
  20945                CONDUIT   1610.96     0  02:01      6.57    0.16    0.27
  20946                CONDUIT   1283.10     0  02:00      1.75    0.57    0.32
  20953                CONDUIT    335.40     0  00:26      3.85    1.20    1.00
  20954                CONDUIT      0.00     0  00:00      0.00    0.00    0.00
  20956                CONDUIT    250.21     0  01:51      0.98    0.37    0.85
  20962                CONDUIT    320.73     0  00:34      2.55    0.71    1.00
  20992                CONDUIT    126.54     0  01:48      1.93    0.74    1.00
  20993                CONDUIT      0.00     0  00:00      0.00    0.00    0.00
  21040                CONDUIT    320.74     0  00:34      2.95    0.68    1.00
  21712                CONDUIT    549.09     0  00:55      1.47    0.52    1.00
  21714                CONDUIT    275.66     0  00:19      1.40    0.23    1.00
  21715                CONDUIT      0.00     0  00:00      0.00    0.00    0.00
  21742                CONDUIT    549.07     0  00:55      1.57    0.52    1.00
  21744                CONDUIT    549.07     0  00:55      1.53    0.52    1.00
  21746                CONDUIT    353.84     0  00:33      2.85    0.50    1.00
  21747                CONDUIT    353.89     0  00:33      1.89    1.55    1.00
  21748                CONDUIT    353.87     0  00:33      1.80    0.99    1.00
  21749                CONDUIT    353.94     0  00:33      1.80    0.47    1.00
  21750                CONDUIT    354.05     0  00:33      1.80    0.59    1.00
  21754                CONDUIT    353.77     0  00:33      1.80    1.47    1.00
  21757                CONDUIT    549.10     0  00:55      1.34    0.52    1.00
  21759                CONDUIT    353.76     0  00:33      1.80    1.20    1.00
  21760                CONDUIT    141.00     0  01:23      0.72    5.90    1.00
  21762                CONDUIT    212.27     0  03:34      0.75    0.12    1.00
  21763                CONDUIT      0.00     0  00:00      0.00    0.00    0.00
  21764                CONDUIT     19.58     0  00:49      1.81    0.16    0.53
  21765                CONDUIT      8.05     0  00:50      0.41    0.01    0.30
  21766                CONDUIT    162.06     0  00:51      0.95    0.06    1.00
  21767                CONDUIT     21.07     0  00:48      0.28    0.01    0.66
  21769                CONDUIT    253.71     0  00:55      0.96    0.14    1.00
  21770                CONDUIT     31.42     0  00:47      0.27    0.12    1.00
  21771                CONDUIT    253.74     0  00:55      0.81    0.15    1.00
  21772                CONDUIT     15.56     0  00:49      0.87    0.09    0.52
  21773                CONDUIT      0.52     0  00:53      0.02    0.00    0.24
  21774                CONDUIT      0.00     0  00:00      0.00    0.00    0.01
  21778                CONDUIT      0.00     0  00:00      0.00    0.00    0.00
  21780                CONDUIT     60.74     0  01:38      0.42    0.04    1.00
  21781                CONDUIT     59.93     0  00:34      0.56    0.13    0.53
  21784                CONDUIT     59.88     0  00:34      1.04    0.13    0.86
  21786                CONDUIT      0.00     0  00:00      0.00    0.00    0.00
  21787                CONDUIT    126.16     0  01:18      1.01    0.22    0.46
  21788                CONDUIT    211.51     0  03:35      0.60    0.12    1.00
  21789                CONDUIT    331.27     0  00:19      1.31    0.50    1.00
  21792                CONDUIT    346.18     0  00:36      1.15    0.33    1.00
  21793                CONDUIT      0.00     0  00:00      0.00    0.00    0.02
  21796                CONDUIT    335.81     0  00:35      1.12    0.32    1.00
  21799                CONDUIT     14.45     0  00:23      0.71    0.80    0.69
  21800                CONDUIT     11.46     0  00:23      0.26    0.03    0.91
  21803                CONDUIT    322.80     0  00:35      1.12    0.30    1.00
  21805                CONDUIT    303.68     0  00:35      0.96    0.29    1.00
  21806                CONDUIT    256.85     0  00:33      0.61    0.15    1.00
  21812                CONDUIT      0.00     0  00:00      0.00    0.00    0.00
  21814                CONDUIT      0.00     0  00:00      0.00    0.00    0.00
  21815                CONDUIT    373.18     0  00:50      0.48    0.35    1.00
  21817                CONDUIT      0.00     0  00:00      0.00    0.00    0.00
  21820                CONDUIT    356.02     0  00:34      2.05    1.06    1.00
  21821                CONDUIT    353.77     0  00:33      2.82    0.63    1.00
  21822                CONDUIT    373.96     0  00:37      1.31    0.64    1.00
  21823                CONDUIT    376.79     0  00:37      1.30    0.65    1.00
  21824                CONDUIT      0.00     0  00:00      0.00    0.00    0.00
  21826                CONDUIT    311.33     0  00:21      1.25    1.19    1.00
  21827                CONDUIT    196.26     0  00:22      1.46    0.28    0.93
  21828                CONDUIT    208.84     0  00:23      1.42    0.27    0.99
  21829                CONDUIT    528.89     0  01:57      1.87    0.59    1.00
  21830                CONDUIT    529.00     0  01:57      1.87    0.37    1.00
  21832                CONDUIT    158.13     0  00:22      1.74    0.30    0.95
  21833                CONDUIT    135.42     0  00:22      0.88    4.47    0.98
  21835                CONDUIT      0.00     0  00:00      0.00    0.00    0.00
  21836                CONDUIT      0.00     0  00:00      0.00    0.00    0.00
  21838                CONDUIT      0.00     0  00:00      0.00    0.00    0.00
  21839                CONDUIT      0.00     0  00:00      0.00    0.00    0.00
  21840                CONDUIT      5.39     0  02:01      0.25    0.01    0.31
  21841                CONDUIT      0.00     0  00:00      0.00    0.00    0.28
  21844                CONDUIT      0.00     0  00:00      0.00    0.00    0.00
  21845                CONDUIT    528.72     0  01:59      1.87    1.79    1.00
  21846                CONDUIT    528.74     0  01:59      1.87    0.60    1.00
  21847                CONDUIT    528.67     0  01:59      1.87    1.02    1.00
  21848                CONDUIT    528.76     0  01:58      1.98    0.30    1.00
  21851                CONDUIT      0.00     0  00:00      0.00    0.00    0.00
  21852                CONDUIT      0.00     0  00:00      0.00    0.00    0.00
  21854                CONDUIT    333.24     0  02:04      1.97    0.18    0.27
  21858                CONDUIT   1283.15     0  02:01      1.09    0.06    0.46
  21859                CONDUIT   1283.13     0  02:00      3.73    0.02    0.40
  21862                CONDUIT     25.47     0  00:25      0.61    0.03    0.32
  21864                CONDUIT      0.00     0  00:00      0.00    0.00    0.50
  21866                CONDUIT      3.74     0  00:32      0.79    0.01    0.29
  22116                CONDUIT     39.57     0  00:13      0.31    0.06    1.00
  22117                CONDUIT      0.00     0  00:00      0.00    0.00    0.00
  22282                CONDUIT      0.00     0  00:00      0.00    0.00    0.00
  22575                CONDUIT      0.00     0  00:00      0.00    0.00    0.00
  22576                CONDUIT      0.00     0  00:00      0.00    0.00    0.00
  22580                CONDUIT     11.47     0  00:39      0.09    0.01    1.00
  22581                CONDUIT      0.00     0  00:00      0.00    0.00    0.00
  22582                CONDUIT    356.80     0  00:52      1.53    1.31    0.80
  22583                CONDUIT      0.00     0  00:00      0.00    0.00    0.00
  22585                CONDUIT     53.45     0  00:22      1.43    0.67    1.00
  22586                CONDUIT    327.54     0  00:23      1.39    0.28    1.00
  22587                CONDUIT    514.14     0  00:19      1.98    0.52    1.00
  22588                CONDUIT    191.49     0  00:19      2.04    0.04    1.00
  22589                CONDUIT    514.22     0  00:19      2.05    0.54    1.00
  22590                CONDUIT    108.26     0  00:15      0.33    0.01    1.00
  22591                CONDUIT     37.47     0  00:20      1.33    0.41    1.00
  22592                CONDUIT      8.34     0  00:22      0.12    0.01    0.51
  22596                CONDUIT    320.72     0  00:34      2.55    1.09    1.00
  22597                CONDUIT    134.43     0  00:24      2.56    0.42    0.76
  22598                CONDUIT    124.12     0  00:43      1.75    0.20    0.58
  22599                CONDUIT      0.00     0  00:00      0.00    0.00    0.12
  22601                CONDUIT     27.28     0  00:41      0.43    0.13    0.91
  22605                CONDUIT    165.48     0  00:35      1.13    0.29    1.00
  22606                CONDUIT     45.94     0  00:41      0.49    0.03    1.00
  22607                CONDUIT     78.35     0  00:22      0.86    0.11    1.00
  22608                CONDUIT     26.53     0  00:42      0.42    0.08    0.92
  22609                CONDUIT     15.09     0  00:39      0.79    0.07    1.00
  22611                CONDUIT    167.04     0  00:25      1.00    0.06    1.00
  22612                CONDUIT    327.41     0  00:23      1.16    0.41    1.00
  22613                CONDUIT     40.94     0  00:22      1.24    0.62    1.00
  22614                CONDUIT     20.29     0  00:14      0.52    0.02    1.00
  22616                CONDUIT    369.91     0  00:53      0.93    0.44    1.00
  22617                CONDUIT      0.00     0  00:00      0.00    0.00    0.00
  22618                CONDUIT      0.00     0  00:00      0.00    0.00    0.00
  22621                CONDUIT      0.00     0  00:00      0.00    0.00    0.00
  22640                CONDUIT      0.00     0  00:00      0.00    0.00    0.00
  22643                CONDUIT      0.00     0  00:00      0.00    0.00    0.00
  22653                CONDUIT    121.89     0  00:42      1.44    0.69    0.61
  22654                CONDUIT    121.93     0  00:42      1.82    0.24    0.90
  22656                CONDUIT      0.00     0  00:00      0.00    0.00    0.00
  22658                CONDUIT      0.00     0  00:00      0.00    0.00    0.00
  22659                CONDUIT      0.00     0  00:00      0.00    0.00    0.00
  22660                CONDUIT    376.87     0  00:53      1.50    0.49    1.00
  22789                CONDUIT    126.60     0  02:31      1.60    0.29    0.89
  22790                CONDUIT    126.60     0  02:31      1.74    0.41    0.88
  22794                CONDUIT      0.00     0  00:00      0.00    0.00    0.00
  22795                CONDUIT      0.00     0  00:00      0.00    0.00    0.00
  22796                CONDUIT      2.64     0  00:17      0.12    0.00    0.59
  22797                CONDUIT      0.00     0  00:00      0.00    0.00    0.00
  22798                CONDUIT    177.78     0  00:15      1.39    2.06    1.00
  22799                CONDUIT    179.90     0  00:15      1.05    0.23    0.76
  22800                CONDUIT      0.00     0  00:00      0.00    0.00    0.11
  22801                CONDUIT      0.00     0  00:00      0.00    0.00    0.00
  22802                CONDUIT    126.54     0  01:48      1.66    0.89    1.00
  22804                CONDUIT    126.54     0  01:46      1.50    0.75    1.00
  22805                CONDUIT    126.54     0  01:46      1.56    0.48    0.93
  22810                CONDUIT    126.55     0  02:09      1.36    0.16    0.96
  22811                CONDUIT    126.54     0  02:12      1.22    0.74    1.00
  22812                CONDUIT    126.55     0  02:30      1.86    0.77    1.00
  22818                CONDUIT      0.00     0  00:00      0.00    0.00    0.00
  22819                CONDUIT      1.91     0  00:14      0.03    0.00    0.46
  22827                CONDUIT      0.00     0  00:00      0.00    0.00    0.00
  22837                CONDUIT    126.53     0  02:12      1.64    0.98    1.00
  22839                CONDUIT      0.00     0  00:00      0.00    0.00    0.09
  22840                CONDUIT      0.00     0  00:00      0.00    0.00    0.00
  22850                CONDUIT    126.53     0  02:12      1.36    0.78    1.00
  22852                CONDUIT    126.54     0  02:12      1.16    0.71    1.00
  22865                CONDUIT    127.14     0  02:30      1.01    0.27    1.00
  22866                CONDUIT    126.59     0  02:30      1.01    0.90    1.00
  23050                CONDUIT    383.84     0  00:19      2.39    0.27    0.84
  23053                CONDUIT    383.09     0  00:19      1.75    2.22    0.81
  23054                CONDUIT    388.51     0  00:19      1.63    0.83    0.82
  23059                CONDUIT    392.27     0  00:19      1.77    0.61    0.77
  23060                CONDUIT    378.67     0  00:17      1.97    0.89    0.65
  23062                CONDUIT    373.10     0  00:20      2.41    0.38    0.56
  23063                CONDUIT    494.20     0  00:17      1.92    2.75    0.93
  23064                CONDUIT    250.13     0  01:51      1.20    0.31    0.74
  23066                CONDUIT    250.46     0  01:51      1.37    0.72    0.74
  23071                CONDUIT      0.00     0  00:00      0.00    0.00    0.00
  23073                CONDUIT    395.10     0  00:18      2.17    0.54    0.62
  23075                CONDUIT    379.28     0  00:18      2.26    0.60    0.58
  23077                CONDUIT    372.61     0  00:21      2.38    0.23    1.00
  23078                CONDUIT    370.78     0  01:21      1.41    0.71    0.89
  23079                CONDUIT    250.12     0  01:22      1.17    0.44    0.76
  23081                CONDUIT      0.00     0  00:00      0.00    0.00    0.00
  23082                CONDUIT    755.65     0  01:42      1.08    0.05    0.42
  23083                CONDUIT    755.28     0  01:42      1.09    0.04    0.47
  23084                CONDUIT      0.00     0  00:00      0.00    0.00    0.00
  23085                CONDUIT    754.70     0  01:50      0.82    0.05    0.41
  23087                CONDUIT      0.00     0  00:00      0.00    0.00    0.00
  23088                CONDUIT      0.00     0  00:00      0.00    0.00    0.00
  23090                CONDUIT      0.00     0  00:00      0.00    0.00    0.00
  23092                CONDUIT      0.00     0  00:00      0.00    0.00    0.00
  23093                CONDUIT      0.00     0  00:00      0.00    0.00    0.00
  23094                CONDUIT   1283.10     0  01:58      1.69    0.13    0.34
  23095                CONDUIT    528.67     0  01:59      7.48    2.87    1.00
  23097                CONDUIT    754.65     0  02:00      1.19    0.26    0.29
  23098                CONDUIT      0.00     0  00:00      0.00    0.00    0.00
  23099                CONDUIT   1283.12     0  01:59      1.50    0.23    0.38
  23102                CONDUIT      0.00     0  00:00      0.00    0.00    0.00
  23110                CONDUIT      0.00     0  00:00      0.00    0.00    0.40
  23112                CONDUIT      0.00     0  00:00      0.00    0.00    0.00
  23113                CONDUIT      0.00     0  00:00      0.00    0.00    0.00
  23114                CONDUIT      0.00     0  00:00      0.00    0.00    0.00
  23115                CONDUIT   1283.08     0  01:58      1.41    0.05    0.40
  23116                CONDUIT    376.51     0  00:20      1.99    0.97    0.94
  23117                CONDUIT    375.52     0  00:22      1.82    0.63    0.92
  23119                CONDUIT    373.09     0  00:33      1.71    0.42    0.97
  23120                CONDUIT    372.46     0  00:33      2.05    0.72    0.91
  23122                CONDUIT    373.16     0  00:33      1.65    8.12    0.86
  23123                CONDUIT    383.82     0  00:19      1.43    0.26    0.94
  23147                CONDUIT    505.07     0  01:54      0.95    0.17    0.65
  23148                CONDUIT      0.00     0  00:00      0.00    0.00    0.00
  23150                CONDUIT    126.16     0  01:05      1.23    0.38    0.39
  23152                CONDUIT      0.00     0  00:00      0.00    0.00    0.03
  23158                CONDUIT    288.57     0  00:26      1.40    0.36    0.81
  23159                CONDUIT    398.47     0  00:28      2.47    0.50    0.56
  23163                CONDUIT    129.23     0  00:26      1.88    0.16    0.30
  23164                CONDUIT    126.60     0  01:56      1.35    4.55    0.37
  23165                CONDUIT    126.41     0  01:56      1.27    0.26    0.39
  23167                CONDUIT    126.31     0  01:56      1.53    0.19    0.33
  23171                CONDUIT      4.09     0  00:26      1.12    0.01    0.58
  23172                CONDUIT    145.27     0  00:27      1.08    0.43    0.49
  23190                CONDUIT    610.02     0  00:19      2.16    0.68    1.00
  23191                CONDUIT    610.07     0  00:19      2.16    1.42    1.00
  23192                CONDUIT    610.44     0  00:19      2.16    0.77    1.00
  23193                CONDUIT     13.84     0  00:16      1.34    0.16    1.00
  23199                CONDUIT    773.58     0  02:09      2.74    0.59    1.00
  23200                CONDUIT    775.94     0  01:40      0.83    0.05    1.00
  23204                CONDUIT     11.03     0  00:13      1.57    0.02    1.00
  23207                CONDUIT    609.82     0  00:18      2.16    1.64    1.00
  23478                CONDUIT      0.00     0  00:00      0.00    0.00    0.14
  23524                CONDUIT      0.00     0  00:00      0.00    0.00    0.00
  25966                CONDUIT      0.00     0  00:00      0.00    0.00    0.00
  26838                CONDUIT    305.00     0  00:19      1.31    0.20    1.00
  26852                CONDUIT      0.00     0  00:00      0.00    0.00    0.00
  26855                CONDUIT      0.00     0  00:00      0.00    0.00    0.00
  27342                CONDUIT      3.18     0  00:33      0.14    0.02    0.24
  31188                CONDUIT    386.06     0  00:19      1.73    0.84    0.76
  31937                CONDUIT    252.39     0  01:42      5.65    0.10    0.36
  32535                CONDUIT      0.00     0  00:00      0.00    0.00    0.00
  34331                CONDUIT      0.00     0  00:00      0.00    0.00    0.00
  36494                CONDUIT      6.24     0  00:32      0.18    0.05    0.36
  38189                CONDUIT     96.20     0  00:25      1.32    0.10    0.81
  38190                CONDUIT     20.54     0  00:47      0.18    0.05    1.00
  38193                CONDUIT    122.63     0  00:22      0.47    0.17    1.00
  38250                CONDUIT     33.37     0  00:21      0.37    0.04    1.00
  38555                CONDUIT      2.20     0  04:10      0.24    0.02    0.13
  38575                CONDUIT      0.00     0  00:00      0.00    0.00    0.04
  38710                CONDUIT      0.00     0  00:00      0.00    0.00    0.27
  38711                CONDUIT     77.12     0  01:46      1.06    0.91    0.73
  38712                CONDUIT     76.86     0  02:32      0.98    0.90    0.71
  38869                CONDUIT      0.00     0  00:00      0.00    0.00    0.09
  38870                CONDUIT      0.00     0  00:00      0.00    0.00    0.00
  38873                CONDUIT      0.00     0  00:00      0.00    0.00    0.00
  38889                CONDUIT      0.00     0  00:00      0.00    0.00    0.00
  39004                CONDUIT     78.82     0  00:50      1.61    0.92    0.68
  39117                CONDUIT      7.98     0  02:01      0.41    0.05    1.00
  39149                CONDUIT      0.00     0  00:00      0.00    0.00    0.00
  39247                CONDUIT    401.97     0  00:28      2.94    0.46    0.51
  39284                CONDUIT      0.00     0  00:00      0.00    0.00    0.00
  39378                CONDUIT      0.00     0  00:00      0.00    0.00    0.00
  39379                CONDUIT      0.00     0  00:00      0.00    0.00    0.00
  39419                CONDUIT    353.83     0  00:33      2.04    0.60    1.00
  39469                CONDUIT      0.00     0  00:00      0.00    0.00    0.00
  39514                CONDUIT      0.00     0  00:00      0.00    0.00    0.00
  39537                CONDUIT    250.22     0  01:53      1.66    0.55    0.73
  39563                CONDUIT      2.20     0  02:43      0.70    0.01    0.29
  39936                CONDUIT      0.00     0  00:00      0.00    0.00    0.00
  39937                CONDUIT    492.32     0  00:43      1.18    0.24    1.00
  40173                CONDUIT   1283.19     0  02:00      1.62    0.15    0.76
  40224                CONDUIT     69.37     0  00:11      0.55    0.18    1.00
  40244                CONDUIT    360.25     0  00:19      1.30    1.11    1.00
  40245                CONDUIT    353.75     0  00:19      1.51    1.77    1.00
  40248                CONDUIT      0.00     0  00:00      0.00    0.00    0.00
  40249                CONDUIT      0.00     0  00:00      0.00    0.00    0.00
  40372                CONDUIT      0.00     0  00:00      0.00    0.00    0.00
  40373                CONDUIT    433.68     0  00:30      1.20    0.84    1.00
  40386                CONDUIT      4.61     0  00:27      0.04    0.00    0.59
  40388                CONDUIT      0.00     0  00:00      0.00    0.00    0.00
  40448                CONDUIT      0.00     0  00:00      0.00    0.00    0.37
  40679                CONDUIT      0.00     0  00:00      0.00    0.00    0.00
  40680                CONDUIT      0.00     0  00:00      0.00    0.00    0.00
  40713                CONDUIT      0.00     0  00:00      0.00    0.00    0.03
  40793                CONDUIT    178.98     0  00:15      1.67    0.90    1.00
  41025                CONDUIT    353.94     0  00:33      1.80    0.85    1.00
  41038                CONDUIT    250.23     0  01:51      1.25    0.59    0.95
  41039                CONDUIT    250.26     0  01:51      1.30    0.48    0.84
  41097                CONDUIT      5.28     0  00:49      1.01    0.06    0.48
  41114                CONDUIT    340.81     0  00:14      2.71    1.25    1.00
  41149                CONDUIT    126.68     0  01:12      2.81    0.32    0.39
  41181                CONDUIT      0.00     0  00:00      0.00    0.00    0.00
  41182                CONDUIT      0.00     0  00:00      0.00    0.00    0.00
  41183                CONDUIT      0.00     0  00:00      0.00    0.00    0.00
  41204                CONDUIT      0.00     0  00:00      0.00    0.00    0.00
  41367                CONDUIT    126.53     0  02:12      1.19    1.67    1.00
  41543                CONDUIT    127.45     0  00:24      0.67    0.14    0.82
  41557                CONDUIT      0.00     0  00:00      0.00    0.00    0.00
  41561                CONDUIT    320.85     0  00:34      1.44    0.35    1.00
  41562                CONDUIT      5.91     0  00:00      1.45    0.02    0.11
  41661                CONDUIT    524.87     0  00:19      2.12    1.00    1.00
  41712                CONDUIT      2.20     0  02:51      0.52    0.01    0.07
  42042                CONDUIT      0.00     0  00:00      0.00    0.00    0.00
  42043                CONDUIT      0.00     0  00:00      0.00    0.00    0.00
  42079                CONDUIT      0.00     0  00:00      0.00    0.00    0.00
  42080                CONDUIT      0.00     0  00:00      0.00    0.00    0.00
  42081                CONDUIT    403.21     0  00:30      1.96    1.25    0.72
  42082                CONDUIT    391.27     0  00:19      1.79    0.65    0.76
  42085                CONDUIT    610.01     0  00:19      2.16    0.91    1.00
  42514                CONDUIT      0.00     0  00:00      0.00    0.00    0.00
  42515                CONDUIT    269.52     0  02:28      2.66    0.79    0.84
  42541                CONDUIT      0.00     0  00:00      0.00    0.00    0.00
  42568                CONDUIT    357.11     0  00:19      1.65    0.15    1.00
  42610                CONDUIT      3.10     0  00:00      0.35    0.03    0.18
  42644                CONDUIT     16.21     0  00:22      0.98    0.18    1.00
  42711                CONDUIT    353.77     0  00:33      1.80    1.30    1.00
  42712                CONDUIT     60.09     0  00:35      0.36    0.02    1.00
  42713                CONDUIT    353.72     0  00:33      3.20    0.84    1.00
  42714                CONDUIT      2.75     0  00:33      0.52    0.02    0.17
  42715                CONDUIT    168.77     0  00:17      1.73    0.79    0.44
  42716                CONDUIT      2.20     0  04:37      0.69    0.01    0.07
  42717                CONDUIT      2.20     0  02:43      0.54    0.01    0.22
  42718                CONDUIT    394.81     0  01:18      2.79    0.46    0.51
  42719                CONDUIT    277.69     0  01:34      1.98    0.97    0.67
  42720                CONDUIT    126.55     0  02:30      1.35    1.36    0.98
  42721                CONDUIT     93.67     0  00:17      1.44    0.78    0.86
  42722                CONDUIT    417.81     0  00:53      1.68    0.23    0.84
  42723                CONDUIT    398.94     0  00:28      1.80   14.30    0.75
  42724                CONDUIT    494.03     0  00:25      2.69    0.39    1.00
  42725                CONDUIT    320.89     0  00:34      1.13    0.11    1.00
  42726                CONDUIT    326.68     0  00:32      6.19    0.12    0.87
  42727                CONDUIT    540.61     0  00:19      2.47    1.36    1.00
  42728                CONDUIT     75.63     0  02:26      0.85    0.87    0.92
  42730                CONDUIT    250.17     0  02:28      1.27    0.83    0.66
  42731                CONDUIT    126.53     0  02:09      1.62    0.76    1.00
  42732                CONDUIT    144.27     0  00:16      1.43    1.21    1.00
  42733                CONDUIT    154.67     0  00:18      1.84    0.96    1.00
  42734                CONDUIT    610.12     0  00:19      2.16    1.04    1.00
  42735                CONDUIT    528.66     0  01:59      4.21    1.55    1.00
  42736                CONDUIT    778.16     0  02:01      1.30    0.25    0.28
  42737                CONDUIT     59.85     0  00:35      1.90    0.06    0.37
  42738                CONDUIT    382.31     0  00:19      1.82    0.59    0.85
  42739                CONDUIT    313.83     0  00:26      1.71    0.51    0.63
  42740                CONDUIT    394.89     0  02:11      2.47    0.59    0.78
  42742                CONDUIT    249.61     0  00:15      2.15    0.56    0.93
  P1                   PUMP         8.00     0  00:13              1.00
  P2                   PUMP        55.00     0  00:36              1.00
  
  
  ***************************
  Flow Classification Summary
  ***************************
  
  -------------------------------------------------------------------------------------
                      Adjusted    ---------- Fraction of Time in Flow Class ---------- 
                       /Actual         Up    Down  Sub   Sup   Up    Down  Norm  Inlet 
  Conduit               Length    Dry  Dry   Dry   Crit  Crit  Crit  Crit  Ltd   Ctrl  
  -------------------------------------------------------------------------------------
  34                      1.00   1.00  0.00  0.00  0.00  0.00  0.00  0.00  0.00  0.00
  63                      1.00   1.00  0.00  0.00  0.00  0.00  0.00  0.00  0.00  0.00
  95                      1.00   0.03  0.00  0.00  0.97  0.00  0.00  0.00  0.00  0.00
  100                     1.00   1.00  0.00  0.00  0.00  0.00  0.00  0.00  0.00  0.00
  129                     1.00   0.01  0.00  0.00  0.99  0.00  0.00  0.00  0.00  0.00
  325                     1.00   0.00  0.00  0.00  0.01  0.99  0.00  0.00  0.71  0.00
  783                     1.00   1.00  0.00  0.00  0.00  0.00  0.00  0.00  0.00  0.00
  832                     1.00   0.01  0.00  0.00  0.98  0.00  0.00  0.00  0.00  0.00
  841                     1.00   0.01  0.00  0.00  0.98  0.00  0.00  0.00  0.00  0.00
  842                     1.00   1.00  0.00  0.00  0.00  0.00  0.00  0.00  0.00  0.00
  1612                    1.00   0.00  0.01  0.00  0.82  0.17  0.00  0.00  0.00  0.00
  1806                    1.00   1.00  0.00  0.00  0.00  0.00  0.00  0.00  0.00  0.00
  1941                    1.00   1.00  0.00  0.00  0.00  0.00  0.00  0.00  0.00  0.00
  2487                    1.00   0.00  0.00  0.00  0.98  0.02  0.00  0.00  0.00  0.00
  2488                    1.00   0.00  0.00  0.00  0.98  0.02  0.00  0.00  0.00  0.00
  2543                    1.00   0.01  0.00  0.00  0.99  0.00  0.00  0.00  0.00  0.00
  2627                    1.00   0.01  0.00  0.00  0.99  0.00  0.00  0.00  0.84  0.00
  2628                    1.00   1.00  0.00  0.00  0.00  0.00  0.00  0.00  0.00  0.00
  2629                    1.00   1.00  0.00  0.00  0.00  0.00  0.00  0.00  0.00  0.00
  2630                    1.00   1.00  0.00  0.00  0.00  0.00  0.00  0.00  0.00  0.00
  2631                    1.00   1.00  0.00  0.00  0.00  0.00  0.00  0.00  0.00  0.00
  2632                    1.00   1.00  0.00  0.00  0.00  0.00  0.00  0.00  0.00  0.00
  2649                    1.00   0.01  0.66  0.00  0.10  0.00  0.22  0.00  0.00  0.00
  2941                    1.00   0.93  0.07  0.00  0.00  0.00  0.00  0.00  0.00  0.00
  3101                    1.00   0.01  0.00  0.00  0.99  0.00  0.00  0.00  0.00  0.00
  3137                    1.00   1.00  0.00  0.00  0.00  0.00  0.00  0.00  0.00  0.00
  3147                    1.00   0.02  0.00  0.00  0.19  0.79  0.00  0.00  0.00  0.00
  3166                    1.00   0.01  0.00  0.00  0.99  0.00  0.00  0.00  0.00  0.00
  3332                    1.00   0.89  0.02  0.00  0.09  0.00  0.00  0.00  0.88  0.00
  3334                    1.00   0.02  0.00  0.00  0.98  0.00  0.00  0.00  0.00  0.00
  3335                    1.00   0.01  0.00  0.00  0.15  0.00  0.00  0.84  0.00  0.00
  3336                    1.00   1.00  0.00  0.00  0.00  0.00  0.00  0.00  0.00  0.00
  3339                    1.00   0.89  0.03  0.00  0.08  0.00  0.00  0.00  0.88  0.00
  3369                    1.00   0.01  0.89  0.00  0.11  0.00  0.00  0.00  0.89  0.00
  3370                    1.00   0.01  0.00  0.00  0.99  0.00  0.00  0.00  0.00  0.00
  3372                    1.00   1.00  0.00  0.00  0.00  0.00  0.00  0.00  0.00  0.00
  3424                    1.00   0.02  0.00  0.00  0.98  0.00  0.00  0.00  0.00  0.00
  3459                    1.00   0.92  0.08  0.00  0.00  0.00  0.00  0.00  0.00  0.00
  3553                    1.00   1.00  0.00  0.00  0.00  0.00  0.00  0.00  0.00  0.00
  3572                    1.00   1.00  0.00  0.00  0.00  0.00  0.00  0.00  0.00  0.00
  3578                    1.00   0.00  0.00  0.00  0.99  0.00  0.00  0.00  0.00  0.00
  3580                    1.00   1.00  0.00  0.00  0.00  0.00  0.00  0.00  0.00  0.00
  3586                    1.00   1.00  0.00  0.00  0.00  0.00  0.00  0.00  0.00  0.00
  3590                    1.00   1.00  0.00  0.00  0.00  0.00  0.00  0.00  0.00  0.00
  3591                    1.00   1.00  0.00  0.00  0.00  0.00  0.00  0.00  0.00  0.00
  3596                    1.00   1.00  0.00  0.00  0.00  0.00  0.00  0.00  0.00  0.00
  3673                    1.00   0.01  0.00  0.00  0.99  0.00  0.00  0.00  0.00  0.00
  3679                    1.00   0.01  0.00  0.00  0.82  0.17  0.00  0.00  0.86  0.00
  3716                    1.00   0.01  0.00  0.00  0.99  0.00  0.00  0.00  0.99  0.00
  3755                    1.00   1.00  0.00  0.00  0.00  0.00  0.00  0.00  0.00  0.00
  3774                    1.00   0.00  0.00  0.00  0.00  0.99  0.00  0.00  0.99  0.00
  3781                    1.00   0.01  0.00  0.00  0.98  0.01  0.00  0.00  0.82  0.00
  3808                    1.00   0.02  0.00  0.00  0.98  0.00  0.00  0.01  0.00  0.00
  3826                    1.00   0.00  0.00  0.00  1.00  0.00  0.00  0.00  0.01  0.00
  3827                    1.00   0.00  0.02  0.00  0.98  0.00  0.00  0.00  0.76  0.00
  3832                    1.00   0.01  0.15  0.00  0.84  0.00  0.00  0.00  0.80  0.00
  3864                    1.00   0.01  0.06  0.00  0.93  0.00  0.00  0.00  0.85  0.00
  3904                    1.00   1.00  0.00  0.00  0.00  0.00  0.00  0.00  0.00  0.00
  4236                    1.00   1.00  0.00  0.00  0.00  0.00  0.00  0.00  0.00  0.00
  4245                    1.00   0.03  0.00  0.00  0.08  0.00  0.89  0.00  0.00  0.00
  4268                    1.00   1.00  0.00  0.00  0.00  0.00  0.00  0.00  0.00  0.00
  4271                    1.00   1.00  0.00  0.00  0.00  0.00  0.00  0.00  0.00  0.00
  4273                    1.00   0.01  0.00  0.00  0.00  0.99  0.00  0.00  0.05  0.00
  4291                    1.00   0.01  0.00  0.00  0.00  0.99  0.00  0.00  0.87  0.00
  4292                    1.00   0.01  0.00  0.00  0.00  0.20  0.00  0.79  0.02  0.00
  4293                    1.00   0.92  0.08  0.00  0.00  0.00  0.00  0.00  0.00  0.00
  4294                    1.00   0.01  0.00  0.00  0.00  0.99  0.00  0.00  0.99  0.00
  4476                    1.00   0.01  0.00  0.00  0.00  0.00  0.00  0.99  0.00  0.00
  4486                    1.00   1.00  0.00  0.00  0.00  0.00  0.00  0.00  0.00  0.00
  4518                    1.00   0.01  0.00  0.00  0.99  0.00  0.00  0.00  0.00  0.00
  4520                    1.00   1.00  0.00  0.00  0.00  0.00  0.00  0.00  0.00  0.00
  4533                    1.00   0.02  0.87  0.00  0.11  0.00  0.00  0.00  0.89  0.00
  4617                    1.00   0.90  0.10  0.00  0.00  0.00  0.00  0.00  0.00  0.00
  4644                    1.00   0.01  0.00  0.00  0.00  0.99  0.00  0.00  0.86  0.00
  4680                    1.00   0.01  0.00  0.00  0.99  0.00  0.00  0.00  0.00  0.00
  4691                    1.00   0.90  0.01  0.00  0.09  0.00  0.00  0.00  0.90  0.00
  4714                    1.00   0.01  0.00  0.00  0.99  0.00  0.00  0.00  0.00  0.00
  4783                    1.00   0.01  0.00  0.00  0.99  0.00  0.00  0.00  0.00  0.00
  4983                    1.00   0.02  0.00  0.00  0.10  0.89  0.00  0.00  0.00  0.00
  5044                    1.00   0.01  0.00  0.00  0.98  0.00  0.00  0.00  0.00  0.00
  5066                    1.00   1.00  0.00  0.00  0.00  0.00  0.00  0.00  0.00  0.00
  5183                    1.00   0.00  0.00  0.00  0.00  0.00  0.00  1.00  0.00  0.00
  5262                    1.00   1.00  0.00  0.00  0.00  0.00  0.00  0.00  0.00  0.00
  5289                    1.00   0.80  0.05  0.00  0.16  0.00  0.00  0.00  0.85  0.00
  5327                    1.00   0.02  0.00  0.00  0.98  0.00  0.00  0.00  0.82  0.00
  5328                    1.00   1.00  0.00  0.00  0.00  0.00  0.00  0.00  0.00  0.00
  5329                    1.00   0.01  0.00  0.00  0.99  0.00  0.00  0.00  0.00  0.00
  5372                    1.00   0.01  0.00  0.00  0.79  0.20  0.00  0.00  0.05  0.00
  5379                    1.00   0.89  0.11  0.00  0.00  0.00  0.00  0.00  0.00  0.00
  5383                    1.00   0.01  0.00  0.00  0.25  0.00  0.74  0.00  0.00  0.00
  5564                    1.00   0.01  0.00  0.00  0.10  0.89  0.00  0.00  0.81  0.00
  5646                    1.00   1.00  0.00  0.00  0.00  0.00  0.00  0.00  0.00  0.00
  5734                    1.00   0.01  0.00  0.00  0.99  0.00  0.00  0.00  0.00  0.00
  5754                    1.00   1.00  0.00  0.00  0.00  0.00  0.00  0.00  0.00  0.00
  5796                    1.00   0.03  0.00  0.00  0.08  0.00  0.89  0.00  0.00  0.00
  5799                    1.00   1.00  0.00  0.00  0.00  0.00  0.00  0.00  0.00  0.00
  5884                    1.00   0.78  0.22  0.00  0.00  0.00  0.00  0.00  0.00  0.00
  5963                    1.00   0.01  0.00  0.00  0.99  0.00  0.00  0.00  0.00  0.00
  6198                    1.00   0.00  0.00  0.00  0.06  0.02  0.00  0.92  0.00  0.00
  6200                    1.00   0.01  0.74  0.00  0.25  0.00  0.00  0.00  0.86  0.00
  6935                    1.00   0.01  0.85  0.00  0.01  0.13  0.00  0.00  0.87  0.00
  7035                    1.00   0.00  0.00  0.00  0.00  0.00  0.00  1.00  0.00  0.00
  7084                    1.00   0.01  0.00  0.00  0.99  0.00  0.00  0.00  0.79  0.00
  7105                    1.00   0.01  0.00  0.00  0.11  0.00  0.00  0.87  0.00  0.00
  7282                    1.00   1.00  0.00  0.00  0.00  0.00  0.00  0.00  0.00  0.00
  7373                    1.00   0.01  0.00  0.00  0.11  0.00  0.00  0.88  0.00  0.00
  7495                    1.00   1.00  0.00  0.00  0.00  0.00  0.00  0.00  0.00  0.00
  7498                    1.00   0.92  0.08  0.00  0.00  0.00  0.00  0.00  0.00  0.00
  8063                    1.00   0.00  0.00  0.00  1.00  0.00  0.00  0.00  0.00  0.00
  8274                    1.00   0.01  0.00  0.00  0.11  0.00  0.87  0.00  0.00  0.00
  8293                    1.00   1.00  0.00  0.00  0.00  0.00  0.00  0.00  0.00  0.00
  8294                    1.00   1.00  0.00  0.00  0.00  0.00  0.00  0.00  0.00  0.00
  8295                    1.00   1.00  0.00  0.00  0.00  0.00  0.00  0.00  0.00  0.00
  8305                    1.00   0.01  0.00  0.00  0.99  0.00  0.00  0.00  0.00  0.00
  8423                    1.00   0.01  0.00  0.00  0.98  0.00  0.00  0.00  0.00  0.00
  8614                    1.00   0.00  0.00  0.00  0.25  0.75  0.00  0.00  0.00  0.00
  8670                    1.00   0.01  0.00  0.00  0.99  0.00  0.00  0.00  0.00  0.00
  8894                    1.00   0.01  0.00  0.00  0.99  0.00  0.00  0.00  0.00  0.00
  9134                    1.00   0.01  0.00  0.00  0.79  0.19  0.00  0.00  0.87  0.00
  9700                    1.00   0.01  0.00  0.00  0.99  0.00  0.00  0.00  0.00  0.00
  9703                    1.00   0.01  0.00  0.00  0.99  0.00  0.00  0.00  0.00  0.00
  9704                    1.00   0.01  0.00  0.00  0.99  0.00  0.00  0.00  0.00  0.00
  9736                    1.00   1.00  0.00  0.00  0.00  0.00  0.00  0.00  0.00  0.00
  10024                   1.00   0.01  0.00  0.00  0.99  0.00  0.00  0.00  0.00  0.00
  10072                   1.00   0.00  0.00  0.00  1.00  0.00  0.00  0.00  0.00  0.00
  10076                   1.00   0.00  0.00  0.00  0.99  0.00  0.00  0.00  0.00  0.00
  10117                   1.00   1.00  0.00  0.00  0.00  0.00  0.00  0.00  0.00  0.00
  10119                   1.00   0.02  0.00  0.00  0.98  0.00  0.00  0.00  0.00  0.00
  10124                   1.00   0.01  0.00  0.00  0.99  0.00  0.00  0.00  0.00  0.00
  10130                   1.00   0.02  0.00  0.00  0.98  0.00  0.00  0.00  0.00  0.00
  10138                   1.00   0.01  0.00  0.00  0.99  0.00  0.00  0.00  0.00  0.00
  10144                   1.00   0.01  0.00  0.00  0.99  0.00  0.00  0.00  0.00  0.00
  10146                   1.00   0.01  0.00  0.00  0.99  0.00  0.00  0.00  0.00  0.00
  10148                   1.00   0.01  0.88  0.00  0.11  0.00  0.00  0.00  0.88  0.00
  10158                   1.00   0.01  0.88  0.00  0.11  0.00  0.00  0.00  0.88  0.00
  10159                   1.00   0.01  0.00  0.00  0.99  0.00  0.00  0.00  0.00  0.00
  10161                   1.00   0.01  0.00  0.00  0.12  0.00  0.87  0.00  0.00  0.00
  10162                   1.00   0.02  0.00  0.00  0.98  0.00  0.00  0.00  0.00  0.00
  10164                   1.00   0.01  0.00  0.00  0.99  0.00  0.00  0.00  0.00  0.00
  10211                   1.00   0.01  0.00  0.00  0.99  0.00  0.00  0.00  0.07  0.00
  10242                   1.00   0.01  0.00  0.00  0.99  0.00  0.00  0.00  0.00  0.00
  10264                   1.00   0.01  0.00  0.00  0.99  0.00  0.00  0.00  0.00  0.00
  10284                   1.00   1.00  0.00  0.00  0.00  0.00  0.00  0.00  0.00  0.00
  10363                   1.00   1.00  0.00  0.00  0.00  0.00  0.00  0.00  0.00  0.00
  10405                   1.00   0.01  0.00  0.00  0.12  0.00  0.00  0.87  0.00  0.00
  10464                   1.00   1.00  0.00  0.00  0.00  0.00  0.00  0.00  0.00  0.00
  10601                   1.00   0.02  0.00  0.00  0.98  0.00  0.00  0.00  0.09  0.00
  10602                   1.00   1.00  0.00  0.00  0.00  0.00  0.00  0.00  0.00  0.00
  10605                   1.00   0.90  0.10  0.00  0.00  0.00  0.00  0.00  0.00  0.00
  10607                   1.00   0.00  0.00  0.00  1.00  0.00  0.00  0.00  0.00  0.00
  10608                   1.00   0.02  0.00  0.00  0.98  0.00  0.00  0.00  0.00  0.00
  10671                   1.00   0.01  0.33  0.00  0.17  0.00  0.48  0.00  0.00  0.00
  10690                   1.00   0.01  0.00  0.00  0.99  0.00  0.00  0.00  0.00  0.00
  10691                   1.00   0.01  0.00  0.00  0.00  0.99  0.00  0.00  0.72  0.00
  10744                   1.00   0.01  0.00  0.00  0.99  0.00  0.00  0.00  0.79  0.00
  10746                   1.00   0.01  0.00  0.00  0.13  0.86  0.00  0.00  0.84  0.00
  10833                   1.00   0.01  0.00  0.00  0.90  0.09  0.00  0.00  0.00  0.00
  10845                   1.00   0.00  0.00  0.00  0.00  0.00  0.00  1.00  0.00  0.00
  10879                   1.00   1.00  0.00  0.00  0.00  0.00  0.00  0.00  0.00  0.00
  11139                   1.00   0.01  0.99  0.00  0.00  0.00  0.00  0.00  0.00  0.00
  11172                   1.00   1.00  0.00  0.00  0.00  0.00  0.00  0.00  0.00  0.00
  11209                   1.00   1.00  0.00  0.00  0.00  0.00  0.00  0.00  0.00  0.00
  12024                   1.00   1.00  0.00  0.00  0.00  0.00  0.00  0.00  0.00  0.00
  12611                   1.00   0.00  0.00  0.00  1.00  0.00  0.00  0.00  0.00  0.00
  12612                   1.00   1.00  0.00  0.00  0.00  0.00  0.00  0.00  0.00  0.00
  12613                   1.00   1.00  0.00  0.00  0.00  0.00  0.00  0.00  0.00  0.00
  12615                   1.00   1.00  0.00  0.00  0.00  0.00  0.00  0.00  0.00  0.00
  12620                   1.00   0.01  0.99  0.00  0.00  0.00  0.00  0.00  0.00  0.00
  12621                   1.00   0.85  0.15  0.00  0.00  0.00  0.00  0.00  0.00  0.00
  12622                   1.00   1.00  0.00  0.00  0.00  0.00  0.00  0.00  0.00  0.00
  12633                   1.00   0.01  0.00  0.00  0.99  0.00  0.00  0.00  0.00  0.00
  12636                   1.00   0.02  0.46  0.00  0.51  0.01  0.00  0.00  0.78  0.00
  12637                   1.00   0.01  0.00  0.00  0.99  0.00  0.00  0.00  0.00  0.00
  12638                   1.00   0.92  0.00  0.00  0.00  0.00  0.00  0.08  0.00  0.00
  12643                   1.00   0.01  0.00  0.00  0.77  0.22  0.00  0.00  0.01  0.00
  12644                   1.00   0.24  0.00  0.00  0.00  0.00  0.00  0.76  0.00  0.00
  12649                   1.00   0.01  0.79  0.00  0.06  0.15  0.00  0.00  0.87  0.00
  12650                   1.00   0.01  0.00  0.00  0.99  0.00  0.00  0.00  0.00  0.00
  12652                   1.00   0.01  0.00  0.00  0.99  0.00  0.00  0.00  0.00  0.00
  12653                   1.00   0.01  0.77  0.00  0.04  0.18  0.00  0.00  0.84  0.00
  12654                   1.00   0.01  0.00  0.00  0.80  0.19  0.00  0.00  0.78  0.00
  12656                   1.00   0.00  0.00  0.00  1.00  0.00  0.00  0.00  0.00  0.00
  12660                   1.00   0.00  0.00  0.00  1.00  0.00  0.00  0.00  0.05  0.00
  12661                   1.00   1.00  0.00  0.00  0.00  0.00  0.00  0.00  0.00  0.00
  12662                   1.00   1.00  0.00  0.00  0.00  0.00  0.00  0.00  0.00  0.00
  12663                   1.00   0.93  0.01  0.00  0.06  0.00  0.00  0.00  0.94  0.00
  12664                   1.00   0.01  0.00  0.00  0.98  0.00  0.00  0.00  0.00  0.00
  12665                   1.00   0.02  0.00  0.00  0.98  0.00  0.00  0.00  0.00  0.00
  12668                   1.00   0.00  0.00  0.00  0.07  0.00  0.92  0.00  0.00  0.00
  12673                   1.00   0.02  0.98  0.00  0.00  0.00  0.00  0.00  0.00  0.00
  12676                   1.00   0.89  0.11  0.00  0.00  0.00  0.00  0.00  0.00  0.00
  12678                   1.00   0.01  0.00  0.00  0.99  0.00  0.00  0.00  0.02  0.00
  12679                   1.00   0.01  0.00  0.00  0.93  0.05  0.00  0.00  0.00  0.00
  12681                   1.00   0.00  0.53  0.00  0.47  0.00  0.00  0.00  0.77  0.00
  12682                   1.00   0.01  0.00  0.00  0.99  0.00  0.00  0.00  0.00  0.00
  12683                   1.00   0.00  0.00  0.00  0.99  0.00  0.00  0.00  0.00  0.00
  12685                   1.00   0.01  0.22  0.00  0.45  0.32  0.00  0.00  0.88  0.00
  12686                   1.00   0.01  0.34  0.00  0.58  0.06  0.00  0.00  0.90  0.00
  12687                   1.00   0.01  0.82  0.00  0.17  0.00  0.00  0.00  0.88  0.00
  12688                   1.00   0.01  0.00  0.00  0.99  0.00  0.00  0.00  0.00  0.00
  12690                   1.00   0.00  0.00  0.00  1.00  0.00  0.00  0.00  0.00  0.00
  12691                   1.00   0.01  0.85  0.00  0.12  0.02  0.00  0.00  0.01  0.00
  12692                   1.00   0.86  0.01  0.00  0.11  0.02  0.00  0.00  0.87  0.00
  12694                   1.00   0.01  0.00  0.00  0.99  0.00  0.00  0.00  0.00  0.00
  12697                   1.00   0.02  0.00  0.00  0.98  0.00  0.00  0.00  0.00  0.00
  12698                   1.00   0.01  0.00  0.00  0.99  0.00  0.00  0.00  0.00  0.00
  12699                   1.00   0.03  0.45  0.00  0.14  0.00  0.38  0.00  0.00  0.00
  12700                   1.00   0.03  0.00  0.00  0.97  0.00  0.00  0.00  0.00  0.00
  12760                   1.00   0.00  0.00  0.00  0.12  0.00  0.00  0.88  0.00  0.00
  12761                   1.00   0.00  0.00  0.00  1.00  0.00  0.00  0.00  0.00  0.00
  12865                   1.00   0.02  0.00  0.00  0.98  0.00  0.00  0.00  0.00  0.00
  12866                   1.00   0.01  0.00  0.00  0.99  0.00  0.00  0.00  0.00  0.00
  12870                   1.00   0.01  0.00  0.00  0.95  0.03  0.00  0.00  0.00  0.00
  12871                   1.00   0.02  0.00  0.00  0.97  0.00  0.01  0.00  0.00  0.00
  12872                   1.00   0.01  0.87  0.00  0.11  0.00  0.00  0.00  0.86  0.00
  12873                   1.00   0.01  0.00  0.00  0.99  0.00  0.00  0.00  0.00  0.00
  12874                   1.00   0.01  0.00  0.00  0.99  0.00  0.00  0.00  0.00  0.00
  12875                   1.00   0.01  0.00  0.00  0.99  0.00  0.00  0.00  0.00  0.00
  12876                   1.00   0.01  0.00  0.00  0.99  0.00  0.00  0.00  0.00  0.00
  12877                   1.00   0.02  0.00  0.00  0.10  0.00  0.00  0.88  0.00  0.00
  12878                   1.00   0.83  0.17  0.00  0.00  0.00  0.00  0.00  0.00  0.00
  12880                   1.00   1.00  0.00  0.00  0.00  0.00  0.00  0.00  0.00  0.00
  12884                   1.00   0.02  0.00  0.00  0.98  0.00  0.00  0.00  0.00  0.00
  12888                   1.00   0.02  0.89  0.00  0.01  0.09  0.00  0.00  0.89  0.00
  12889                   1.00   0.02  0.00  0.00  0.98  0.00  0.00  0.00  0.00  0.00
  12890                   1.00   0.02  0.00  0.00  0.98  0.00  0.00  0.00  0.00  0.00
  12892                   1.00   1.00  0.00  0.00  0.00  0.00  0.00  0.00  0.00  0.00
  12893                   1.00   1.00  0.00  0.00  0.00  0.00  0.00  0.00  0.00  0.00
  12894                   1.00   1.00  0.00  0.00  0.00  0.00  0.00  0.00  0.00  0.00
  12895                   1.00   1.00  0.00  0.00  0.00  0.00  0.00  0.00  0.00  0.00
  12897                   1.00   0.00  0.00  0.00  1.00  0.00  0.00  0.00  0.00  0.00
  12903                   1.00   1.00  0.00  0.00  0.00  0.00  0.00  0.00  0.00  0.00
  12904                   1.00   1.00  0.00  0.00  0.00  0.00  0.00  0.00  0.00  0.00
  12907                   1.00   0.01  0.00  0.00  0.99  0.00  0.00  0.00  0.00  0.00
  12940                   1.00   0.01  0.00  0.00  0.99  0.00  0.00  0.00  0.00  0.00
  12942                   1.00   0.89  0.11  0.00  0.00  0.00  0.00  0.00  0.00  0.00
  12978                   1.00   0.01  0.00  0.00  0.99  0.00  0.00  0.00  0.00  0.00
  12979                   1.00   1.00  0.00  0.00  0.00  0.00  0.00  0.00  0.00  0.00
  12980                   1.00   0.01  0.00  0.00  0.13  0.00  0.00  0.86  0.00  0.00
  12982                   1.00   0.02  0.00  0.00  0.15  0.02  0.00  0.81  0.00  0.00
  12983                   1.00   0.01  0.00  0.00  0.10  0.00  0.89  0.00  0.00  0.00
  12986                   1.00   1.00  0.00  0.00  0.00  0.00  0.00  0.00  0.00  0.00
  12987                   1.00   1.00  0.00  0.00  0.00  0.00  0.00  0.00  0.00  0.00
  12988                   1.00   1.00  0.00  0.00  0.00  0.00  0.00  0.00  0.00  0.00
  12989                   1.00   1.00  0.00  0.00  0.00  0.00  0.00  0.00  0.00  0.00
  12990                   1.00   1.00  0.00  0.00  0.00  0.00  0.00  0.00  0.00  0.00
  12991                   1.00   1.00  0.00  0.00  0.00  0.00  0.00  0.00  0.00  0.00
  12993                   1.00   0.00  0.00  0.00  0.99  0.00  0.00  0.00  0.00  0.00
  12994                   1.00   0.00  0.00  0.00  1.00  0.00  0.00  0.00  0.00  0.00
  12995                   1.00   0.01  0.00  0.00  0.99  0.00  0.00  0.00  0.00  0.00
  12996                   1.00   0.01  0.00  0.00  0.99  0.00  0.00  0.00  0.00  0.00
  12998                   1.00   0.01  0.00  0.00  0.99  0.00  0.00  0.00  0.00  0.00
  13000                   1.00   0.01  0.00  0.00  0.99  0.00  0.00  0.00  0.00  0.00
  13298                   1.00   0.01  0.00  0.00  0.99  0.00  0.00  0.00  0.00  0.00
  13357                   1.00   0.01  0.00  0.00  0.99  0.00  0.00  0.00  0.00  0.00
  13491                   1.00   0.01  0.99  0.00  0.00  0.00  0.00  0.00  0.00  0.00
  13492                   1.00   0.01  0.00  0.00  0.00  0.00  0.00  0.99  0.00  0.00
  13493                   1.00   0.01  0.00  0.00  0.99  0.00  0.00  0.00  0.00  0.00
  13494                   1.00   0.01  0.00  0.00  0.84  0.15  0.00  0.00  0.78  0.00
  13496                   1.00   1.00  0.00  0.00  0.00  0.00  0.00  0.00  0.00  0.00
  13512                   1.00   0.01  0.00  0.00  0.99  0.00  0.00  0.00  0.00  0.00
  13513                   1.00   0.01  0.00  0.00  0.99  0.00  0.00  0.00  0.00  0.00
  13524                   1.00   1.00  0.00  0.00  0.00  0.00  0.00  0.00  0.00  0.00
  13525                   1.00   0.01  0.00  0.00  0.99  0.00  0.00  0.00  0.00  0.00
  13560                   1.00   1.00  0.00  0.00  0.00  0.00  0.00  0.00  0.00  0.00
  13562                   1.00   1.00  0.00  0.00  0.00  0.00  0.00  0.00  0.00  0.00
  13569                   1.00   0.01  0.00  0.00  0.99  0.00  0.00  0.00  0.00  0.00
  13643                   1.00   0.01  0.00  0.00  0.99  0.00  0.00  0.00  0.00  0.00
  13801                   1.00   0.01  0.00  0.00  0.08  0.91  0.00  0.00  0.09  0.00
  13802                   1.00   0.01  0.00  0.00  0.99  0.00  0.00  0.00  0.00  0.00
  13820                   1.00   0.01  0.00  0.00  0.99  0.00  0.00  0.00  0.40  0.00
  13821                   1.00   0.87  0.00  0.00  0.13  0.00  0.00  0.00  0.87  0.00
  13936                   1.00   1.00  0.00  0.00  0.00  0.00  0.00  0.00  0.00  0.00
  13937                   1.00   0.02  0.00  0.00  0.00  0.00  0.00  0.98  0.00  0.00
  14073                   1.00   0.01  0.99  0.00  0.00  0.00  0.00  0.00  0.00  0.00
  14080                   1.00   0.01  0.00  0.00  0.99  0.00  0.00  0.00  0.00  0.00
  14101                   1.00   0.00  0.00  0.00  1.00  0.00  0.00  0.00  0.02  0.00
  14137                   1.00   0.01  0.00  0.00  0.99  0.00  0.00  0.00  0.00  0.00
  14141                   1.00   0.01  0.00  0.00  0.99  0.00  0.00  0.00  0.00  0.00
  14208                   1.00   0.01  0.81  0.00  0.18  0.00  0.00  0.00  0.85  0.00
  14270                   1.00   0.01  0.00  0.00  0.00  0.99  0.00  0.00  0.88  0.00
  14272                   1.00   0.01  0.00  0.00  0.00  0.00  0.00  0.99  0.00  0.00
  14472                   1.00   0.02  0.00  0.00  0.98  0.00  0.00  0.00  0.00  0.00
  14475                   1.00   1.00  0.00  0.00  0.00  0.00  0.00  0.00  0.00  0.00
  14478                   1.00   0.01  0.00  0.00  0.99  0.00  0.00  0.00  0.00  0.00
  14574                   1.00   0.01  0.00  0.00  0.83  0.17  0.00  0.00  0.85  0.00
  14707                   1.00   1.00  0.00  0.00  0.00  0.00  0.00  0.00  0.00  0.00
  14739                   1.00   0.01  0.00  0.00  0.89  0.10  0.00  0.00  0.00  0.00
  14745                   1.00   0.02  0.79  0.00  0.19  0.00  0.00  0.00  0.82  0.00
  14749                   1.00   0.02  0.00  0.00  0.98  0.00  0.00  0.00  0.03  0.00
  14765                   1.00   0.00  0.00  0.00  0.00  0.00  0.00  1.00  0.00  0.00
  14950                   1.00   0.01  0.00  0.00  0.12  0.00  0.87  0.00  0.00  0.00
  15152                   1.00   0.01  0.00  0.00  0.99  0.00  0.00  0.00  0.00  0.00
  15171                   1.00   0.01  0.00  0.00  0.99  0.00  0.00  0.00  0.00  0.00
  15187                   1.00   1.00  0.00  0.00  0.00  0.00  0.00  0.00  0.00  0.00
  15242                   1.00   0.02  0.00  0.00  0.00  0.98  0.00  0.00  0.02  0.00
  15277                   1.00   0.00  0.00  0.00  1.00  0.00  0.00  0.00  0.00  0.00
  15281                   1.00   0.01  0.00  0.00  0.00  0.99  0.00  0.00  0.83  0.00
  15332                   1.00   0.01  0.00  0.00  0.13  0.86  0.00  0.00  0.82  0.00
  15333                   1.00   1.00  0.00  0.00  0.00  0.00  0.00  0.00  0.00  0.00
  15362                   1.00   0.00  0.00  0.00  0.99  0.00  0.00  0.00  0.00  0.00
  15806                   1.00   0.01  0.00  0.00  0.99  0.00  0.00  0.00  0.00  0.00
  16419                   1.00   0.01  0.00  0.00  0.99  0.00  0.00  0.00  0.00  0.00
  16476                   1.00   0.01  0.06  0.00  0.93  0.00  0.00  0.00  0.79  0.00
  16575                   1.00   1.00  0.00  0.00  0.00  0.00  0.00  0.00  0.00  0.00
  16654                   1.00   0.01  0.00  0.00  0.99  0.00  0.00  0.00  0.00  0.00
  16672                   1.00   0.01  0.00  0.00  0.99  0.00  0.00  0.00  0.00  0.00
  16865                   1.00   1.00  0.00  0.00  0.00  0.00  0.00  0.00  0.00  0.00
  16887                   1.00   1.00  0.00  0.00  0.00  0.00  0.00  0.00  0.00  0.00
  16908                   1.00   1.00  0.00  0.00  0.00  0.00  0.00  0.00  0.00  0.00
  16909                   1.00   0.02  0.00  0.00  0.09  0.00  0.00  0.89  0.00  0.00
  17523                   1.00   0.02  0.00  0.00  0.00  0.00  0.00  0.98  0.00  0.00
  17571                   1.00   0.01  0.00  0.00  0.99  0.00  0.00  0.00  0.13  0.00
  17580                   1.00   0.01  0.00  0.00  0.99  0.00  0.00  0.00  0.00  0.00
  17703                   1.00   1.00  0.00  0.00  0.00  0.00  0.00  0.00  0.00  0.00
  17714                   1.00   0.00  0.00  0.00  1.00  0.00  0.00  0.00  0.00  0.00
  17715                   1.00   0.00  0.00  0.00  0.99  0.01  0.00  0.00  0.01  0.00
  17766                   1.00   0.01  0.00  0.00  0.13  0.00  0.00  0.86  0.00  0.00
  17896                   1.00   0.01  0.00  0.00  0.90  0.09  0.00  0.00  0.89  0.00
  17908                   1.00   0.00  0.00  0.00  0.15  0.00  0.85  0.00  0.00  0.00
  17926                   1.00   1.00  0.00  0.00  0.00  0.00  0.00  0.00  0.00  0.00
  17953                   1.00   0.00  0.00  0.00  1.00  0.00  0.00  0.00  0.00  0.00
  18020                   1.00   1.00  0.00  0.00  0.00  0.00  0.00  0.00  0.00  0.00
  18084                   1.00   0.02  0.00  0.00  0.17  0.00  0.81  0.00  0.00  0.00
  18113                   1.00   0.01  0.80  0.00  0.19  0.00  0.00  0.00  0.88  0.00
  18330                   1.00   0.82  0.05  0.00  0.03  0.11  0.00  0.00  0.85  0.00
  18338                   1.00   0.01  0.00  0.00  0.99  0.00  0.00  0.00  0.00  0.00
  18383                   1.00   1.00  0.00  0.00  0.00  0.00  0.00  0.00  0.00  0.00
  18387                   1.00   0.01  0.00  0.00  0.99  0.00  0.00  0.00  0.00  0.00
  18389                   1.00   0.02  0.00  0.00  0.98  0.00  0.00  0.00  0.00  0.00
  18423                   1.00   1.00  0.00  0.00  0.00  0.00  0.00  0.00  0.00  0.00
  18530                   1.00   0.01  0.00  0.00  0.99  0.00  0.00  0.00  0.01  0.00
  19043                   1.00   0.01  0.00  0.00  0.99  0.00  0.00  0.00  0.02  0.00
  19132                   1.00   0.00  0.00  0.00  1.00  0.00  0.00  0.00  0.01  0.00
  19193                   1.00   0.01  0.00  0.00  0.99  0.00  0.00  0.00  0.00  0.00
  19227                   1.00   0.00  0.00  0.00  0.99  0.00  0.00  0.01  0.00  0.00
  19440                   1.00   1.00  0.00  0.00  0.00  0.00  0.00  0.00  0.00  0.00
  19717                   1.00   0.01  0.00  0.00  0.99  0.00  0.00  0.00  0.00  0.00
  19838                   1.00   0.01  0.00  0.00  0.99  0.00  0.00  0.00  0.00  0.00
  19850                   1.00   0.01  0.00  0.00  0.99  0.00  0.00  0.00  0.00  0.00
  19910                   1.00   1.00  0.00  0.00  0.00  0.00  0.00  0.00  0.00  0.00
  20466                   1.00   0.01  0.00  0.00  0.12  0.00  0.00  0.87  0.01  0.00
  20474                   1.00   0.00  0.00  0.00  1.00  0.00  0.00  0.00  0.91  0.00
  20518                   1.00   0.01  0.00  0.00  0.99  0.00  0.00  0.00  0.80  0.00
  20519                   1.00   1.00  0.00  0.00  0.00  0.00  0.00  0.00  0.00  0.00
  20520                   1.00   0.01  0.00  0.00  0.95  0.04  0.00  0.00  0.79  0.00
  20521                   1.00   1.00  0.00  0.00  0.00  0.00  0.00  0.00  0.00  0.00
  20529                   1.00   1.00  0.00  0.00  0.00  0.00  0.00  0.00  0.00  0.00
  20530                   1.00   0.01  0.00  0.00  0.99  0.00  0.00  0.00  0.00  0.00
  20531                   1.00   0.01  0.00  0.00  0.99  0.00  0.00  0.00  0.74  0.00
  20532                   1.00   0.01  0.00  0.00  0.11  0.88  0.00  0.00  0.00  0.00
  20534                   1.00   0.01  0.00  0.00  0.99  0.00  0.00  0.00  0.00  0.00
  20535                   1.00   0.86  0.14  0.00  0.00  0.00  0.00  0.00  0.00  0.00
  20536                   1.00   0.88  0.12  0.00  0.00  0.00  0.00  0.00  0.00  0.00
  20538                   1.00   0.01  0.00  0.00  0.23  0.00  0.00  0.76  0.00  0.00
  20539                   1.00   0.01  0.00  0.00  0.16  0.00  0.00  0.83  0.00  0.00
  20540                   1.00   0.85  0.15  0.00  0.00  0.00  0.00  0.00  0.00  0.00
  20541                   1.00   0.82  0.18  0.00  0.00  0.00  0.00  0.00  0.00  0.00
  20542                   1.00   0.87  0.13  0.00  0.00  0.00  0.00  0.00  0.00  0.00
  20543                   1.00   0.01  0.00  0.00  0.00  0.00  0.00  0.99  0.00  0.00
  20544                   1.00   0.85  0.15  0.00  0.00  0.00  0.00  0.00  0.00  0.00
  20545                   1.00   0.01  0.00  0.00  0.00  0.00  0.00  0.99  0.00  0.00
  20546                   1.00   0.01  0.99  0.00  0.00  0.00  0.00  0.00  0.00  0.00
  20547                   1.00   1.00  0.00  0.00  0.00  0.00  0.00  0.00  0.00  0.00
  20548                   1.00   0.01  0.00  0.00  0.99  0.00  0.00  0.00  0.00  0.00
  20549                   1.00   0.01  0.00  0.00  0.15  0.84  0.00  0.00  0.16  0.00
  20550                   1.00   0.01  0.00  0.00  0.99  0.00  0.00  0.00  0.00  0.00
  20560                   1.00   0.01  0.00  0.00  0.99  0.00  0.00  0.00  0.00  0.00
  20569                   1.00   0.01  0.00  0.00  0.99  0.00  0.00  0.00  0.80  0.00
  20570                   1.00   0.01  0.00  0.00  0.13  0.00  0.85  0.00  0.00  0.00
  20571                   1.00   0.01  0.00  0.00  0.99  0.00  0.00  0.00  0.00  0.00
  20573                   1.00   0.01  0.00  0.00  0.99  0.00  0.00  0.00  0.00  0.00
  20577                   1.00   0.01  0.00  0.00  0.99  0.00  0.00  0.00  0.00  0.00
  20578                   1.00   0.01  0.00  0.00  0.99  0.00  0.00  0.00  0.88  0.00
  20579                   1.00   0.01  0.00  0.00  0.10  0.00  0.00  0.88  0.00  0.00
  20582                   1.00   1.00  0.00  0.00  0.00  0.00  0.00  0.00  0.00  0.00
  20584                   1.00   0.01  0.00  0.00  0.83  0.16  0.00  0.00  0.99  0.00
  20592                   1.00   0.01  0.00  0.00  0.99  0.00  0.00  0.00  0.00  0.00
  20594                   1.00   0.01  0.00  0.00  0.99  0.00  0.00  0.00  0.00  0.00
  20605                   1.00   0.01  0.00  0.00  0.18  0.00  0.00  0.80  0.00  0.00
  20606                   1.00   0.01  0.00  0.00  0.99  0.00  0.00  0.00  0.00  0.00
  20609                   1.00   0.82  0.08  0.00  0.10  0.00  0.00  0.00  0.90  0.00
  20611                   1.00   0.01  0.00  0.00  0.09  0.00  0.00  0.90  0.09  0.00
  20613                   1.00   0.01  0.00  0.00  0.77  0.22  0.00  0.00  0.86  0.00
  20615                   1.00   0.01  0.00  0.00  0.00  0.99  0.00  0.00  0.99  0.00
  20616                   1.00   0.01  0.00  0.00  0.00  0.99  0.00  0.00  0.00  0.00
  20618                   1.00   0.01  0.00  0.00  0.85  0.14  0.00  0.00  0.99  0.00
  20619                   1.00   0.01  0.00  0.00  0.82  0.17  0.00  0.00  0.86  0.00
  20622                   1.00   0.01  0.00  0.00  0.99  0.00  0.00  0.00  0.00  0.00
  20623                   1.00   0.01  0.00  0.00  0.00  0.99  0.00  0.00  0.99  0.00
  20624                   1.00   0.01  0.00  0.00  0.87  0.12  0.00  0.00  0.00  0.00
  20627                   1.00   0.01  0.00  0.00  0.99  0.00  0.00  0.00  0.00  0.00
  20628                   1.00   0.01  0.00  0.00  0.99  0.00  0.00  0.00  0.76  0.00
  20636                   1.00   1.00  0.00  0.00  0.00  0.00  0.00  0.00  0.00  0.00
  20637                   1.00   0.02  0.00  0.00  0.98  0.00  0.00  0.00  0.00  0.00
  20638                   1.00   0.02  0.00  0.00  0.98  0.00  0.00  0.00  0.00  0.00
  20639                   1.00   0.02  0.00  0.00  0.98  0.00  0.00  0.00  0.00  0.00
  20640                   1.00   0.02  0.00  0.00  0.98  0.00  0.00  0.00  0.00  0.00
  20641                   1.00   1.00  0.00  0.00  0.00  0.00  0.00  0.00  0.00  0.00
  20643                   1.00   1.00  0.00  0.00  0.00  0.00  0.00  0.00  0.00  0.00
  20644                   1.00   1.00  0.00  0.00  0.00  0.00  0.00  0.00  0.00  0.00
  20645                   1.00   0.01  0.00  0.00  0.80  0.20  0.00  0.00  0.90  0.00
  20646                   1.00   0.89  0.11  0.00  0.00  0.00  0.00  0.00  0.00  0.00
  20647                   1.00   0.01  0.00  0.00  0.99  0.00  0.00  0.00  0.00  0.00
  20648                   1.00   0.01  0.00  0.00  0.99  0.00  0.00  0.00  0.00  0.00
  20655                   1.00   0.03  0.85  0.00  0.12  0.00  0.00  0.00  0.87  0.00
  20683                   1.00   1.00  0.00  0.00  0.00  0.00  0.00  0.00  0.00  0.00
  20777                   1.00   0.01  0.00  0.00  0.89  0.10  0.00  0.00  0.83  0.00
  20821                   1.00   0.02  0.00  0.00  0.08  0.01  0.00  0.89  0.00  0.00
  20913                   1.00   0.02  0.00  0.00  0.98  0.00  0.00  0.00  0.00  0.00
  20942                   1.00   0.00  0.01  0.00  0.99  0.00  0.00  0.00  0.00  0.00
  20944                   1.00   1.00  0.00  0.00  0.00  0.00  0.00  0.00  0.00  0.00
  20945                   1.00   0.00  0.00  0.00  0.00  1.00  0.00  0.00  0.77  0.00
  20946                   1.00   0.01  0.00  0.00  0.99  0.00  0.00  0.00  0.00  0.00
  20953                   1.00   0.01  0.00  0.00  0.00  0.98  0.00  0.00  0.06  0.00
  20954                   1.00   1.00  0.00  0.00  0.00  0.00  0.00  0.00  0.00  0.00
  20956                   1.00   0.02  0.00  0.00  0.98  0.00  0.00  0.00  0.00  0.00
  20962                   1.00   0.01  0.00  0.00  0.96  0.03  0.00  0.00  0.82  0.00
  20992                   1.00   0.01  0.00  0.00  0.98  0.01  0.00  0.00  0.87  0.00
  20993                   1.00   1.00  0.00  0.00  0.00  0.00  0.00  0.00  0.00  0.00
  21040                   1.00   0.01  0.00  0.00  0.10  0.88  0.00  0.00  0.84  0.00
  21712                   1.00   0.01  0.00  0.00  0.99  0.00  0.00  0.00  0.00  0.00
  21714                   1.00   0.01  0.00  0.00  0.99  0.00  0.00  0.00  0.00  0.00
  21715                   1.00   1.00  0.00  0.00  0.00  0.00  0.00  0.00  0.00  0.00
  21742                   1.00   0.01  0.00  0.00  0.99  0.00  0.00  0.00  0.01  0.00
  21744                   1.00   0.01  0.00  0.00  0.99  0.00  0.00  0.00  0.00  0.00
  21746                   1.00   0.01  0.37  0.00  0.58  0.04  0.00  0.00  0.88  0.00
  21747                   1.00   0.01  0.43  0.00  0.08  0.00  0.48  0.00  0.00  0.00
  21748                   1.00   0.01  0.00  0.00  0.99  0.00  0.00  0.00  0.00  0.00
  21749                   1.00   0.01  0.00  0.00  0.99  0.00  0.00  0.00  0.00  0.00
  21750                   1.00   0.01  0.00  0.00  0.99  0.00  0.00  0.00  0.00  0.00
  21754                   1.00   0.01  0.00  0.00  0.99  0.00  0.00  0.00  0.00  0.00
  21757                   1.00   0.01  0.00  0.00  0.99  0.00  0.00  0.00  0.00  0.00
  21759                   1.00   0.01  0.00  0.00  0.99  0.00  0.00  0.00  0.00  0.00
  21760                   1.00   0.00  0.00  0.00  1.00  0.00  0.00  0.00  0.00  0.00
  21762                   1.00   0.01  0.00  0.00  0.99  0.00  0.00  0.00  0.00  0.00
  21763                   1.00   1.00  0.00  0.00  0.00  0.00  0.00  0.00  0.00  0.00
  21764                   1.00   0.03  0.00  0.00  0.07  0.00  0.89  0.00  0.00  0.00
  21765                   1.00   0.92  0.02  0.00  0.05  0.00  0.00  0.00  0.91  0.00
  21766                   1.00   0.01  0.01  0.00  0.23  0.00  0.00  0.75  0.04  0.00
  21767                   1.00   0.02  0.88  0.00  0.10  0.00  0.00  0.00  0.89  0.00
  21769                   1.00   0.01  0.00  0.00  0.99  0.00  0.00  0.00  0.00  0.00
  21770                   1.00   0.84  0.02  0.00  0.14  0.00  0.00  0.00  0.86  0.00
  21771                   1.00   0.01  0.00  0.00  0.99  0.00  0.00  0.00  0.00  0.00
  21772                   1.00   0.03  0.00  0.00  0.08  0.00  0.00  0.89  0.00  0.00
  21773                   1.00   0.03  0.96  0.00  0.01  0.00  0.00  0.00  0.96  0.00
  21774                   1.00   0.99  0.01  0.00  0.00  0.00  0.00  0.00  0.00  0.00
  21778                   1.00   1.00  0.00  0.00  0.00  0.00  0.00  0.00  0.00  0.00
  21780                   1.00   0.01  0.00  0.00  0.99  0.00  0.00  0.00  0.00  0.00
  21781                   1.00   0.01  0.00  0.00  0.99  0.00  0.00  0.00  0.00  0.00
  21784                   1.00   0.01  0.00  0.00  0.99  0.00  0.00  0.00  0.00  0.00
  21786                   1.00   1.00  0.00  0.00  0.00  0.00  0.00  0.00  0.00  0.00
  21787                   1.00   0.01  0.80  0.00  0.00  0.00  0.20  0.00  0.00  0.00
  21788                   1.00   0.01  0.00  0.00  0.99  0.00  0.00  0.00  0.00  0.00
  21789                   1.00   0.01  0.00  0.00  0.99  0.00  0.00  0.00  0.00  0.00
  21792                   1.00   0.01  0.00  0.00  0.99  0.00  0.00  0.00  0.03  0.00
  21793                   1.00   1.00  0.00  0.00  0.00  0.00  0.00  0.00  0.00  0.00
  21796                   1.00   0.01  0.00  0.00  0.99  0.00  0.00  0.00  0.03  0.00
  21799                   1.00   0.02  0.00  0.00  0.19  0.00  0.79  0.00  0.00  0.00
  21800                   1.00   0.02  0.84  0.00  0.14  0.00  0.00  0.00  0.85  0.00
  21803                   1.00   0.01  0.00  0.00  0.99  0.00  0.00  0.00  0.00  0.00
  21805                   1.00   0.01  0.00  0.00  0.99  0.00  0.00  0.00  0.00  0.00
  21806                   1.00   0.01  0.00  0.00  0.99  0.00  0.00  0.00  0.10  0.00
  21812                   1.00   1.00  0.00  0.00  0.00  0.00  0.00  0.00  0.00  0.00
  21814                   1.00   1.00  0.00  0.00  0.00  0.00  0.00  0.00  0.00  0.00
  21815                   1.00   0.00  0.00  0.00  1.00  0.00  0.00  0.00  0.01  0.00
  21817                   1.00   1.00  0.00  0.00  0.00  0.00  0.00  0.00  0.00  0.00
  21820                   1.00   0.01  0.00  0.00  0.21  0.00  0.00  0.77  0.00  0.00
  21821                   1.00   0.01  0.00  0.00  0.99  0.00  0.00  0.00  0.00  0.00
  21822                   1.00   0.00  0.00  0.00  0.99  0.00  0.00  0.00  0.00  0.00
  21823                   1.00   0.00  0.00  0.00  1.00  0.00  0.00  0.00  0.01  0.00
  21824                   1.00   1.00  0.00  0.00  0.00  0.00  0.00  0.00  0.00  0.00
  21826                   1.00   0.01  0.00  0.00  0.99  0.00  0.00  0.00  0.00  0.00
  21827                   1.00   0.01  0.00  0.00  0.98  0.00  0.00  0.00  0.00  0.00
  21828                   1.00   0.01  0.00  0.00  0.98  0.00  0.00  0.00  0.00  0.00
  21829                   1.00   0.00  0.00  0.00  1.00  0.00  0.00  0.00  0.91  0.00
  21830                   1.00   0.01  0.00  0.00  0.99  0.00  0.00  0.00  0.88  0.00
  21832                   1.00   0.01  0.00  0.00  0.98  0.00  0.00  0.00  0.00  0.00
  21833                   1.00   0.02  0.00  0.00  0.98  0.00  0.00  0.00  0.00  0.00
  21835                   1.00   1.00  0.00  0.00  0.00  0.00  0.00  0.00  0.00  0.00
  21836                   1.00   1.00  0.00  0.00  0.00  0.00  0.00  0.00  0.00  0.00
  21838                   1.00   1.00  0.00  0.00  0.00  0.00  0.00  0.00  0.00  0.00
  21839                   1.00   1.00  0.00  0.00  0.00  0.00  0.00  0.00  0.00  0.00
  21840                   1.00   0.90  0.01  0.00  0.09  0.00  0.00  0.00  0.91  0.00
  21841                   1.00   0.91  0.09  0.00  0.00  0.00  0.00  0.00  0.00  0.00
  21844                   1.00   1.00  0.00  0.00  0.00  0.00  0.00  0.00  0.00  0.00
  21845                   1.00   0.01  0.00  0.00  0.08  0.91  0.00  0.00  0.00  0.00
  21846                   1.00   0.01  0.00  0.00  0.99  0.00  0.00  0.00  0.00  0.00
  21847                   1.00   0.01  0.00  0.00  0.99  0.00  0.00  0.00  0.87  0.00
  21848                   1.00   0.01  0.00  0.00  0.99  0.00  0.00  0.00  0.00  0.00
  21851                   1.00   1.00  0.00  0.00  0.00  0.00  0.00  0.00  0.00  0.00
  21852                   1.00   1.00  0.00  0.00  0.00  0.00  0.00  0.00  0.00  0.00
  21854                   1.00   0.00  0.00  0.00  0.07  0.93  0.00  0.00  0.00  0.00
  21858                   1.00   0.01  0.00  0.00  0.00  0.00  0.98  0.00  0.00  0.00
  21859                   1.00   0.01  0.00  0.00  0.98  0.00  0.00  0.00  0.99  0.00
  21862                   1.00   0.02  0.00  0.00  0.13  0.00  0.00  0.85  0.03  0.00
  21864                   1.00   0.02  0.98  0.00  0.00  0.00  0.00  0.00  0.00  0.00
  21866                   1.00   0.01  0.00  0.00  0.98  0.00  0.00  0.00  0.00  0.00
  22116                   1.00   0.12  0.00  0.00  0.13  0.00  0.00  0.74  0.14  0.00
  22117                   1.00   1.00  0.00  0.00  0.00  0.00  0.00  0.00  0.00  0.00
  22282                   1.00   1.00  0.00  0.00  0.00  0.00  0.00  0.00  0.00  0.00
  22575                   1.00   1.00  0.00  0.00  0.00  0.00  0.00  0.00  0.00  0.00
  22576                   1.00   1.00  0.00  0.00  0.00  0.00  0.00  0.00  0.00  0.00
  22580                   1.00   0.02  0.01  0.00  0.97  0.00  0.00  0.00  0.00  0.00
  22581                   1.00   1.00  0.00  0.00  0.00  0.00  0.00  0.00  0.00  0.00
  22582                   1.00   0.02  0.00  0.00  0.98  0.00  0.00  0.00  0.77  0.00
  22583                   1.00   1.00  0.00  0.00  0.00  0.00  0.00  0.00  0.00  0.00
  22585                   1.00   0.02  0.00  0.00  0.10  0.00  0.00  0.89  0.00  0.00
  22586                   1.00   0.01  0.00  0.00  0.99  0.00  0.00  0.00  0.00  0.00
  22587                   1.00   0.01  0.00  0.00  0.99  0.00  0.00  0.00  0.00  0.00
  22588                   1.00   0.01  0.00  0.00  0.99  0.00  0.00  0.00  0.00  0.00
  22589                   1.00   0.01  0.00  0.00  0.99  0.00  0.00  0.00  0.00  0.00
  22590                   1.00   0.01  0.00  0.00  0.99  0.00  0.00  0.00  0.00  0.00
  22591                   1.00   0.01  0.00  0.00  0.99  0.00  0.00  0.00  0.00  0.00
  22592                   1.00   0.01  0.90  0.00  0.09  0.00  0.00  0.00  0.90  0.00
  22596                   1.00   0.01  0.00  0.00  0.96  0.03  0.00  0.00  0.78  0.00
  22597                   1.00   0.17  0.02  0.00  0.16  0.03  0.00  0.63  0.13  0.00
  22598                   1.00   0.02  0.02  0.00  0.00  0.00  0.96  0.00  0.00  0.00
  22599                   1.00   1.00  0.00  0.00  0.00  0.00  0.00  0.00  0.00  0.00
  22601                   1.00   0.85  0.06  0.00  0.09  0.00  0.00  0.00  0.89  0.00
  22605                   1.00   0.01  0.00  0.00  0.98  0.00  0.00  0.00  0.00  0.00
  22606                   1.00   0.02  0.00  0.00  0.98  0.00  0.00  0.00  0.00  0.00
  22607                   1.00   0.01  0.00  0.00  0.99  0.00  0.00  0.00  0.00  0.00
  22608                   1.00   0.82  0.08  0.00  0.10  0.00  0.00  0.00  0.88  0.00
  22609                   1.00   0.03  0.00  0.00  0.97  0.00  0.00  0.00  0.00  0.00
  22611                   1.00   0.01  0.00  0.00  0.99  0.00  0.00  0.00  0.00  0.00
  22612                   1.00   0.01  0.00  0.00  0.99  0.00  0.00  0.00  0.00  0.00
  22613                   1.00   0.01  0.00  0.00  0.11  0.00  0.00  0.88  0.00  0.00
  22614                   1.00   0.01  0.00  0.00  0.99  0.00  0.00  0.00  0.00  0.00
  22616                   1.00   0.00  0.00  0.00  1.00  0.00  0.00  0.00  0.01  0.00
  22617                   1.00   1.00  0.00  0.00  0.00  0.00  0.00  0.00  0.00  0.00
  22618                   1.00   1.00  0.00  0.00  0.00  0.00  0.00  0.00  0.00  0.00
  22621                   1.00   1.00  0.00  0.00  0.00  0.00  0.00  0.00  0.00  0.00
  22640                   1.00   1.00  0.00  0.00  0.00  0.00  0.00  0.00  0.00  0.00
  22643                   1.00   1.00  0.00  0.00  0.00  0.00  0.00  0.00  0.00  0.00
  22653                   1.00   0.89  0.00  0.00  0.00  0.00  0.00  0.11  0.00  0.00
  22654                   1.00   0.01  0.88  0.00  0.10  0.00  0.00  0.00  0.89  0.00
  22656                   1.00   1.00  0.00  0.00  0.00  0.00  0.00  0.00  0.00  0.00
  22658                   1.00   1.00  0.00  0.00  0.00  0.00  0.00  0.00  0.00  0.00
  22659                   1.00   1.00  0.00  0.00  0.00  0.00  0.00  0.00  0.00  0.00
  22660                   1.00   0.00  0.00  0.00  1.00  0.00  0.00  0.00  0.01  0.00
  22789                   1.00   0.01  0.35  0.00  0.15  0.00  0.49  0.00  0.00  0.00
  22790                   1.00   0.01  0.34  0.00  0.65  0.00  0.00  0.00  0.57  0.00
  22794                   1.00   1.00  0.00  0.00  0.00  0.00  0.00  0.00  0.00  0.00
  22795                   1.00   1.00  0.00  0.00  0.00  0.00  0.00  0.00  0.00  0.00
  22796                   1.00   0.87  0.00  0.00  0.13  0.00  0.00  0.00  0.86  0.00
  22797                   1.00   1.00  0.00  0.00  0.00  0.00  0.00  0.00  0.00  0.00
  22798                   1.00   0.01  0.00  0.00  0.13  0.00  0.86  0.00  0.00  0.00
  22799                   1.00   0.01  0.00  0.00  0.99  0.00  0.00  0.00  0.00  0.00
  22800                   1.00   0.88  0.12  0.00  0.00  0.00  0.00  0.00  0.00  0.00
  22801                   1.00   1.00  0.00  0.00  0.00  0.00  0.00  0.00  0.00  0.00
  22802                   1.00   0.01  0.00  0.00  0.98  0.01  0.00  0.00  0.86  0.00
  22804                   1.00   0.01  0.00  0.00  0.98  0.01  0.00  0.00  0.86  0.00
  22805                   1.00   0.01  0.00  0.00  0.96  0.03  0.00  0.00  0.87  0.00
  22810                   1.00   0.01  0.76  0.00  0.23  0.00  0.00  0.00  0.84  0.00
  22811                   1.00   0.01  0.00  0.00  0.99  0.00  0.00  0.00  0.00  0.00
  22812                   1.00   0.01  0.34  0.00  0.65  0.00  0.00  0.00  0.86  0.00
  22818                   1.00   1.00  0.00  0.00  0.00  0.00  0.00  0.00  0.00  0.00
  22819                   1.00   0.01  0.87  0.00  0.12  0.00  0.00  0.00  0.87  0.00
  22827                   1.00   1.00  0.00  0.00  0.00  0.00  0.00  0.00  0.00  0.00
  22837                   1.00   0.01  0.74  0.00  0.25  0.00  0.00  0.00  0.85  0.00
  22839                   1.00   0.90  0.10  0.00  0.00  0.00  0.00  0.00  0.00  0.00
  22840                   1.00   1.00  0.00  0.00  0.00  0.00  0.00  0.00  0.00  0.00
  22850                   1.00   0.01  0.00  0.00  0.11  0.01  0.00  0.87  0.00  0.00
  22852                   1.00   0.01  0.00  0.00  0.99  0.00  0.00  0.00  0.00  0.00
  22865                   1.00   0.01  0.00  0.00  0.99  0.00  0.00  0.00  0.00  0.00
  22866                   1.00   0.01  0.00  0.00  0.99  0.00  0.00  0.00  0.00  0.00
  23050                   1.00   0.01  0.00  0.00  0.99  0.00  0.00  0.00  0.88  0.00
  23053                   1.00   0.01  0.00  0.00  0.95  0.04  0.00  0.00  0.00  0.00
  23054                   1.00   0.01  0.00  0.00  0.99  0.00  0.00  0.00  0.80  0.00
  23059                   1.00   0.01  0.00  0.00  0.94  0.05  0.00  0.00  0.83  0.00
  23060                   1.00   0.01  0.00  0.00  0.87  0.12  0.00  0.00  0.00  0.00
  23062                   1.00   0.01  0.00  0.00  0.00  0.99  0.00  0.00  0.88  0.00
  23063                   1.00   0.01  0.00  0.00  0.00  0.00  0.99  0.00  0.00  0.00
  23064                   1.00   0.02  0.00  0.00  0.98  0.00  0.00  0.00  0.00  0.00
  23066                   1.00   0.02  0.00  0.00  0.17  0.00  0.00  0.82  0.00  0.00
  23071                   1.00   1.00  0.00  0.00  0.00  0.00  0.00  0.00  0.00  0.00
  23073                   1.00   0.01  0.00  0.00  0.00  0.99  0.00  0.00  0.85  0.00
  23075                   1.00   0.01  0.00  0.00  0.84  0.15  0.00  0.00  0.00  0.00
  23077                   1.00   0.01  0.00  0.00  0.99  0.00  0.00  0.00  0.00  0.00
  23078                   1.00   0.01  0.00  0.00  0.99  0.00  0.00  0.00  0.00  0.00
  23079                   1.00   0.02  0.00  0.00  0.98  0.00  0.00  0.00  0.72  0.00
  23081                   1.00   1.00  0.00  0.00  0.00  0.00  0.00  0.00  0.00  0.00
  23082                   1.00   0.01  0.00  0.00  0.99  0.00  0.00  0.00  0.00  0.00
  23083                   1.00   0.01  0.00  0.00  0.99  0.00  0.00  0.00  0.00  0.00
  23084                   1.00   1.00  0.00  0.00  0.00  0.00  0.00  0.00  0.00  0.00
  23085                   1.00   0.01  0.00  0.00  0.99  0.00  0.00  0.00  0.00  0.00
  23087                   1.00   1.00  0.00  0.00  0.00  0.00  0.00  0.00  0.00  0.00
  23088                   1.00   1.00  0.00  0.00  0.00  0.00  0.00  0.00  0.00  0.00
  23090                   1.00   1.00  0.00  0.00  0.00  0.00  0.00  0.00  0.00  0.00
  23092                   1.00   1.00  0.00  0.00  0.00  0.00  0.00  0.00  0.00  0.00
  23093                   1.00   1.00  0.00  0.00  0.00  0.00  0.00  0.00  0.00  0.00
  23094                   1.00   0.01  0.00  0.00  0.99  0.00  0.00  0.00  0.91  0.00
  23095                   1.00   0.01  0.00  0.00  0.00  0.00  0.00  0.99  0.00  0.00
  23097                   1.00   0.01  0.00  0.00  0.15  0.00  0.84  0.00  0.00  0.00
  23098                   1.00   1.00  0.00  0.00  0.00  0.00  0.00  0.00  0.00  0.00
  23099                   1.00   0.01  0.00  0.00  0.99  0.00  0.00  0.00  0.00  0.00
  23102                   1.00   1.00  0.00  0.00  0.00  0.00  0.00  0.00  0.00  0.00
  23110                   1.00   0.02  0.98  0.00  0.00  0.00  0.00  0.00  0.00  0.00
  23112                   1.00   1.00  0.00  0.00  0.00  0.00  0.00  0.00  0.00  0.00
  23113                   1.00   1.00  0.00  0.00  0.00  0.00  0.00  0.00  0.00  0.00
  23114                   1.00   1.00  0.00  0.00  0.00  0.00  0.00  0.00  0.00  0.00
  23115                   1.00   0.01  0.00  0.00  0.99  0.00  0.00  0.00  0.00  0.00
  23116                   1.00   0.01  0.00  0.00  0.99  0.00  0.00  0.00  0.00  0.00
  23117                   1.00   0.01  0.00  0.00  0.99  0.00  0.00  0.00  0.83  0.00
  23119                   1.00   0.01  0.00  0.00  0.99  0.00  0.00  0.00  0.81  0.00
  23120                   1.00   0.01  0.00  0.00  0.12  0.87  0.00  0.00  0.85  0.00
  23122                   1.00   0.01  0.00  0.00  0.10  0.00  0.00  0.89  0.00  0.00
  23123                   1.00   0.01  0.00  0.00  0.99  0.00  0.00  0.00  0.00  0.00
  23147                   1.00   0.00  0.00  0.00  0.99  0.00  0.00  0.00  0.00  0.00
  23148                   1.00   1.00  0.00  0.00  0.00  0.00  0.00  0.00  0.00  0.00
  23150                   1.00   0.01  0.00  0.00  0.00  0.00  0.00  0.99  0.00  0.00
  23152                   1.00   0.94  0.06  0.00  0.00  0.00  0.00  0.00  0.00  0.00
  23158                   1.00   0.01  0.00  0.00  0.99  0.00  0.00  0.00  0.83  0.00
  23159                   1.00   0.01  0.00  0.00  0.00  0.99  0.00  0.00  0.86  0.00
  23163                   1.00   0.01  0.00  0.00  0.79  0.20  0.00  0.00  0.97  0.00
  23164                   1.00   0.01  0.00  0.00  0.90  0.09  0.00  0.00  0.00  0.00
  23165                   1.00   0.01  0.76  0.00  0.23  0.00  0.00  0.00  0.85  0.00
  23167                   1.00   0.01  0.00  0.00  0.80  0.19  0.00  0.00  0.87  0.00
  23171                   1.00   0.01  0.08  0.00  0.19  0.00  0.72  0.00  0.00  0.00
  23172                   1.00   0.01  0.00  0.00  0.99  0.00  0.00  0.00  0.00  0.00
  23190                   1.00   0.01  0.00  0.00  0.99  0.00  0.00  0.00  0.00  0.00
  23191                   1.00   0.01  0.00  0.00  0.99  0.00  0.00  0.00  0.00  0.00
  23192                   1.00   0.01  0.00  0.00  0.99  0.00  0.00  0.00  0.00  0.00
  23193                   1.00   0.01  0.00  0.00  0.12  0.00  0.86  0.00  0.00  0.00
  23199                   1.00   0.00  0.00  0.00  1.00  0.00  0.00  0.00  0.01  0.00
  23200                   1.00   0.00  0.00  0.00  0.99  0.00  0.00  0.00  0.00  0.00
  23204                   1.00   0.01  0.00  0.00  0.99  0.00  0.00  0.00  0.00  0.00
  23207                   1.00   0.01  0.00  0.00  0.99  0.00  0.00  0.00  0.00  0.00
  23478                   1.00   0.91  0.09  0.00  0.00  0.00  0.00  0.00  0.00  0.00
  23524                   1.00   1.00  0.00  0.00  0.00  0.00  0.00  0.00  0.00  0.00
  25966                   1.00   1.00  0.00  0.00  0.00  0.00  0.00  0.00  0.00  0.00
  26838                   1.00   0.01  0.00  0.00  0.99  0.00  0.00  0.00  0.00  0.00
  26852                   1.00   1.00  0.00  0.00  0.00  0.00  0.00  0.00  0.00  0.00
  26855                   1.00   1.00  0.00  0.00  0.00  0.00  0.00  0.00  0.00  0.00
  27342                   1.00   0.01  0.00  0.00  0.99  0.00  0.00  0.00  0.00  0.00
  31188                   1.00   0.01  0.00  0.00  0.99  0.00  0.00  0.00  0.81  0.00
  31937                   1.00   0.01  0.01  0.00  0.00  0.08  0.00  0.90  0.08  0.00
  32535                   1.00   1.00  0.00  0.00  0.00  0.00  0.00  0.00  0.00  0.00
  34331                   1.00   1.00  0.00  0.00  0.00  0.00  0.00  0.00  0.00  0.00
  36494                   1.00   0.01  0.00  0.00  0.98  0.00  0.00  0.00  0.00  0.00
  38189                   1.00   0.02  0.00  0.00  0.98  0.00  0.00  0.00  0.00  0.00
  38190                   1.00   0.03  0.00  0.00  0.15  0.00  0.00  0.82  0.83  0.00
  38193                   1.00   0.01  0.00  0.00  0.99  0.00  0.00  0.00  0.00  0.00
  38250                   1.00   0.01  0.78  0.00  0.21  0.00  0.00  0.00  0.79  0.00
  38555                   1.00   0.00  0.00  0.00  1.00  0.00  0.00  0.00  0.00  0.00
  38575                   1.00   0.89  0.11  0.00  0.00  0.00  0.00  0.00  0.00  0.00
  38710                   1.00   0.81  0.19  0.00  0.00  0.00  0.00  0.00  0.00  0.00
  38711                   1.00   0.01  0.00  0.00  0.99  0.00  0.00  0.00  0.00  0.00
  38712                   1.00   0.01  0.00  0.00  0.99  0.00  0.00  0.00  0.00  0.00
  38869                   1.00   0.88  0.12  0.00  0.00  0.00  0.00  0.00  0.00  0.00
  38870                   1.00   1.00  0.00  0.00  0.00  0.00  0.00  0.00  0.00  0.00
  38873                   1.00   1.00  0.00  0.00  0.00  0.00  0.00  0.00  0.00  0.00
  38889                   1.00   1.00  0.00  0.00  0.00  0.00  0.00  0.00  0.00  0.00
  39004                   1.00   0.01  0.00  0.00  0.99  0.00  0.00  0.00  0.00  0.00
  39117                   1.00   0.01  0.00  0.00  0.07  0.00  0.00  0.91  0.00  0.00
  39149                   1.00   1.00  0.00  0.00  0.00  0.00  0.00  0.00  0.00  0.00
  39247                   1.00   0.01  0.00  0.00  0.00  0.20  0.00  0.79  0.08  0.00
  39284                   1.00   1.00  0.00  0.00  0.00  0.00  0.00  0.00  0.00  0.00
  39378                   1.00   1.00  0.00  0.00  0.00  0.00  0.00  0.00  0.00  0.00
  39379                   1.00   1.00  0.00  0.00  0.00  0.00  0.00  0.00  0.00  0.00
  39419                   1.00   0.01  0.85  0.00  0.11  0.03  0.00  0.00  0.90  0.00
  39469                   1.00   1.00  0.00  0.00  0.00  0.00  0.00  0.00  0.00  0.00
  39514                   1.00   1.00  0.00  0.00  0.00  0.00  0.00  0.00  0.00  0.00
  39537                   1.00   0.02  0.00  0.00  0.98  0.00  0.00  0.00  0.00  0.00
  39563                   1.00   0.00  0.00  0.00  1.00  0.00  0.00  0.00  1.00  0.00
  39936                   1.00   1.00  0.00  0.00  0.00  0.00  0.00  0.00  0.00  0.00
  39937                   1.00   0.00  0.02  0.00  0.98  0.00  0.00  0.00  0.00  0.00
  40173                   1.00   0.01  0.00  0.00  0.99  0.00  0.00  0.00  0.00  0.00
  40224                   1.00   0.00  0.00  0.00  1.00  0.00  0.00  0.00  0.00  0.00
  40244                   1.00   0.01  0.00  0.00  0.99  0.00  0.00  0.00  0.00  0.00
  40245                   1.00   0.01  0.00  0.00  0.99  0.00  0.00  0.00  0.00  0.00
  40248                   1.00   1.00  0.00  0.00  0.00  0.00  0.00  0.00  0.00  0.00
  40249                   1.00   1.00  0.00  0.00  0.00  0.00  0.00  0.00  0.00  0.00
  40372                   1.00   1.00  0.00  0.00  0.00  0.00  0.00  0.00  0.00  0.00
  40373                   1.00   0.00  0.00  0.00  0.99  0.00  0.00  0.01  0.00  0.00
  40386                   1.00   0.01  0.89  0.00  0.10  0.00  0.00  0.00  0.89  0.00
  40388                   1.00   1.00  0.00  0.00  0.00  0.00  0.00  0.00  0.00  0.00
  40448                   1.00   0.81  0.19  0.00  0.00  0.00  0.00  0.00  0.00  0.00
  40679                   1.00   1.00  0.00  0.00  0.00  0.00  0.00  0.00  0.00  0.00
  40680                   1.00   1.00  0.00  0.00  0.00  0.00  0.00  0.00  0.00  0.00
  40713                   1.00   0.89  0.11  0.00  0.00  0.00  0.00  0.00  0.00  0.00
  40793                   1.00   0.01  0.00  0.00  0.13  0.86  0.00  0.00  0.83  0.00
  41025                   1.00   0.01  0.00  0.00  0.99  0.00  0.00  0.00  0.00  0.00
  41038                   1.00   0.02  0.00  0.00  0.98  0.00  0.00  0.00  0.00  0.00
  41039                   1.00   0.02  0.00  0.00  0.98  0.00  0.00  0.00  0.61  0.00
  41097                   1.00   0.03  0.00  0.00  0.07  0.00  0.89  0.00  0.00  0.00
  41114                   1.00   0.00  0.00  0.00  0.99  0.00  0.00  0.00  0.79  0.00
  41149                   1.00   0.87  0.00  0.00  0.00  0.00  0.00  0.13  0.00  0.00
  41181                   1.00   1.00  0.00  0.00  0.00  0.00  0.00  0.00  0.00  0.00
  41182                   1.00   1.00  0.00  0.00  0.00  0.00  0.00  0.00  0.00  0.00
  41183                   1.00   1.00  0.00  0.00  0.00  0.00  0.00  0.00  0.00  0.00
  41204                   1.00   1.00  0.00  0.00  0.00  0.00  0.00  0.00  0.00  0.00
  41367                   1.00   0.01  0.00  0.00  0.11  0.00  0.88  0.00  0.00  0.00
  41543                   1.00   0.02  0.00  0.00  0.98  0.00  0.00  0.00  0.79  0.00
  41557                   1.00   1.00  0.00  0.00  0.00  0.00  0.00  0.00  0.00  0.00
  41561                   1.00   0.01  0.00  0.00  0.99  0.00  0.00  0.00  0.00  0.00
  41562                   1.00   0.00  0.00  0.00  0.00  0.00  0.00  1.00  0.00  0.00
  41661                   1.00   0.01  0.00  0.00  0.99  0.00  0.00  0.00  0.00  0.00
  41712                   1.00   0.00  0.00  0.00  0.00  0.00  0.00  1.00  0.00  0.00
  42042                   1.00   1.00  0.00  0.00  0.00  0.00  0.00  0.00  0.00  0.00
  42043                   1.00   1.00  0.00  0.00  0.00  0.00  0.00  0.00  0.00  0.00
  42079                   1.00   1.00  0.00  0.00  0.00  0.00  0.00  0.00  0.00  0.00
  42080                   1.00   1.00  0.00  0.00  0.00  0.00  0.00  0.00  0.00  0.00
  42081                   1.00   0.01  0.00  0.00  0.10  0.89  0.00  0.00  0.00  0.00
  42082                   1.00   0.01  0.00  0.00  0.99  0.00  0.00  0.00  0.82  0.00
  42085                   1.00   0.00  0.00  0.00  0.99  0.00  0.00  0.00  0.00  0.00
  42514                   1.00   1.00  0.00  0.00  0.00  0.00  0.00  0.00  0.00  0.00
  42515                   1.00   0.01  0.00  0.00  0.00  0.99  0.00  0.00  0.81  0.00
  42541                   1.00   1.00  0.00  0.00  0.00  0.00  0.00  0.00  0.00  0.00
  42568                   1.00   0.01  0.00  0.00  0.99  0.00  0.00  0.00  0.00  0.00
  42610                   1.00   0.00  0.00  0.00  0.00  0.00  1.00  0.00  0.00  0.00
  42644                   1.00   0.85  0.05  0.00  0.10  0.00  0.00  0.00  0.89  0.00
  42711                   1.00   0.01  0.00  0.00  0.99  0.00  0.00  0.00  0.00  0.00
  42712                   1.00   0.01  0.91  0.00  0.08  0.00  0.00  0.00  0.91  0.00
  42713                   1.00   0.01  0.00  0.00  0.86  0.13  0.00  0.00  0.43  0.00
  42714                   1.00   0.01  0.00  0.00  0.98  0.00  0.00  0.00  0.01  0.00
  42715                   1.00   0.01  0.00  0.00  0.94  0.05  0.00  0.00  0.00  0.00
  42716                   1.00   0.00  0.00  0.00  0.00  1.00  0.00  0.00  0.99  0.00
  42717                   1.00   0.01  0.00  0.00  0.99  0.00  0.00  0.00  0.99  0.00
  42718                   1.00   0.01  0.00  0.00  0.00  0.99  0.00  0.00  0.80  0.00
  42719                   1.00   0.01  0.00  0.00  0.00  0.99  0.00  0.00  0.88  0.00
  42720                   1.00   0.01  0.00  0.00  0.99  0.00  0.00  0.00  0.01  0.00
  42721                   1.00   0.01  0.00  0.00  0.99  0.01  0.00  0.00  0.00  0.00
  42722                   1.00   0.00  0.02  0.00  0.98  0.00  0.00  0.00  0.01  0.00
  42723                   1.00   0.01  0.00  0.00  0.99  0.00  0.00  0.00  0.00  0.00
  42724                   1.00   0.01  0.00  0.00  0.98  0.01  0.00  0.00  0.00  0.00
  42725                   1.00   0.01  0.00  0.00  0.99  0.00  0.00  0.00  0.00  0.00
  42726                   1.00   0.01  0.00  0.00  0.97  0.01  0.00  0.00  0.73  0.00
  42727                   1.00   0.01  0.00  0.00  0.99  0.00  0.00  0.00  0.00  0.00
  42728                   1.00   0.01  0.00  0.00  0.99  0.00  0.00  0.00  0.00  0.00
  42730                   1.00   0.02  0.00  0.00  0.98  0.00  0.00  0.00  0.00  0.00
  42731                   1.00   0.01  0.76  0.00  0.23  0.00  0.00  0.00  0.87  0.00
  42732                   1.00   0.01  0.00  0.00  0.99  0.00  0.00  0.00  0.85  0.00
  42733                   1.00   0.01  0.00  0.00  0.99  0.00  0.00  0.00  0.00  0.00
  42734                   1.00   0.01  0.00  0.00  0.99  0.00  0.00  0.00  0.00  0.00
  42735                   1.00   0.01  0.00  0.00  0.08  0.92  0.00  0.00  0.89  0.00
  42736                   1.00   0.01  0.00  0.00  0.99  0.00  0.00  0.00  0.00  0.00
  42737                   1.00   0.00  0.64  0.00  0.34  0.01  0.00  0.00  0.99  0.00
  42738                   1.00   0.01  0.00  0.00  0.99  0.00  0.00  0.00  0.00  0.00
  42739                   1.00   0.01  0.00  0.00  0.99  0.00  0.00  0.00  0.00  0.00
  42740                   1.00   0.01  0.00  0.00  0.08  0.02  0.00  0.89  0.09  0.00
  42742                   1.00   0.00  0.00  0.00  0.99  0.00  0.00  0.00  0.00  0.00
  
  
  *************************
  Conduit Surcharge Summary
  *************************
  
  ----------------------------------------------------------------------------
                                                           Hours        Hours 
                         --------- Hours Full --------   Above Full   Capacity
  Conduit                Both Ends  Upstream  Dnstream   Normal Flow   Limited
  ----------------------------------------------------------------------------
  832                         2.07      2.07      2.11      0.01         0.01
  841                        23.41     23.41     23.42      0.01         0.01
  2487                        1.67      1.67      1.69      0.01         0.01
  2488                        1.67      1.67      1.69      0.01         0.01
  2543                        2.20      2.20      2.33      0.01         0.01
  2649                        2.28      2.28      2.35      0.01         0.01
  3101                        4.06      4.06      4.15      0.01         0.01
  3369                        0.01      0.01      1.38      0.01         0.01
  3578                       23.83     23.83     23.83      2.76         0.01
  3673                        0.01      0.01      2.86      0.01         0.01
  3808                       23.42     23.42     23.43      0.01         0.03
  3826                        1.29      1.29      1.72      0.01         0.01
  3827                        1.32      1.32      2.05      1.81         0.01
  3832                        3.67      3.68      4.24      1.87         1.87
  3864                        2.47      2.47      2.59      0.01         0.01
  4533                        0.01      0.01      0.03      0.01         0.01
  4691                        0.01      0.01      2.09      0.01         0.01
  4714                        2.51      2.51      2.93      2.56         0.01
  4783                        2.25      2.25      2.40      0.01         0.01
  5044                       23.38     23.38     23.41      0.01         0.01
  5289                        2.44      2.44      2.53      0.01         0.01
  5734                        2.06      2.06      2.12      0.01         0.01
  5796                        0.01      0.01      0.01      0.01         0.01
  6198                        1.38      1.38      1.70      0.01         0.01
  7035                        1.86      1.86      1.87      1.87         1.86
  7105                        0.01      0.01      2.37      0.01         0.01
  7373                        2.38      2.47      2.38      2.74         2.38
  8063                        2.02      2.02      2.09      0.01         0.01
  8423                        2.45      2.45      2.56      0.01         0.01
  8614                        0.01      0.01      2.56      0.01         0.01
  8894                        0.04      0.04      2.33      0.01         0.01
  9700                        1.68      1.68      1.90      0.01         0.01
  10024                       0.01      0.01      0.01      2.89         0.01
  10072                       2.59      2.59      2.69      0.01         0.01
  10076                       3.41      3.41      3.61      2.85         2.85
  10119                       3.18      3.18     23.63      0.01         0.01
  10130                      23.63     23.63     23.63      0.01         0.01
  10138                      23.70     23.70     23.75      0.01         0.01
  10144                       3.25      3.25      4.43      0.01         0.01
  10148                       2.19      2.19     23.65      0.01         0.01
  10158                       2.30      2.30     23.65      0.01         0.01
  10159                       2.60      2.60     23.64      0.01         0.01
  10161                       2.64      2.64      2.64      0.01         0.03
  10162                       4.11      4.11      4.66      0.01         0.02
  10264                       0.01      0.01      2.22      0.01         0.01
  10405                       2.62      2.62      2.62      0.01         1.16
  10601                       0.01      0.01      1.14      1.81         0.01
  10608                       0.03      0.03      2.10      0.01         0.01
  10671                       0.01      0.01      0.01      2.55         0.01
  10744                       2.91      2.91      3.04      0.01         0.01
  10746                       2.85      2.85      2.91      0.01         0.01
  10845                       0.01      2.70      0.01      2.71         0.01
  12611                       3.19      3.19      3.79      0.01         0.01
  12633                       1.89      1.89      1.94      0.01         0.01
  12636                       1.86      1.86      2.00      0.01         0.01
  12637                       2.02      2.02      2.15      0.01         0.01
  12638                       1.85      1.87      1.85      1.89         1.85
  12650                      23.64     23.65     23.65      0.01         0.02
  12652                      23.64     23.64     23.64      0.01         1.18
  12656                       2.15      2.15      2.28      0.01         0.01
  12660                       2.01      2.01      2.14      0.01         0.01
  12664                       0.01      0.01      2.70      0.01         0.01
  12665                       0.01      0.01      2.22      0.01         0.01
  12668                       1.66      1.66      1.69      1.24         0.01
  12679                       3.40      5.63      3.40      5.76         3.40
  12681                       1.94      1.94      2.02      0.01         0.01
  12682                       2.15      2.15      2.21      0.01         0.01
  12683                       1.95      1.95      2.15      0.01         0.01
  12685                       1.87      1.87      1.91      0.01         0.01
  12686                       1.79      1.79      1.88      0.01         0.01
  12687                       1.94      1.94      2.02      0.01         0.01
  12688                       2.04      2.04      2.10      0.01         0.01
  12690                       1.81      1.81      1.86      0.01         0.01
  12691                       1.90      1.90      1.91      0.32         0.49
  12692                       1.89      1.89      1.90      0.01         0.14
  12698                       1.99      1.99      2.18      0.01         0.01
  12700                       0.01      0.01      1.44      0.01         0.01
  12760                       3.62      3.62      3.63      3.63         3.62
  12761                      23.96     23.96     23.97      3.38         3.38
  12865                      23.41     23.41     23.42      2.28         0.01
  12866                       2.39      2.39      2.50      0.01         0.01
  12870                       0.05      0.05      2.57      2.07         0.01
  12871                       1.82      1.82      1.92      0.01         0.01
  12872                       0.01      0.01      1.79      0.01         0.01
  12873                       2.99      2.99     23.68      0.01         0.01
  12874                       2.43      2.43      2.45      0.01         0.02
  12875                       2.34      2.34      2.48      0.01         0.01
  12876                       2.34      2.34      2.39      0.01         0.01
  12877                       2.24      2.24      2.27      0.01         0.03
  12884                       1.14      1.14      1.32      1.80         0.01
  12888                       0.01      0.01      2.18      0.01         0.01
  12889                       0.01      0.01      0.01      0.01         0.01
  12890                       0.01      0.01      2.04      0.01         0.01
  12897                      23.44     23.44     23.45      0.01         0.04
  12940                       2.85      2.85      2.95      0.01         0.01
  12978                       0.01      0.01      2.41      0.01         0.01
  12980                       0.01      0.01      0.01      2.14         0.01
  12993                       3.29      3.29     23.77      0.06         0.06
  12994                       3.29      3.29     23.80      0.05         0.01
  12995                       3.09      3.09      3.14      0.04         0.76
  12996                       2.50      2.50      3.09      0.01         0.01
  12998                      23.73     23.73     23.74      0.01         0.01
  13000                       2.99      2.99      3.26      2.20         0.01
  13298                       4.01      4.01      4.10      0.01         0.01
  13357                       2.58      2.58     23.70      0.01         0.01
  13493                       2.11      2.11      2.12      0.01         0.76
  13512                      23.65     23.65     23.65      0.01         0.01
  13513                      23.64     23.64     23.64      0.01         0.01
  13525                       0.01      0.01      0.01      2.26         0.01
  13569                       2.86      2.86      2.94      2.14         2.13
  13802                       4.01      4.01     23.64      0.01         0.01
  13820                       2.76      2.76      2.86      0.01         0.01
  13937                       0.01      0.01      0.01      2.13         0.01
  14080                       0.01      0.01      0.01      2.11         0.01
  14101                       1.72      1.72      1.81      0.01         0.01
  14137                       2.04      2.04      2.07      0.01         0.03
  14141                       2.51      2.51      2.55      0.01         0.01
  14208                       1.98      1.98      2.29      0.01         0.01
  14745                       0.01      0.01      1.44      0.01         0.01
  14950                       2.74      2.74      2.77      0.01         0.01
  15152                       2.45      2.45      2.72      0.01         0.01
  15171                      23.83     23.83     23.83      2.84         2.84
  15277                       3.67      3.67      3.74      3.52         3.50
  15332                       0.01      0.01      2.70      0.01         0.01
  15362                       6.36      6.37     23.76      2.34         2.30
  16476                       3.98      3.98      4.91      1.79         1.79
  16654                       2.28      2.28      2.39      0.01         0.01
  16672                      23.41     23.41     23.41      2.32         2.16
  16909                       2.07      2.07      2.09      0.01         0.01
  17571                       3.78      3.78      3.90      0.01         0.01
  17580                       0.01      0.01     23.64      0.01         0.01
  17714                       3.64      3.64      3.71      3.19         3.18
  17715                       2.56      2.56      2.88      0.01         0.01
  17766                       2.88      2.88      2.90      0.01         0.01
  17896                       0.01      0.01      2.12      0.01         0.01
  17908                       3.23      3.23      3.33      2.93         0.01
  17953                       2.07      2.07      2.12      0.01         0.01
  18084                       0.01      0.01      1.44      0.01         0.01
  18113                       0.01      0.01      2.23      0.01         0.01
  18387                      23.64     23.64     23.64      0.01         0.01
  18389                       0.01      0.01      0.01      0.01         0.01
  19043                       1.98      1.98      2.04      0.01         0.01
  19132                       3.33      3.33     23.84      0.01         0.01
  19193                       2.94      2.94     23.67      0.01         0.01
  19227                       2.92      2.92      3.29      0.01         0.01
  19717                       1.72      1.72      1.77      0.01         0.01
  19838                      23.83     23.83     23.83      3.22         0.01
  19850                       2.91      2.91      3.13      0.01         0.01
  20466                       2.71      2.71      2.82      0.01         0.01
  20474                       1.57      1.57      1.70      0.01         0.01
  20518                       0.01      0.01      2.60      0.01         0.01
  20520                       0.01      0.01      2.39      0.01         0.01
  20530                       3.11      3.11      3.16      3.64         0.01
  20531                       3.07      3.07      3.16      0.01         0.01
  20532                       0.01      0.01      0.01      3.39         0.01
  20543                       0.01      0.01      0.01      3.72         0.01
  20545                       0.01      2.50      0.01      3.66         0.01
  20548                       2.50      3.04      2.50      3.62         2.50
  20549                       3.02      3.02      3.08      0.01         0.01
  20550                       3.06      3.06      3.09      0.03         0.04
  20569                       0.01      0.01      2.74      0.01         0.01
  20570                       0.01      0.01      2.66      3.75         0.01
  20577                      23.75     23.75     23.76      0.01         0.01
  20578                       2.14      2.14      2.53      0.01         0.01
  20579                       2.12      2.12      2.12      0.01         0.06
  20592                       2.88      2.88     23.77      0.01         0.01
  20594                       3.35      3.35     23.72      0.01         0.01
  20609                       0.01      0.01      0.03      0.01         0.01
  20622                       0.01      0.01      3.06      0.02         0.01
  20637                       0.01      0.01      2.13      0.01         0.01
  20639                       0.01      0.01      1.16      0.01         0.01
  20640                       2.39      2.39     23.61      0.01         0.01
  20647                       1.97      1.97      2.05      0.01         0.01
  20648                       2.35      2.35      2.45      0.01         0.01
  20942                       0.01      0.01     23.87      0.01         0.01
  20953                       0.03      0.05      0.03      2.30         0.03
  20962                       2.45      2.45      2.68      0.01         0.01
  20992                       2.22      2.22      2.36      0.01         0.01
  21040                       2.36      2.36      2.45      0.01         0.01
  21712                       4.21      4.21      4.30      0.01         0.01
  21714                      23.64     23.64     23.65      0.01         0.19
  21742                       3.90      3.90      4.01      0.01         0.01
  21744                       4.10      4.10      4.21      0.01         0.01
  21746                       1.78      1.78      1.82      0.01         0.01
  21747                       1.77      1.77      1.78      1.86         0.01
  21748                       1.93      1.93      1.95      0.01         0.05
  21749                       1.95      1.95      1.98      0.01         0.01
  21750                       1.94      1.94      1.95      0.01         0.06
  21754                       1.90      1.90      1.94      1.85         0.01
  21757                       4.30      4.30      4.39      0.01         0.01
  21759                       1.97      1.97      2.03      0.50         0.85
  21760                       2.09      2.09      2.09      1.87         1.73
  21762                       2.50      2.50      2.58      0.01         0.01
  21766                       2.00      2.00      2.93      0.01         0.01
  21767                       0.01      0.01      4.00      0.01         0.01
  21769                       2.66      2.66      2.68      0.01         0.07
  21770                       1.80      1.80      2.39      0.01         0.01
  21771                       2.58      2.58      2.66      0.01         0.01
  21780                       1.94      1.94      1.97      0.01         0.01
  21784                       0.01      0.01      1.59      0.01         0.01
  21788                       2.39      2.39      2.50      0.01         0.01
  21789                      23.64     23.64     23.65      0.01         0.01
  21792                       2.05      2.05      2.17      0.01         0.01
  21796                       2.17      2.17      2.29      0.01         0.01
  21800                       0.01      0.01      3.07      0.01         0.01
  21803                       2.29      2.29      2.40      0.01         0.01
  21805                       2.40      2.40      2.51      0.01         0.01
  21806                       2.11      2.11      2.28      0.01         0.01
  21815                       0.03      0.03      0.07      0.01         0.01
  21820                       4.15      4.15      4.27      0.20         0.06
  21821                       4.61      4.61      5.05      0.01         0.01
  21822                       2.26      2.26      2.35      0.01         0.01
  21823                       2.14      2.14      2.26      0.01         0.01
  21826                      23.64     23.64     23.64      0.02         0.52
  21828                       0.01      0.01      2.29      0.01         0.01
  21829                       1.67      1.67      1.83      0.01         0.01
  21830                       1.71      1.71      1.77      0.01         0.01
  21832                       0.01      0.01      2.06      0.01         0.01
  21833                       0.01      0.01      0.01      0.01         0.01
  21845                       1.67      1.68      1.67      1.77         1.63
  21846                       1.70      1.70      1.76      0.01         0.01
  21847                       1.72      1.72      1.78      0.72         0.58
  21848                       1.70      1.70      1.86      0.01         0.01
  22116                       2.80      2.80      2.92      0.01         0.01
  22580                       0.03      0.03     23.38      0.01         0.01
  22582                       0.01      0.01      0.01      1.81         0.01
  22585                       2.16      2.16      2.18      0.01         0.01
  22586                       2.37      2.37      2.40      0.01         0.01
  22587                      23.67     23.67     23.67      0.01         0.01
  22588                      23.67     23.67     23.71      0.01         0.01
  22589                       6.26      6.26     23.67      0.01         0.01
  22590                       2.57      2.57     23.70      0.01         0.01
  22591                       2.61      2.61      2.64      0.01         0.17
  22592                       0.01      0.01     23.63      0.01         0.01
  22596                       2.39      2.39      2.46      2.17         2.13
  22597                       0.01      0.01      0.01      0.01         0.01
  22601                       0.01      0.01      0.01      0.01         0.01
  22605                      23.38     23.38     23.38      0.01         0.01
  22606                      23.38     23.38     23.38      0.01         0.01
  22607                      23.40     23.40     23.40      0.01         0.01
  22608                       0.01      0.01      0.04      0.01         0.01
  22609                       1.79      1.79      1.91      0.01         0.01
  22611                       1.81      1.81      3.55      0.01         0.01
  22612                       2.34      2.34      2.39      0.01         0.01
  22613                       2.31      2.31      2.34      0.01         0.01
  22614                       3.47      3.47     23.69      0.01         0.01
  22616                      23.48     23.48     23.49      0.01         0.01
  22654                       0.01      0.01     23.64      0.01         0.01
  22660                      23.46     23.46     23.48      0.01         0.01
  22798                       2.76      2.76      2.87      3.37         0.01
  22802                       2.16      2.16      2.22      0.01         0.01
  22804                       2.11      2.11      2.16      0.01         0.01
  22805                       0.01      0.01      2.11      0.01         0.01
  22811                       2.19      2.19      2.62      0.01         0.01
  22812                       2.15      2.15      2.45      0.01         0.01
  22837                       2.16      2.16      2.21      0.01         0.01
  22850                       2.19      2.19      2.38      0.01         0.01
  22852                       2.59      2.59      2.67      0.01         0.01
  22865                       2.75      2.75     23.64      0.01         0.01
  22866                       2.66      2.66      2.86      0.01         0.01
  23050                       0.01      0.01      3.34      0.01         0.01
  23053                       0.01      0.01      0.01      2.73         0.01
  23063                       0.01      0.01      2.12      2.77         0.01
  23077                       4.02      4.02     23.64      0.01         0.01
  23078                       0.01      0.01      1.84      0.01         0.01
  23095                       1.90      1.90      1.91      1.91         1.90
  23119                       0.01      0.01      2.21      0.01         0.01
  23122                       0.01      0.01      0.01      3.58         0.01
  23123                       0.01      0.01      4.86      0.01         0.01
  23164                       0.01      0.01      0.01      3.21         0.01
  23190                       3.33      3.33     23.74      0.01         0.01
  23191                       3.11      3.11      3.33      0.11         0.33
  23192                       2.99      2.99      3.11      0.01         0.09
  23193                       2.46      2.46      2.46      0.01         0.14
  23199                       2.74      2.74     23.79      0.01         0.01
  23200                       2.17      2.17      2.29      0.01         0.01
  23204                       3.92      3.92     23.77      0.01         0.01
  23207                      23.73     23.73     23.75      2.14         0.01
  26838                      23.64     23.64     23.65      0.01         0.01
  38190                       1.89      1.89      2.03      0.01         0.01
  38193                       2.40      2.40      2.43      0.01         0.01
  38250                       2.38      2.38      2.89      0.01         0.01
  39117                       1.43      1.43      1.53      0.01         0.01
  39419                       1.90      1.90      1.95      0.01         0.01
  39937                      23.42     23.42     23.45      0.01         0.01
  40224                      23.82     23.82     23.84      0.01         0.01
  40244                       6.32      6.32     23.70      0.03         0.01
  40245                       4.07      4.07      6.26      0.06         0.03
  40373                      23.47     23.47     23.47      0.01         0.01
  40793                       2.65      2.65      2.76      0.01         0.01
  41025                       2.09      2.09      2.10      0.01         0.43
  41114                       3.31      3.31      3.46      2.70         2.70
  41367                       1.95      1.95      2.30      2.68         0.01
  41543                       0.01      0.01      2.14      0.01         0.01
  41561                      23.67     23.67     23.67      0.01         0.06
  41661                      23.67     23.67     23.67      0.01         0.01
  42081                       0.01      0.01      0.01      2.19         0.01
  42085                       3.26      3.26     23.77      0.01         0.01
  42568                      23.67     23.67     23.67      0.01         0.01
  42644                       2.05      2.05      2.36      0.01         0.01
  42711                       2.03      2.03      2.18      1.80         1.78
  42712                       1.72      1.72     23.76      0.01         0.01
  42713                       1.95      1.95      3.68      0.01         0.01
  42720                       0.01      0.01      2.45      2.63         0.01
  42722                       0.01      0.01     23.50      0.01         0.01
  42723                       0.01      0.01      0.01      4.68         0.01
  42724                      23.37     23.37     23.38      0.01         0.01
  42725                       2.09      2.09     23.67      0.01         0.01
  42726                       0.01      0.01     23.39      0.01         0.01
  42727                      23.67     23.67     23.67      2.12         1.94
  42731                       2.36      2.36      2.62      0.01         0.01
  42732                       3.06      3.11      3.06      3.16         3.06
  42733                       2.74      2.74      3.04      0.01         0.01
  42734                      23.74     23.74     23.75      0.05         0.05
  42735                       1.80      1.80      1.85      1.68         1.68
  42740                       0.01      0.01      0.09      0.01         0.01
  42742                       0.01      0.01     23.82      0.01         0.01
  
  
  ***************
  Pumping Summary
  ***************
  
  ---------------------------------------------------------------------------------------------------------
                                                  Min       Avg       Max     Total     Power    % Time Off
                        Percent   Number of      Flow      Flow      Flow    Volume     Usage    Pump Curve
  Pump                 Utilized   Start-Ups       LPS       LPS       LPS  10^6 ltr     Kw-hr    Low   High
  ---------------------------------------------------------------------------------------------------------
  P1                      99.56           1      0.00      4.28      8.00     0.308      2.38    0.0    7.8
  P2                      97.97           1      0.00     54.74     55.00     4.645      0.17    0.0   16.0
  

  Analysis begun on:  Thu Jun  4 13:55:16 2026
  Analysis ended on:  Thu Jun  4 13:57:09 2026
  Total elapsed time: 00:01:53