
  EPA STORM WATER MANAGEMENT MODEL - VERSION 5.2 (Build 5.2.4)
  ------------------------------------------------------------

  INP file created on 2026/5/10 16:06:32 by admini with inpPINS version 0.0.3.0 
  Title/Notes: 
  Storm realism correction: Rain_10Y and pre-optimization pump rules retained; uniform node ponding removed; Horton parameters and surface storage revised for urban storm response; hydraulic solver stability improved. 
  WARNING 04: minimum elevation drop used for Conduit 95
  WARNING 04: minimum elevation drop used for Conduit 842
  WARNING 04: minimum elevation drop used for Conduit 3755
  WARNING 04: minimum elevation drop used for Conduit 5796
  WARNING 04: minimum elevation drop used for Conduit 10024
  WARNING 04: minimum elevation drop used for Conduit 10405
  WARNING 04: minimum elevation drop used for Conduit 12638
  WARNING 04: minimum elevation drop used for Conduit 12652
  WARNING 04: minimum elevation drop used for Conduit 16887
  WARNING 04: minimum elevation drop used for Conduit 18383
  WARNING 04: minimum elevation drop used for Conduit 20636
  WARNING 04: minimum elevation drop used for Conduit 21760
  WARNING 04: minimum elevation drop used for Conduit 21799
  WARNING 04: minimum elevation drop used for Conduit 21833
  WARNING 04: minimum elevation drop used for Conduit 22658
  WARNING 04: minimum elevation drop used for Conduit 23122
  WARNING 04: minimum elevation drop used for Conduit 23164
  WARNING 04: minimum elevation drop used for Conduit 38889
  WARNING 04: minimum elevation drop used for Conduit 42723
  WARNING 02: maximum depth increased for Node J03010003
  WARNING 02: maximum depth increased for Node J03190001
  WARNING 02: maximum depth increased for Node J03190120
  WARNING 02: maximum depth increased for Node J03190124
  WARNING 02: maximum depth increased for Node J03190130
  WARNING 02: maximum depth increased for Node J03190134
  WARNING 02: maximum depth increased for Node J03260026
  WARNING 02: maximum depth increased for Node J03260029
  WARNING 02: maximum depth increased for Node J03260033
  WARNING 02: maximum depth increased for Node J03260048
  WARNING 02: maximum depth increased for Node J03260051
  WARNING 02: maximum depth increased for Node J03260054
  WARNING 02: maximum depth increased for Node J03260075
  WARNING 02: maximum depth increased for Node J03262031
  
  ****************
  Analysis Options
  ****************
  Flow Units ............... LPS
  Process Models:
    Rainfall/Runoff ........ YES
    RDII ................... NO
    Snowmelt ............... NO
    Groundwater ............ NO
    Flow Routing ........... YES
    Ponding Allowed ........ NO
    Water Quality .......... NO
  Infiltration Method ...... HORTON
  Flow Routing Method ...... DYNWAVE
  Surcharge Method ......... EXTRAN
  Starting Date ............ 05/09/2026 12:00:00
  Ending Date .............. 05/11/2026 12:00:00
  Antecedent Dry Days ...... 0.0
  Report Time Step ......... 00:10:00
  Wet Time Step ............ 00:02:00
  Dry Time Step ............ 01:00:00
  Routing Time Step ........ 1.00 sec
  Variable Time Step ....... YES
  Maximum Trials ........... 30
  Number of Threads ........ 1
  Head Tolerance ........... 0.001000 m
  
  
  **************************        Volume         Depth
  Runoff Quantity Continuity     hectare-m            mm
  **************************     ---------       -------
  Total Precipitation ......         5.494        76.667
  Evaporation Loss .........         0.000         0.000
  Infiltration Loss ........         0.801        11.177
  Surface Runoff ...........         4.639        64.728
  Final Storage ............         0.052         0.722
  Continuity Error (%) .....         0.052
  
  
  **************************        Volume        Volume
  Flow Routing Continuity        hectare-m      10^6 ltr
  **************************     ---------     ---------
  Dry Weather Inflow .......         0.643         6.428
  Wet Weather Inflow .......         4.643        46.433
  Groundwater Inflow .......         0.000         0.000
  RDII Inflow ..............         0.000         0.000
  External Inflow ..........         0.000         0.000
  External Outflow .........         1.903        19.027
  Flooding Loss ............         3.257        32.568
  Evaporation Loss .........         0.000         0.000
  Exfiltration Loss ........         0.000         0.000
  Initial Stored Volume ....         0.000         0.000
  Final Stored Volume ......         0.118         1.180
  Continuity Error (%) .....         0.162
  
  
  *************************
  Highest Continuity Errors
  *************************
  Node J03191001 (53.54%)
  Node J03261014 (38.68%)
  Node J03190159 (27.43%)
  Node J03260167 (25.18%)
  Node J03260559 (24.33%)
  
  
  ***************************
  Time-Step Critical Elements
  ***************************
  Link 10124 (43.69%)
  Link 12876 (11.66%)
  Link 12888 (10.20%)
  Link 23192 (10.01%)
  Link 12611 (6.83%)
  
  
  ********************************
  Highest Flow Instability Indexes
  ********************************
  Link 19850 (80)
  Link 19838 (73)
  Link 15171 (73)
  Link 3578 (68)
  Link P1 (33)
  
  
  *********************************
  Most Frequent Nonconverging Nodes
  *********************************
  Node J03260010 (0.41%)
  Node J03235032 (0.11%)
  Node J03193130 (0.03%)
  Node J03193083 (0.03%)
  Node J03195666 (0.02%)
  
  
  *************************
  Routing Time Step Summary
  *************************
  Minimum Time Step           :     0.00 sec
  Average Time Step           :     0.61 sec
  Maximum Time Step           :     1.00 sec
  % of Time in Steady State   :     0.00
  Average Iterations per Step :     3.80
  % of Steps Not Converging   :     0.41
  Time Step Frequencies       :
      1.000 -  0.758 sec      :    50.27 %
      0.758 -  0.574 sec      :    14.90 %
      0.574 -  0.435 sec      :    10.44 %
      0.435 -  0.330 sec      :     0.34 %
      0.330 -  0.250 sec      :    24.04 %
  
  
  ***************************
  Subcatchment Runoff Summary
  ***************************
  
  ------------------------------------------------------------------------------------------------------------------------------
                            Total      Total      Total      Total     Imperv       Perv      Total       Total     Peak  Runoff
                           Precip      Runon       Evap      Infil     Runoff     Runoff     Runoff      Runoff   Runoff   Coeff
  Subcatchment                 mm         mm         mm         mm         mm         mm         mm    10^6 ltr      LPS
  ------------------------------------------------------------------------------------------------------------------------------
  S1                        76.67       0.00       0.00       7.24      56.61      11.91      68.53       11.16  1761.02   0.894
  S2                        76.67       0.00       0.00      13.11      45.29      17.53      62.82       14.29  2299.20   0.819
  S3                        76.67       0.00       0.00      14.39      41.52      20.09      61.61       10.75  1768.67   0.804
  S4                        76.67       0.00       0.00       9.19      49.09      17.63      66.72        3.12   505.66   0.870
  S5                        76.67       0.00       0.00       7.80      52.87      15.19      68.05        3.30   526.11   0.888
  S6                        76.67       0.00       0.00       9.35      49.09      17.47      66.56        3.77   611.56   0.868
  
  
  ******************
  Node Depth Summary
  ******************
  
  ---------------------------------------------------------------------------------
                                 Average  Maximum  Maximum  Time of Max    Reported
                                   Depth    Depth      HGL   Occurrence   Max Depth
  Node                 Type       Meters   Meters   Meters  days hr:min      Meters
  ---------------------------------------------------------------------------------
  G03160065            JUNCTION     0.17     2.00    32.35     0  13:28        2.00
  G03160066            JUNCTION     0.10     1.38    32.46     0  13:44        1.36
  G03160068            JUNCTION     0.00     0.00    30.03     0  00:00        0.00
  G03160069            JUNCTION     0.00     0.00    30.15     0  00:00        0.00
  G03160070            JUNCTION     0.47     0.79    29.86     0  13:57        0.79
  G03160073            JUNCTION     0.32     0.65    29.87     0  13:59        0.65
  J03010003            JUNCTION     0.10     0.32    27.82     0  14:01        0.32
  J03160546            JUNCTION     0.00     0.00    29.75     0  00:00        0.00
  J03160705            JUNCTION     0.00     0.00    29.67     0  00:00        0.00
  J03165846            JUNCTION     0.00     0.00    33.55     0  00:00        0.00
  J03166590            JUNCTION     0.00     0.00    29.98     0  00:00        0.00
  J03166604            JUNCTION     0.06     0.44    29.66     0  14:00        0.44
  J03166622            JUNCTION     0.00     0.00    31.62     0  00:00        0.00
  J03166623            JUNCTION     0.00     0.00    31.60     0  00:00        0.00
  J03176807            JUNCTION     0.65     1.07    33.02     0  12:17        1.06
  J03176811            JUNCTION     0.07     0.19    33.21     0  14:22        0.19
  J03176902            JUNCTION     0.11     0.75    30.84     0  12:16        0.71
  J03180001            JUNCTION     0.64     1.52    30.82     0  12:17        1.42
  J03180002            JUNCTION     0.11     0.91    30.82     0  12:17        0.83
  J03180003            JUNCTION     0.57     1.44    30.82     0  12:17        1.36
  J03180004            JUNCTION     0.25     1.09    30.82     0  12:17        1.01
  J03180005            JUNCTION     0.06     0.61    30.85     0  12:16        0.54
  J03180006            JUNCTION     0.34     1.22    30.85     0  12:16        1.15
  J03180007            JUNCTION     0.06     0.64    30.85     0  12:16        0.57
  J03180008            JUNCTION     0.10     0.83    30.89     0  12:16        0.73
  J03180009            JUNCTION     0.02     0.48    30.99     0  12:19        0.28
  J03180010            JUNCTION     0.12     0.74    30.82     0  12:16        0.71
  J03180011            JUNCTION     0.01     0.24    30.82     0  12:20        0.23
  J03180015            JUNCTION     0.06     0.42    30.82     0  12:20        0.41
  J03180019            JUNCTION     0.05     0.17    30.86     0  12:19        0.15
  J03180020            JUNCTION     0.06     0.15    30.97     0  12:19        0.14
  J03180022            JUNCTION     0.05     0.15    31.11     0  12:19        0.14
  J03180025            JUNCTION     0.03     0.10    31.58     0  14:23        0.10
  J03180026            JUNCTION     0.11     0.19    31.81     0  12:19        0.19
  J03180030            JUNCTION     0.07     0.17    32.07     0  12:18        0.16
  J03180031            JUNCTION     0.00     0.00    32.40     0  00:00        0.00
  J03180032            JUNCTION     0.00     0.00    32.35     0  00:00        0.00
  J03180034            JUNCTION     0.10     0.20    32.23     0  14:22        0.20
  J03180037            JUNCTION     0.00     0.00    32.64     0  00:00        0.00
  J03180039            JUNCTION     0.06     0.14    32.77     0  14:22        0.14
  J03180043            JUNCTION     0.06     0.19    32.85     0  14:22        0.19
  J03180046            JUNCTION     0.08     0.16    33.16     0  14:22        0.16
  J03180049            JUNCTION     0.07     0.20    33.22     0  14:22        0.20
  J03180052            JUNCTION     0.07     0.22    33.26     0  14:21        0.22
  J03180056            JUNCTION     0.13     0.28    33.31     0  14:21        0.28
  J03180060            JUNCTION     0.11     0.27    33.32     0  14:21        0.27
  J03180062            JUNCTION     0.00     0.00    33.50     0  00:00        0.00
  J03180063            JUNCTION     0.11     0.27    33.33     0  14:21        0.27
  J03180074            JUNCTION     0.13     0.29    33.41     0  14:20        0.29
  J03180075            JUNCTION     0.00     0.00    33.76     0  00:00        0.00
  J03180077            JUNCTION     0.00     0.00    33.70     0  00:00        0.00
  J03180079            JUNCTION     0.00     0.00    34.08     0  00:00        0.00
  J03180080            JUNCTION     0.11     0.29    33.44     0  14:20        0.29
  J03180081            JUNCTION     0.00     0.00    33.63     0  00:00        0.00
  J03180082            JUNCTION     0.00     0.00    34.06     0  00:00        0.00
  J03180083            JUNCTION     0.09     0.28    33.47     0  14:05        0.28
  J03180084            JUNCTION     0.00     0.00    34.16     0  00:00        0.00
  J03180086            JUNCTION     0.00     0.00    34.23     0  00:00        0.00
  J03180087            JUNCTION     0.08     0.27    33.50     0  14:05        0.27
  J03180088            JUNCTION     0.00     0.00    34.06     0  00:00        0.00
  J03180090            JUNCTION     0.00     0.00    33.88     0  00:00        0.00
  J03180092            JUNCTION     0.09     0.26    33.54     0  14:05        0.26
  J03180093            JUNCTION     0.00     0.00    33.93     0  00:00        0.00
  J03180094            JUNCTION     0.00     0.00    34.33     0  00:00        0.00
  J03180097            JUNCTION     0.00     0.00    33.88     0  00:00        0.00
  J03180098            JUNCTION     0.00     0.00    34.14     0  00:00        0.00
  J03180100            JUNCTION     0.08     0.27    33.55     0  14:19        0.27
  J03180102            JUNCTION     0.00     0.00    34.19     0  00:00        0.00
  J03180103            JUNCTION     0.00     0.00    34.17     0  00:00        0.00
  J03180105            JUNCTION     0.08     0.27    33.57     0  14:05        0.27
  J03180106            JUNCTION     0.00     0.00    33.90     0  00:00        0.00
  J03180107            JUNCTION     0.00     0.00    33.92     0  00:00        0.00
  J03180109            JUNCTION     0.09     0.28    33.58     0  14:04        0.28
  J03180111            JUNCTION     0.09     0.28    33.58     0  14:04        0.28
  J03180113            JUNCTION     0.00     0.00    34.18     0  00:00        0.00
  J03180114            JUNCTION     0.07     0.24    33.68     0  14:04        0.24
  J03180116            JUNCTION     0.08     0.26    33.75     0  14:04        0.26
  J03180118            JUNCTION     0.20     0.40    33.59     0  14:04        0.40
  J03180119            JUNCTION     0.00     0.00    33.96     0  00:00        0.00
  J03180120            JUNCTION     0.00     0.00    34.40     0  00:00        0.00
  J03180124            JUNCTION     0.10     0.37    33.88     0  14:04        0.37
  J03189802            JUNCTION     0.12     0.34    32.84     0  13:17        0.33
  J03189803            JUNCTION     0.31     0.54    32.85     0  13:39        0.54
  J03189833            JUNCTION     0.00     0.00    33.79     0  00:00        0.00
  J03189834            JUNCTION     0.00     0.00    33.80     0  00:00        0.00
  J03189835            JUNCTION     0.16     0.60    33.73     0  12:34        0.58
  J03189836            JUNCTION     0.00     0.00    33.79     0  00:00        0.00
  J03189837            JUNCTION     0.00     0.00    33.74     0  00:00        0.00
  J03189838            JUNCTION     0.11     0.54    33.78     0  13:26        0.52
  J03189839            JUNCTION     0.03     0.20    33.77     0  14:09        0.20
  J03189840            JUNCTION     0.00     0.00    33.96     0  00:00        0.00
  J03189841            JUNCTION     0.00     0.00    33.84     0  00:00        0.00
  J03189842            JUNCTION     0.14     0.50    33.79     0  14:23        0.50
  J03189843            JUNCTION     0.00     0.00    33.87     0  00:00        0.00
  J03189844            JUNCTION     0.00     0.00    33.93     0  00:00        0.00
  J03189845            JUNCTION     0.00     0.00    34.30     0  00:00        0.00
  J03189846            JUNCTION     0.00     0.00    34.35     0  00:00        0.00
  J03189847            JUNCTION     0.00     0.00    34.36     0  00:00        0.00
  J03189848            JUNCTION     0.01     0.10    33.89     0  14:18        0.10
  J03190001            JUNCTION     0.19     0.95    30.08     0  12:48        0.92
  J03190002            JUNCTION     0.00     0.00    31.01     0  00:00        0.00
  J03190004            JUNCTION     0.00     0.00    30.74     0  00:00        0.00
  J03190007            JUNCTION     0.00     0.00    30.64     0  00:00        0.00
  J03190008            JUNCTION     0.19     1.00    30.09     0  12:48        0.97
  J03190010            JUNCTION     0.20     1.03    30.10     0  12:48        1.00
  J03190012            JUNCTION     0.00     0.00    30.66     0  00:00        0.00
  J03190013            JUNCTION     0.00     0.00    30.37     0  00:00        0.00
  J03190014            JUNCTION     0.21     1.07    30.10     0  12:48        1.03
  J03190015            JUNCTION     0.00     0.00    30.56     0  00:00        0.00
  J03190022            JUNCTION     0.00     0.00    30.36     0  00:00        0.00
  J03190025            JUNCTION     0.24     1.14    30.13     0  12:48        1.10
  J03190026            JUNCTION     0.00     0.00    30.57     0  00:00        0.00
  J03190027            JUNCTION     0.00     0.00    30.47     0  00:00        0.00
  J03190028            JUNCTION     0.25     1.18    30.12     0  12:47        1.16
  J03190029            JUNCTION     0.00     0.00    30.33     0  00:00        0.00
  J03190030            JUNCTION     0.00     0.09    30.12     0  12:48        0.06
  J03190031            JUNCTION     0.26     1.22    30.12     0  12:48        1.20
  J03190032            JUNCTION     0.00     0.00    30.28     0  00:00        0.00
  J03190034            JUNCTION     0.27     1.26    30.12     0  12:47        1.24
  J03190039            JUNCTION     0.27     1.62    30.44     0  12:44        1.26
  J03190042            JUNCTION     0.28     1.50    30.27     0  12:43        1.31
  J03190044            JUNCTION     0.00     0.00    30.24     0  00:00        0.00
  J03190045            JUNCTION     0.29     1.37    30.09     0  12:48        1.35
  J03190048            JUNCTION     0.30     1.51    30.18     0  12:42        1.39
  J03190051            JUNCTION     0.31     1.52    30.15     0  12:42        1.44
  J03190055            JUNCTION     0.32     1.66    30.24     0  12:44        1.48
  J03190059            JUNCTION     0.32     1.70    30.27     0  12:44        1.50
  J03190061            JUNCTION     0.33     1.72    30.26     0  12:44        1.52
  J03190064            JUNCTION     0.35     1.70    30.18     0  12:44        1.58
  J03190067            JUNCTION     0.36     1.67    30.10     0  12:44        1.63
  J03190070            JUNCTION     0.37     1.69    30.08     0  12:50        1.67
  J03190078            JUNCTION     0.38     1.72    30.08     0  12:51        1.70
  J03190083            JUNCTION     0.38     1.74    30.07     0  12:50        1.73
  J03190084            JUNCTION     0.39     1.74    30.07     0  12:51        1.73
  J03190085            JUNCTION     0.01     0.12    30.07     0  12:50        0.12
  J03190088            JUNCTION     0.38     1.77    30.05     0  12:50        1.76
  J03190089            JUNCTION     0.03     0.25    30.06     0  12:50        0.24
  J03190091            JUNCTION     0.41     1.81    30.05     0  12:51        1.80
  J03190092            JUNCTION     0.02     0.14    30.06     0  12:51        0.12
  J03190094            JUNCTION     0.42     1.87    30.06     0  12:46        1.84
  J03190096            JUNCTION     0.08     1.43    30.79     0  12:43        0.67
  J03190102            JUNCTION     0.43     1.90    30.05     0  12:46        1.88
  J03190106            JUNCTION     0.44     1.92    30.03     0  12:46        1.91
  J03190107            JUNCTION     0.45     1.96    30.02     0  12:46        1.93
  J03190111            JUNCTION     0.47     2.00    30.01     0  12:46        1.97
  J03190114            JUNCTION     0.50     2.00    29.97     0  12:45        2.00
  J03190117            JUNCTION     0.15     0.33    28.26     0  12:45        0.33
  J03190120            JUNCTION     0.15     0.33    28.20     0  12:46        0.33
  J03190121            JUNCTION     0.00     0.00    30.01     0  00:00        0.00
  J03190123            JUNCTION     0.00     0.00    29.70     0  00:00        0.00
  J03190124            JUNCTION     0.15     0.33    28.15     0  12:46        0.33
  J03190128            JUNCTION     0.15     0.32    28.10     0  12:47        0.32
  J03190129            JUNCTION     0.00     0.00    29.93     0  00:00        0.00
  J03190130            JUNCTION     0.14     0.31    28.05     0  14:02        0.31
  J03190133            JUNCTION     0.00     0.00    30.07     0  00:00        0.00
  J03190134            JUNCTION     0.12     0.29    27.98     0  14:02        0.29
  J03190138            JUNCTION     0.14     0.33    27.88     0  14:01        0.33
  J03190142            JUNCTION     0.99     1.29    28.98     0  14:00        1.29
  J03190145            JUNCTION     0.84     1.13    28.98     0  14:01        1.13
  J03190147            JUNCTION     0.73     1.02    28.99     0  14:00        1.02
  J03190149            JUNCTION     0.00     0.00    30.25     0  00:00        0.00
  J03190150            JUNCTION     0.04     0.29    30.64     0  13:56        0.29
  J03190155            JUNCTION     0.18     0.49    30.74     0  13:55        0.49
  J03190159            JUNCTION     0.50     0.86    30.77     0  12:41        0.84
  J03190161            JUNCTION     1.10     1.47    30.76     0  13:08        1.45
  J03190162            JUNCTION     0.37     0.68    30.72     0  14:22        0.67
  J03190164            JUNCTION     1.08     1.46    30.77     0  12:43        1.44
  J03190167            JUNCTION     0.09     0.36    30.67     0  14:09        0.36
  J03190839            JUNCTION     0.00     0.00    29.83     0  00:00        0.00
  J03190840            JUNCTION     0.00     0.00    29.94     0  00:00        0.00
  J03191001            JUNCTION     0.55     0.83    29.00     0  14:00        0.83
  J03191002            JUNCTION     0.18     1.18    30.07     0  12:50        1.17
  J03191003            JUNCTION     0.02     0.16    30.07     0  12:51        0.14
  J03191004            JUNCTION     0.05     0.19    30.08     0  12:50        0.18
  J03191005            JUNCTION     0.05     0.19    30.08     0  12:50        0.17
  J03191007            JUNCTION     0.21     1.07    30.07     0  12:50        1.05
  J03191008            JUNCTION     0.00     0.00    30.19     0  00:00        0.00
  J03191010            JUNCTION     0.02     0.24    30.07     0  12:50        0.22
  J03191015            JUNCTION     0.00     0.00    30.14     0  00:00        0.00
  J03191016            JUNCTION     0.00     0.00    30.27     0  00:00        0.00
  J03191017            JUNCTION     0.00     0.00    30.32     0  00:00        0.00
  J03191019            JUNCTION     0.03     0.19    30.17     0  13:49        0.19
  J03191021            JUNCTION     0.11     0.86    30.07     0  12:51        0.84
  J03191023            JUNCTION     0.00     0.00    30.17     0  00:00        0.00
  J03191100            JUNCTION     1.03     1.41    30.77     0  13:16        1.38
  J03191101            JUNCTION     0.00     0.00    30.18     0  00:00        0.00
  J03191102            JUNCTION     0.00     0.00    30.48     0  00:00        0.00
  J03191103            JUNCTION     0.09     0.72    30.08     0  12:51        0.70
  J03191950            JUNCTION     0.20     1.28    30.08     0  12:50        1.27
  J03191951            JUNCTION     0.00     0.01    30.08     0  12:50        0.00
  J03191952            JUNCTION     0.00     0.00    30.18     0  00:00        0.00
  J03191956            JUNCTION     0.03     0.19    30.70     0  13:55        0.19
  J03191983            JUNCTION     0.25     2.00    31.01     0  12:15        2.00
  J03192002            JUNCTION     0.21     1.02    30.22     0  12:45        0.85
  J03192077            JUNCTION     0.01     0.13    30.08     0  12:50        0.12
  J03193034            JUNCTION     0.05     1.57    31.10     0  12:44        0.53
  J03193036            JUNCTION     0.15     1.35    31.50     0  12:49        1.33
  J03193037            JUNCTION     0.15     1.59    31.46     0  13:16        1.56
  J03193038            JUNCTION     0.14     1.47    31.47     0  12:45        1.45
  J03193045            JUNCTION     0.11     1.27    31.51     0  13:20        1.25
  J03193051            JUNCTION     0.27     1.47    31.53     0  13:12        1.45
  J03193057            JUNCTION     0.29     1.54    31.58     0  12:51        1.53
  J03193062            JUNCTION     0.26     1.51    31.59     0  13:49        1.48
  J03193063            JUNCTION     0.24     1.50    31.60     0  12:54        1.47
  J03193064            JUNCTION     0.15     1.43    31.65     0  13:30        1.41
  J03193078            JUNCTION     0.27     1.66    31.74     0  13:26        1.64
  J03193080            JUNCTION     0.37     2.00    31.97     0  12:13        1.79
  J03193081            JUNCTION     0.31     2.00    32.06     0  12:13        1.80
  J03193083            JUNCTION     0.34     1.99    32.02     0  12:45        1.96
  J03193085            JUNCTION     0.31     1.93    32.00     0  13:54        1.91
  J03193093            JUNCTION     0.14     1.60    32.44     0  13:51        1.58
  J03193094            JUNCTION     0.24     1.77    32.36     0  13:50        1.75
  J03193097            JUNCTION     0.15     1.64    32.29     0  13:54        1.63
  J03193099            JUNCTION     0.07     1.10    32.27     0  13:51        1.08
  J03193100            JUNCTION     0.14     1.62    32.27     0  13:39        1.61
  J03193103            JUNCTION     0.24     1.75    32.15     0  13:54        1.73
  J03193104            JUNCTION     0.33     1.84    32.16     0  13:50        1.82
  J03193105            JUNCTION     0.16     1.66    32.14     0  13:59        1.63
  J03193110            JUNCTION     0.17     1.52    31.97     0  13:58        1.50
  J03193113            JUNCTION     0.14     1.42    31.89     0  13:57        1.40
  J03193114            JUNCTION     0.27     1.65    32.00     0  13:48        1.64
  J03193117            JUNCTION     0.44     1.77    31.95     0  13:49        1.75
  J03193121            JUNCTION     0.13     1.41    31.87     0  13:54        1.38
  J03193123            JUNCTION     0.19     1.84    32.11     0  13:49        1.82
  J03193126            JUNCTION     0.18     1.71    32.17     0  12:43        1.69
  J03193127            JUNCTION     0.15     1.68    32.17     0  12:49        1.66
  J03193128            JUNCTION     0.33     2.00    32.19     0  12:43        1.98
  J03193130            JUNCTION     0.35     2.00    32.17     0  12:32        2.00
  J03193131            JUNCTION     0.33     2.00    32.18     0  12:40        1.98
  J03193137            JUNCTION     0.28     1.95    32.18     0  13:46        1.93
  J03193141            JUNCTION     0.21     1.86    32.17     0  13:59        1.84
  J03193142            JUNCTION     0.35     2.00    32.14     0  12:32        2.00
  J03193143            JUNCTION     0.33     2.00    32.16     0  12:34        1.98
  J03193145            JUNCTION     0.28     1.94    32.16     0  12:43        1.92
  J03193146            JUNCTION     0.31     1.98    32.17     0  12:52        1.95
  J03193149            JUNCTION     0.18     0.36    30.51     0  12:33        0.36
  J03193150            JUNCTION     0.09     1.09    32.16     0  12:52        1.07
  J03193152            JUNCTION     0.32     1.99    32.16     0  12:43        1.97
  J03193154            JUNCTION     0.20     1.74    32.16     0  12:32        1.73
  J03193155            JUNCTION     0.16     1.69    32.16     0  13:54        1.68
  J03193162            JUNCTION     0.00     0.00    30.40     0  00:00        0.00
  J03193164            JUNCTION     0.01     0.08    29.91     0  12:34        0.08
  J03193167            JUNCTION     0.01     0.10    30.26     0  12:33        0.10
  J03193169            JUNCTION     0.05     0.18    30.50     0  12:32        0.18
  J03193170            JUNCTION     0.30     0.51    30.51     0  12:33        0.51
  J03193173            JUNCTION     0.00     0.00    30.69     0  00:00        0.00
  J03195537            JUNCTION     0.26     0.56    30.75     0  13:12        0.56
  J03195666            JUNCTION     0.35     2.00    32.02     0  13:16        1.97
  J03195750            JUNCTION     0.21     1.70    32.29     0  13:50        1.67
  J03195943            JUNCTION     1.04     1.42    30.77     0  14:16        1.40
  J03195944            JUNCTION     0.33     1.72    30.28     0  12:44        1.51
  J03195988            JUNCTION     1.00     1.39    30.78     0  13:29        1.38
  J03195991            JUNCTION     0.43     2.00    30.37     0  12:15        1.76
  J03196571            JUNCTION     0.00     0.00    30.83     0  00:00        0.00
  J03196573            JUNCTION     0.03     0.13    30.75     0  12:38        0.13
  J03196577            JUNCTION     0.00     0.00    30.11     0  00:00        0.00
  J03196579            JUNCTION     0.28     0.63    29.62     0  13:59        0.63
  J03198004            JUNCTION     0.27     1.53    30.10     0  12:51        1.52
  J03198005            JUNCTION     0.32     2.00    30.80     0  12:15        1.83
  J03233000            JUNCTION     0.67     1.14    34.17     0  12:44        1.11
  J03235001            JUNCTION     0.58     0.90    34.00     0  14:03        0.90
  J03235002            JUNCTION     1.32     1.92    34.32     0  12:14        1.86
  J03235003            JUNCTION     1.42     2.00    34.30     0  12:14        1.97
  J03235004            JUNCTION     0.00     0.00    34.46     0  00:00        0.00
  J03235006            JUNCTION     0.93     1.25    34.00     0  12:14        1.25
  J03235007            JUNCTION     0.71     1.75    34.79     0  12:14        1.42
  J03235013            JUNCTION     0.83     1.87    34.79     0  12:14        1.54
  J03235014            JUNCTION     0.00     0.00    34.45     0  00:00        0.00
  J03235018            JUNCTION     0.29     0.61    34.00     0  12:14        0.61
  J03235019            JUNCTION     0.42     2.00    35.35     0  12:14        1.26
  J03235024            JUNCTION     0.07     1.23    35.36     0  12:14        0.49
  J03235029            JUNCTION     0.06     1.18    35.35     0  12:14        0.45
  J03235031            JUNCTION     0.47     2.00    35.38     0  12:13        1.72
  J03235032            JUNCTION     0.09     2.00    36.43     0  12:13        0.67
  J03235041            JUNCTION     0.18     0.52    34.02     0  12:14        0.50
  J03235042            JUNCTION     0.00     0.00    34.11     0  00:00        0.00
  J03235045            JUNCTION     0.18     1.26    35.56     0  12:13        0.96
  J03235046            JUNCTION     0.15     1.39    35.54     0  12:13        1.10
  J03235049            JUNCTION     0.46     2.00    35.41     0  12:13        1.85
  J03235051            JUNCTION     0.11     0.44    34.02     0  12:14        0.42
  J03235052            JUNCTION     0.00     0.00    34.26     0  00:00        0.00
  J03235056            JUNCTION     0.17     1.41    35.59     0  12:13        1.24
  J03235058            JUNCTION     0.31     1.97    35.56     0  12:13        1.84
  J03235068            JUNCTION     0.00     0.00    34.39     0  00:00        0.00
  J03235069            JUNCTION     0.11     0.40    34.02     0  12:14        0.38
  J03235075            JUNCTION     0.40     2.00    35.59     0  12:13        2.00
  J03235080            JUNCTION     0.96     4.00    37.98     0  12:14        4.00
  J03235081            JUNCTION     0.03     0.03    34.55     0  00:00        0.03
  J03235088            JUNCTION     1.06     5.00    39.02     0  12:17        5.00
  J03260024            JUNCTION     0.84     1.43    29.83     0  12:33        1.34
  J03260025            JUNCTION     0.00     0.00    30.17     0  00:00        0.00
  J03260026            JUNCTION     1.04     1.65    29.79     0  12:33        1.57
  J03260027            JUNCTION     0.00     0.00    30.07     0  00:00        0.00
  J03260028            JUNCTION     0.00     0.00    30.01     0  00:00        0.00
  J03260029            JUNCTION     1.04     1.62    29.75     0  12:32        1.54
  J03260030            JUNCTION     0.00     0.00    30.05     0  00:00        0.00
  J03260031            JUNCTION     0.00     0.00    30.03     0  00:00        0.00
  J03260032            JUNCTION     0.22     0.57    29.74     0  12:32        0.48
  J03260033            JUNCTION     1.11     1.68    29.72     0  12:33        1.61
  J03260034            JUNCTION     0.00     0.00    30.00     0  00:00        0.00
  J03260038            JUNCTION     1.10     1.62    29.67     0  12:33        1.57
  J03260041            JUNCTION     1.28     2.00    29.83     0  12:25        1.76
  J03260047            JUNCTION     0.07     0.07    30.40     0  00:00        0.07
  J03260048            JUNCTION     1.40     1.92    29.62     0  12:46        1.90
  J03260049            JUNCTION     0.00     0.00    30.30     0  00:00        0.00
  J03260050            JUNCTION     0.00     0.00    30.32     0  00:00        0.00
  J03260051            JUNCTION     1.51     2.05    29.65     0  12:46        2.03
  J03260052            JUNCTION     0.00     0.00    30.52     0  00:00        0.00
  J03260054            JUNCTION     1.61     2.17    29.67     0  12:46        2.15
  J03260055            JUNCTION     0.00     0.00    30.68     0  00:00        0.00
  J03260058            JUNCTION     0.00     0.00    30.68     0  00:00        0.00
  J03260059            JUNCTION     0.11     0.41    29.76     0  12:49        0.41
  J03260060            JUNCTION     0.00     0.00    30.61     0  00:00        0.00
  J03260061            JUNCTION     0.00     0.00    29.85     0  00:00        0.00
  J03260062            JUNCTION     0.00     0.00    30.60     0  00:00        0.00
  J03260063            JUNCTION     0.13     0.55    29.85     0  12:49        0.54
  J03260064            JUNCTION     0.00     0.00    30.80     0  00:00        0.00
  J03260065            JUNCTION     0.15     0.67    29.92     0  12:49        0.65
  J03260066            JUNCTION     0.15     0.67    29.93     0  12:49        0.66
  J03260067            JUNCTION     0.00     0.00    30.78     0  00:00        0.00
  J03260075            JUNCTION     0.18     0.91    30.07     0  12:49        0.89
  J03260076            JUNCTION     0.00     0.00    31.19     0  00:00        0.00
  J03260077            JUNCTION     0.00     0.00    31.33     0  00:00        0.00
  J03260079            JUNCTION     0.00     0.00    31.32     0  00:00        0.00
  J03260080            JUNCTION     0.00     0.00    31.37     0  00:00        0.00
  J03260081            JUNCTION     0.00     0.00    31.30     0  00:00        0.00
  J03260082            JUNCTION     0.00     0.00    31.17     0  00:00        0.00
  J03260085            JUNCTION     0.00     0.00    31.12     0  00:00        0.00
  J03260086            JUNCTION     0.00     0.00    30.70     0  00:00        0.00
  J03260087            JUNCTION     0.00     0.00    31.62     0  00:00        0.00
  J03260088            JUNCTION     0.10     0.34    30.47     0  12:49        0.33
  J03260090            JUNCTION     0.14     0.34    30.70     0  12:26        0.34
  J03260093            JUNCTION     0.12     0.41    30.86     0  12:28        0.41
  J03260095            JUNCTION     0.15     0.48    30.93     0  12:27        0.48
  J03260097            JUNCTION     0.10     0.36    31.05     0  12:27        0.35
  J03260099            JUNCTION     0.09     0.31    31.25     0  12:27        0.31
  J03260147            JUNCTION     0.67     1.55    30.82     0  12:17        1.45
  J03260148            JUNCTION     0.11     0.63    30.82     0  12:17        0.52
  J03260149            JUNCTION     0.88     1.76    30.82     0  12:17        1.67
  J03260150            JUNCTION     0.74     1.62    30.82     0  12:17        1.51
  J03260151            JUNCTION     0.70     1.56    30.81     0  12:20        1.53
  J03260154            JUNCTION     0.78     1.71    30.89     0  12:17        1.67
  J03260156            JUNCTION     0.72     1.69    30.93     0  12:17        1.63
  J03260157            JUNCTION     0.59     1.58    30.96     0  12:17        1.52
  J03260159            JUNCTION     0.57     1.57    30.98     0  12:17        1.52
  J03260160            JUNCTION     0.12     0.96    30.98     0  12:17        0.90
  J03260161            JUNCTION     0.55     1.56    30.99     0  12:17        1.50
  J03260162            JUNCTION     0.59     1.64    31.03     0  12:17        1.59
  J03260164            JUNCTION     0.75     1.84    31.08     0  12:17        1.79
  J03260166            JUNCTION     0.72     1.84    31.12     0  12:17        1.79
  J03260167            JUNCTION     0.53     1.65    31.12     0  12:17        1.60
  J03260170            JUNCTION     0.61     1.77    31.16     0  12:17        1.73
  J03260171            JUNCTION     0.81     2.00    31.20     0  12:15        2.00
  J03260172            JUNCTION     0.50     1.80    31.33     0  12:45        1.78
  J03260174            JUNCTION     0.73     2.00    31.30     0  12:19        2.00
  J03260401            JUNCTION     0.06     0.25    31.34     0  12:27        0.24
  J03260403            JUNCTION     0.06     0.30    31.37     0  12:26        0.28
  J03260404            JUNCTION     0.03     0.25    31.45     0  12:26        0.22
  J03260405            JUNCTION     0.03     0.19    31.56     0  12:26        0.18
  J03260406            JUNCTION     0.00     0.00    32.36     0  00:00        0.00
  J03260407            JUNCTION     0.05     0.20    31.81     0  12:26        0.19
  J03260408            JUNCTION     0.06     0.25    31.86     0  12:25        0.25
  J03260409            JUNCTION     0.00     0.00    32.57     0  00:00        0.00
  J03260410            JUNCTION     0.04     0.22    31.93     0  12:25        0.22
  J03260411            JUNCTION     0.00     0.00    32.75     0  00:00        0.00
  J03260412            JUNCTION     0.03     0.18    32.07     0  13:30        0.18
  J03260413            JUNCTION     0.00     0.00    32.79     0  00:00        0.00
  J03260414            JUNCTION     0.04     0.24    32.20     0  13:30        0.24
  J03260415            JUNCTION     0.00     0.00    32.79     0  00:00        0.00
  J03260416            JUNCTION     0.03     0.17    32.22     0  13:30        0.17
  J03260417            JUNCTION     0.03     0.16    32.24     0  13:30        0.16
  J03260418            JUNCTION     0.05     0.21    32.40     0  13:30        0.20
  J03260419            JUNCTION     0.00     0.00    32.19     0  00:00        0.00
  J03260421            JUNCTION     0.03     0.19    32.55     0  13:30        0.19
  J03260422            JUNCTION     0.12     0.36    32.61     0  13:29        0.36
  J03260424            JUNCTION     0.08     0.32    32.63     0  13:38        0.32
  J03260425            JUNCTION     0.05     0.26    32.64     0  13:29        0.26
  J03260426            JUNCTION     0.13     0.52    32.92     0  12:17        0.51
  J03260427            JUNCTION     0.11     0.45    32.93     0  12:17        0.45
  J03260429            JUNCTION     0.71     1.15    33.04     0  12:22        1.13
  J03260431            JUNCTION     0.27     2.00    35.83     0  12:12        2.00
  J03260532            JUNCTION     0.09     0.38    32.81     0  12:22        0.35
  J03260533            JUNCTION     0.08     0.36    32.80     0  12:22        0.34
  J03260534            JUNCTION     0.00     0.00    33.13     0  00:00        0.00
  J03260536            JUNCTION     0.12     0.37    32.64     0  13:33        0.37
  J03260538            JUNCTION     0.10     0.31    32.50     0  13:34        0.31
  J03260539            JUNCTION     0.00     0.00    32.59     0  00:00        0.00
  J03260541            JUNCTION     0.09     0.28    32.44     0  12:23        0.28
  J03260542            JUNCTION     0.18     0.42    32.37     0  12:23        0.40
  J03260544            JUNCTION     0.00     0.00    32.47     0  00:00        0.00
  J03260546            JUNCTION     0.12     0.29    32.28     0  12:23        0.27
  J03260547            JUNCTION     0.00     0.00    32.99     0  00:00        0.00
  J03260548            JUNCTION     0.09     0.29    32.06     0  12:23        0.27
  J03260550            JUNCTION     0.00     0.00    32.05     0  00:00        0.00
  J03260551            JUNCTION     0.09     0.31    31.90     0  12:24        0.29
  J03260555            JUNCTION     0.00     0.00    32.86     0  00:00        0.00
  J03260558            JUNCTION     0.67     0.93    31.86     0  12:24        0.90
  J03260559            JUNCTION     1.09     1.34    31.85     0  12:24        1.32
  J03260560            JUNCTION     0.50     0.75    31.85     0  12:24        0.73
  J03260561            JUNCTION     0.16     0.42    31.81     0  12:24        0.40
  J03260562            JUNCTION     0.00     0.00    32.23     0  00:00        0.00
  J03260564            JUNCTION     0.17     0.39    31.76     0  12:24        0.36
  J03260566            JUNCTION     0.10     0.35    31.63     0  12:24        0.32
  J03260567            JUNCTION     0.00     0.00    32.46     0  00:00        0.00
  J03260568            JUNCTION     0.13     0.38    31.55     0  12:25        0.35
  J03260569            JUNCTION     0.00     0.00    32.47     0  00:00        0.00
  J03260571            JUNCTION     0.10     0.38    31.47     0  12:25        0.35
  J03260572            JUNCTION     0.00     0.00    32.44     0  00:00        0.00
  J03260574            JUNCTION     0.30     0.60    31.44     0  12:25        0.56
  J03260575            JUNCTION     0.00     0.00    32.09     0  00:00        0.00
  J03260577            JUNCTION     0.21     0.47    31.40     0  12:25        0.45
  J03260578            JUNCTION     0.00     0.00    31.72     0  00:00        0.00
  J03261001            JUNCTION     0.00     0.00    28.36     0  00:00        0.00
  J03261009            JUNCTION     1.11     1.81    29.87     0  12:32        1.68
  J03261010            JUNCTION     0.01     0.26    29.87     0  12:33        0.13
  J03261011            JUNCTION     0.85     1.48    29.87     0  12:32        1.35
  J03261012            JUNCTION     0.00     0.00    30.00     0  00:00        0.00
  J03261013            JUNCTION     0.01     0.25    29.89     0  12:32        0.10
  J03261014            JUNCTION     1.13     1.97    30.01     0  12:32        1.69
  J03261015            JUNCTION     0.06     0.60    30.01     0  12:32        0.32
  J03262001            JUNCTION     1.53     2.00    29.57     0  12:23        2.00
  J03262003            JUNCTION     0.00     0.00    28.28     0  00:00        0.00
  J03262004            JUNCTION     0.00     0.00    27.85     0  00:00        0.00
  J03262008            JUNCTION     0.00     0.00    28.22     0  00:00        0.00
  J03262029            JUNCTION     0.00     0.00    30.27     0  00:00        0.00
  J03262030            JUNCTION     0.00     0.00    30.18     0  00:00        0.00
  J03262031            JUNCTION     1.43     1.94    29.61     0  12:46        1.93
  J03262068            JUNCTION     0.00     0.00    28.90     0  00:00        0.00
  J03262069            JUNCTION     0.00     0.00    28.90     0  00:00        0.00
  J03262070            JUNCTION     0.00     0.00    28.93     0  00:00        0.00
  J03262073            JUNCTION     0.00     0.00    29.91     0  00:00        0.00
  J03262074            JUNCTION     0.00     0.00    29.72     0  00:00        0.00
  J03262075            JUNCTION     0.00     0.00    29.91     0  00:00        0.00
  J03262076            JUNCTION     0.00     0.00    29.80     0  00:00        0.00
  J03262078            JUNCTION     0.00     0.00    29.17     0  00:00        0.00
  J03262079            JUNCTION     0.00     0.00    30.51     0  00:00        0.00
  J03262080            JUNCTION     0.00     0.00    30.57     0  00:00        0.00
  J03262083            JUNCTION     0.00     0.00    29.98     0  00:00        0.00
  J03262093            JUNCTION     0.00     0.00    30.07     0  00:00        0.00
  J03262094            JUNCTION     0.00     0.00    29.93     0  00:00        0.00
  J03262095            JUNCTION     0.00     0.00    30.49     0  00:00        0.00
  J03262096            JUNCTION     0.00     0.00    29.75     0  00:00        0.00
  J03262097            JUNCTION     0.00     0.00    30.48     0  00:00        0.00
  J03262098            JUNCTION     0.00     0.00    30.45     0  00:00        0.00
  J03262099            JUNCTION     0.00     0.00    29.72     0  00:00        0.00
  J03262100            JUNCTION     0.00     0.00    29.61     0  00:00        0.00
  J03262101            JUNCTION     0.00     0.00    30.16     0  00:00        0.00
  J03262102            JUNCTION     0.00     0.00    29.88     0  00:00        0.00
  J03262106            JUNCTION     0.00     0.00    30.39     0  00:00        0.00
  J03262113            JUNCTION     0.00     0.00    30.12     0  00:00        0.00
  J03262114            JUNCTION     0.00     0.00    29.85     0  00:00        0.00
  J03262119            JUNCTION     0.00     0.00    30.17     0  00:00        0.00
  J03262120            JUNCTION     0.00     0.00    30.17     0  00:00        0.00
  J03262121            JUNCTION     0.00     0.00    30.44     0  00:00        0.00
  J03262126            JUNCTION     0.00     0.00    29.75     0  00:00        0.00
  J03262127            JUNCTION     0.00     0.00    30.41     0  00:00        0.00
  J03262128            JUNCTION     0.00     0.00    29.22     0  00:00        0.00
  J03262795            JUNCTION     0.07     0.27    29.98     0  12:33        0.26
  J03263001            JUNCTION     0.07     0.45    29.86     0  12:32        0.36
  J03263002            JUNCTION     0.09     0.48    30.03     0  12:32        0.39
  J03263004            JUNCTION     0.59     1.16    29.87     0  12:32        1.04
  J03263005            JUNCTION     0.10     0.52    29.88     0  12:32        0.40
  J03263007            JUNCTION     0.19     0.67    30.12     0  12:32        0.60
  J03263010            JUNCTION     0.17     0.71    30.23     0  12:32        0.64
  J03263011            JUNCTION     0.02     0.29    29.87     0  12:32        0.17
  J03263012            JUNCTION     0.02     0.22    29.91     0  12:33        0.19
  J03263015            JUNCTION     0.17     0.35    29.92     0  12:33        0.34
  J03263016            JUNCTION     0.75     1.34    29.86     0  12:33        1.23
  J03263017            JUNCTION     0.26     1.01    30.45     0  12:17        0.91
  J03263018            JUNCTION     0.13     0.86    30.57     0  12:17        0.74
  J03263024            JUNCTION     0.11     0.80    30.66     0  12:17        0.65
  J03263039            JUNCTION     1.26     1.99    30.62     0  12:17        1.90
  J03263049            JUNCTION     0.14     0.40    30.03     0  12:33        0.38
  J03263052            JUNCTION     1.31     2.00    30.58     0  12:17        1.95
  J03263053            JUNCTION     0.18     0.71    30.29     0  12:18        0.48
  J03263054            JUNCTION     0.09     0.36    30.06     0  12:33        0.35
  J03263057            JUNCTION     0.07     0.64    30.62     0  12:15        0.56
  J03263058            JUNCTION     1.23     1.90    30.57     0  12:17        1.87
  J03263061            JUNCTION     0.04     0.33    30.12     0  12:34        0.31
  J03263063            JUNCTION     0.10     0.41    30.10     0  12:33        0.39
  J03263075            JUNCTION     0.90     1.56    30.57     0  12:32        1.53
  J03263078            JUNCTION     0.24     0.82    30.53     0  12:33        0.80
  J03263079            JUNCTION     0.03     0.25    30.16     0  12:33        0.24
  J03263080            JUNCTION     0.77     1.50    30.65     0  12:33        1.48
  J03263081            JUNCTION     0.00     0.01    30.62     0  12:32        0.01
  J03263082            JUNCTION     0.19     0.86    30.65     0  13:54        0.83
  J03264861            JUNCTION     0.00     0.00    34.00     0  00:00        0.00
  J03264862            JUNCTION     0.00     0.00    34.07     0  00:00        0.00
  J03264872            JUNCTION     0.06     0.46    33.51     0  14:28        0.46
  J03264875            JUNCTION     0.00     0.00    33.44     0  00:00        0.00
  J03264876            JUNCTION     0.06     0.45    33.40     0  14:25        0.45
  J03264882            JUNCTION     0.10     0.48    33.17     0  14:23        0.48
  J03264883            JUNCTION     0.06     0.43    33.16     0  14:22        0.43
  J03264891            JUNCTION     0.21     2.00    34.29     0  12:21        0.60
  J03264892            JUNCTION     0.42     1.46    33.49     0  12:21        0.87
  J03264894            JUNCTION     0.19     0.54    32.85     0  12:22        0.52
  J03264900            JUNCTION     0.03     0.28    30.88     0  12:17        0.26
  J03264960            JUNCTION     0.64     1.45    30.75     0  12:17        1.39
  J03264964            JUNCTION     0.58     1.46    30.82     0  12:17        1.35
  J03265000            JUNCTION     0.00     0.00    32.37     0  00:00        0.00
  J03265001            JUNCTION     0.00     0.00    32.31     0  00:00        0.00
  J03266226            JUNCTION     0.18     0.41    30.46     0  12:32        0.41
  J03266227            JUNCTION     0.03     0.24    30.49     0  12:32        0.23
  J03266669            JUNCTION     0.46     1.28    30.77     0  12:17        1.19
  J03266670            JUNCTION     0.51     1.38    30.82     0  12:17        1.27
  J03266695            JUNCTION     0.00     0.00    31.54     0  00:00        0.00
  J03266696            JUNCTION     0.00     0.00    32.05     0  00:00        0.00
  J03266698            JUNCTION     0.00     0.00    32.53     0  00:00        0.00
  J03266706            JUNCTION     0.00     0.00    32.41     0  00:00        0.00
  J03266707            JUNCTION     0.09     0.31    32.74     0  13:14        0.31
  J03351040            JUNCTION     0.07     0.37    33.91     0  14:23        0.37
  J03351041            JUNCTION     0.00     0.00    34.27     0  00:00        0.00
  J03351042            JUNCTION     0.07     0.36    33.90     0  14:23        0.36
  J03351044            JUNCTION     0.16     0.50    33.85     0  14:19        0.50
  J03351046            JUNCTION     0.06     0.47    33.79     0  14:19        0.47
  J03351047            JUNCTION     0.00     0.00    34.03     0  00:00        0.00
  J03351048            JUNCTION     0.00     0.00    34.09     0  00:00        0.00
  J03351049            JUNCTION     0.06     0.49    33.74     0  14:24        0.49
  J03351051            JUNCTION     0.07     0.53    33.68     0  14:24        0.53
  J03351053            JUNCTION     0.01     0.05    33.68     0  14:20        0.05
  J03351056            JUNCTION     0.15     2.00    34.95     0  12:17        0.63
  J03351058            JUNCTION     0.08     0.49    33.51     0  14:28        0.49
  J03351067            JUNCTION     0.06     0.45    33.46     0  14:25        0.45
  J03351068            JUNCTION     0.07     0.46    33.40     0  14:25        0.46
  J03351070            JUNCTION     0.00     0.00    33.38     0  00:00        0.00
  J03351071            JUNCTION     0.00     0.00    33.56     0  00:00        0.00
  J03351072            JUNCTION     0.07     0.52    33.34     0  14:00        0.52
  J03351075            JUNCTION     0.11     0.59    33.29     0  14:20        0.59
  J03351076            JUNCTION     0.22     2.00    34.54     0  12:19        0.70
  J03351078            JUNCTION     0.07     0.45    33.16     0  14:27        0.45
  J03351080            JUNCTION     0.09     0.47    33.11     0  14:22        0.47
  J03351083            JUNCTION     0.05     0.39    33.06     0  14:22        0.39
  J03351085            JUNCTION     0.00     0.01    33.06     0  14:02        0.01
  J03351086            JUNCTION     0.00     0.00    33.08     0  00:00        0.00
  J03351087            JUNCTION     0.06     0.45    33.00     0  14:36        0.45
  J03351089            JUNCTION     0.11     1.45    33.88     0  12:23        0.53
  J03351092            JUNCTION     0.87     2.00    33.45     0  12:21        1.45
  J03351093            JUNCTION     0.36     1.37    33.47     0  12:21        0.79
  J03351094            JUNCTION     0.22     0.56    32.83     0  14:27        0.56
  J03351095            JUNCTION     0.00     0.00    32.91     0  00:00        0.00
  J03351097            JUNCTION     0.24     0.56    32.80     0  12:22        0.53
  J03352001            JUNCTION     0.13     0.35    32.80     0  13:05        0.35
  J03352003            JUNCTION     0.22     0.44    32.84     0  13:39        0.44
  J03352004            JUNCTION     0.17     0.41    32.86     0  13:29        0.41
  J03352005            JUNCTION     0.22     0.46    32.86     0  13:29        0.46
  J03352007            JUNCTION     0.15     0.44    32.93     0  13:29        0.44
  J03352009            JUNCTION     0.12     0.40    33.01     0  13:30        0.40
  J03352010            JUNCTION     0.00     0.00    33.32     0  00:00        0.00
  J03352011            JUNCTION     0.17     0.44    33.06     0  13:30        0.44
  J03352013            JUNCTION     0.00     0.00    33.43     0  00:00        0.00
  J03352014            JUNCTION     0.15     0.42    33.13     0  14:09        0.42
  J03352015            JUNCTION     0.00     0.00    33.50     0  00:00        0.00
  J03352016            JUNCTION     0.13     0.36    33.17     0  14:09        0.36
  J03352017            JUNCTION     0.22     0.49    33.23     0  14:09        0.49
  J03352018            JUNCTION     0.00     0.00    33.54     0  00:00        0.00
  J03352026            JUNCTION     0.16     0.57    33.53     0  14:16        0.57
  J03352027            JUNCTION     0.00     0.00    33.70     0  00:00        0.00
  J03352028            JUNCTION     0.20     0.66    33.61     0  14:12        0.63
  J03352029            JUNCTION     0.15     0.57    33.60     0  14:08        0.57
  J03352030            JUNCTION     0.00     0.00    33.82     0  00:00        0.00
  J03352031            JUNCTION     0.19     0.59    33.67     0  14:08        0.59
  J03352032            JUNCTION     0.00     0.00    33.89     0  00:00        0.00
  J03352033            JUNCTION     0.19     0.62    33.72     0  14:05        0.62
  J03352034            JUNCTION     0.00     0.00    33.97     0  00:00        0.00
  J03352035            JUNCTION     0.13     0.49    33.77     0  14:09        0.49
  J03352036            JUNCTION     0.00     0.00    33.91     0  00:00        0.00
  J03352037            JUNCTION     0.20     0.57    33.80     0  14:18        0.57
  J03352038            JUNCTION     0.00     0.00    34.03     0  00:00        0.00
  J03352039            JUNCTION     0.02     0.14    33.82     0  14:02        0.14
  J03352041            JUNCTION     0.13     0.45    33.84     0  14:19        0.45
  J03352042            JUNCTION     0.00     0.00    34.30     0  00:00        0.00
  J03352043            JUNCTION     0.11     0.34    33.90     0  14:04        0.34
  J03352045            JUNCTION     0.09     0.37    33.89     0  14:04        0.37
  J03352046            JUNCTION     0.00     0.00    34.22     0  00:00        0.00
  J03352144            JUNCTION     0.11     0.47    33.82     0  14:02        0.47
  J03355147            JUNCTION     0.06     0.46    33.82     0  14:19        0.46
  J03380002            JUNCTION     0.16     0.39    29.48     0  13:59        0.39
  J03380007            JUNCTION     0.16     0.42    29.52     0  13:59        0.42
  J03380010            JUNCTION     0.23     0.53    29.56     0  13:59        0.53
  J03380014            JUNCTION     0.20     0.52    29.58     0  13:59        0.52
  J03380016            JUNCTION     0.11     0.45    29.61     0  13:59        0.45
  J03380018            JUNCTION     0.00     0.00    30.22     0  00:00        0.00
  J03380025            JUNCTION     0.18     0.54    29.63     0  13:58        0.54
  J03380029            JUNCTION     0.19     0.57    29.66     0  14:00        0.57
  J03380032            JUNCTION     0.12     0.51    29.68     0  14:00        0.51
  J03380033            JUNCTION     0.00     0.00    30.41     0  00:00        0.00
  J03380034            JUNCTION     0.00     0.00    30.51     0  00:00        0.00
  J03380037            JUNCTION     0.12     1.19    31.50     0  13:48        1.17
  J03380040            JUNCTION     0.05     0.33    29.76     0  14:00        0.33
  J03380042            JUNCTION     0.08     0.37    29.78     0  14:00        0.37
  J03380046            JUNCTION     0.00     0.00    30.13     0  00:00        0.00
  J03380047            JUNCTION     0.06     0.34    29.81     0  14:00        0.34
  J03380053            JUNCTION     0.08     0.38    29.84     0  13:59        0.38
  J03380055            JUNCTION     0.00     0.00    30.26     0  00:00        0.00
  J03380056            JUNCTION     0.35     0.66    29.85     0  13:59        0.66
  J03380057            JUNCTION     0.23     0.54    29.85     0  13:57        0.54
  J03380058            JUNCTION     0.04     0.13    30.24     0  14:28        0.13
  J03380060            JUNCTION     0.10     0.33    30.51     0  14:28        0.33
  J03380065            JUNCTION     0.17     0.46    30.58     0  14:04        0.46
  J03380071            JUNCTION     0.13     0.43    30.61     0  14:03        0.43
  J03380073            JUNCTION     0.22     0.54    30.63     0  14:03        0.54
  J03380075            JUNCTION     0.11     0.43    30.65     0  14:03        0.43
  J03380076            JUNCTION     0.10     0.42    30.65     0  14:03        0.42
  J03380077            JUNCTION     0.14     0.46    30.65     0  14:03        0.46
  J03380079            JUNCTION     0.25     0.59    30.67     0  13:55        0.59
  J03380081            JUNCTION     0.20     0.55    30.69     0  14:03        0.55
  J03380083            JUNCTION     0.11     0.47    30.71     0  14:07        0.47
  J03380085            JUNCTION     0.11     0.44    30.74     0  13:54        0.44
  J03380088            JUNCTION     0.77     1.12    30.75     0  14:02        1.12
  J03380089            JUNCTION     0.22     0.50    30.79     0  13:32        0.50
  J03380092            JUNCTION     0.28     0.60    30.83     0  13:32        0.60
  J03380095            JUNCTION     0.13     0.48    30.87     0  13:32        0.48
  J03380096            JUNCTION     0.34     1.01    31.19     0  12:18        0.73
  J03380098            JUNCTION     0.17     0.60    30.96     0  13:32        0.60
  J03380100            JUNCTION     0.16     0.57    31.00     0  13:32        0.57
  J03380102            JUNCTION     0.15     0.59    31.04     0  13:32        0.59
  J03380104            JUNCTION     0.18     0.58    31.08     0  13:32        0.58
  J03380106            JUNCTION     0.25     0.72    31.15     0  12:19        0.69
  J03380109            JUNCTION     0.11     0.56    31.15     0  13:32        0.56
  J03380113            JUNCTION     0.11     0.54    31.17     0  13:32        0.53
  J03380117            JUNCTION     0.12     0.52    31.18     0  13:31        0.52
  J03380120            JUNCTION     0.65     1.11    31.24     0  14:23        1.08
  J03380124            JUNCTION     0.13     0.45    31.25     0  13:31        0.45
  J03380127            JUNCTION     0.15     0.51    31.30     0  13:31        0.51
  J03380129            JUNCTION     0.14     0.51    31.31     0  13:31        0.50
  J03380131            JUNCTION     0.13     0.50    31.34     0  13:31        0.50
  J03380136            JUNCTION     0.09     0.42    31.40     0  13:31        0.42
  J03380137            JUNCTION     0.11     0.44    31.44     0  13:31        0.43
  J03380142            JUNCTION     0.13     0.48    31.48     0  12:18        0.46
  J03380145            JUNCTION     0.12     0.44    31.52     0  12:18        0.44
  J03380148            JUNCTION     0.10     0.44    31.59     0  12:25        0.43
  J03380152            JUNCTION     0.10     0.39    31.67     0  12:24        0.39
  J03380155            JUNCTION     0.08     0.34    31.80     0  12:24        0.33
  J03380159            JUNCTION     0.07     0.30    31.99     0  12:24        0.29
  J03380162            JUNCTION     0.09     0.31    32.19     0  12:24        0.31
  J03380165            JUNCTION     0.12     0.37    32.22     0  13:29        0.37
  J03380166            JUNCTION     0.09     0.33    32.36     0  12:23        0.32
  J03380170            JUNCTION     0.15     0.45    32.43     0  12:17        0.44
  J03380173            JUNCTION     0.07     0.27    32.66     0  12:17        0.27
  J03380175            JUNCTION     0.03     0.03    31.95     0  00:12        0.03
  J03380177            JUNCTION     0.02     0.02    31.74     0  00:12        0.02
  J03380178            JUNCTION     0.21     0.21    31.69     0  00:33        0.21
  J03380180            JUNCTION     0.00     0.00    32.07     0  00:00        0.00
  J03380182            JUNCTION     0.02     0.02    31.67     0  12:09        0.02
  J03380184            JUNCTION     0.03     0.03    31.39     0  16:50        0.03
  J03380186            JUNCTION     0.03     0.03    31.24     0  02:46        0.03
  J03380188            JUNCTION     0.03     0.03    31.14     1  03:40        0.03
  J03380190            JUNCTION     0.03     0.03    30.96     0  00:42        0.03
  J03380195            JUNCTION     0.08     0.08    30.89     0  23:42        0.08
  J03380197            JUNCTION     0.02     0.02    30.88     0  12:10        0.02
  J03380198            JUNCTION     0.00     0.00    31.48     0  00:00        0.00
  J03380199            JUNCTION     0.15     0.15    30.75     0  14:07        0.15
  J03380200            JUNCTION     0.00     0.00    31.36     0  00:00        0.00
  J03380201            JUNCTION     0.04     0.04    30.75     0  14:06        0.04
  J03380203            JUNCTION     0.00     0.00    31.75     0  00:00        0.00
  J03380204            JUNCTION     0.00     0.00    31.95     0  00:00        0.00
  J03380206            JUNCTION     0.00     0.00    31.42     0  00:00        0.00
  J03380207            JUNCTION     0.04     0.09    30.75     0  13:35        0.09
  J03380209            JUNCTION     0.12     0.17    30.75     0  13:35        0.17
  J03380210            JUNCTION     0.00     0.00    30.88     0  00:00        0.00
  J03380211            JUNCTION     0.07     0.12    30.75     0  12:31        0.12
  J03380212            JUNCTION     0.00     0.00    30.90     0  00:00        0.00
  J03380213            JUNCTION     0.09     0.15    30.75     0  13:20        0.15
  J03380215            JUNCTION     0.03     0.09    30.75     0  12:38        0.09
  J03380218            JUNCTION     0.10     0.32    30.75     0  13:56        0.32
  J03380219            JUNCTION     0.07     0.35    30.75     0  13:07        0.35
  J03380221            JUNCTION     0.10     0.40    30.75     0  13:06        0.40
  J03380223            JUNCTION     0.52     0.85    30.76     0  12:52        0.84
  J03380224            JUNCTION     0.10     0.44    30.78     0  12:45        0.41
  J03380225            JUNCTION     0.19     0.51    30.75     0  12:43        0.51
  J03380227            JUNCTION     0.22     0.54    30.75     0  12:44        0.54
  J03380228            JUNCTION     0.35     0.71    30.79     0  12:32        0.68
  J03380230            JUNCTION     0.17     0.49    30.75     0  14:04        0.49
  J03380231            JUNCTION     0.00     0.00    30.87     0  00:00        0.00
  J03380232            JUNCTION     0.43     0.78    30.77     0  12:45        0.76
  J03380235            JUNCTION     0.95     1.31    30.75     0  14:11        1.31
  J03380236            JUNCTION     0.20     0.55    30.78     0  12:43        0.53
  J03380237            JUNCTION     1.00     1.40    30.79     0  14:13        1.37
  J03380238            JUNCTION     1.07     1.45    30.77     0  14:05        1.43
  J03380239            JUNCTION     0.22     0.54    30.75     0  14:00        0.53
  J03380240            JUNCTION     0.05     0.35    30.75     0  13:14        0.35
  J03380241            JUNCTION     0.03     0.25    30.75     0  13:18        0.25
  J03380243            JUNCTION     0.30     0.63    30.75     0  13:33        0.63
  J03380245            JUNCTION     0.27     0.60    30.75     0  13:33        0.60
  J03380248            JUNCTION     0.00     0.00    30.80     0  00:00        0.00
  J03380252            JUNCTION     0.00     0.00    30.08     0  00:00        0.00
  J03380254            JUNCTION     0.00     0.00    30.05     0  00:00        0.00
  J03380255            JUNCTION     0.00     0.00    30.99     0  00:00        0.00
  J03380256            JUNCTION     0.00     0.00    30.05     0  00:00        0.00
  J03380258            JUNCTION     0.00     0.00    29.97     0  00:00        0.00
  J03380260            JUNCTION     0.00     0.00    30.00     0  00:00        0.00
  J03380262            JUNCTION     0.00     0.00    29.89     0  00:00        0.00
  J03380264            JUNCTION     0.00     0.00    29.86     0  00:00        0.00
  J03380265            JUNCTION     0.02     0.22    29.85     0  13:59        0.22
  J03380266            JUNCTION     0.34     0.65    29.85     0  13:57        0.65
  J03380267            JUNCTION     0.01     0.17    29.85     0  13:59        0.17
  J03380272            JUNCTION     0.00     0.00    30.30     0  00:00        0.00
  J03380280            JUNCTION     0.00     0.00    29.51     0  00:00        0.00
  J03380281            JUNCTION     0.00     0.00    30.18     0  00:00        0.00
  J03380282            JUNCTION     0.20     0.51    29.85     0  13:44        0.51
  J03380284            JUNCTION     0.02     0.20    29.85     0  13:59        0.20
  J03380286            JUNCTION     0.00     0.00    30.73     0  00:00        0.00
  J03380287            JUNCTION     0.00     0.00    30.05     0  00:00        0.00
  J03380288            JUNCTION     0.00     0.00    30.35     0  00:00        0.00
  J03380289            JUNCTION     0.00     0.00    30.10     0  00:00        0.00
  J03380290            JUNCTION     0.00     0.00    30.27     0  00:00        0.00
  J03380291            JUNCTION     0.00     0.00    30.24     0  00:00        0.00
  J03380292            JUNCTION     0.00     0.00    30.01     0  00:00        0.00
  J03380293            JUNCTION     0.00     0.00    30.16     0  00:00        0.00
  J03380295            JUNCTION     0.00     0.00    30.19     0  00:00        0.00
  J03380299            JUNCTION     0.00     0.00    30.10     0  00:00        0.00
  J03380301            JUNCTION     0.00     0.00    29.72     0  00:00        0.00
  J03380302            JUNCTION     0.00     0.00    29.72     0  00:00        0.00
  J03380305            JUNCTION     0.00     0.00    29.70     0  00:00        0.00
  J03380307            JUNCTION     0.00     0.00    29.67     0  00:00        0.00
  J03380310            JUNCTION     0.00     0.00    29.90     0  00:00        0.00
  J03380316            JUNCTION     0.00     0.00    29.65     0  00:00        0.00
  J03380318            JUNCTION     0.00     0.00    29.81     0  00:00        0.00
  J03380322            JUNCTION     0.00     0.00    29.70     0  00:00        0.00
  J03380323            JUNCTION     0.00     0.00    30.66     0  00:00        0.00
  J03380325            JUNCTION     0.00     0.00    31.08     0  00:00        0.00
  J03380327            JUNCTION     0.00     0.00    29.54     0  00:00        0.00
  J03380328            JUNCTION     0.00     0.00    29.75     0  00:00        0.00
  J03380331            JUNCTION     0.00     0.00    31.06     0  00:00        0.00
  J03380332            JUNCTION     0.00     0.00    29.63     0  00:00        0.00
  J03380335            JUNCTION     0.00     0.00    29.72     0  00:00        0.00
  J03380346            JUNCTION     0.00     0.00    29.57     0  00:00        0.00
  J03380349            JUNCTION     0.00     0.00    29.65     0  00:00        0.00
  J03380352            JUNCTION     0.00     0.00    29.47     0  00:00        0.00
  J03380356            JUNCTION     0.01     0.08    29.31     0  14:00        0.08
  J03388007            JUNCTION     0.64     0.93    29.00     0  14:00        0.93
  J03411012            JUNCTION     0.47     1.46    30.94     0  12:17        1.24
  J03411013            JUNCTION     0.02     0.82    31.33     0  12:17        0.21
  J03411014            JUNCTION     0.75     1.62    30.82     0  12:17        1.52
  J03411015            JUNCTION     0.06     0.64    30.82     0  12:17        0.53
  J03411016            JUNCTION     0.41     1.23    30.77     0  12:17        1.15
  J03411017            JUNCTION     0.05     0.64    30.87     0  12:16        0.46
  J03411018            JUNCTION     0.44     1.38    30.89     0  12:16        1.16
  J03411019            JUNCTION     0.04     1.06    31.37     0  12:16        0.37
  J03411020            JUNCTION     1.11     1.88    30.70     0  12:16        1.85
  J03411021            JUNCTION     0.34     1.09    30.71     0  12:16        1.04
  J03411079            JUNCTION     0.79     1.56    30.70     0  12:16        1.52
  J03411080            JUNCTION     1.26     2.00    30.66     0  12:16        2.00
  J03411081            JUNCTION     0.81     1.57    30.69     0  12:45        1.55
  J03411083            JUNCTION     0.85     1.73    30.82     0  12:17        1.62
  J03464880            JUNCTION     0.09     0.30    31.34     0  12:27        0.29
  J06103061            JUNCTION     0.75     1.53    30.71     0  12:16        1.48
  J06103062            JUNCTION     0.39     1.15    30.71     0  12:16        1.11
  PLANT_BUFFER         STORAGE      0.22     1.87    27.40     0  14:07        1.87
  J03260010            OUTFALL      0.00     0.00    25.53     0  00:00        0.00
  
  
  *******************
  Node Inflow Summary
  *******************
  
  -------------------------------------------------------------------------------------------------
                                  Maximum  Maximum                  Lateral       Total        Flow
                                  Lateral    Total  Time of Max      Inflow      Inflow     Balance
                                   Inflow   Inflow   Occurrence      Volume      Volume       Error
  Node                 Type           LPS      LPS  days hr:min    10^6 ltr    10^6 ltr     Percent
  -------------------------------------------------------------------------------------------------
  G03160065            JUNCTION      0.00   508.26     0  13:59           0        3.54       0.001
  G03160066            JUNCTION    508.06   508.06     0  14:00        3.54        3.54       0.001
  G03160068            JUNCTION      0.00     0.00     0  00:00           0           0       0.000 ltr
  G03160069            JUNCTION      0.00     0.00     0  00:00           0           0       0.000 ltr
  G03160070            JUNCTION      0.00   505.00     0  13:36           0        3.53       0.173
  G03160073            JUNCTION      0.00   504.86     0  13:38           0        3.54       0.054
  J03010003            JUNCTION      0.00  1611.82     0  14:01           0          19      -0.003
  J03160546            JUNCTION      0.00     0.00     0  00:00           0           0       0.000 ltr
  J03160705            JUNCTION      0.00     0.00     0  00:00           0           0       0.000 ltr
  J03165846            JUNCTION      0.00     0.00     0  00:00           0           0       0.000 ltr
  J03166590            JUNCTION      0.00     0.00     0  00:00           0           0       0.000 ltr
  J03166604            JUNCTION      0.00  1283.16     0  14:00           0        10.9       0.004
  J03166622            JUNCTION      0.00     0.00     0  00:00           0           0       0.000 ltr
  J03166623            JUNCTION      0.00     0.00     0  00:00           0           0       0.000 ltr
  J03176807            JUNCTION      0.00   492.25     0  12:18           0        5.88       0.012
  J03176811            JUNCTION      0.00    75.63     0  14:22           0        1.17       0.007
  J03176902            JUNCTION      0.00   108.86     0  12:20           0        1.18      -0.027
  J03180001            JUNCTION      0.00     1.16     0  12:16           0     0.00153      36.843
  J03180002            JUNCTION      0.00     5.92     0  12:14           0     0.00156      -1.898
  J03180003            JUNCTION      0.00   108.84     0  12:20           0        1.19       0.385
  J03180004            JUNCTION      0.00     1.82     0  12:11           0     0.00398       4.305
  J03180005            JUNCTION      0.00     9.54     0  12:16           0    0.000419      -2.674
  J03180006            JUNCTION      0.00   108.86     0  12:20           0        1.19       0.169
  J03180007            JUNCTION      0.00     8.35     0  12:16           0    0.000378      -5.322
  J03180008            JUNCTION      0.00   108.79     0  12:20           0        1.18       0.034
  J03180009            JUNCTION      0.00    11.23     0  12:16           0    0.000433       0.134
  J03180010            JUNCTION      0.00   108.74     0  12:20           0        1.18       0.018
  J03180011            JUNCTION      0.00    15.44     0  12:16           0     0.00254       0.002
  J03180015            JUNCTION      0.00    88.31     0  12:19           0        1.17       0.066
  J03180019            JUNCTION      0.00    84.20     0  12:19           0        1.17      -0.038
  J03180020            JUNCTION      0.00    81.31     0  12:19           0        1.17       0.005
  J03180022            JUNCTION      0.00    75.63     0  14:23           0        1.17       0.005
  J03180025            JUNCTION      0.00    76.18     0  12:19           0        1.17       0.002
  J03180026            JUNCTION      0.00    75.63     0  14:23           0        1.17       0.034
  J03180030            JUNCTION      0.00    75.63     0  14:23           0        1.17       0.018
  J03180031            JUNCTION      0.00     0.00     0  00:00           0           0       0.000 ltr
  J03180032            JUNCTION      0.00     0.00     0  00:00           0           0       0.000 ltr
  J03180034            JUNCTION      0.00    75.63     0  14:22           0        1.17       0.020
  J03180037            JUNCTION      0.00     0.00     0  00:00           0           0       0.000 ltr
  J03180039            JUNCTION      0.00    75.63     0  14:22           0        1.17       0.013
  J03180043            JUNCTION      0.00    75.63     0  14:22           0        1.17      -0.007
  J03180046            JUNCTION      0.00    75.63     0  14:22           0        1.17       0.017
  J03180049            JUNCTION      0.00    75.63     0  14:22           0        1.17       0.011
  J03180052            JUNCTION      0.00    75.63     0  14:21           0        1.17      -0.010
  J03180056            JUNCTION      0.00    75.63     0  14:21           0        1.17       0.065
  J03180060            JUNCTION      0.00    75.63     0  14:21           0        1.17       0.022
  J03180062            JUNCTION      0.00     0.00     0  00:00           0           0       0.000 ltr
  J03180063            JUNCTION      0.00    75.63     0  14:21           0        1.17       0.008
  J03180074            JUNCTION      0.00    75.63     0  14:20           0        1.17       0.039
  J03180075            JUNCTION      0.00     0.00     0  00:00           0           0       0.000 ltr
  J03180077            JUNCTION      0.00     0.00     0  00:00           0           0       0.000 ltr
  J03180079            JUNCTION      0.00     0.00     0  00:00           0           0       0.000 ltr
  J03180080            JUNCTION      0.00    75.63     0  14:20           0        1.17      -0.027
  J03180081            JUNCTION      0.00     0.00     0  00:00           0           0       0.000 ltr
  J03180082            JUNCTION      0.00     0.00     0  00:00           0           0       0.000 ltr
  J03180083            JUNCTION      0.00    75.63     0  14:20           0        1.17       0.023
  J03180084            JUNCTION      0.00     0.00     0  00:00           0           0       0.000 ltr
  J03180086            JUNCTION      0.00     0.00     0  00:00           0           0       0.000 ltr
  J03180087            JUNCTION      0.00    75.63     0  14:05           0        1.17       0.020
  J03180088            JUNCTION      0.00     0.00     0  00:00           0           0       0.000 ltr
  J03180090            JUNCTION      0.00     0.00     0  00:00           0           0       0.000 ltr
  J03180092            JUNCTION      0.00    75.63     0  14:05           0        1.17       0.043
  J03180093            JUNCTION      0.00     0.00     0  00:00           0           0       0.000 ltr
  J03180094            JUNCTION      0.00     0.00     0  00:00           0           0       0.000 ltr
  J03180097            JUNCTION      0.00     0.00     0  00:00           0           0       0.000 ltr
  J03180098            JUNCTION      0.00     0.00     0  00:00           0           0       0.000 ltr
  J03180100            JUNCTION      0.00    75.63     0  14:05           0        1.17       0.006
  J03180102            JUNCTION      0.00     0.00     0  00:00           0           0       0.000 ltr
  J03180103            JUNCTION      0.00     0.00     0  00:00           0           0       0.000 ltr
  J03180105            JUNCTION      0.00    75.63     0  14:05           0        1.17       0.005
  J03180106            JUNCTION      0.00     0.00     0  00:00           0           0       0.000 ltr
  J03180107            JUNCTION      0.00     0.00     0  00:00           0           0       0.000 ltr
  J03180109            JUNCTION      0.00    75.63     0  14:04           0        1.17       0.005
  J03180111            JUNCTION      0.00    75.63     0  14:04           0        1.17       0.006
  J03180113            JUNCTION      0.00     0.00     0  00:00           0           0       0.000 ltr
  J03180114            JUNCTION      0.00    75.63     0  14:04           0        1.17       0.003
  J03180116            JUNCTION      0.00    75.63     0  14:04           0        1.17       0.004
  J03180118            JUNCTION      0.00    75.63     0  14:04           0        1.17       0.016
  J03180119            JUNCTION      0.00     0.00     0  00:00           0           0       0.000 ltr
  J03180120            JUNCTION      0.00     0.00     0  00:00           0           0       0.000 ltr
  J03180124            JUNCTION      0.00    75.63     0  14:18           0        1.17       0.006
  J03189802            JUNCTION      0.00   142.45     0  14:51           0        3.41       0.006
  J03189803            JUNCTION      0.00   142.30     0  14:51           0        3.41       0.100
  J03189833            JUNCTION      0.00     0.00     0  00:00           0           0       0.000 ltr
  J03189834            JUNCTION      0.00     0.00     0  00:00           0           0       0.000 ltr
  J03189835            JUNCTION      0.00   159.20     0  12:15           0        3.42       0.007
  J03189836            JUNCTION      0.00     0.00     0  00:00           0           0       0.000 ltr
  J03189837            JUNCTION      0.00     0.00     0  00:00           0           0       0.000 ltr
  J03189838            JUNCTION      0.00   169.56     0  12:15           0        3.42       0.006
  J03189839            JUNCTION      0.00     2.26     0  12:16           0    0.000707       0.006
  J03189840            JUNCTION      0.00     0.00     0  00:00           0           0       0.000 ltr
  J03189841            JUNCTION      0.00     0.00     0  00:00           0           0       0.000 ltr
  J03189842            JUNCTION      0.00   175.73     0  12:15           0        3.42       0.021
  J03189843            JUNCTION      0.00     0.00     0  00:00           0           0       0.000 ltr
  J03189844            JUNCTION      0.00     0.00     0  00:00           0           0       0.000 ltr
  J03189845            JUNCTION      0.00     0.00     0  00:00           0           0       0.000 ltr
  J03189846            JUNCTION      0.00     0.00     0  00:00           0           0       0.000 ltr
  J03189847            JUNCTION      0.00     0.00     0  00:00           0           0       0.000 ltr
  J03189848            JUNCTION      0.00     1.81     0  12:14           0    0.000398       0.008
  J03190001            JUNCTION      0.00   363.81     0  12:48           0        4.43       0.018
  J03190002            JUNCTION      0.00     0.00     0  00:00           0           0       0.000 ltr
  J03190004            JUNCTION      0.00     0.00     0  00:00           0           0       0.000 ltr
  J03190007            JUNCTION      0.00     0.00     0  00:00           0           0       0.000 ltr
  J03190008            JUNCTION      0.00   365.99     0  12:48           0        4.43       0.016
  J03190010            JUNCTION      0.00   369.46     0  12:48           0        4.44       0.015
  J03190012            JUNCTION      0.00     0.00     0  00:00           0           0       0.000 ltr
  J03190013            JUNCTION      0.00     0.00     0  00:00           0           0       0.000 ltr
  J03190014            JUNCTION      0.00   374.68     0  12:48           0        4.45       0.023
  J03190015            JUNCTION      0.00     0.00     0  00:00           0           0       0.000 ltr
  J03190022            JUNCTION      0.00     0.00     0  00:00           0           0       0.000 ltr
  J03190025            JUNCTION      0.00   484.75     0  12:35           0        7.94      -0.003
  J03190026            JUNCTION      0.00     0.00     0  00:00           0           0       0.000 ltr
  J03190027            JUNCTION      0.00     0.00     0  00:00           0           0       0.000 ltr
  J03190028            JUNCTION      0.00   481.16     0  12:35           0        5.45       0.033
  J03190029            JUNCTION      0.00     0.00     0  00:00           0           0       0.000 ltr
  J03190030            JUNCTION      0.00     6.66     0  12:47           0    0.000396       0.009
  J03190031            JUNCTION      0.00   472.91     0  12:35           0        5.46       0.028
  J03190032            JUNCTION      0.00     0.00     0  00:00           0           0       0.000 ltr
  J03190034            JUNCTION      0.00   460.46     0  12:35           0        5.46       0.021
  J03190039            JUNCTION      0.00   437.12     0  12:36           0        5.46       0.021
  J03190042            JUNCTION      0.00   380.42     0  12:36           0        5.45       0.022
  J03190044            JUNCTION      0.00     0.00     0  00:00           0           0       0.000 ltr
  J03190045            JUNCTION      0.00   345.30     0  12:33           0        5.45       0.030
  J03190048            JUNCTION      0.00   333.21     0  12:33           0        5.45       0.025
  J03190051            JUNCTION      0.00   309.26     0  12:33           0        5.45       0.020
  J03190055            JUNCTION      0.00   286.69     0  12:31           0        5.45       0.016
  J03190059            JUNCTION      0.00   271.68     0  12:31           0        5.45       0.006
  J03190061            JUNCTION      0.00   253.22     0  12:32           0        5.45       0.017
  J03190064            JUNCTION      0.00   240.57     0  12:32           0        5.45       0.024
  J03190067            JUNCTION      0.00   210.42     0  15:34           0        5.47       0.019
  J03190070            JUNCTION      0.00   211.52     0  15:34           0         5.5       0.016
  J03190078            JUNCTION      0.00   244.21     0  12:51           0        6.59       0.006
  J03190083            JUNCTION      0.00   244.26     0  12:51           0        6.58       0.003
  J03190084            JUNCTION      0.00   245.19     0  12:51           0        6.59       0.013
  J03190085            JUNCTION      0.00     9.47     0  12:46           0      0.0014       0.040
  J03190088            JUNCTION      0.00   539.18     0  12:51           0        8.78      -0.002
  J03190089            JUNCTION      0.00    10.39     0  12:44           0     0.00389       0.604
  J03190091            JUNCTION      0.00   552.87     0  12:52           0        8.75       0.024
  J03190092            JUNCTION      0.00     4.10     0  12:45           0     0.00101       1.167
  J03190094            JUNCTION      0.00   545.60     0  12:52           0        8.75       0.012
  J03190096            JUNCTION      0.00    35.20     0  12:43           0     0.00195      -2.256
  J03190102            JUNCTION      0.00   545.56     0  12:52           0        8.75       0.014
  J03190106            JUNCTION      0.00   545.58     0  12:52           0        8.75       0.013
  J03190107            JUNCTION      0.00   545.53     0  12:52           0        8.75       0.016
  J03190111            JUNCTION      0.00   545.57     0  12:52           0        8.74       0.018
  J03190114            JUNCTION      0.00   545.55     0  12:52           0        8.74       0.021
  J03190117            JUNCTION      0.00   260.13     0  14:13           0        7.54       0.016
  J03190120            JUNCTION      0.00   260.38     0  12:46           0        7.54       0.023
  J03190121            JUNCTION      0.00     0.00     0  00:00           0           0       0.000 ltr
  J03190123            JUNCTION      0.00     0.00     0  00:00           0           0       0.000 ltr
  J03190124            JUNCTION      0.00   260.78     0  14:07           0        7.54       0.023
  J03190128            JUNCTION      0.00   261.50     0  14:07           0        7.54       0.020
  J03190129            JUNCTION      0.00     0.00     0  00:00           0           0       0.000 ltr
  J03190130            JUNCTION      0.00   262.60     0  14:06           0        7.53       0.021
  J03190133            JUNCTION      0.00     0.00     0  00:00           0           0       0.000 ltr
  J03190134            JUNCTION      0.00   330.32     0  12:47           0        8.46       0.173
  J03190138            JUNCTION      0.00   330.72     0  12:48           0        8.45       0.021
  J03190142            JUNCTION      0.00  1283.22     0  14:01           0        10.7       0.725
  J03190145            JUNCTION      0.00  1283.19     0  14:00           0        10.7       0.698
  J03190147            JUNCTION      0.00  1283.20     0  14:00           0        10.8       0.574
  J03190149            JUNCTION      0.00     0.00     0  00:00           0           0       0.000 ltr
  J03190150            JUNCTION      0.00   123.23     0  13:55           0        1.11      -0.005
  J03190155            JUNCTION      0.00     5.05     0  12:12           0     0.00376       4.270
  J03190159            JUNCTION      0.00     0.76     0  03:09           0     0.00129      37.789
  J03190161            JUNCTION      0.00   123.33     0  13:42           0        1.12       0.582
  J03190162            JUNCTION      0.00   123.33     0  14:06           0        1.11       0.036
  J03190164            JUNCTION      0.00   123.43     0  14:16           0        1.11       0.000
  J03190167            JUNCTION      0.00   123.27     0  14:22           0        1.11       0.010
  J03190839            JUNCTION      0.00     0.00     0  00:00           0           0       0.000 ltr
  J03190840            JUNCTION      0.00     0.00     0  00:00           0           0       0.000 ltr
  J03191001            JUNCTION      0.00     6.54     0  12:15           0      0.0125     115.253
  J03191002            JUNCTION      0.00   149.31     0  12:47           0        1.11      -0.077
  J03191003            JUNCTION      0.00     7.99     0  12:46           0      0.0013       0.906
  J03191004            JUNCTION      0.00    19.93     0  12:45           0     0.00628       1.093
  J03191005            JUNCTION      0.00    17.41     0  12:45           0     0.00679       1.038
  J03191007            JUNCTION      0.00   142.76     0  12:48           0        1.11       0.192
  J03191008            JUNCTION      0.00     0.00     0  00:00           0           0       0.000 ltr
  J03191010            JUNCTION      0.00     5.94     0  12:44           0     0.00097       0.064
  J03191015            JUNCTION      0.00     0.00     0  00:00           0           0       0.000 ltr
  J03191016            JUNCTION      0.00     0.00     0  00:00           0           0       0.000 ltr
  J03191017            JUNCTION      0.00     0.00     0  00:00           0           0       0.000 ltr
  J03191019            JUNCTION      0.00   122.92     0  13:49           0        1.11       0.000
  J03191021            JUNCTION      0.00   141.61     0  12:44           0        1.12      -0.030
  J03191023            JUNCTION      0.00     0.00     0  00:00           0           0       0.000 ltr
  J03191100            JUNCTION      0.00   123.88     0  13:50           0        1.13       0.192
  J03191101            JUNCTION      0.00     0.00     0  00:00           0           0       0.000 ltr
  J03191102            JUNCTION      0.00     0.00     0  00:00           0           0       0.000 ltr
  J03191103            JUNCTION      0.00    56.50     0  12:39           0      0.0228      -0.201
  J03191950            JUNCTION      0.00   141.25     0  12:52           0        1.11      -0.047
  J03191951            JUNCTION      0.00     1.14     0  12:50           0     9.4e-06       0.090 ltr
  J03191952            JUNCTION      0.00     0.00     0  00:00           0           0       0.000 ltr
  J03191956            JUNCTION      0.00   123.23     0  14:09           0        1.11       0.000
  J03191983            JUNCTION      0.00   348.25     0  12:32           0        2.23       0.001
  J03192002            JUNCTION      0.00    37.77     0  12:39           0     0.00727       8.152
  J03192077            JUNCTION      0.00    17.04     0  12:45           0     0.00631       0.006
  J03193034            JUNCTION      0.00    16.29     0  12:43           0     0.00215       1.065
  J03193036            JUNCTION      0.00   348.37     0  12:32           0        2.23       0.002
  J03193037            JUNCTION      0.00   348.33     0  12:32           0        2.23      -0.007
  J03193038            JUNCTION      0.00   348.27     0  12:32           0        2.23       0.001
  J03193045            JUNCTION      0.00   348.47     0  12:31           0        2.23      -0.004
  J03193051            JUNCTION      0.00   348.42     0  12:31           0        2.23       0.030
  J03193057            JUNCTION      0.00   348.58     0  12:31           0        2.23       0.015
  J03193062            JUNCTION      0.00   348.49     0  12:32           0        2.23       0.009
  J03193063            JUNCTION      0.00   348.25     0  12:32           0        2.23       0.021
  J03193064            JUNCTION      0.00   348.23     0  12:32           0        2.23       0.003
  J03193078            JUNCTION      0.00   348.24     0  12:32           0        2.23       0.025
  J03193080            JUNCTION      0.00   348.24     0  12:32           0        2.24       0.103
  J03193081            JUNCTION      0.00   348.22     0  12:32           0        2.24       0.093
  J03193083            JUNCTION      0.00   348.43     0  12:32           0        2.24       0.015
  J03193085            JUNCTION      0.00   348.44     0  12:32           0        2.24       0.013
  J03193093            JUNCTION    528.51   528.51     0  14:00        3.72        3.72       0.001
  J03193094            JUNCTION      0.00   528.57     0  14:00           0        3.72       0.023
  J03193097            JUNCTION      0.00   528.63     0  14:00           0        3.72      -0.007
  J03193099            JUNCTION      0.00     2.79     0  12:22           0    0.000543       0.222
  J03193100            JUNCTION      0.00   528.99     0  13:58           0        3.72       0.001
  J03193103            JUNCTION      0.00   528.98     0  13:59           0        3.72       0.004
  J03193104            JUNCTION      0.00   528.80     0  13:59           0        3.72       0.028
  J03193105            JUNCTION      0.00   529.50     0  13:57           0        3.71       0.002
  J03193110            JUNCTION      0.00   528.69     0  13:59           0        3.71       0.002
  J03193113            JUNCTION      0.00   528.69     0  13:59           0        3.71       0.002
  J03193114            JUNCTION      0.00   528.67     0  13:59           0        3.71       0.026
  J03193117            JUNCTION      0.00   528.73     0  13:59           0        3.71       0.033
  J03193121            JUNCTION      0.00   528.68     0  13:58           0        3.71       0.001
  J03193123            JUNCTION      0.00   348.46     0  12:32           0        2.24       0.023
  J03193126            JUNCTION      0.00   348.88     0  12:31           0        2.24       0.001
  J03193127            JUNCTION      0.00   348.76     0  12:32           0        2.24      -0.002
  J03193128            JUNCTION      0.00   348.59     0  12:32           0        2.24       0.011
  J03193130            JUNCTION    614.26   614.26     0  14:00        4.24        4.26      -0.299
  J03193131            JUNCTION      0.00   140.91     0  13:49           0       0.826       0.063
  J03193137            JUNCTION      0.00   140.92     0  13:49           0       0.819       0.071
  J03193141            JUNCTION      0.00   140.93     0  13:49           0       0.814      -0.015
  J03193142            JUNCTION      0.00   141.10     0  13:49           0       0.814       0.028
  J03193143            JUNCTION      0.00    71.26     0  12:10           0         0.4       0.419
  J03193145            JUNCTION      0.00    60.03     0  13:28           0       0.395      -0.020
  J03193146            JUNCTION      0.00    60.70     0  12:57           0       0.389       0.091
  J03193149            JUNCTION      0.00    59.90     0  12:45           0       0.383       0.177
  J03193150            JUNCTION      0.00    60.08     0  12:42           0       0.377       0.001
  J03193152            JUNCTION      0.00    60.14     0  12:37           0       0.384       0.157
  J03193154            JUNCTION      0.00    21.60     0  12:11           0     0.00182      -0.412
  J03193155            JUNCTION      0.00    12.17     0  12:10           0     0.00058      -1.461
  J03193162            JUNCTION      0.00     0.00     0  00:00           0           0       0.000 ltr
  J03193164            JUNCTION      0.00    59.93     0  12:33           0       0.375      -0.029
  J03193167            JUNCTION      0.00    59.91     0  12:34           0       0.375      -0.002
  J03193169            JUNCTION      0.00    60.12     0  12:32           0       0.377       0.025
  J03193170            JUNCTION      0.00    60.21     0  12:32           0       0.384       0.467
  J03193173            JUNCTION      0.00     0.00     0  00:00           0           0       0.000 ltr
  J03195537            JUNCTION      0.00    38.05     0  12:19           0       0.387       0.200
  J03195666            JUNCTION      0.00   348.57     0  12:32           0        2.24       0.012
  J03195750            JUNCTION      0.00   529.31     0  13:59           0        3.72       0.003
  J03195943            JUNCTION      0.00   123.91     0  14:12           0        1.13       0.424
  J03195944            JUNCTION      0.00   261.38     0  12:31           0        5.45       0.004
  J03195988            JUNCTION      0.00   124.01     0  14:12           0        1.15       0.930
  J03195991            JUNCTION      0.00   348.23     0  12:32           0        2.21      -0.005
  J03196571            JUNCTION      0.00     0.00     0  00:00           0           0       0.000 ltr
  J03196573            JUNCTION      0.00     7.54     0  12:23           0       0.377       0.013
  J03196577            JUNCTION      0.00     0.00     0  00:00           0           0       0.000 ltr
  J03196579            JUNCTION      0.00  1283.16     0  14:00           0        10.9       0.061
  J03198004            JUNCTION      0.00   348.28     0  12:32           0        2.21       0.046
  J03198005            JUNCTION      0.00   348.24     0  12:32           0        2.21       0.047
  J03233000            JUNCTION      0.00   341.87     0  12:14           0        4.91      -0.163
  J03235001            JUNCTION      0.00   359.70     0  12:15           0        5.85       0.005
  J03235002            JUNCTION      0.00   342.65     0  12:14           0        4.92       0.259
  J03235003            JUNCTION      0.00   341.52     0  12:14           0        4.91      -0.161
  J03235004            JUNCTION      0.00     0.00     0  00:00           0           0       0.000 ltr
  J03235006            JUNCTION      0.00    20.06     0  12:14           0       0.939       0.407
  J03235007            JUNCTION      0.00    42.48     0  12:14           0     0.00752      11.767
  J03235013            JUNCTION      0.00   342.66     0  12:14           0        4.92       0.049
  J03235014            JUNCTION      0.00     0.00     0  00:00           0           0       0.000 ltr
  J03235018            JUNCTION      0.00    15.82     0  12:14           0       0.937       0.143
  J03235019            JUNCTION      0.00   340.75     0  12:14           0        4.92       0.032
  J03235024            JUNCTION      0.00    25.43     0  12:13           0    0.000561      -0.626
  J03235029            JUNCTION      0.00    26.58     0  12:14           0    0.000658      -3.278
  J03235031            JUNCTION      0.00   340.71     0  12:14           0        4.92       0.029
  J03235032            JUNCTION      0.00    22.11     0  12:13           0    0.000383      -2.978
  J03235041            JUNCTION      0.00    11.89     0  12:15           0       0.935       0.057
  J03235042            JUNCTION      0.00     0.00     0  00:00           0           0       0.000 ltr
  J03235045            JUNCTION      0.00    23.93     0  12:13           0    0.000811       6.711
  J03235046            JUNCTION      0.00    40.38     0  12:13           0       0.002      -2.986
  J03235049            JUNCTION      0.00   340.82     0  12:14           0        4.92       0.009
  J03235051            JUNCTION      0.00    11.12     0  12:15           0       0.933       0.008
  J03235052            JUNCTION      0.00     0.00     0  00:00           0           0       0.000 ltr
  J03235056            JUNCTION      0.00    17.45     0  12:12           0    0.000495      -6.278
  J03235058            JUNCTION      0.00   340.80     0  12:14           0        4.92      -0.001
  J03235068            JUNCTION      0.00     0.00     0  00:00           0           0       0.000 ltr
  J03235069            JUNCTION      0.00     6.71     0  12:14           0       0.933       0.009
  J03235075            JUNCTION      0.00   368.05     0  14:41           0        5.19       0.006
  J03235080            JUNCTION      0.00   586.72     0  14:28           0        7.01       0.007
  J03235081            JUNCTION      5.40     5.40     0  00:00       0.933       0.933       0.004
  J03235088            JUNCTION   2304.70  2304.70     0  14:00        15.3        15.3       0.002
  J03260024            JUNCTION      0.00   482.30     0  12:19           0         5.3       0.497
  J03260025            JUNCTION      0.00     0.00     0  00:00           0           0       0.000 ltr
  J03260026            JUNCTION      0.00   476.66     0  12:34           0        5.19       0.582
  J03260027            JUNCTION      0.00     0.00     0  00:00           0           0       0.000 ltr
  J03260028            JUNCTION      0.00     0.00     0  00:00           0           0       0.000 ltr
  J03260029            JUNCTION      0.00   489.72     0  12:34           0        5.16       0.553
  J03260030            JUNCTION      0.00     0.00     0  00:00           0           0       0.000 ltr
  J03260031            JUNCTION      0.00     0.00     0  00:00           0           0       0.000 ltr
  J03260032            JUNCTION      0.00    12.45     0  12:29           0     0.00686       3.601
  J03260033            JUNCTION      0.00   496.73     0  12:34           0        5.14       0.752
  J03260034            JUNCTION      0.00     0.00     0  00:00           0           0       0.000 ltr
  J03260038            JUNCTION      0.00   495.48     0  12:34           0        5.09       0.523
  J03260041            JUNCTION      0.00   495.46     0  12:34           0        5.07       0.619
  J03260047            JUNCTION      2.80     2.80     0  00:00       0.484       0.484       0.017
  J03260048            JUNCTION      0.00   369.63     0  12:50           0        4.14       0.926
  J03260049            JUNCTION      0.00     0.00     0  00:00           0           0       0.000 ltr
  J03260050            JUNCTION      0.00     0.00     0  00:00           0           0       0.000 ltr
  J03260051            JUNCTION      0.00   360.67     0  12:50           0        4.06       0.894
  J03260052            JUNCTION      0.00     0.00     0  00:00           0           0       0.000 ltr
  J03260054            JUNCTION      0.00   431.70     0  12:49           0        12.7       0.304
  J03260055            JUNCTION      0.00     0.00     0  00:00           0           0       0.000 ltr
  J03260058            JUNCTION      0.00     0.00     0  00:00           0           0       0.000 ltr
  J03260059            JUNCTION      0.00   428.18     0  12:49           0        12.7      -0.052
  J03260060            JUNCTION      0.00     0.00     0  00:00           0           0       0.000 ltr
  J03260061            JUNCTION      0.00     0.00     0  00:00           0           0       0.000 ltr
  J03260062            JUNCTION      0.00     0.00     0  00:00           0           0       0.000 ltr
  J03260063            JUNCTION      0.00   353.08     0  12:49           0        3.99       0.023
  J03260064            JUNCTION      0.00     0.00     0  00:00           0           0       0.000 ltr
  J03260065            JUNCTION      0.00   354.71     0  12:49           0        3.99       0.011
  J03260066            JUNCTION      0.00   353.46     0  12:49           0        3.99       0.025
  J03260067            JUNCTION      0.00     0.00     0  00:00           0           0       0.000 ltr
  J03260075            JUNCTION      2.80   360.02     0  12:48       0.484        4.45       0.024
  J03260076            JUNCTION      0.00     0.00     0  00:00           0           0       0.000 ltr
  J03260077            JUNCTION      0.00     0.00     0  00:00           0           0       0.000 ltr
  J03260079            JUNCTION      0.00     0.00     0  00:00           0           0       0.000 ltr
  J03260080            JUNCTION      0.00     0.00     0  00:00           0           0       0.000 ltr
  J03260081            JUNCTION      0.00     0.00     0  00:00           0           0       0.000 ltr
  J03260082            JUNCTION      0.00     0.00     0  00:00           0           0       0.000 ltr
  J03260085            JUNCTION      0.00     0.00     0  00:00           0           0       0.000 ltr
  J03260086            JUNCTION      0.00     0.00     0  00:00           0           0       0.000 ltr
  J03260087            JUNCTION      0.00     0.00     0  00:00           0           0       0.000 ltr
  J03260088            JUNCTION      0.00   398.96     0  12:28           0        5.97       0.043
  J03260090            JUNCTION      0.00   396.96     0  12:28           0        5.97       0.022
  J03260093            JUNCTION      0.00   396.97     0  12:27           0        5.97       0.007
  J03260095            JUNCTION      0.00   397.25     0  12:27           0        5.97       0.011
  J03260097            JUNCTION      0.00   396.15     0  12:27           0        5.97       0.005
  J03260099            JUNCTION      0.00   393.73     0  13:33           0        5.97       0.003
  J03260147            JUNCTION      0.00    24.67     0  12:15           0      0.0319      10.964
  J03260148            JUNCTION      0.00    10.86     0  12:15           0    0.000998       8.627
  J03260149            JUNCTION      0.00   489.89     0  12:20           0        5.66       0.210
  J03260150            JUNCTION      0.00   490.01     0  12:20           0         5.6       0.043
  J03260151            JUNCTION      0.00   451.44     0  12:16           0        4.47       0.208
  J03260154            JUNCTION      0.00   465.18     0  12:16           0        4.47       0.150
  J03260156            JUNCTION      0.00   465.20     0  12:16           0        4.48       0.071
  J03260157            JUNCTION      0.00   465.26     0  12:16           0        4.48       0.061
  J03260159            JUNCTION      0.00   465.55     0  12:16           0        4.48       0.033
  J03260160            JUNCTION      0.00     3.99     0  12:12           0    0.000496       0.007
  J03260161            JUNCTION      0.00   465.21     0  12:16           0        4.48       0.063
  J03260162            JUNCTION      0.00   465.23     0  12:16           0        4.49       0.124
  J03260164            JUNCTION      0.00   465.26     0  12:16           0        4.49       0.136
  J03260166            JUNCTION      0.00   465.36     0  12:16           0         4.5       0.140
  J03260167            JUNCTION      0.00     0.73     0  12:10           0     0.00181      33.650
  J03260170            JUNCTION      0.00   465.26     0  12:16           0        4.51       0.160
  J03260171            JUNCTION      0.00   773.59     0  12:24           0        7.27       0.093
  J03260172            JUNCTION      0.00   775.94     0  12:58           0        7.28       0.015
  J03260174            JUNCTION   1766.02  1766.02     0  14:00          12          12       0.006
  J03260401            JUNCTION      0.00     3.45     0  12:25           0    0.000758       4.840
  J03260403            JUNCTION      0.00   145.66     0  12:26           0        1.24       0.002
  J03260404            JUNCTION      0.00   128.51     0  12:26           0        1.24       0.003
  J03260405            JUNCTION      0.00   128.79     0  12:26           0        1.24      -0.001
  J03260406            JUNCTION      0.00     0.00     0  00:00           0           0       0.000 ltr
  J03260407            JUNCTION      0.00   126.43     0  13:31           0        1.24       0.007
  J03260408            JUNCTION      0.00   126.25     0  13:31           0        1.24      -0.010
  J03260409            JUNCTION      0.00     0.00     0  00:00           0           0       0.000 ltr
  J03260410            JUNCTION      0.00   126.27     0  13:31           0        1.24       0.017
  J03260411            JUNCTION      0.00     0.00     0  00:00           0           0       0.000 ltr
  J03260412            JUNCTION      0.00   126.12     0  13:31           0        1.24      -0.002
  J03260413            JUNCTION      0.00     0.00     0  00:00           0           0       0.000 ltr
  J03260414            JUNCTION      0.00   126.23     0  13:30           0        1.24      -0.003
  J03260415            JUNCTION      0.00     0.00     0  00:00           0           0       0.000 ltr
  J03260416            JUNCTION      0.00   126.26     0  13:30           0        1.24      -0.000
  J03260417            JUNCTION      0.00   126.33     0  13:30           0        1.24       0.001
  J03260418            JUNCTION      0.00   126.57     0  13:30           0        1.24       0.006
  J03260419            JUNCTION      0.00     0.00     0  00:00           0           0       0.000 ltr
  J03260421            JUNCTION      0.00   126.24     0  13:30           0        1.24      -0.003
  J03260422            JUNCTION      0.00   126.76     0  13:29           0        1.24       0.045
  J03260424            JUNCTION      0.00   164.16     0  12:17           0         1.5       0.007
  J03260425            JUNCTION      0.00   164.63     0  12:17           0        1.35       0.003
  J03260426            JUNCTION      0.00   494.53     0  12:17           0        5.87       0.007
  J03260427            JUNCTION      0.00   493.27     0  12:17           0        5.87       0.004
  J03260429            JUNCTION      0.00   493.59     0  12:17           0        5.88       0.063
  J03260431            JUNCTION   1774.67  1774.67     0  14:00        11.8        11.8       0.001
  J03260532            JUNCTION      0.00    40.30     0  12:22           0      0.0076       0.777
  J03260533            JUNCTION      0.00    74.85     0  12:22           0      0.0158      -0.019
  J03260534            JUNCTION      0.00     0.00     0  00:00           0           0       0.000 ltr
  J03260536            JUNCTION      0.00   269.61     0  14:25           0         4.9       0.008
  J03260538            JUNCTION      0.00   277.51     0  13:34           0        4.75       0.004
  J03260539            JUNCTION      0.00     0.00     0  00:00           0           0       0.000 ltr
  J03260541            JUNCTION      0.00   269.34     0  13:00           0        4.75       0.005
  J03260542            JUNCTION      0.00   270.30     0  13:00           0        4.75       0.012
  J03260544            JUNCTION      0.00     0.00     0  00:00           0           0       0.000 ltr
  J03260546            JUNCTION      0.00   268.53     0  13:09           0        4.75       0.010
  J03260547            JUNCTION      0.00     0.00     0  00:00           0           0       0.000 ltr
  J03260548            JUNCTION      0.00   272.15     0  12:23           0        4.75       0.006
  J03260550            JUNCTION      0.00     0.00     0  00:00           0           0       0.000 ltr
  J03260551            JUNCTION      0.00   277.78     0  12:24           0        4.75       0.006
  J03260555            JUNCTION      0.00     0.00     0  00:00           0           0       0.000 ltr
  J03260558            JUNCTION      0.00     2.52     0  12:19           0     0.00197      51.833
  J03260559            JUNCTION      0.00     7.58     0  12:23           0     0.00632      32.145
  J03260560            JUNCTION      0.00   275.87     0  12:24           0        4.75       0.014
  J03260561            JUNCTION      0.00   277.90     0  12:24           0        4.74       0.015
  J03260562            JUNCTION      0.00     0.00     0  00:00           0           0       0.000 ltr
  J03260564            JUNCTION      0.00   285.85     0  12:24           0        4.74       0.016
  J03260566            JUNCTION      0.00   293.05     0  12:24           0        4.74       0.008
  J03260567            JUNCTION      0.00     0.00     0  00:00           0           0       0.000 ltr
  J03260568            JUNCTION      0.00   296.86     0  12:25           0        4.74       0.010
  J03260569            JUNCTION      0.00     0.00     0  00:00           0           0       0.000 ltr
  J03260571            JUNCTION      0.00   298.66     0  12:25           0        4.74       0.006
  J03260572            JUNCTION      0.00     0.00     0  00:00           0           0       0.000 ltr
  J03260574            JUNCTION      0.00   287.99     0  12:25           0        4.74       0.055
  J03260575            JUNCTION      0.00     0.00     0  00:00           0           0       0.000 ltr
  J03260577            JUNCTION      0.00   292.16     0  12:25           0        4.74       0.029
  J03260578            JUNCTION      0.00     0.00     0  00:00           0           0       0.000 ltr
  J03261001            JUNCTION      0.00     0.00     0  00:00           0           0       0.000 ltr
  J03261009            JUNCTION      0.00   120.09     0  12:26           0       0.112      28.151
  J03261010            JUNCTION      0.00    29.60     0  12:32           0     0.00403       0.001
  J03261011            JUNCTION      0.00    60.50     0  12:32           0     0.00513      28.348
  J03261012            JUNCTION      0.00     0.00     0  00:00           0           0       0.000 ltr
  J03261013            JUNCTION      0.00    30.99     0  12:32           0     0.00337       0.002
  J03261014            JUNCTION      0.00    53.39     0  12:32           0      0.0439      63.069
  J03261015            JUNCTION      0.00     9.76     0  12:30           0     0.00208      -0.124
  J03262001            JUNCTION      0.00   810.48     0  12:50           0        7.57       0.480
  J03262003            JUNCTION      0.00     0.00     0  00:00           0           0       0.000 ltr
  J03262004            JUNCTION      0.00     0.00     0  00:00           0           0       0.000 ltr
  J03262008            JUNCTION      0.00     0.00     0  00:00           0           0       0.000 ltr
  J03262029            JUNCTION      0.00     0.00     0  00:00           0           0       0.000 ltr
  J03262030            JUNCTION      0.00     0.00     0  00:00           0           0       0.000 ltr
  J03262031            JUNCTION      0.00   375.80     0  12:50           0        3.73       0.990
  J03262068            JUNCTION      0.00     0.00     0  00:00           0           0       0.000 ltr
  J03262069            JUNCTION      0.00     0.00     0  00:00           0           0       0.000 ltr
  J03262070            JUNCTION      0.00     0.00     0  00:00           0           0       0.000 ltr
  J03262073            JUNCTION      0.00     0.00     0  00:00           0           0       0.000 ltr
  J03262074            JUNCTION      0.00     0.00     0  00:00           0           0       0.000 ltr
  J03262075            JUNCTION      0.00     0.00     0  00:00           0           0       0.000 ltr
  J03262076            JUNCTION      0.00     0.00     0  00:00           0           0       0.000 ltr
  J03262078            JUNCTION      0.00     0.00     0  00:00           0           0       0.000 ltr
  J03262079            JUNCTION      0.00     0.00     0  00:00           0           0       0.000 ltr
  J03262080            JUNCTION      0.00     0.00     0  00:00           0           0       0.000 ltr
  J03262083            JUNCTION      0.00     0.00     0  00:00           0           0       0.000 ltr
  J03262093            JUNCTION      0.00     0.00     0  00:00           0           0       0.000 ltr
  J03262094            JUNCTION      0.00     0.00     0  00:00           0           0       0.000 ltr
  J03262095            JUNCTION      0.00     0.00     0  00:00           0           0       0.000 ltr
  J03262096            JUNCTION      0.00     0.00     0  00:00           0           0       0.000 ltr
  J03262097            JUNCTION      0.00     0.00     0  00:00           0           0       0.000 ltr
  J03262098            JUNCTION      0.00     0.00     0  00:00           0           0       0.000 ltr
  J03262099            JUNCTION      0.00     0.00     0  00:00           0           0       0.000 ltr
  J03262100            JUNCTION      0.00     0.00     0  00:00           0           0       0.000 ltr
  J03262101            JUNCTION      0.00     0.00     0  00:00           0           0       0.000 ltr
  J03262102            JUNCTION      0.00     0.00     0  00:00           0           0       0.000 ltr
  J03262106            JUNCTION      0.00     0.00     0  00:00           0           0       0.000 ltr
  J03262113            JUNCTION      0.00     0.00     0  00:00           0           0       0.000 ltr
  J03262114            JUNCTION      0.00     0.00     0  00:00           0           0       0.000 ltr
  J03262119            JUNCTION      0.00     0.00     0  00:00           0           0       0.000 ltr
  J03262120            JUNCTION      0.00     0.00     0  00:00           0           0       0.000 ltr
  J03262121            JUNCTION      0.00     0.00     0  00:00           0           0       0.000 ltr
  J03262126            JUNCTION      0.00     0.00     0  00:00           0           0       0.000 ltr
  J03262127            JUNCTION      0.00     0.00     0  00:00           0           0       0.000 ltr
  J03262128            JUNCTION      0.00     0.00     0  00:00           0           0       0.000 ltr
  J03262795            JUNCTION      0.00   122.07     0  12:33           0       0.941       0.029
  J03263001            JUNCTION      0.00   337.30     0  12:29           0        4.34      -0.000
  J03263002            JUNCTION      0.00   320.70     0  12:25           0        4.34       0.001
  J03263004            JUNCTION      0.00   146.80     0  12:33           0       0.964       1.031
  J03263005            JUNCTION      0.00   126.47     0  12:34           0        0.94      -0.029
  J03263007            JUNCTION      0.00   320.69     0  12:25           0        4.34       0.006
  J03263010            JUNCTION      0.00   320.68     0  12:25           0        4.34       0.005
  J03263011            JUNCTION      0.00    43.15     0  12:31           0     0.00315       0.062
  J03263012            JUNCTION      0.00   124.01     0  12:34           0       0.939       0.031
  J03263015            JUNCTION      0.00   123.95     0  12:33           0       0.941       0.095
  J03263016            JUNCTION      0.00   461.49     0  12:19           0        5.29       0.268
  J03263017            JUNCTION      0.00   320.70     0  12:25           0        4.34       0.011
  J03263018            JUNCTION      0.00   320.72     0  12:27           0        4.34       0.001
  J03263024            JUNCTION      0.00   320.82     0  12:27           0        4.34       0.002
  J03263039            JUNCTION      0.00   320.80     0  12:25           0        4.35       0.264
  J03263049            JUNCTION      0.00   122.01     0  12:34           0       0.943       0.087
  J03263052            JUNCTION      0.00   320.80     0  12:25           0        4.37       0.485
  J03263053            JUNCTION      0.00   122.16     0  12:34           0       0.945       0.059
  J03263054            JUNCTION      0.00   122.36     0  12:34           0       0.943       0.017
  J03263057            JUNCTION      0.00     9.21     0  12:15           0    0.000408      -3.902
  J03263058            JUNCTION      0.00   320.81     0  12:27           0         4.4       0.587
  J03263061            JUNCTION      0.00   122.24     0  12:32           0       0.942      -0.008
  J03263063            JUNCTION      0.00   126.39     0  12:18           0       0.944       0.019
  J03263075            JUNCTION      0.00   437.26     0  12:27           0        5.36       0.297
  J03263078            JUNCTION      0.00   122.47     0  12:32           0       0.944       0.021
  J03263079            JUNCTION      0.00   122.37     0  12:32           0       0.942       0.015
  J03263080            JUNCTION      0.00   437.30     0  12:28           0        5.37       0.118
  J03263081            JUNCTION      0.00     1.04     0  12:22           0    0.000228       0.023
  J03263082            JUNCTION      0.00     9.41     0  12:13           0     0.00214       5.006
  J03264861            JUNCTION      0.00     0.00     0  00:00           0           0       0.000 ltr
  J03264862            JUNCTION      0.00     0.00     0  00:00           0           0       0.000 ltr
  J03264872            JUNCTION      0.00   126.54     0  14:20           0        1.24       0.002
  J03264875            JUNCTION      0.00     0.00     0  00:00           0           0       0.000 ltr
  J03264876            JUNCTION      0.00   126.53     0  14:19           0        1.24       0.006
  J03264882            JUNCTION      0.00   126.54     0  14:20           0        1.26       0.016
  J03264883            JUNCTION      0.00   126.55     0  14:28           0        1.24      -0.009
  J03264891            JUNCTION      0.00   101.39     0  12:21           0     0.00188      11.101
  J03264892            JUNCTION      0.00    31.19     0  12:21           0    0.000858      66.068
  J03264894            JUNCTION      0.00   127.72     0  12:45           0        1.24       0.070
  J03264900            JUNCTION      0.00    39.25     0  12:16           0     0.00127       0.012
  J03264960            JUNCTION      0.00   157.77     0  12:20           0        2.01       0.552
  J03264964            JUNCTION      0.00     3.81     0  12:11           0     0.00341      19.916
  J03265000            JUNCTION      0.00     0.00     0  00:00           0           0       0.000 ltr
  J03265001            JUNCTION      0.00     0.00     0  00:00           0           0       0.000 ltr
  J03266226            JUNCTION      0.00   122.45     0  12:32           0       0.942       0.025
  J03266227            JUNCTION      0.00   122.43     0  12:32           0       0.942       0.000
  J03266669            JUNCTION      0.00   333.52     0  12:20           0        3.57       0.098
  J03266670            JUNCTION      0.00    49.87     0  12:16           0      0.0466       8.187
  J03266695            JUNCTION      0.00     0.00     0  00:00           0           0       0.000 ltr
  J03266696            JUNCTION      0.00     0.00     0  00:00           0           0       0.000 ltr
  J03266698            JUNCTION      0.00     0.00     0  00:00           0           0       0.000 ltr
  J03266706            JUNCTION      0.00     0.00     0  00:00           0           0       0.000 ltr
  J03266707            JUNCTION      0.00   268.92     0  14:32           0        4.64       0.004
  J03351040            JUNCTION      0.00   126.68     0  14:03           0        1.24       0.003
  J03351041            JUNCTION      0.00     0.00     0  00:00           0           0       0.000 ltr
  J03351042            JUNCTION      0.00   127.30     0  13:52           0        1.24      -0.005
  J03351044            JUNCTION      0.00   126.56     0  14:18           0        1.24       0.048
  J03351046            JUNCTION      0.00   126.54     0  14:18           0        1.24      -0.003
  J03351047            JUNCTION      0.00     0.00     0  00:00           0           0       0.000 ltr
  J03351048            JUNCTION      0.00     0.00     0  00:00           0           0       0.000 ltr
  J03351049            JUNCTION      0.00   126.54     0  14:19           0        1.24      -0.003
  J03351051            JUNCTION      0.00   126.57     0  14:04           0        1.24      -0.018
  J03351053            JUNCTION      0.00     0.18     0  12:42           0    0.000131       0.035
  J03351056            JUNCTION      0.00   126.53     0  14:20           0        1.24       0.083
  J03351058            JUNCTION      0.00   126.55     0  14:10           0        1.24       0.018
  J03351067            JUNCTION      0.00   126.53     0  14:19           0        1.24      -0.022
  J03351068            JUNCTION      0.00   126.53     0  14:19           0        1.24       0.039
  J03351070            JUNCTION      0.00     0.00     0  00:00           0           0       0.000 ltr
  J03351071            JUNCTION      0.00     0.00     0  00:00           0           0       0.000 ltr
  J03351072            JUNCTION      0.00   126.53     0  14:20           0        1.24      -0.016
  J03351075            JUNCTION      0.00   126.53     0  14:20           0        1.25       0.068
  J03351076            JUNCTION      0.00   126.54     0  14:20           0        1.27       0.049
  J03351078            JUNCTION      0.00   126.55     0  14:28           0        1.24      -0.002
  J03351080            JUNCTION      0.00   126.53     0  14:28           0        1.24       0.010
  J03351083            JUNCTION      0.00   126.68     0  13:45           0        1.24       0.045
  J03351085            JUNCTION      0.00     0.23     0  14:36           0     0.00019       0.022
  J03351086            JUNCTION      0.00     0.00     0  00:00           0           0       0.000 ltr
  J03351087            JUNCTION      0.00   126.62     0  14:28           0        1.24       0.020
  J03351089            JUNCTION      0.00   126.76     0  14:31           0        1.24      -0.052
  J03351092            JUNCTION      0.00   144.99     0  12:21           0        1.25       0.627
  J03351093            JUNCTION      0.00    39.54     0  12:21           0     0.00177      28.780
  J03351094            JUNCTION      0.00   126.65     0  14:31           0        1.24       0.077
  J03351095            JUNCTION      0.00     0.00     0  00:00           0           0       0.000 ltr
  J03351097            JUNCTION      0.00   138.08     0  12:31           0        1.25      -0.022
  J03352001            JUNCTION      0.00   142.51     0  14:51           0        3.41       0.009
  J03352003            JUNCTION      0.00   142.42     0  14:51           0        3.41       0.012
  J03352004            JUNCTION      0.00   142.20     0  14:49           0        3.41       0.048
  J03352005            JUNCTION      0.00   142.19     0  14:49           0        3.41       0.037
  J03352007            JUNCTION      0.00   142.19     0  14:49           0        3.41       0.016
  J03352009            JUNCTION      0.00   142.46     0  12:23           0        3.41       0.001
  J03352010            JUNCTION      0.00     0.00     0  00:00           0           0       0.000 ltr
  J03352011            JUNCTION      0.00   142.78     0  12:23           0        3.42       0.027
  J03352013            JUNCTION      0.00     0.00     0  00:00           0           0       0.000 ltr
  J03352014            JUNCTION      0.00   143.09     0  12:23           0        3.42       0.013
  J03352015            JUNCTION      0.00     0.00     0  00:00           0           0       0.000 ltr
  J03352016            JUNCTION      0.00   143.33     0  12:23           0        3.42       0.011
  J03352017            JUNCTION      0.00   143.72     0  12:23           0        3.42       0.091
  J03352018            JUNCTION      0.00     0.00     0  00:00           0           0       0.000 ltr
  J03352026            JUNCTION      0.00   144.41     0  12:20           0        3.42       0.036
  J03352027            JUNCTION      0.00     0.00     0  00:00           0           0       0.000 ltr
  J03352028            JUNCTION      0.00   144.64     0  12:15           0        3.42       0.008
  J03352029            JUNCTION      0.00   149.44     0  12:15           0        3.42       0.005
  J03352030            JUNCTION      0.00     0.00     0  00:00           0           0       0.000 ltr
  J03352031            JUNCTION      0.00   154.51     0  12:15           0        3.42       0.011
  J03352032            JUNCTION      0.00     0.00     0  00:00           0           0       0.000 ltr
  J03352033            JUNCTION      0.00   166.19     0  12:15           0        3.42       0.010
  J03352034            JUNCTION      0.00     0.00     0  00:00           0           0       0.000 ltr
  J03352035            JUNCTION      0.00   173.43     0  12:15           0        3.42      -0.001
  J03352036            JUNCTION      0.00     0.00     0  00:00           0           0       0.000 ltr
  J03352037            JUNCTION      0.00   177.40     0  12:15           0        3.42       0.011
  J03352038            JUNCTION      0.00     0.00     0  00:00           0           0       0.000 ltr
  J03352039            JUNCTION      0.00     1.48     0  12:17           0    0.000228       0.018
  J03352041            JUNCTION      0.00   179.17     0  12:15           0        3.42       0.006
  J03352042            JUNCTION      0.00     0.00     0  00:00           0           0       0.000 ltr
  J03352043            JUNCTION      0.00   249.19     0  12:15           0         4.6       0.010
  J03352045            JUNCTION      0.00    75.77     0  12:38           0        1.17      -0.000
  J03352046            JUNCTION      0.00     0.00     0  00:00           0           0       0.000 ltr
  J03352144            JUNCTION      0.00   178.44     0  12:15           0        3.42       0.006
  J03355147            JUNCTION      0.00   126.54     0  14:18           0        1.24      -0.001
  J03380002            JUNCTION      0.00  1283.18     0  14:00           0        10.8       0.057
  J03380007            JUNCTION      0.00  1283.17     0  14:00           0        10.9       0.066
  J03380010            JUNCTION      0.00  1283.18     0  14:00           0        10.9       0.106
  J03380014            JUNCTION      0.00  1283.17     0  14:00           0        10.9       0.088
  J03380016            JUNCTION      0.00  1283.16     0  14:00           0        10.9       0.020
  J03380018            JUNCTION      0.00     0.00     0  00:00           0           0       0.000 ltr
  J03380025            JUNCTION      0.00  1283.16     0  14:00           0        10.9       0.066
  J03380029            JUNCTION      0.00  1283.16     0  14:00           0        10.9       0.040
  J03380032            JUNCTION      0.00  1283.18     0  14:00           0        10.9       0.037
  J03380033            JUNCTION      0.00     0.00     0  00:00           0           0       0.000 ltr
  J03380034            JUNCTION      0.00     0.00     0  00:00           0           0       0.000 ltr
  J03380037            JUNCTION      0.00   528.67     0  13:59           0        3.71       0.001
  J03380040            JUNCTION      0.00  1283.35     0  13:59           0        10.9       0.007
  J03380042            JUNCTION      0.00   766.03     0  14:01           0        7.19       0.035
  J03380046            JUNCTION      0.00     0.00     0  00:00           0           0       0.000 ltr
  J03380047            JUNCTION      0.00   754.74     0  14:00           0        7.19       0.004
  J03380053            JUNCTION      0.00   754.77     0  13:59           0        7.19       0.042
  J03380055            JUNCTION      0.00     0.00     0  00:00           0           0       0.000 ltr
  J03380056            JUNCTION      0.00   755.58     0  13:45           0         7.2       0.070
  J03380057            JUNCTION      0.00   757.28     0  13:44           0        7.21       0.027
  J03380058            JUNCTION      0.00   260.52     0  14:04           0        3.68      -0.001
  J03380060            JUNCTION      0.00   249.98     0  14:28           0        3.68       0.016
  J03380065            JUNCTION      0.00   250.01     0  14:03           0        3.68       0.034
  J03380071            JUNCTION      0.00   249.99     0  14:03           0        3.68       0.012
  J03380073            JUNCTION      0.00   249.96     0  13:58           0        3.68       0.023
  J03380075            JUNCTION      0.00   249.95     0  14:08           0        3.68       0.003
  J03380076            JUNCTION      0.00   249.95     0  14:03           0        3.68       0.001
  J03380077            JUNCTION      0.00   249.99     0  13:55           0        3.68       0.005
  J03380079            JUNCTION      0.00   249.97     0  14:07           0        3.68       0.047
  J03380081            JUNCTION      0.00   250.01     0  14:03           0        3.69       0.027
  J03380083            JUNCTION      0.00   250.09     0  13:54           0        3.69      -0.012
  J03380085            JUNCTION      0.00   250.47     0  13:22           0        3.69       0.022
  J03380088            JUNCTION      0.00   370.94     0  13:33           0        4.84       0.075
  J03380089            JUNCTION      0.00   370.65     0  13:32           0         4.5       0.030
  J03380092            JUNCTION      0.00   370.50     0  13:32           0        4.51       0.042
  J03380095            JUNCTION      0.00   370.68     0  13:32           0        4.51       0.011
  J03380096            JUNCTION      0.00   370.69     0  13:32           0        4.51       0.048
  J03380098            JUNCTION      0.00   370.67     0  13:32           0        4.51       0.009
  J03380100            JUNCTION      0.00   371.22     0  13:32           0        4.51       0.023
  J03380102            JUNCTION      0.00   371.45     0  13:32           0        4.51       0.007
  J03380104            JUNCTION      0.00   371.41     0  13:32           0        4.51       0.011
  J03380106            JUNCTION      0.00   371.41     0  13:32           0        4.51       0.023
  J03380109            JUNCTION      0.00   371.35     0  13:32           0        4.51       0.002
  J03380113            JUNCTION      0.00   371.46     0  13:31           0        4.51       0.000
  J03380117            JUNCTION      0.00   371.88     0  12:27           0        4.51       0.008
  J03380120            JUNCTION      0.00   371.87     0  13:31           0        4.52       0.091
  J03380124            JUNCTION      0.00   373.53     0  12:26           0        4.52       0.007
  J03380127            JUNCTION      0.00   373.11     0  12:26           0        4.52       0.006
  J03380129            JUNCTION      0.00   377.48     0  12:19           0        4.52       0.005
  J03380131            JUNCTION      0.00   379.57     0  12:18           0        4.52       0.005
  J03380136            JUNCTION      0.00   380.75     0  12:26           0        4.52      -0.002
  J03380137            JUNCTION      0.00   402.06     0  12:18           0        4.52       0.006
  J03380142            JUNCTION      0.00   378.36     0  12:25           0        4.52       0.006
  J03380145            JUNCTION      0.00   373.36     0  12:26           0        4.52       0.006
  J03380148            JUNCTION      0.00   372.60     0  13:30           0        4.52       0.002
  J03380152            JUNCTION      0.00   375.63     0  12:24           0        4.52       0.006
  J03380155            JUNCTION      0.00   372.51     0  13:30           0        4.52       0.003
  J03380159            JUNCTION      0.00   372.01     0  13:30           0        4.52       0.001
  J03380162            JUNCTION      0.00   371.37     0  13:29           0        4.52       0.003
  J03380165            JUNCTION      0.00   371.68     0  13:29           0        4.52       0.006
  J03380166            JUNCTION      0.00   371.17     0  13:13           0        4.52       0.004
  J03380170            JUNCTION      0.00   370.95     0  13:29           0        4.52       0.005
  J03380173            JUNCTION      0.00   494.06     0  12:17           0        5.87       0.002
  J03380175            JUNCTION      2.20     2.20     0  00:00        0.38        0.38       0.019
  J03380177            JUNCTION      0.00     2.20     0  02:25           0        0.38       0.009
  J03380178            JUNCTION      0.00     2.20     0  07:30           0        0.38       0.212
  J03380180            JUNCTION      0.00     0.00     0  00:00           0           0       0.000 ltr
  J03380182            JUNCTION      0.00     2.20     0  16:10           0       0.379       0.019
  J03380184            JUNCTION      0.00     2.20     0  16:31           0       0.379       0.034
  J03380186            JUNCTION      0.00     2.20     0  14:28           0       0.379       0.028
  J03380188            JUNCTION      0.00     2.20     0  14:29           0       0.379       0.011
  J03380190            JUNCTION      0.00     2.20     0  00:35           0       0.379       0.043
  J03380195            JUNCTION      0.00     2.20     0  00:40           0       0.379       0.151
  J03380197            JUNCTION      0.00     2.20     0  15:10           0       0.378       0.021
  J03380198            JUNCTION      0.00     0.00     0  00:00           0           0       0.000 ltr
  J03380199            JUNCTION      0.00     2.20     0  12:09           0       0.378       0.216
  J03380200            JUNCTION      0.00     0.00     0  00:00           0           0       0.000 ltr
  J03380201            JUNCTION      0.00     2.43     0  14:31           0       0.377       0.044
  J03380203            JUNCTION      0.00     0.00     0  00:00           0           0       0.000 ltr
  J03380204            JUNCTION      0.00     0.00     0  00:00           0           0       0.000 ltr
  J03380206            JUNCTION      0.00     0.00     0  00:00           0           0       0.000 ltr
  J03380207            JUNCTION      0.00     2.54     0  14:30           0       0.377       0.024
  J03380209            JUNCTION      0.00     3.40     0  12:25           0       0.377       0.081
  J03380210            JUNCTION      0.00     0.00     0  00:00           0           0       0.000 ltr
  J03380211            JUNCTION      0.00     6.97     0  12:24           0       0.377       0.098
  J03380212            JUNCTION      0.00     0.00     0  00:00           0           0       0.000 ltr
  J03380213            JUNCTION      0.00     7.93     0  12:23           0       0.377       0.043
  J03380215            JUNCTION      0.00     6.78     0  12:23           0       0.377       0.008
  J03380218            JUNCTION      0.00    23.29     0  12:19           0        0.38       0.030
  J03380219            JUNCTION      0.00    29.55     0  12:19           0       0.383       0.011
  J03380221            JUNCTION      0.00    49.24     0  12:19           0       0.391       0.009
  J03380223            JUNCTION      0.00    63.78     0  12:18           0         0.4       0.692
  J03380224            JUNCTION      0.00     3.60     0  12:18           0     0.00245       1.462
  J03380225            JUNCTION      0.00    77.13     0  12:18           0       0.402       0.146
  J03380227            JUNCTION      0.00    84.91     0  12:18           0       0.406       0.185
  J03380228            JUNCTION      0.00    90.53     0  12:18           0        0.41       0.513
  J03380230            JUNCTION      0.00   101.56     0  12:18           0       0.415       0.202
  J03380231            JUNCTION      0.00     0.00     0  00:00           0           0       0.000 ltr
  J03380232            JUNCTION      0.00   105.73     0  12:18           0       0.421       0.598
  J03380235            JUNCTION      0.00   160.91     0  12:20           0        1.56       1.118
  J03380236            JUNCTION      0.00     4.35     0  12:13           0     0.00166      10.899
  J03380237            JUNCTION      0.00   123.85     0  14:16           0        1.16       1.009
  J03380238            JUNCTION      0.00   123.96     0  13:50           0        1.14       1.128
  J03380239            JUNCTION      0.00    56.84     0  12:17           0      0.0362       3.038
  J03380240            JUNCTION      0.00     3.50     0  12:16           0      0.0017       0.004
  J03380241            JUNCTION      0.00     3.44     0  12:19           0     0.00158       0.001
  J03380243            JUNCTION      0.00    46.90     0  12:17           0      0.0241      10.348
  J03380245            JUNCTION      0.00    32.77     0  12:17           0      0.0101      23.266
  J03380248            JUNCTION      0.00     0.00     0  00:00           0           0       0.000 ltr
  J03380252            JUNCTION      0.00     0.00     0  00:00           0           0       0.000 ltr
  J03380254            JUNCTION      0.00     0.00     0  00:00           0           0       0.000 ltr
  J03380255            JUNCTION      0.00     0.00     0  00:00           0           0       0.000 ltr
  J03380256            JUNCTION      0.00     0.00     0  00:00           0           0       0.000 ltr
  J03380258            JUNCTION      0.00     0.00     0  00:00           0           0       0.000 ltr
  J03380260            JUNCTION      0.00     0.00     0  00:00           0           0       0.000 ltr
  J03380262            JUNCTION      0.00     0.00     0  00:00           0           0       0.000 ltr
  J03380264            JUNCTION      0.00     0.00     0  00:00           0           0       0.000 ltr
  J03380265            JUNCTION      0.00    10.14     0  12:21           0     0.00494      -0.007
  J03380266            JUNCTION      0.00   755.32     0  13:47           0         7.2       0.127
  J03380267            JUNCTION      0.00     2.59     0  12:22           0    0.000933       0.186
  J03380272            JUNCTION      0.00     0.00     0  00:00           0           0       0.000 ltr
  J03380280            JUNCTION      0.00     0.00     0  00:00           0           0       0.000 ltr
  J03380281            JUNCTION      0.00     0.00     0  00:00           0           0       0.000 ltr
  J03380282            JUNCTION      0.00   755.89     0  13:46           0        7.21       0.018
  J03380284            JUNCTION      0.00     1.85     0  12:21           0     0.00126       0.041
  J03380286            JUNCTION      0.00     0.00     0  00:00           0           0       0.000 ltr
  J03380287            JUNCTION      0.00     0.00     0  00:00           0           0       0.000 ltr
  J03380288            JUNCTION      0.00     0.00     0  00:00           0           0       0.000 ltr
  J03380289            JUNCTION      0.00     0.00     0  00:00           0           0       0.000 ltr
  J03380290            JUNCTION      0.00     0.00     0  00:00           0           0       0.000 ltr
  J03380291            JUNCTION      0.00     0.00     0  00:00           0           0       0.000 ltr
  J03380292            JUNCTION      0.00     0.00     0  00:00           0           0       0.000 ltr
  J03380293            JUNCTION      0.00     0.00     0  00:00           0           0       0.000 ltr
  J03380295            JUNCTION      0.00     0.00     0  00:00           0           0       0.000 ltr
  J03380299            JUNCTION      0.00     0.00     0  00:00           0           0       0.000 ltr
  J03380301            JUNCTION      0.00     0.00     0  00:00           0           0       0.000 ltr
  J03380302            JUNCTION      0.00     0.00     0  00:00           0           0       0.000 ltr
  J03380305            JUNCTION      0.00     0.00     0  00:00           0           0       0.000 ltr
  J03380307            JUNCTION      0.00     0.00     0  00:00           0           0       0.000 ltr
  J03380310            JUNCTION      0.00     0.00     0  00:00           0           0       0.000 ltr
  J03380316            JUNCTION      0.00     0.00     0  00:00           0           0       0.000 ltr
  J03380318            JUNCTION      0.00     0.00     0  00:00           0           0       0.000 ltr
  J03380322            JUNCTION      0.00     0.00     0  00:00           0           0       0.000 ltr
  J03380323            JUNCTION      0.00     0.00     0  00:00           0           0       0.000 ltr
  J03380325            JUNCTION      0.00     0.00     0  00:00           0           0       0.000 ltr
  J03380327            JUNCTION      0.00     0.00     0  00:00           0           0       0.000 ltr
  J03380328            JUNCTION      0.00     0.00     0  00:00           0           0       0.000 ltr
  J03380331            JUNCTION      0.00     0.00     0  00:00           0           0       0.000 ltr
  J03380332            JUNCTION      0.00     0.00     0  00:00           0           0       0.000 ltr
  J03380335            JUNCTION      0.00     0.00     0  00:00           0           0       0.000 ltr
  J03380346            JUNCTION      0.00     0.00     0  00:00           0           0       0.000 ltr
  J03380349            JUNCTION      0.00     0.00     0  00:00           0           0       0.000 ltr
  J03380352            JUNCTION      0.00     0.00     0  00:00           0           0       0.000 ltr
  J03380356            JUNCTION      0.00  1283.19     0  14:00           0        10.8       0.001
  J03388007            JUNCTION      0.00  1283.21     0  13:59           0        10.8       0.292
  J03411012            JUNCTION      0.00    49.10     0  12:16           0      0.0195      17.759
  J03411013            JUNCTION      0.00    24.43     0  12:17           0     0.00039      -0.449
  J03411014            JUNCTION      0.00   489.80     0  12:20           0        5.62       0.153
  J03411015            JUNCTION      0.00    11.85     0  12:15           0    0.000405      -3.708
  J03411016            JUNCTION      0.00   332.19     0  12:20           0        3.57       0.127
  J03411017            JUNCTION      0.00    19.20     0  12:16           0    0.000421       0.349
  J03411018            JUNCTION      0.00   332.58     0  12:20           0        3.56       0.113
  J03411019            JUNCTION      0.00    38.03     0  12:16           0      0.0006      -1.816
  J03411020            JUNCTION      0.00   332.64     0  12:20           0        3.56       0.089
  J03411021            JUNCTION      0.00   263.21     0  12:23           0        2.92       0.043
  J03411079            JUNCTION      0.00   176.72     0  12:21           0        2.45       0.083
  J03411080            JUNCTION      0.00   228.66     0  12:20           0        2.64       0.498
  J03411081            JUNCTION      0.00    13.67     0  12:10           0     0.00648      74.330
  J03411083            JUNCTION      0.00   158.08     0  12:20           0        2.02       0.000
  J03464880            JUNCTION      0.00   394.41     0  12:27           0        5.97       0.004
  J06103061            JUNCTION      0.00   437.83     0  12:24           0        5.37       0.041
  J06103062            JUNCTION      0.00   263.24     0  12:23           0        2.92       0.026
  PLANT_BUFFER         STORAGE       0.00  1611.82     0  14:01           0          19       0.003
  J03260010            OUTFALL       0.00  1163.30     0  14:07           0          19       0.000
  
  
  **********************
  Node Surcharge Summary
  **********************
  
  Surcharging occurs when water rises above the top of the highest conduit.
  ---------------------------------------------------------------------
                                               Max. Height   Min. Depth
                                   Hours       Above Crown    Below Rim
  Node                 Type      Surcharged         Meters       Meters
  ---------------------------------------------------------------------
  G03160065            JUNCTION        1.70          1.270        0.000
  G03160066            JUNCTION        1.38          0.981        0.619
  J03176902            JUNCTION        2.21          0.248        1.374
  J03180001            JUNCTION       41.50          1.220        0.480
  J03180002            JUNCTION        2.48          0.514        1.086
  J03180003            JUNCTION        3.04          0.794        0.556
  J03180004            JUNCTION        3.41          0.844        0.906
  J03180005            JUNCTION        2.28          0.362        1.388
  J03180006            JUNCTION        2.65          0.689        0.781
  J03180007            JUNCTION        2.40          0.442        1.358
  J03180008            JUNCTION        2.21          0.313        1.170
  J03180009            JUNCTION        2.12          0.322        1.518
  J03180010            JUNCTION        2.21          0.233        1.257
  J03180031            JUNCTION       48.00          0.000        2.000
  J03180032            JUNCTION       48.00          0.000        2.000
  J03180116            JUNCTION        2.52          0.005        2.470
  J03189835            JUNCTION        2.86          0.097        1.403
  J03189838            JUNCTION        2.93          0.138        1.462
  J03190034            JUNCTION        2.40          0.460        0.740
  J03190039            JUNCTION        2.03          0.623        0.377
  J03190042            JUNCTION        2.12          0.502        0.498
  J03190048            JUNCTION        2.34          0.508        0.492
  J03190051            JUNCTION        2.45          0.517        0.483
  J03190055            JUNCTION        2.57          0.656        0.344
  J03190059            JUNCTION        2.11          0.502        0.298
  J03190061            JUNCTION        2.18          0.523        0.277
  J03190064            JUNCTION        2.33          0.498        0.302
  J03190067            JUNCTION        2.45          0.470        0.330
  J03190070            JUNCTION        2.56          0.489        0.311
  J03190078            JUNCTION        2.63          0.520        0.280
  J03190083            JUNCTION        2.45          0.445        0.259
  J03190094            JUNCTION        2.09          0.293        0.132
  J03190096            JUNCTION        1.95          0.931        0.569
  J03190102            JUNCTION        4.04          0.898        0.102
  J03190106            JUNCTION        4.13          0.923        0.077
  J03190107            JUNCTION        4.24          0.960        0.040
  J03190111            JUNCTION        4.35          0.997        0.003
  J03190114            JUNCTION        4.43          1.000        0.000
  J03190159            JUNCTION       44.10          0.560        1.140
  J03190161            JUNCTION       44.04          0.525        0.525
  J03190164            JUNCTION       44.06          0.539        0.541
  J03191100            JUNCTION       44.21          0.606        0.594
  J03191950            JUNCTION        2.05          0.279        0.721
  J03191983            JUNCTION        3.68          1.600        0.000
  J03192002            JUNCTION        1.49          0.217        0.983
  J03193034            JUNCTION        1.86          1.168        0.432
  J03193036            JUNCTION        1.78          0.803        0.647
  J03193037            JUNCTION        1.91          1.085        0.415
  J03193038            JUNCTION        1.87          0.962        0.528
  J03193045            JUNCTION        1.77          0.762        0.728
  J03193051            JUNCTION        1.78          0.792        0.528
  J03193057            JUNCTION        1.92          0.944        0.456
  J03193062            JUNCTION        1.95          1.008        0.492
  J03193063            JUNCTION        1.94          0.996        0.504
  J03193064            JUNCTION        1.89          0.924        0.566
  J03193078            JUNCTION        1.94          1.081        0.339
  J03193080            JUNCTION        2.17          1.500        0.000
  J03193081            JUNCTION        2.03          1.500        0.000
  J03193083            JUNCTION        2.02          1.426        0.014
  J03193085            JUNCTION        1.97          1.321        0.069
  J03193093            JUNCTION        1.57          1.002        0.398
  J03193094            JUNCTION        1.69          1.141        0.229
  J03193097            JUNCTION        1.66          1.025        0.355
  J03193099            JUNCTION        1.43          0.773        0.897
  J03193100            JUNCTION        1.53          0.878        0.382
  J03193103            JUNCTION        1.77          1.148        0.252
  J03193104            JUNCTION        1.71          1.046        0.164
  J03193105            JUNCTION        1.72          1.056        0.344
  J03193110            JUNCTION        1.70          0.909        0.481
  J03193113            JUNCTION        1.68          0.819        0.581
  J03193114            JUNCTION        1.76          1.034        0.346
  J03193117            JUNCTION        1.86          1.131        0.229
  J03193121            JUNCTION        1.67          0.805        0.595
  J03193123            JUNCTION        1.94          1.322        0.158
  J03193126            JUNCTION        1.89          1.162        0.288
  J03193127            JUNCTION        1.90          1.180        0.320
  J03193128            JUNCTION        1.90          1.199        0.001
  J03193130            JUNCTION        2.09          1.490        0.000
  J03193131            JUNCTION        2.09          1.500        0.000
  J03193137            JUNCTION        2.02          1.448        0.052
  J03193141            JUNCTION        1.94          1.328        0.142
  J03193142            JUNCTION        2.15          1.480        0.000
  J03193143            JUNCTION        2.14          1.500        0.000
  J03193145            JUNCTION        1.94          1.337        0.063
  J03193146            JUNCTION        1.97          1.377        0.023
  J03193150            JUNCTION        1.72          0.591        0.909
  J03193152            JUNCTION        2.12          1.494        0.006
  J03193154            JUNCTION        1.98          1.394        0.256
  J03193155            JUNCTION        1.98          1.395        0.305
  J03195666            JUNCTION        2.10          1.497        0.003
  J03195750            JUNCTION        1.69          1.101        0.299
  J03195943            JUNCTION       44.23          0.619        0.581
  J03195944            JUNCTION        2.14          0.519        0.281
  J03195988            JUNCTION       44.15          0.590        0.610
  J03195991            JUNCTION        4.91          1.520        0.000
  J03198004            JUNCTION        4.19          1.013        0.467
  J03198005            JUNCTION        3.98          1.490        0.000
  J03233000            JUNCTION       47.63          0.689        0.861
  J03235002            JUNCTION        2.91          0.323        0.077
  J03235003            JUNCTION        3.13          0.400        0.000
  J03235007            JUNCTION        2.59          0.413        0.247
  J03235013            JUNCTION        2.69          0.533        0.127
  J03235019            JUNCTION        2.62          0.880        0.000
  J03235024            JUNCTION        2.65          0.930        0.770
  J03235029            JUNCTION        2.62          0.883        0.817
  J03235031            JUNCTION        2.82          0.940        0.000
  J03235032            JUNCTION        2.71          1.800        0.000
  J03235045            JUNCTION        2.78          0.959        0.741
  J03235046            JUNCTION        2.74          0.858        0.612
  J03235049            JUNCTION        2.92          1.050        0.000
  J03235056            JUNCTION        2.89          1.112        0.588
  J03235058            JUNCTION        2.90          1.113        0.027
  J03235075            JUNCTION        2.93          1.120        0.000
  J03235080            JUNCTION        3.62          3.380        0.000
  J03235088            JUNCTION       47.96          4.700        0.000
  J03260032            JUNCTION        0.03          0.075        1.425
  J03260038            JUNCTION       35.57          0.780        0.380
  J03260041            JUNCTION       35.57          1.000        0.000
  J03260065            JUNCTION        1.27          0.069        1.331
  J03260087            JUNCTION       48.00          0.000        2.000
  J03260147            JUNCTION        2.38          0.412        0.448
  J03260148            JUNCTION        2.45          0.483        1.367
  J03260149            JUNCTION        2.62          0.648        0.242
  J03260150            JUNCTION        3.24          0.819        0.381
  J03260151            JUNCTION       37.74          0.946        0.444
  J03260154            JUNCTION        2.19          0.189        0.291
  J03260156            JUNCTION       37.98          1.093        0.307
  J03260157            JUNCTION        3.43          0.978        0.422
  J03260159            JUNCTION        2.52          0.654        0.426
  J03260160            JUNCTION        2.53          0.660        1.040
  J03260161            JUNCTION        3.08          0.955        0.445
  J03260162            JUNCTION        3.35          1.044        0.356
  J03260164            JUNCTION       37.48          1.195        0.165
  J03260166            JUNCTION        4.02          1.177        0.163
  J03260167            JUNCTION       37.62          1.250        0.350
  J03260170            JUNCTION        3.37          1.168        0.232
  J03260171            JUNCTION       37.98          1.360        0.000
  J03260172            JUNCTION        2.21          0.388        0.202
  J03260174            JUNCTION        2.33          0.630        0.000
  J03260406            JUNCTION       48.00          0.000        2.000
  J03260409            JUNCTION       48.00          0.000        2.000
  J03260411            JUNCTION       48.00          0.000        2.000
  J03260413            JUNCTION       48.00          0.000        2.000
  J03260415            JUNCTION       48.00          0.000        2.000
  J03260429            JUNCTION        3.79          0.449        0.851
  J03260431            JUNCTION        2.70          1.700        0.000
  J03260534            JUNCTION       48.00          0.000        2.000
  J03260550            JUNCTION       48.00          0.000        2.000
  J03260555            JUNCTION       48.00          0.000        2.000
  J03260558            JUNCTION        2.92          0.133        1.067
  J03260567            JUNCTION       48.00          0.000        2.000
  J03260569            JUNCTION       48.00          0.000        2.000
  J03260572            JUNCTION       48.00          0.000        2.000
  J03260575            JUNCTION       48.00          0.000        2.000
  J03260578            JUNCTION       48.00          0.000        2.000
  J03261009            JUNCTION        0.04          0.103        0.187
  J03261014            JUNCTION        0.01          0.196        0.034
  J03261015            JUNCTION        1.94          0.298        1.402
  J03262001            JUNCTION       35.61          1.000        0.000
  J03263002            JUNCTION        0.05          0.075        1.525
  J03263004            JUNCTION        1.94          0.153        0.837
  J03263005            JUNCTION        0.01          0.034        1.476
  J03263007            JUNCTION        2.57          0.235        1.325
  J03263010            JUNCTION        2.50          0.238        1.292
  J03263016            JUNCTION        3.70          0.340        0.660
  J03263017            JUNCTION        2.81          0.538        0.992
  J03263018            JUNCTION        2.57          0.463        1.137
  J03263024            JUNCTION        2.17          0.196        1.204
  J03263039            JUNCTION       41.03          0.994        0.006
  J03263052            JUNCTION       40.72          0.930        0.000
  J03263053            JUNCTION        2.11          0.261        1.289
  J03263057            JUNCTION        2.55          0.436        1.364
  J03263058            JUNCTION        2.65          0.462        0.098
  J03263063            JUNCTION        0.03          0.015        1.585
  J03263075            JUNCTION        3.00          0.550        0.440
  J03263078            JUNCTION        2.65          0.424        1.176
  J03263080            JUNCTION        2.76          0.567        0.503
  J03263082            JUNCTION        2.50          0.388        1.142
  J03264891            JUNCTION        3.19          1.700        0.000
  J03264892            JUNCTION       35.64          1.155        0.545
  J03264894            JUNCTION        2.47          0.043        1.457
  J03264960            JUNCTION        4.24          0.822        0.548
  J03264964            JUNCTION        3.63          0.861        0.539
  J03265001            JUNCTION       48.00          0.000        2.000
  J03266669            JUNCTION        2.37          0.365        0.715
  J03266670            JUNCTION        2.44          0.468        0.622
  J03266695            JUNCTION       48.00          0.000        2.000
  J03266696            JUNCTION       48.00          0.000        2.000
  J03266698            JUNCTION       48.00          0.000        2.000
  J03351049            JUNCTION        2.23          0.089        1.511
  J03351056            JUNCTION        2.62          1.600        0.000
  J03351067            JUNCTION        1.96          0.018        1.552
  J03351072            JUNCTION        2.40          0.084        1.476
  J03351075            JUNCTION        2.40          0.077        1.413
  J03351076            JUNCTION        2.68          1.560        0.000
  J03351080            JUNCTION        2.47          0.067        1.533
  J03351087            JUNCTION        2.38          0.034        1.546
  J03351089            JUNCTION        2.60          1.043        0.547
  J03351092            JUNCTION        4.67          0.950        0.000
  J03351093            JUNCTION        4.12          0.949        0.631
  J03352007            JUNCTION        2.75          0.040        1.560
  J03352011            JUNCTION        2.61          0.035        1.555
  J03352028            JUNCTION        3.16          0.262        1.338
  J03355147            JUNCTION        2.12          0.057        1.543
  J03380037            JUNCTION        1.84          0.790        0.810
  J03380096            JUNCTION        2.33          0.377        0.993
  J03380106            JUNCTION        2.21          0.109        1.281
  J03380120            JUNCTION        3.36          0.398        0.892
  J03380223            JUNCTION        1.83          0.015        1.155
  J03380224            JUNCTION        2.47          0.138        1.562
  J03380228            JUNCTION        2.22          0.089        1.291
  J03380232            JUNCTION        2.38          0.114        1.216
  J03380236            JUNCTION        4.11          0.350        1.450
  J03380237            JUNCTION       43.76          0.473        0.597
  J03380238            JUNCTION       43.99          0.510        0.550
  J03380255            JUNCTION       48.00          0.000        2.000
  J03411012            JUNCTION        2.17          0.341        0.539
  J03411013            JUNCTION        2.14          0.701        1.179
  J03411014            JUNCTION        2.56          0.595        0.392
  J03411015            JUNCTION        2.41          0.435        1.365
  J03411016            JUNCTION        2.45          0.427        0.773
  J03411017            JUNCTION        2.34          0.438        1.362
  J03411018            JUNCTION        2.28          0.417        0.623
  J03411019            JUNCTION        2.25          0.867        0.943
  J03411020            JUNCTION        2.51          0.431        0.119
  J03411021            JUNCTION        2.30          0.262        0.908
  J03411079            JUNCTION       39.35          0.961        0.439
  J03411080            JUNCTION        6.46          0.760        0.000
  J03411081            JUNCTION        2.69          0.570        0.430
  J03411083            JUNCTION       37.19          0.925        0.275
  J06103061            JUNCTION        2.50          0.427        0.473
  J06103062            JUNCTION        2.42          0.355        0.845
  
  
  *********************
  Node Flooding Summary
  *********************
  
  Flooding refers to all water that overflows a node, whether it ponds or not.
  --------------------------------------------------------------------------
                                                             Total   Maximum
                                 Maximum   Time of Max       Flood    Ponded
                        Hours       Rate    Occurrence      Volume     Depth
  Node                 Flooded       LPS   days hr:min    10^6 ltr    Meters
  --------------------------------------------------------------------------
  G03160065               0.46      3.28      0  13:59       0.003     0.000
  J03190114               1.76    285.51      0  12:52       1.201     0.000
  J03191983               1.29    101.02      0  12:15       0.015     0.000
  J03193080               0.01     37.95      0  12:13       0.000     0.000
  J03193081               0.01     31.35      0  12:13       0.000     0.000
  J03193130               1.37    173.82      0  13:57       0.665     0.000
  J03193131               0.01      0.08      0  12:48       0.000     0.000
  J03193142               1.52     81.29      0  13:49       0.414     0.000
  J03193143               0.01      0.12      0  12:44       0.000     0.000
  J03195991               0.01     80.27      0  12:15       0.000     0.000
  J03198005               0.01     65.37      0  12:15       0.000     0.000
  J03235003               0.01     17.28      0  12:14       0.000     0.000
  J03235019               0.01     20.71      0  12:14       0.000     0.000
  J03235031               0.01     19.13      0  12:13       0.000     0.000
  J03235032               0.01     19.36      0  12:13       0.000     0.000
  J03235049               0.01     11.71      0  12:13       0.000     0.000
  J03235075               2.55     30.66      0  12:42       0.274     0.000
  J03235080               2.49    218.67      0  14:28       1.823     0.000
  J03235088               2.17   1717.97      0  14:00       8.241     0.000
  J03260041               0.01     26.11      0  12:25       0.000     0.000
  J03260171               2.12    393.09      0  12:23       2.759     0.000
  J03260174               1.83    993.27      0  13:59       4.758     0.000
  J03260431               2.11   1282.41      0  14:00       5.920     0.000
  J03262001               3.29    810.47      0  12:50       6.329     0.000
  J03263052               0.01      2.38      0  12:17       0.000     0.000
  J03264891               0.01     49.43      0  12:21       0.000     0.000
  J03351056               0.01     12.04      0  12:17       0.000     0.000
  J03351076               0.01     30.12      0  12:19       0.000     0.000
  J03351092               0.01     63.26      0  12:21       0.000     0.000
  J03411080               2.08     54.27      0  12:20       0.166     0.000
  
  
  **********************
  Storage Volume Summary
  **********************
  
  ------------------------------------------------------------------------------------------------
                         Average    Avg   Evap  Exfil     Maximum    Max    Time of Max    Maximum
                          Volume   Pcnt   Pcnt   Pcnt      Volume   Pcnt     Occurrence    Outflow
  Storage Unit           1000 m³   Full   Loss   Loss     1000 m³   Full    days hr:min        LPS
  ------------------------------------------------------------------------------------------------
  PLANT_BUFFER             0.492    4.5    0.0    0.0       4.121   37.5       0  14:07    1163.30
  
  
  ***********************
  Outfall Loading Summary
  ***********************
  
  -----------------------------------------------------------
                         Flow       Avg       Max       Total
                         Freq      Flow      Flow      Volume
  Outfall Node           Pcnt       LPS       LPS    10^6 ltr
  -----------------------------------------------------------
  J03260010             99.77    213.90   1163.30      19.027
  -----------------------------------------------------------
  System                99.77    213.90   1163.30      19.027
  
  
  ********************
  Link Flow Summary
  ********************
  
  -----------------------------------------------------------------------------
                                 Maximum  Time of Max   Maximum    Max/    Max/
                                  |Flow|   Occurrence   |Veloc|    Full    Full
  Link                 Type          LPS  days hr:min     m/sec    Flow   Depth
  -----------------------------------------------------------------------------
  34                   CONDUIT      0.00     0  00:00      0.00    0.00    0.00
  63                   CONDUIT      0.00     0  00:00      0.00    0.00    0.00
  95                   CONDUIT     19.93     0  12:45      1.03    0.60    0.47
  100                  CONDUIT      0.00     0  00:00      0.00    0.00    0.00
  129                  CONDUIT    370.50     0  13:32      1.40    0.57    0.89
  325                  CONDUIT    330.72     0  12:48      1.67    0.16    0.31
  783                  CONDUIT      0.00     0  00:00      0.00    0.00    0.00
  832                  CONDUIT    253.22     0  12:32      0.65    0.15    1.00
  841                  CONDUIT    496.42     0  12:34      1.28    0.62    1.00
  842                  CONDUIT      0.00     0  00:00      0.00    0.00    0.00
  1612                 CONDUIT    264.53     0  14:06      1.50    0.25    0.30
  1806                 CONDUIT      0.00     0  00:00      0.00    0.00    0.00
  1941                 CONDUIT      0.00     0  00:00      0.00    0.00    0.00
  2487                 CONDUIT    528.95     0  13:58      1.87    0.48    1.00
  2488                 CONDUIT    529.31     0  13:59      1.87    0.34    1.00
  2543                 CONDUIT    263.24     0  12:23      0.52    0.10    1.00
  2627                 CONDUIT    766.03     0  14:01      1.22    0.16    0.29
  2628                 CONDUIT      0.00     0  00:00      0.00    0.00    0.00
  2629                 CONDUIT      0.00     0  00:00      0.00    0.00    0.00
  2630                 CONDUIT      0.00     0  00:00      0.00    0.00    0.00
  2631                 CONDUIT      0.00     0  00:00      0.00    0.00    0.00
  2632                 CONDUIT      0.00     0  00:00      0.00    0.00    0.00
  2649                 CONDUIT     10.86     0  12:15      1.51    0.19    1.00
  2941                 CONDUIT      0.00     0  00:00      0.00    0.00    0.01
  3101                 CONDUIT    249.40     0  12:51      0.76    0.43    1.00
  3137                 CONDUIT      0.00     0  00:00      0.00    0.00    0.00
  3147                 CONDUIT    249.95     0  14:08      1.17    0.36    0.71
  3166                 CONDUIT   1283.17     0  14:00      1.46    0.19    0.38
  3332                 CONDUIT      0.52     0  14:49      0.02    0.00    0.31
  3334                 CONDUIT     40.30     0  12:22      1.05    0.23    0.91
  3335                 CONDUIT     75.64     0  14:04      0.86    0.89    0.81
  3336                 CONDUIT      0.00     0  00:00      0.00    0.00    0.00
  3339                 CONDUIT      0.23     0  14:36      0.01    0.00    0.20
  3369                 CONDUIT     12.73     0  14:02      0.07    0.01    0.68
  3370                 CONDUIT    755.26     0  13:47      0.64    0.23    0.52
  3372                 CONDUIT      0.00     0  00:00      0.00    0.00    0.00
  3424                 CONDUIT      4.20     0  14:31      0.23    0.07    0.28
  3459                 CONDUIT      0.00     0  00:00      0.00    0.00    0.01
  3553                 CONDUIT      0.00     0  00:00      0.00    0.00    0.00
  3572                 CONDUIT      0.00     0  00:00      0.00    0.00    0.00
  3578                 CONDUIT    341.79     0  12:14      4.84    1.36    1.00
  3580                 CONDUIT      0.00     0  00:00      0.00    0.00    0.00
  3586                 CONDUIT      0.00     0  00:00      0.00    0.00    0.00
  3590                 CONDUIT      0.00     0  00:00      0.00    0.00    0.00
  3591                 CONDUIT      0.00     0  00:00      0.00    0.00    0.00
  3596                 CONDUIT      0.00     0  00:00      0.00    0.00    0.00
  3673                 CONDUIT     74.85     0  12:22      0.72    0.15    0.95
  3679                 CONDUIT    396.96     0  12:28      2.13    0.83    0.63
  3716                 CONDUIT      2.20     0  00:40      0.43    0.02    0.15
  3755                 CONDUIT      0.00     0  00:00      0.00    0.00    0.00
  3774                 CONDUIT      2.20     0  00:35      0.59    0.01    0.08
  3781                 CONDUIT    164.16     0  12:17      1.88    0.15    0.48
  3808                 CONDUIT    495.46     0  12:34      1.50    0.91    1.00
  3826                 CONDUIT    357.22     0  12:48      0.71    0.61    1.00
  3827                 CONDUIT    353.46     0  12:49      1.25    1.31    1.00
  3832                 CONDUIT    348.24     0  12:32      2.77    1.63    1.00
  3864                 CONDUIT    126.76     0  14:31      1.52    0.71    1.00
  3904                 CONDUIT      0.00     0  00:00      0.00    0.00    0.00
  4236                 CONDUIT      0.00     0  00:00      0.00    0.00    0.00
  4245                 CONDUIT     10.39     0  12:44      1.00    0.09    0.79
  4268                 CONDUIT      0.00     0  00:00      0.00    0.00    0.00
  4271                 CONDUIT      0.00     0  00:00      0.00    0.00    0.00
  4273                 CONDUIT    277.78     0  12:24      2.07    0.43    0.49
  4291                 CONDUIT    272.15     0  12:23      2.36    0.32    0.44
  4292                 CONDUIT    270.30     0  13:00      2.03    0.40    0.50
  4293                 CONDUIT      0.00     0  00:00      0.00    0.00    0.01
  4294                 CONDUIT    269.34     0  13:00      1.98    0.53    0.49
  4476                 CONDUIT    372.60     0  13:30      1.93    0.76    0.65
  4486                 CONDUIT      0.00     0  00:00      0.00    0.00    0.00
  4518                 CONDUIT     75.63     0  14:04      0.80    0.89    0.71
  4520                 CONDUIT      0.00     0  00:00      0.00    0.00    0.00
  4533                 CONDUIT    126.39     0  12:18      1.76    0.42    0.91
  4617                 CONDUIT      0.00     0  00:00      0.00    0.00    0.17
  4644                 CONDUIT     84.20     0  12:19      1.92    0.13    0.29
  4680                 CONDUIT    142.51     0  14:51      1.50    0.93    0.85
  4691                 CONDUIT     39.25     0  12:16      0.59    0.07    0.85
  4714                 CONDUIT    320.68     0  12:25      2.55    1.55    1.00
  4783                 CONDUIT    263.21     0  12:23      0.52    0.12    1.00
  4983                 CONDUIT      6.78     0  12:23      0.83    0.04    0.35
  5044                 CONDUIT    476.66     0  12:34      1.51    0.37    1.00
  5066                 CONDUIT      0.00     0  00:00      0.00    0.00    0.00
  5183                 CONDUIT      2.20     0  02:25      0.60    0.01    0.07
  5262                 CONDUIT      0.00     0  00:00      0.00    0.00    0.00
  5289                 CONDUIT      9.21     0  12:15      0.30    0.15    1.00
  5327                 CONDUIT     29.55     0  12:19      0.72    0.02    0.74
  5328                 CONDUIT      0.00     0  00:00      0.00    0.00    0.00
  5329                 CONDUIT      2.20     0  15:10      0.22    0.02    0.13
  5372                 CONDUIT    126.26     0  13:30      1.95    0.13    0.28
  5379                 CONDUIT      0.00     0  00:00      0.00    0.00    0.05
  5383                 CONDUIT    126.76     0  13:29      0.86    0.31    0.52
  5564                 CONDUIT    494.53     0  12:17      1.79    0.31    0.68
  5646                 CONDUIT      0.00     0  00:00      0.00    0.00    0.00
  5734                 CONDUIT     60.14     0  12:37      0.69    0.24    1.00
  5754                 CONDUIT      0.00     0  00:00      0.00    0.00    0.00
  5796                 CONDUIT      5.94     0  12:44      1.04    0.31    0.80
  5799                 CONDUIT      0.00     0  00:00      0.00    0.00    0.00
  5884                 CONDUIT      0.00     0  00:00      0.00    0.00    0.41
  5963                 CONDUIT   1283.20     0  14:00      0.82    0.18    0.61
  6198                 CONDUIT    508.26     0  13:59      7.15    0.46    1.00
  6200                 CONDUIT    145.66     0  12:26      1.30    0.26    0.44
  6935                 CONDUIT    123.27     0  14:22      1.52    0.25    0.62
  7035                 CONDUIT    504.86     0  13:38      7.14    2.39    1.00
  7084                 CONDUIT    277.90     0  12:24      1.56    0.41    0.62
  7105                 CONDUIT    126.62     0  14:28      1.39    0.77    0.98
  7282                 CONDUIT      0.00     0  00:00      0.00    0.00    0.00
  7373                 CONDUIT    126.53     0  14:20      1.23    2.39    1.00
  7495                 CONDUIT      0.00     0  00:00      0.00    0.00    0.00
  7498                 CONDUIT      0.00     0  00:00      0.00    0.00    0.05
  8063                 CONDUIT    140.92     0  13:49      0.72    0.44    1.00
  8274                 CONDUIT    123.23     0  13:55      1.18    0.67    0.78
  8293                 CONDUIT      0.00     0  00:00      0.00    0.00    0.00
  8294                 CONDUIT      0.00     0  00:00      0.00    0.00    0.00
  8295                 CONDUIT      0.00     0  00:00      0.00    0.00    0.00
  8305                 CONDUIT      6.54     0  12:15      0.01    0.00    0.55
  8423                 CONDUIT    127.72     0  12:45      1.29    0.16    1.00
  8614                 CONDUIT     11.12     0  12:15      0.86    0.08    1.00
  8670                 CONDUIT     75.63     0  14:05      0.84    0.90    0.68
  8894                 CONDUIT    370.69     0  13:32      1.31    0.55    1.00
  9134                 CONDUIT    128.51     0  12:26      1.58    0.20    0.36
  9700                 CONDUIT    528.69     0  13:59      1.87    0.45    1.00
  9703                 CONDUIT    142.30     0  14:51      0.55    0.19    0.68
  9704                 CONDUIT    142.20     0  14:49      0.62    0.15    0.62
  9736                 CONDUIT      0.00     0  00:00      0.00    0.00    0.00
  10024                CONDUIT    127.30     0  13:52      1.46    5.28    0.90
  10072                CONDUIT     42.48     0  12:14      0.08    0.01    1.00
  10076                CONDUIT    340.62     0  12:14      2.71    1.52    1.00
  10117                CONDUIT      0.00     0  00:00      0.00    0.00    0.00
  10119                CONDUIT    101.39     0  12:21      1.85    0.26    1.00
  10124                CONDUIT   1283.16     0  14:00      1.32    0.04    0.54
  10130                CONDUIT     31.19     0  12:21      1.15    0.23    1.00
  10138                CONDUIT    108.79     0  12:20      0.55    0.17    1.00
  10144                CONDUIT      2.47     0  12:11      0.05    0.02    1.00
  10146                CONDUIT   1283.16     0  14:00      1.22    0.19    0.47
  10148                CONDUIT      9.54     0  12:16      0.22    0.03    1.00
  10158                CONDUIT      8.35     0  12:16      0.21    0.04    1.00
  10159                CONDUIT    126.67     0  14:31      1.28    0.24    1.00
  10161                CONDUIT     25.43     0  12:13      1.28    0.28    1.00
  10162                CONDUIT     39.54     0  12:21      1.10    0.25    1.00
  10164                CONDUIT   1283.18     0  14:00      1.36    0.34    0.41
  10211                CONDUIT   1283.16     0  14:00      1.45    0.16    0.39
  10242                CONDUIT   1283.16     0  14:00      1.31    0.22    0.43
  10264                CONDUIT    371.41     0  13:32      1.32    0.84    0.98
  10284                CONDUIT      0.00     0  00:00      0.00    0.00    0.00
  10363                CONDUIT      0.00     0  00:00      0.00    0.00    0.00
  10405                CONDUIT     26.58     0  12:14      0.97    1.91    1.00
  10464                CONDUIT      0.00     0  00:00      0.00    0.00    0.00
  10601                CONDUIT    353.08     0  12:49      1.27    1.31    0.96
  10602                CONDUIT      0.00     0  00:00      0.00    0.00    0.00
  10605                CONDUIT      0.00     0  00:00      0.00    0.00    0.35
  10607                CONDUIT    505.00     0  13:36      0.84    0.18    0.72
  10608                CONDUIT    122.16     0  12:34      1.46    0.50    1.00
  10671                CONDUIT    126.54     0  14:09      1.32    1.17    0.72
  10690                CONDUIT      5.83     0  12:23      0.58    0.00    0.96
  10691                CONDUIT    274.47     0  12:24      1.86    0.38    0.54
  10744                CONDUIT    166.19     0  12:15      1.22    0.70    1.00
  10746                CONDUIT    169.56     0  12:15      1.61    0.79    1.00
  10833                CONDUIT    268.53     0  13:09      1.67    0.84    0.57
  10845                CONDUIT    492.25     0  12:18      5.55    2.50    1.00
  10879                CONDUIT      0.00     0  00:00      0.00    0.00    0.00
  11139                CONDUIT      0.00     0  00:00      0.00    0.00    0.28
  11172                CONDUIT      0.00     0  00:00      0.00    0.00    0.00
  11209                CONDUIT      0.00     0  00:00      0.00    0.00    0.00
  12024                CONDUIT      0.00     0  00:00      0.00    0.00    0.00
  12611                CONDUIT    493.59     0  12:17      1.34    0.18    1.00
  12612                CONDUIT      0.00     0  00:00      0.00    0.00    0.00
  12613                CONDUIT      0.00     0  00:00      0.00    0.00    0.00
  12615                CONDUIT      0.00     0  00:00      0.00    0.00    0.00
  12620                CONDUIT      0.00     0  00:00      0.00    0.00    0.40
  12621                CONDUIT      0.00     0  00:00      0.00    0.00    0.23
  12622                CONDUIT      0.00     0  00:00      0.00    0.00    0.00
  12633                CONDUIT    348.25     0  12:32      1.77    0.79    1.00
  12636                CONDUIT    141.25     0  12:52      1.92    0.03    1.00
  12637                CONDUIT     60.03     0  13:28      0.63    0.21    1.00
  12638                CONDUIT     59.90     0  12:45      6.30   56.04    1.00
  12643                CONDUIT     59.93     0  12:33      2.41    0.09    0.18
  12644                CONDUIT     59.91     0  12:34      1.31    0.18    0.28
  12649                CONDUIT    126.57     0  13:30      1.55    0.22    0.33
  12650                CONDUIT    123.43     0  14:16      0.25    0.12    1.00
  12652                CONDUIT    124.01     0  14:12      0.42    0.47    1.00
  12653                CONDUIT    126.23     0  13:30      1.47    0.10    0.35
  12654                CONDUIT    296.86     0  12:25      1.70    0.56    0.59
  12656                CONDUIT    374.68     0  12:48      0.97    0.92    1.00
  12660                CONDUIT    481.16     0  12:35      1.37    0.82    1.00
  12661                CONDUIT      0.00     0  00:00      0.00    0.00    0.00
  12662                CONDUIT      0.00     0  00:00      0.00    0.00    0.00
  12663                CONDUIT      6.66     0  12:47      0.47    0.03    0.38
  12664                CONDUIT    101.56     0  12:18      0.52    0.10    0.87
  12665                CONDUIT     90.53     0  12:18      0.48    0.12    0.90
  12668                CONDUIT    528.63     0  14:00      1.87    1.17    1.00
  12673                CONDUIT      0.00     0  00:00      0.00    0.00    0.50
  12676                CONDUIT      0.00     0  00:00      0.00    0.00    0.18
  12678                CONDUIT    260.38     0  12:46      1.15    0.24    0.33
  12679                CONDUIT    260.13     0  14:13      3.68    6.10    1.00
  12681                CONDUIT    140.93     0  13:49      1.05    0.27    1.00
  12682                CONDUIT     71.26     0  12:10      0.76    0.17    1.00
  12683                CONDUIT    141.10     0  13:49      1.32    0.12    1.00
  12685                CONDUIT    348.33     0  12:32      3.71    0.40    1.00
  12686                CONDUIT    348.27     0  12:32      3.54    0.46    1.00
  12687                CONDUIT    348.43     0  12:32      1.77    0.83    1.00
  12688                CONDUIT    348.44     0  12:32      1.77    0.59    1.00
  12690                CONDUIT    365.99     0  12:48      0.73    0.63    1.00
  12691                CONDUIT    348.88     0  12:31      1.88    1.07    1.00
  12692                CONDUIT    348.76     0  12:32      1.90    0.46    1.00
  12694                CONDUIT   1283.19     0  14:00      0.74    0.20    0.67
  12697                CONDUIT      7.32     0  12:23      0.41    0.06    0.38
  12698                CONDUIT    348.24     0  12:32      1.77    0.70    1.00
  12699                CONDUIT     56.50     0  12:39      1.32    0.05    0.89
  12700                CONDUIT     37.77     0  12:39      0.71    0.02    0.95
  12760                CONDUIT    368.05     0  14:41     11.72    4.29    1.00
  12761                CONDUIT    586.72     0  14:28      8.30    5.10    1.00
  12865                CONDUIT    495.48     0  12:34      1.43    2.06    1.00
  12866                CONDUIT    263.27     0  12:23      0.93    0.17    1.00
  12870                CONDUIT    320.70     0  12:25      2.57    1.05    1.00
  12871                CONDUIT    134.82     0  12:31      2.59    0.63    1.00
  12872                CONDUIT     43.15     0  12:31      0.09    0.01    0.64
  12873                CONDUIT    157.99     0  12:20      0.91    0.04    1.00
  12874                CONDUIT     49.87     0  12:16      0.10    0.04    1.00
  12875                CONDUIT    332.19     0  12:20      0.66    0.32    1.00
  12876                CONDUIT    333.48     0  12:20      0.66    0.09    1.00
  12877                CONDUIT     19.20     0  12:16      0.56    0.35    1.00
  12878                CONDUIT      0.00     0  00:00      0.00    0.00    0.23
  12880                CONDUIT      0.00     0  00:00      0.00    0.00    0.00
  12884                CONDUIT    354.71     0  12:49      1.25    1.30    1.00
  12888                CONDUIT    122.45     0  12:32      3.71    0.19    0.75
  12889                CONDUIT    122.01     0  12:34      1.91    0.76    0.95
  12890                CONDUIT    122.36     0  12:34      1.39    0.46    0.95
  12892                CONDUIT      0.00     0  00:00      0.00    0.00    0.00
  12893                CONDUIT      0.00     0  00:00      0.00    0.00    0.00
  12894                CONDUIT      0.00     0  00:00      0.00    0.00    0.00
  12895                CONDUIT      0.00     0  00:00      0.00    0.00    0.00
  12897                CONDUIT    375.80     0  12:50      0.48    0.52    1.00
  12903                CONDUIT      0.00     0  00:00      0.00    0.00    0.00
  12904                CONDUIT      0.00     0  00:00      0.00    0.00    0.00
  12907                CONDUIT     75.63     0  14:04      0.80    0.87    0.70
  12940                CONDUIT    159.20     0  12:15      0.82    0.44    1.00
  12942                CONDUIT      0.00     0  00:00      0.00    0.00    0.03
  12978                CONDUIT    370.68     0  13:32      1.38    0.47    0.90
  12979                CONDUIT      0.00     0  00:00      0.00    0.00    0.00
  12980                CONDUIT    370.67     0  13:32      1.44    1.07    0.88
  12982                CONDUIT    250.47     0  13:22      1.29    0.55    0.70
  12983                CONDUIT    370.94     0  13:33      1.89    0.50    0.69
  12986                CONDUIT      0.00     0  00:00      0.00    0.00    0.00
  12987                CONDUIT      0.00     0  00:00      0.00    0.00    0.00
  12988                CONDUIT      0.00     0  00:00      0.00    0.00    0.00
  12989                CONDUIT      0.00     0  00:00      0.00    0.00    0.00
  12990                CONDUIT      0.00     0  00:00      0.00    0.00    0.00
  12991                CONDUIT      0.00     0  00:00      0.00    0.00    0.00
  12993                CONDUIT    465.28     0  12:16      1.65    0.82    1.00
  12994                CONDUIT    465.26     0  12:16      1.65    0.79    1.00
  12995                CONDUIT    489.78     0  12:20      0.97    0.90    1.00
  12996                CONDUIT    490.01     0  12:20      0.97    0.14    1.00
  12998                CONDUIT    451.44     0  12:16      1.60    0.72    1.00
  13000                CONDUIT    465.21     0  12:16      1.65    1.39    1.00
  13298                CONDUIT    545.58     0  12:52      1.34    0.52    1.00
  13357                CONDUIT    108.78     0  12:20      0.56    0.24    1.00
  13491                CONDUIT      0.00     0  00:00      0.00    0.00    0.50
  13492                CONDUIT     75.63     0  14:21      1.11    0.88    0.53
  13493                CONDUIT    108.86     0  12:20      1.05    0.71    1.00
  13494                CONDUIT     75.63     0  14:22      1.36    0.49    0.33
  13496                CONDUIT      0.00     0  00:00      0.00    0.00    0.00
  13512                CONDUIT    123.30     0  13:42      0.38    0.12    1.00
  13513                CONDUIT      0.76     0  03:09      0.48    0.00    1.00
  13524                CONDUIT      0.00     0  00:00      0.00    0.00    0.00
  13525                CONDUIT    285.85     0  12:24      1.43    1.27    0.66
  13560                CONDUIT      0.00     0  00:00      0.00    0.00    0.00
  13562                CONDUIT      0.00     0  00:00      0.00    0.00    0.00
  13569                CONDUIT    122.47     0  12:32      1.73    1.83    1.00
  13643                CONDUIT    126.53     0  14:19      1.79    0.43    0.91
  13801                CONDUIT    298.66     0  12:25      1.74    0.59    0.60
  13802                CONDUIT      4.35     0  12:13      0.15    0.04    1.00
  13820                CONDUIT    177.40     0  12:15      1.29    0.86    1.00
  13821                CONDUIT      1.48     0  12:17      0.05    0.00    0.41
  13936                CONDUIT      0.00     0  00:00      0.00    0.00    0.00
  13937                CONDUIT    122.92     0  13:49      1.36    1.21    0.68
  14073                CONDUIT      0.00     0  00:00      0.00    0.00    0.19
  14080                CONDUIT    402.06     0  12:18      1.85    1.18    0.73
  14101                CONDUIT    363.81     0  12:48      0.72    0.63    1.00
  14137                CONDUIT    261.38     0  12:31      0.72    0.15    1.00
  14141                CONDUIT    271.68     0  12:31      0.86    0.26    1.00
  14208                CONDUIT     21.60     0  12:11      0.43    0.16    1.00
  14270                CONDUIT    372.51     0  13:30      2.54    0.45    0.52
  14272                CONDUIT    372.01     0  13:30      2.62    0.51    0.50
  14472                CONDUIT    249.99     0  14:03      1.02    0.48    0.81
  14475                CONDUIT      0.00     0  00:00      0.00    0.00    0.00
  14478                CONDUIT    292.16     0  12:25      1.14    0.65    0.88
  14574                CONDUIT    371.68     0  13:29      2.24    0.48    0.57
  14707                CONDUIT      0.00     0  00:00      0.00    0.00    0.00
  14739                CONDUIT   1283.19     0  14:00      3.05    0.13    0.18
  14745                CONDUIT    142.76     0  12:48      1.10    0.06    0.93
  14749                CONDUIT     21.09     0  12:19      0.43    0.05    0.52
  14765                CONDUIT      2.20     0  14:29      0.44    0.02    0.08
  14950                CONDUIT     23.93     0  12:13      2.97    0.08    1.00
  15152                CONDUIT    126.54     0  14:20      1.01    0.63    1.00
  15171                CONDUIT    341.52     0  12:14      2.72    1.51    1.00
  15187                CONDUIT      0.00     0  00:00      0.00    0.00    0.00
  15242                CONDUIT    260.52     0  14:04      2.60    0.64    0.38
  15277                CONDUIT    340.72     0  12:14      2.71    3.49    1.00
  15281                CONDUIT    293.05     0  12:24      1.90    0.45    0.54
  15332                CONDUIT    179.17     0  12:15      1.68    0.80    0.93
  15333                CONDUIT      0.00     0  00:00      0.00    0.00    0.00
  15362                CONDUIT    465.26     0  12:16      1.65    1.90    1.00
  15806                CONDUIT    262.60     0  14:06      1.29    0.25    0.32
  16419                CONDUIT    552.87     0  12:52      1.30    0.08    0.89
  16476                CONDUIT    348.23     0  12:32      2.77    1.26    1.00
  16575                CONDUIT      0.00     0  00:00      0.00    0.00    0.00
  16654                CONDUIT    210.42     0  15:34      0.61    0.12    1.00
  16672                CONDUIT    489.72     0  12:34      1.27    1.99    1.00
  16865                CONDUIT      0.00     0  00:00      0.00    0.00    0.00
  16887                CONDUIT      0.00     0  00:00      0.00    0.00    0.00
  16908                CONDUIT      0.00     0  00:00      0.00    0.00    0.00
  16909                CONDUIT     24.43     0  12:17      1.78    1.04    1.00
  17523                CONDUIT    122.92     0  13:49      2.03    0.47    0.49
  17571                CONDUIT    545.56     0  12:52      1.37    0.51    1.00
  17580                CONDUIT      5.05     0  12:12      0.04    0.00    0.99
  17703                CONDUIT      0.00     0  00:00      0.00    0.00    0.00
  17714                CONDUIT    340.71     0  12:14      2.71    2.32    1.00
  17715                CONDUIT     11.89     0  12:15      1.41    0.02    1.00
  17766                CONDUIT     17.45     0  12:12      0.62    0.15    1.00
  17896                CONDUIT    108.72     0  12:20      1.42    0.14    0.92
  17908                CONDUIT    340.80     0  12:14      2.71    1.70    1.00
  17926                CONDUIT      0.00     0  00:00      0.00    0.00    0.00
  17953                CONDUIT    348.59     0  12:32      1.78    0.70    1.00
  18020                CONDUIT      0.00     0  00:00      0.00    0.00    0.00
  18084                CONDUIT    147.99     0  12:47      0.96    0.07    0.99
  18113                CONDUIT    126.56     0  14:18      1.22    0.52    0.91
  18330                CONDUIT    123.23     0  14:09      1.51    0.25    0.62
  18338                CONDUIT    261.50     0  14:07      1.21    0.25    0.32
  18383                CONDUIT      0.00     0  00:00      0.00    0.00    0.00
  18387                CONDUIT    123.33     0  14:06      1.74    0.48    1.00
  18389                CONDUIT    122.07     0  12:33      1.10    0.75    0.84
  18423                CONDUIT      0.00     0  00:00      0.00    0.00    0.00
  18530                CONDUIT    260.78     0  14:07      1.17    0.25    0.33
  19043                CONDUIT     12.17     0  12:10      0.57    0.10    1.00
  19132                CONDUIT     17.77     0  12:15      1.29    0.03    1.00
  19193                CONDUIT    320.79     0  12:25      0.58    0.10    1.00
  19227                CONDUIT     13.60     0  12:15      0.62    0.08    1.00
  19440                CONDUIT      0.00     0  00:00      0.00    0.00    0.00
  19717                CONDUIT    529.50     0  13:57      1.87    0.24    1.00
  19838                CONDUIT    341.87     0  12:14      2.72    2.43    1.00
  19850                CONDUIT    342.65     0  12:14      0.60    0.05    1.00
  19910                CONDUIT      0.00     0  00:00      0.00    0.00    0.00
  20466                CONDUIT     22.11     0  12:13      0.74    0.56    1.00
  20474                CONDUIT    528.57     0  14:00      1.87    0.56    1.00
  20518                CONDUIT    142.78     0  12:23      1.27    0.80    0.98
  20519                CONDUIT      0.00     0  00:00      0.00    0.00    0.00
  20520                CONDUIT    143.09     0  12:23      1.38    0.59    0.91
  20521                CONDUIT      0.00     0  00:00      0.00    0.00    0.00
  20529                CONDUIT      0.00     0  00:00      0.00    0.00    0.00
  20530                CONDUIT    144.41     0  12:20      1.15    2.28    1.00
  20531                CONDUIT    144.64     0  12:15      1.18    0.47    1.00
  20532                CONDUIT    142.61     0  14:52      1.88    1.74    0.82
  20534                CONDUIT     75.63     0  14:05      0.85    0.88    0.67
  20535                CONDUIT      0.00     0  00:00      0.00    0.00    0.22
  20536                CONDUIT      0.00     0  00:00      0.00    0.00    0.08
  20538                CONDUIT     75.63     0  14:20      0.85    0.88    0.67
  20539                CONDUIT     75.63     0  14:05      0.95    0.88    0.62
  20540                CONDUIT      0.00     0  00:00      0.00    0.00    0.26
  20541                CONDUIT      0.00     0  00:00      0.00    0.00    0.36
  20542                CONDUIT      0.00     0  00:00      0.00    0.00    0.15
  20543                CONDUIT     75.63     0  14:04      1.61    3.45    0.92
  20544                CONDUIT      0.00     0  00:00      0.00    0.00    0.49
  20545                CONDUIT     75.63     0  14:04      1.58    3.22    0.94
  20546                CONDUIT      0.00     0  00:00      0.00    0.00    0.50
  20547                CONDUIT      0.00     0  00:00      0.00    0.00    0.00
  20548                CONDUIT     75.63     0  14:04      1.54    3.04    1.00
  20549                CONDUIT    149.44     0  12:15      1.36    0.92    1.00
  20550                CONDUIT    154.51     0  12:15      1.25    1.02    1.00
  20560                CONDUIT    142.42     0  14:51      0.84    0.19    0.78
  20569                CONDUIT    142.19     0  14:49      1.30    0.82    1.00
  20570                CONDUIT    142.46     0  12:23      1.30    2.53    0.97
  20571                CONDUIT    142.45     0  14:51      1.03    0.20    0.65
  20573                CONDUIT     75.63     0  14:21      0.70    0.49    0.54
  20577                CONDUIT      1.16     0  12:16      0.08    0.00    1.00
  20578                CONDUIT    108.77     0  12:20      0.95    0.10    1.00
  20579                CONDUIT    108.79     0  12:20      1.11    0.69    1.00
  20582                CONDUIT      0.00     0  00:00      0.00    0.00    0.00
  20584                CONDUIT     75.63     0  14:22      1.52    0.10    0.31
  20592                CONDUIT      2.96     0  12:19      0.01    0.00    1.00
  20594                CONDUIT     21.54     0  12:15      0.06    0.02    1.00
  20605                CONDUIT     75.63     0  14:21      0.99    0.49    0.41
  20606                CONDUIT     75.63     0  14:21      0.69    0.49    0.55
  20609                CONDUIT     15.44     0  12:16      0.54    0.05    0.90
  20611                CONDUIT     88.31     0  12:19      1.73    0.19    0.52
  20613                CONDUIT     81.31     0  12:19      1.82    0.15    0.28
  20615                CONDUIT     75.63     0  14:23      2.12    0.09    0.25
  20616                CONDUIT     76.18     0  12:19      2.55    0.10    0.21
  20618                CONDUIT     75.63     0  14:23      1.39    0.15    0.32
  20619                CONDUIT     75.63     0  14:23      1.42    0.20    0.32
  20622                CONDUIT    143.33     0  12:23      1.21    1.00    0.95
  20623                CONDUIT     75.63     0  14:22      1.50    0.13    0.30
  20624                CONDUIT     75.63     0  14:22      1.20    0.49    0.36
  20627                CONDUIT     75.63     0  14:22      1.06    0.51    0.39
  20628                CONDUIT     75.63     0  14:22      0.99    0.49    0.41
  20636                CONDUIT      0.00     0  00:00      0.00    0.00    0.00
  20637                CONDUIT     84.91     0  12:18      0.47    0.11    0.95
  20638                CONDUIT     77.13     0  12:18      0.51    0.17    0.87
  20639                CONDUIT     63.78     0  12:18      0.39    0.10    0.89
  20640                CONDUIT      3.60     0  12:18      0.06    0.01    1.00
  20641                CONDUIT      0.00     0  00:00      0.00    0.00    0.00
  20643                CONDUIT      0.00     0  00:00      0.00    0.00    0.00
  20644                CONDUIT      0.00     0  00:00      0.00    0.00    0.00
  20645                CONDUIT    126.33     0  13:30      1.86    0.21    0.29
  20646                CONDUIT      0.00     0  00:00      0.00    0.00    0.06
  20647                CONDUIT    380.42     0  12:36      1.19    0.36    1.00
  20648                CONDUIT    437.12     0  12:36      1.35    0.75    1.00
  20655                CONDUIT     17.41     0  12:45      1.97    0.03    0.40
  20683                CONDUIT      0.00     0  00:00      0.00    0.00    0.00
  20777                CONDUIT    397.25     0  12:27      1.88    0.51    0.70
  20821                CONDUIT    122.24     0  12:32      1.80    0.52    0.69
  20913                CONDUIT    123.95     0  12:33      1.20    0.63    0.78
  20942                CONDUIT    493.27     0  12:17      1.88    0.39    0.88
  20944                CONDUIT      0.00     0  00:00      0.00    0.00    0.00
  20945                CONDUIT   1611.82     0  14:01      8.50    0.16    0.63
  20946                CONDUIT   1283.18     0  14:00      1.75    0.57    0.32
  20953                CONDUIT    337.30     0  12:29      3.86    1.21    1.00
  20954                CONDUIT      0.00     0  00:00      0.00    0.00    0.00
  20956                CONDUIT    249.99     0  13:55      0.98    0.37    0.85
  20962                CONDUIT    320.70     0  12:25      2.55    0.71    1.00
  20992                CONDUIT    126.54     0  14:19      1.90    0.74    1.00
  20993                CONDUIT      0.00     0  00:00      0.00    0.00    0.00
  21040                CONDUIT    320.72     0  12:27      2.58    0.68    1.00
  21712                CONDUIT    545.57     0  12:52      1.19    0.51    1.00
  21714                CONDUIT    123.91     0  14:12      0.51    0.10    1.00
  21715                CONDUIT      0.00     0  00:00      0.00    0.00    0.00
  21742                CONDUIT    545.56     0  12:52      1.31    0.52    1.00
  21744                CONDUIT    545.53     0  12:52      1.28    0.52    1.00
  21746                CONDUIT    348.37     0  12:32      2.84    0.50    1.00
  21747                CONDUIT    348.47     0  12:31      1.89    1.52    1.00
  21748                CONDUIT    348.42     0  12:31      1.77    0.97    1.00
  21749                CONDUIT    348.58     0  12:31      1.78    0.46    1.00
  21750                CONDUIT    348.49     0  12:32      1.77    0.58    1.00
  21754                CONDUIT    348.23     0  12:32      1.77    1.45    1.00
  21757                CONDUIT    545.55     0  12:52      0.87    0.52    1.00
  21759                CONDUIT    348.22     0  12:32      1.77    1.18    1.00
  21760                CONDUIT    140.91     0  13:49      0.72    5.90    1.00
  21762                CONDUIT    212.29     0  15:34      0.59    0.12    1.00
  21763                CONDUIT      0.00     0  00:00      0.00    0.00    0.00
  21764                CONDUIT      7.99     0  12:46      1.17    0.07    0.52
  21765                CONDUIT      8.23     0  12:47      0.39    0.01    0.30
  21766                CONDUIT    143.06     0  12:34      1.19    0.05    1.00
  21767                CONDUIT     17.04     0  12:45      0.23    0.01    0.66
  21769                CONDUIT    244.31     0  12:51      0.55    0.14    1.00
  21770                CONDUIT     16.29     0  12:43      0.22    0.06    1.00
  21771                CONDUIT    244.25     0  12:51      0.57    0.14    1.00
  21772                CONDUIT      9.47     0  12:46      0.59    0.05    0.49
  21773                CONDUIT      1.14     0  12:50      0.05    0.00    0.24
  21774                CONDUIT      0.00     0  00:00      0.00    0.00    0.01
  21778                CONDUIT      0.00     0  00:00      0.00    0.00    0.00
  21780                CONDUIT     60.70     0  12:57      0.42    0.04    1.00
  21781                CONDUIT     60.12     0  12:32      0.57    0.13    0.53
  21784                CONDUIT     60.21     0  12:32      1.04    0.13    0.86
  21786                CONDUIT      0.00     0  00:00      0.00    0.00    0.00
  21787                CONDUIT    126.24     0  13:30      1.01    0.22    0.46
  21788                CONDUIT    211.52     0  15:34      0.60    0.12    1.00
  21789                CONDUIT    123.66     0  14:12      0.33    0.19    1.00
  21792                CONDUIT    345.30     0  12:33      1.17    0.33    1.00
  21793                CONDUIT      0.00     0  00:00      0.00    0.00    0.03
  21796                CONDUIT    333.21     0  12:33      1.12    0.31    1.00
  21799                CONDUIT      3.50     0  12:16      0.60    0.19    0.69
  21800                CONDUIT      3.44     0  12:19      0.09    0.01    0.91
  21803                CONDUIT    309.26     0  12:33      1.04    0.29    1.00
  21805                CONDUIT    286.69     0  12:31      0.93    0.27    1.00
  21806                CONDUIT    240.57     0  12:32      0.61    0.14    1.00
  21812                CONDUIT      0.00     0  00:00      0.00    0.00    0.00
  21814                CONDUIT      0.00     0  00:00      0.00    0.00    0.00
  21815                CONDUIT    369.46     0  12:48      0.47    0.35    1.00
  21817                CONDUIT      0.00     0  00:00      0.00    0.00    0.00
  21820                CONDUIT    352.40     0  12:32      2.05    1.04    1.00
  21821                CONDUIT    348.28     0  12:32      2.77    0.62    1.00
  21822                CONDUIT    460.46     0  12:35      1.34    0.79    1.00
  21823                CONDUIT    472.91     0  12:35      1.37    0.81    1.00
  21824                CONDUIT      0.00     0  00:00      0.00    0.00    0.00
  21826                CONDUIT    123.85     0  14:16      0.39    0.47    1.00
  21827                CONDUIT     56.84     0  12:17      0.45    0.08    0.93
  21828                CONDUIT    105.73     0  12:18      0.49    0.14    0.99
  21829                CONDUIT    528.80     0  13:59      1.87    0.59    1.00
  21830                CONDUIT    528.98     0  13:59      1.87    0.37    1.00
  21832                CONDUIT     46.90     0  12:17      0.35    0.09    0.95
  21833                CONDUIT     32.77     0  12:17      0.25    1.08    0.98
  21835                CONDUIT      0.00     0  00:00      0.00    0.00    0.00
  21836                CONDUIT      0.00     0  00:00      0.00    0.00    0.00
  21838                CONDUIT      0.00     0  00:00      0.00    0.00    0.00
  21839                CONDUIT      0.00     0  00:00      0.00    0.00    0.00
  21840                CONDUIT      5.41     0  14:01      0.16    0.01    0.31
  21841                CONDUIT      0.00     0  00:00      0.00    0.00    0.28
  21844                CONDUIT      0.00     0  00:00      0.00    0.00    0.00
  21845                CONDUIT    528.68     0  13:58      1.87    1.79    1.00
  21846                CONDUIT    528.69     0  13:59      1.87    0.60    1.00
  21847                CONDUIT    528.67     0  13:59      1.87    1.02    1.00
  21848                CONDUIT    528.73     0  13:59      1.87    0.30    1.00
  21851                CONDUIT      0.00     0  00:00      0.00    0.00    0.00
  21852                CONDUIT      0.00     0  00:00      0.00    0.00    0.00
  21854                CONDUIT    334.02     0  14:04      1.97    0.18    0.27
  21858                CONDUIT   1283.21     0  14:01      1.09    0.06    0.46
  21859                CONDUIT   1283.19     0  14:00      1.42    0.02    0.40
  21862                CONDUIT      7.54     0  12:23      0.61    0.01    0.32
  21864                CONDUIT      0.00     0  00:00      0.00    0.00    0.50
  21866                CONDUIT      3.40     0  12:25      0.79    0.01    0.27
  22116                CONDUIT     40.38     0  12:13      0.32    0.06    1.00
  22117                CONDUIT      0.00     0  00:00      0.00    0.00    0.00
  22282                CONDUIT      0.00     0  00:00      0.00    0.00    0.00
  22575                CONDUIT      0.00     0  00:00      0.00    0.00    0.00
  22576                CONDUIT      0.00     0  00:00      0.00    0.00    0.00
  22580                CONDUIT     12.45     0  12:29      0.08    0.01    1.00
  22581                CONDUIT      0.00     0  00:00      0.00    0.00    0.00
  22582                CONDUIT    353.93     0  12:49      1.49    1.30    0.80
  22583                CONDUIT      0.00     0  00:00      0.00    0.00    0.00
  22585                CONDUIT     38.03     0  12:16      1.02    0.47    1.00
  22586                CONDUIT    332.64     0  12:20      0.66    0.28    1.00
  22587                CONDUIT    176.77     0  12:21      0.63    0.18    1.00
  22588                CONDUIT     70.80     0  12:20      1.24    0.02    1.00
  22589                CONDUIT    176.72     0  12:21      0.63    0.18    1.00
  22590                CONDUIT     13.67     0  12:10      0.01    0.00    1.00
  22591                CONDUIT      9.41     0  12:13      0.13    0.10    1.00
  22592                CONDUIT      1.20     0  12:21      0.02    0.00    0.51
  22596                CONDUIT    320.69     0  12:25      2.55    1.09    1.00
  22597                CONDUIT    126.47     0  12:34      2.52    0.39    0.77
  22598                CONDUIT    124.01     0  12:34      1.75    0.20    0.59
  22599                CONDUIT      0.00     0  00:00      0.00    0.00    0.13
  22601                CONDUIT     30.99     0  12:32      0.50    0.15    0.92
  22605                CONDUIT    120.09     0  12:26      0.81    0.21    1.00
  22606                CONDUIT     60.50     0  12:32      0.12    0.05    1.00
  22607                CONDUIT     53.25     0  12:32      0.16    0.07    1.00
  22608                CONDUIT     29.60     0  12:32      0.47    0.08    0.93
  22609                CONDUIT      9.76     0  12:30      0.54    0.05    1.00
  22611                CONDUIT    148.27     0  12:19      0.86    0.05    1.00
  22612                CONDUIT    332.51     0  12:20      0.66    0.42    1.00
  22613                CONDUIT     11.85     0  12:15      0.42    0.18    1.00
  22614                CONDUIT      3.81     0  12:11      0.03    0.00    1.00
  22616                CONDUIT    360.67     0  12:50      0.72    0.43    1.00
  22617                CONDUIT      0.00     0  00:00      0.00    0.00    0.00
  22618                CONDUIT      0.00     0  00:00      0.00    0.00    0.00
  22621                CONDUIT      0.00     0  00:00      0.00    0.00    0.00
  22640                CONDUIT      0.00     0  00:00      0.00    0.00    0.00
  22643                CONDUIT      0.00     0  00:00      0.00    0.00    0.00
  22653                CONDUIT    122.37     0  12:32      1.44    0.69    0.61
  22654                CONDUIT    122.43     0  12:32      1.83    0.24    0.90
  22656                CONDUIT      0.00     0  00:00      0.00    0.00    0.00
  22658                CONDUIT      0.00     0  00:00      0.00    0.00    0.00
  22659                CONDUIT      0.00     0  00:00      0.00    0.00    0.00
  22660                CONDUIT    366.83     0  12:50      0.73    0.47    1.00
  22789                CONDUIT    126.55     0  14:28      1.59    0.29    0.89
  22790                CONDUIT    126.55     0  14:28      1.72    0.41    0.88
  22794                CONDUIT      0.00     0  00:00      0.00    0.00    0.00
  22795                CONDUIT      0.00     0  00:00      0.00    0.00    0.00
  22796                CONDUIT      2.26     0  12:16      0.12    0.00    0.59
  22797                CONDUIT      0.00     0  00:00      0.00    0.00    0.00
  22798                CONDUIT    173.43     0  12:15      1.36    2.01    1.00
  22799                CONDUIT    175.73     0  12:15      0.91    0.23    0.76
  22800                CONDUIT      0.00     0  00:00      0.00    0.00    0.11
  22801                CONDUIT      0.00     0  00:00      0.00    0.00    0.00
  22802                CONDUIT    126.54     0  14:19      1.59    0.89    1.00
  22804                CONDUIT    126.54     0  14:18      1.43    0.75    1.00
  22805                CONDUIT    126.54     0  14:18      1.56    0.48    0.93
  22810                CONDUIT    126.55     0  14:10      1.36    0.16    0.96
  22811                CONDUIT    126.54     0  14:20      1.22    0.74    1.00
  22812                CONDUIT    126.53     0  14:28      1.86    0.77    1.00
  22818                CONDUIT      0.00     0  00:00      0.00    0.00    0.00
  22819                CONDUIT      1.81     0  12:14      0.03    0.00    0.46
  22827                CONDUIT      0.00     0  00:00      0.00    0.00    0.00
  22837                CONDUIT    126.53     0  14:19      1.64    0.98    1.00
  22839                CONDUIT      0.00     0  00:00      0.00    0.00    0.09
  22840                CONDUIT      0.00     0  00:00      0.00    0.00    0.00
  22850                CONDUIT    126.53     0  14:20      1.35    0.78    1.00
  22852                CONDUIT    126.54     0  14:20      1.16    0.71    1.00
  22865                CONDUIT    126.65     0  14:31      1.54    0.27    1.00
  22866                CONDUIT    126.56     0  14:27      1.01    0.90    1.00
  23050                CONDUIT    371.87     0  13:31      1.51    0.26    0.84
  23053                CONDUIT    373.53     0  12:26      1.75    2.16    0.81
  23054                CONDUIT    377.48     0  12:19      1.63    0.81    0.82
  23059                CONDUIT    379.57     0  12:18      1.74    0.59    0.77
  23060                CONDUIT    371.17     0  13:13      1.95    0.87    0.64
  23062                CONDUIT    370.95     0  13:29      2.37    0.38    0.54
  23063                CONDUIT    494.06     0  12:17      1.92    2.75    0.93
  23064                CONDUIT    249.95     0  14:03      1.12    0.31    0.74
  23066                CONDUIT    250.09     0  13:54      1.21    0.72    0.74
  23071                CONDUIT      0.00     0  00:00      0.00    0.00    0.00
  23073                CONDUIT    375.63     0  12:24      2.14    0.51    0.60
  23075                CONDUIT    371.37     0  13:29      2.24    0.59    0.57
  23077                CONDUIT    160.91     0  12:20      0.71    0.10    1.00
  23078                CONDUIT    370.65     0  13:32      1.39    0.71    0.89
  23079                CONDUIT    249.96     0  13:58      1.08    0.44    0.76
  23081                CONDUIT      0.00     0  00:00      0.00    0.00    0.00
  23082                CONDUIT    755.89     0  13:46      0.80    0.05    0.42
  23083                CONDUIT    755.58     0  13:45      0.72    0.04    0.47
  23084                CONDUIT      0.00     0  00:00      0.00    0.00    0.00
  23085                CONDUIT    754.77     0  13:59      0.82    0.05    0.41
  23087                CONDUIT      0.00     0  00:00      0.00    0.00    0.00
  23088                CONDUIT      0.00     0  00:00      0.00    0.00    0.00
  23090                CONDUIT      0.00     0  00:00      0.00    0.00    0.00
  23092                CONDUIT      0.00     0  00:00      0.00    0.00    0.00
  23093                CONDUIT      0.00     0  00:00      0.00    0.00    0.00
  23094                CONDUIT   1283.18     0  14:00      1.69    0.13    0.34
  23095                CONDUIT    528.68     0  13:59      7.48    2.87    1.00
  23097                CONDUIT    754.74     0  14:00      1.19    0.26    0.29
  23098                CONDUIT      0.00     0  00:00      0.00    0.00    0.00
  23099                CONDUIT   1283.17     0  14:00      1.50    0.23    0.38
  23102                CONDUIT      0.00     0  00:00      0.00    0.00    0.00
  23110                CONDUIT      0.00     0  00:00      0.00    0.00    0.40
  23112                CONDUIT      0.00     0  00:00      0.00    0.00    0.00
  23113                CONDUIT      0.00     0  00:00      0.00    0.00    0.00
  23114                CONDUIT      0.00     0  00:00      0.00    0.00    0.00
  23115                CONDUIT   1283.16     0  14:00      1.41    0.05    0.40
  23116                CONDUIT    371.22     0  13:32      1.37    0.95    0.94
  23117                CONDUIT    371.45     0  13:32      1.40    0.62    0.92
  23119                CONDUIT    371.41     0  13:32      1.34    0.41    0.96
  23120                CONDUIT    371.35     0  13:32      1.48    0.72    0.91
  23122                CONDUIT    371.46     0  13:31      1.62    8.08    0.86
  23123                CONDUIT    371.88     0  12:27      1.38    0.25    0.94
  23147                CONDUIT    505.15     0  13:45      0.93    0.17    0.65
  23148                CONDUIT      0.00     0  00:00      0.00    0.00    0.00
  23150                CONDUIT    126.12     0  13:31      1.23    0.38    0.39
  23152                CONDUIT      0.00     0  00:00      0.00    0.00    0.03
  23158                CONDUIT    287.99     0  12:25      1.22    0.36    0.81
  23159                CONDUIT    396.15     0  12:27      2.46    0.50    0.56
  23163                CONDUIT    128.79     0  12:26      1.88    0.16    0.29
  23164                CONDUIT    126.43     0  13:31      1.35    4.54    0.37
  23165                CONDUIT    126.25     0  13:31      1.27    0.26    0.38
  23167                CONDUIT    126.27     0  13:31      1.53    0.19    0.33
  23171                CONDUIT      3.45     0  12:25      0.66    0.01    0.58
  23172                CONDUIT    145.74     0  12:27      1.08    0.43    0.49
  23190                CONDUIT    465.20     0  12:16      1.65    0.52    1.00
  23191                CONDUIT    465.26     0  12:16      1.65    1.09    1.00
  23192                CONDUIT    465.55     0  12:16      1.65    0.58    1.00
  23193                CONDUIT      3.99     0  12:12      1.01    0.05    1.00
  23199                CONDUIT    773.59     0  12:24      2.74    0.59    1.00
  23200                CONDUIT    775.94     0  12:58      0.81    0.05    1.00
  23204                CONDUIT      0.73     0  12:10      0.39    0.00    1.00
  23207                CONDUIT    451.44     0  12:16      1.60    1.22    1.00
  23478                CONDUIT      0.00     0  00:00      0.00    0.00    0.14
  23524                CONDUIT      0.00     0  00:00      0.00    0.00    0.00
  25966                CONDUIT      0.00     0  00:00      0.00    0.00    0.00
  26838                CONDUIT    123.88     0  13:50      0.26    0.08    1.00
  26852                CONDUIT      0.00     0  00:00      0.00    0.00    0.00
  26855                CONDUIT      0.00     0  00:00      0.00    0.00    0.00
  27342                CONDUIT      2.43     0  14:31      0.11    0.01    0.24
  31188                CONDUIT    373.36     0  12:26      1.72    0.81    0.73
  31937                CONDUIT    252.45     0  13:24      5.64    0.10    0.36
  32535                CONDUIT      0.00     0  00:00      0.00    0.00    0.00
  34331                CONDUIT      0.00     0  00:00      0.00    0.00    0.00
  36494                CONDUIT      4.41     0  12:25      0.17    0.03    0.35
  38189                CONDUIT     38.05     0  12:19      0.27    0.04    0.79
  38190                CONDUIT     35.20     0  12:43      0.19    0.09    1.00
  38193                CONDUIT     49.10     0  12:16      0.10    0.07    1.00
  38250                CONDUIT      5.92     0  12:14      0.06    0.01    1.00
  38555                CONDUIT      2.20     0  16:10      0.24    0.02    0.13
  38575                CONDUIT      0.00     0  00:00      0.00    0.00    0.04
  38710                CONDUIT      0.00     0  00:00      0.00    0.00    0.27
  38711                CONDUIT     75.63     0  14:20      0.77    0.89    0.73
  38712                CONDUIT     75.63     0  14:20      0.80    0.88    0.71
  38869                CONDUIT      0.00     0  00:00      0.00    0.00    0.08
  38870                CONDUIT      0.00     0  00:00      0.00    0.00    0.00
  38873                CONDUIT      0.00     0  00:00      0.00    0.00    0.00
  38889                CONDUIT      0.00     0  00:00      0.00    0.00    0.00
  39004                CONDUIT     75.63     0  14:05      0.86    0.89    0.67
  39117                CONDUIT      8.61     0  14:01      0.39    0.05    1.00
  39149                CONDUIT      0.00     0  00:00      0.00    0.00    0.00
  39247                CONDUIT    398.96     0  12:28      2.94    0.46    0.51
  39284                CONDUIT      0.00     0  00:00      0.00    0.00    0.00
  39378                CONDUIT      0.00     0  00:00      0.00    0.00    0.00
  39379                CONDUIT      0.00     0  00:00      0.00    0.00    0.00
  39419                CONDUIT    348.46     0  12:32      1.99    0.59    1.00
  39469                CONDUIT      0.00     0  00:00      0.00    0.00    0.00
  39514                CONDUIT      0.00     0  00:00      0.00    0.00    0.00
  39537                CONDUIT    250.01     0  14:03      1.13    0.54    0.73
  39563                CONDUIT      2.20     0  07:30      0.70    0.01    0.29
  39936                CONDUIT      0.00     0  00:00      0.00    0.00    0.00
  39937                CONDUIT    495.50     0  12:34      0.67    0.24    1.00
  40173                CONDUIT   1283.22     0  14:01      0.66    0.15    0.76
  40224                CONDUIT     20.42     0  12:15      0.16    0.05    1.00
  40244                CONDUIT    157.77     0  12:20      0.56    0.48    1.00
  40245                CONDUIT    157.79     0  12:20      0.56    0.79    1.00
  40248                CONDUIT      0.00     0  00:00      0.00    0.00    0.00
  40249                CONDUIT      0.00     0  00:00      0.00    0.00    0.00
  40372                CONDUIT      0.00     0  00:00      0.00    0.00    0.00
  40373                CONDUIT    374.98     0  12:50      0.75    0.73    1.00
  40386                CONDUIT      2.40     0  14:02      0.02    0.00    0.59
  40388                CONDUIT      0.00     0  00:00      0.00    0.00    0.00
  40448                CONDUIT      0.00     0  00:00      0.00    0.00    0.36
  40679                CONDUIT      0.00     0  00:00      0.00    0.00    0.00
  40680                CONDUIT      0.00     0  00:00      0.00    0.00    0.00
  40713                CONDUIT      0.00     0  00:00      0.00    0.00    0.03
  40793                CONDUIT    178.44     0  12:15      1.59    0.90    1.00
  41025                CONDUIT    348.57     0  12:32      1.78    0.83    1.00
  41038                CONDUIT    249.97     0  14:07      0.90    0.59    0.95
  41039                CONDUIT    250.01     0  14:03      0.98    0.48    0.84
  41097                CONDUIT      4.10     0  12:45      1.09    0.04    0.43
  41114                CONDUIT    340.82     0  12:14      2.71    1.25    1.00
  41149                CONDUIT    126.68     0  14:03      2.81    0.32    0.39
  41181                CONDUIT      0.00     0  00:00      0.00    0.00    0.00
  41182                CONDUIT      0.00     0  00:00      0.00    0.00    0.00
  41183                CONDUIT      0.00     0  00:00      0.00    0.00    0.00
  41204                CONDUIT      0.00     0  00:00      0.00    0.00    0.00
  41367                CONDUIT    126.53     0  14:19      1.19    1.67    1.00
  41543                CONDUIT     49.24     0  12:19      0.66    0.05    0.81
  41557                CONDUIT      0.00     0  00:00      0.00    0.00    0.00
  41561                CONDUIT    320.80     0  12:25      0.41    0.35    1.00
  41562                CONDUIT      5.91     0  00:00      1.45    0.02    0.11
  41661                CONDUIT    437.26     0  12:27      1.55    0.83    1.00
  41712                CONDUIT      2.20     0  14:28      0.52    0.01    0.07
  42042                CONDUIT      0.00     0  00:00      0.00    0.00    0.00
  42043                CONDUIT      0.00     0  00:00      0.00    0.00    0.00
  42079                CONDUIT      0.00     0  00:00      0.00    0.00    0.00
  42080                CONDUIT      0.00     0  00:00      0.00    0.00    0.00
  42081                CONDUIT    380.75     0  12:26      1.94    1.18    0.71
  42082                CONDUIT    378.36     0  12:25      1.74    0.62    0.74
  42085                CONDUIT    465.23     0  12:16      1.65    0.70    1.00
  42514                CONDUIT      0.00     0  00:00      0.00    0.00    0.00
  42515                CONDUIT    269.61     0  14:25      2.66    0.79    0.84
  42541                CONDUIT      0.00     0  00:00      0.00    0.00    0.00
  42568                CONDUIT    320.80     0  12:25      0.49    0.14    1.00
  42610                CONDUIT      3.10     0  00:00      0.35    0.03    0.18
  42644                CONDUIT     11.23     0  12:16      0.81    0.12    1.00
  42711                CONDUIT    348.24     0  12:32      1.77    1.28    1.00
  42712                CONDUIT     60.08     0  12:42      0.36    0.02    1.00
  42713                CONDUIT    348.25     0  12:32      3.20    0.83    1.00
  42714                CONDUIT      2.54     0  14:30      0.52    0.02    0.16
  42715                CONDUIT    164.63     0  12:17      1.70    0.77    0.44
  42716                CONDUIT      2.20     0  16:31      0.69    0.01    0.07
  42717                CONDUIT      2.20     0  12:09      0.54    0.01    0.22
  42718                CONDUIT    393.73     0  13:33      2.78    0.46    0.51
  42719                CONDUIT    277.51     0  13:34      1.98    0.97    0.67
  42720                CONDUIT    126.53     0  14:09      1.36    1.36    0.98
  42721                CONDUIT     83.26     0  12:17      1.21    0.69    0.86
  42722                CONDUIT    431.70     0  12:49      1.72    0.23    0.84
  42723                CONDUIT    396.97     0  12:27      1.79   14.23    0.75
  42724                CONDUIT    482.30     0  12:19      2.25    0.38    1.00
  42725                CONDUIT    320.82     0  12:27      1.13    0.11    1.00
  42726                CONDUIT    326.76     0  12:22      3.71    0.12    0.87
  42727                CONDUIT    437.30     0  12:28      1.55    1.10    1.00
  42728                CONDUIT     75.63     0  14:18      0.66    0.87    0.92
  42730                CONDUIT    249.98     0  14:28      1.26    0.83    0.66
  42731                CONDUIT    126.53     0  14:20      1.62    0.76    1.00
  42732                CONDUIT    143.72     0  12:23      1.14    1.21    1.00
  42733                CONDUIT    142.19     0  14:49      1.13    0.88    1.00
  42734                CONDUIT    465.18     0  12:16      1.65    0.79    1.00
  42735                CONDUIT    528.67     0  13:59      4.21    1.55    1.00
  42736                CONDUIT    778.26     0  14:01      1.30    0.25    0.28
  42737                CONDUIT     59.90     0  12:34      1.52    0.06    0.37
  42738                CONDUIT    373.11     0  12:26      1.57    0.57    0.85
  42739                CONDUIT    312.41     0  12:25      1.70    0.50    0.63
  42740                CONDUIT    393.69     0  13:17      2.46    0.59    0.78
  42742                CONDUIT    249.19     0  12:15      2.15    0.55    0.93
  O_PLANT              DUMMY     1163.30     0  14:07
  P1                   PUMP         8.80     0  12:13              1.00
  P2                   PUMP        74.25     0  12:28              1.00
  
  
  ***************************
  Flow Classification Summary
  ***************************
  
  -------------------------------------------------------------------------------------
                      Adjusted    ---------- Fraction of Time in Flow Class ---------- 
                       /Actual         Up    Down  Sub   Sup   Up    Down  Norm  Inlet 
  Conduit               Length    Dry  Dry   Dry   Crit  Crit  Crit  Crit  Ltd   Ctrl  
  -------------------------------------------------------------------------------------
  34                      1.00   1.00  0.00  0.00  0.00  0.00  0.00  0.00  0.00  0.00
  63                      1.00   1.00  0.00  0.00  0.00  0.00  0.00  0.00  0.00  0.00
  95                      1.00   0.27  0.00  0.00  0.73  0.00  0.00  0.00  0.00  0.00
  100                     1.00   1.00  0.00  0.00  0.00  0.00  0.00  0.00  0.00  0.00
  129                     1.00   0.02  0.00  0.00  0.98  0.00  0.00  0.00  0.00  0.00
  325                     1.00   0.00  0.00  0.00  0.04  0.96  0.00  0.00  0.80  0.00
  783                     1.00   1.00  0.00  0.00  0.00  0.00  0.00  0.00  0.00  0.00
  832                     1.00   0.01  0.00  0.00  0.99  0.00  0.00  0.00  0.00  0.00
  841                     1.00   0.22  0.00  0.00  0.78  0.00  0.00  0.00  0.03  0.00
  842                     1.00   1.00  0.00  0.00  0.00  0.00  0.00  0.00  0.00  0.00
  1612                    1.00   0.00  0.02  0.00  0.90  0.08  0.00  0.00  0.00  0.00
  1806                    1.00   1.00  0.00  0.00  0.00  0.00  0.00  0.00  0.00  0.00
  1941                    1.00   1.00  0.00  0.00  0.00  0.00  0.00  0.00  0.00  0.00
  2487                    1.00   0.00  0.00  0.00  0.99  0.01  0.00  0.00  0.00  0.00
  2488                    1.00   0.00  0.00  0.00  0.99  0.01  0.00  0.00  0.00  0.00
  2543                    1.00   0.15  0.00  0.00  0.85  0.00  0.00  0.00  0.00  0.00
  2627                    1.00   0.01  0.05  0.00  0.94  0.00  0.00  0.00  0.86  0.00
  2628                    1.00   1.00  0.00  0.00  0.00  0.00  0.00  0.00  0.00  0.00
  2629                    1.00   1.00  0.00  0.00  0.00  0.00  0.00  0.00  0.00  0.00
  2630                    1.00   1.00  0.00  0.00  0.00  0.00  0.00  0.00  0.00  0.00
  2631                    1.00   1.00  0.00  0.00  0.00  0.00  0.00  0.00  0.00  0.00
  2632                    1.00   1.00  0.00  0.00  0.00  0.00  0.00  0.00  0.00  0.00
  2649                    1.00   0.26  0.58  0.00  0.05  0.00  0.11  0.00  0.00  0.00
  2941                    1.00   0.96  0.04  0.00  0.00  0.00  0.00  0.00  0.00  0.00
  3101                    1.00   0.01  0.00  0.00  0.99  0.00  0.00  0.00  0.00  0.00
  3137                    1.00   1.00  0.00  0.00  0.00  0.00  0.00  0.00  0.00  0.00
  3147                    1.00   0.10  0.00  0.00  0.10  0.81  0.00  0.00  0.00  0.00
  3166                    1.00   0.05  0.00  0.00  0.95  0.00  0.00  0.00  0.03  0.00
  3332                    1.00   0.95  0.01  0.00  0.05  0.00  0.00  0.00  0.69  0.00
  3334                    1.00   0.26  0.00  0.00  0.74  0.00  0.00  0.00  0.00  0.00
  3335                    1.00   0.01  0.00  0.00  0.08  0.00  0.00  0.91  0.00  0.00
  3336                    1.00   1.00  0.00  0.00  0.00  0.00  0.00  0.00  0.00  0.00
  3339                    1.00   0.94  0.02  0.00  0.04  0.00  0.00  0.00  0.69  0.00
  3369                    1.00   0.01  0.94  0.00  0.05  0.00  0.00  0.00  0.69  0.00
  3370                    1.00   0.01  0.00  0.00  0.99  0.00  0.00  0.00  0.00  0.00
  3372                    1.00   1.00  0.00  0.00  0.00  0.00  0.00  0.00  0.00  0.00
  3424                    1.00   0.01  0.00  0.00  0.99  0.00  0.00  0.00  0.00  0.00
  3459                    1.00   0.96  0.04  0.00  0.00  0.00  0.00  0.00  0.00  0.00
  3553                    1.00   1.00  0.00  0.00  0.00  0.00  0.00  0.00  0.00  0.00
  3572                    1.00   1.00  0.00  0.00  0.00  0.00  0.00  0.00  0.00  0.00
  3578                    1.00   0.00  0.00  0.00  1.00  0.00  0.00  0.00  0.00  0.00
  3580                    1.00   1.00  0.00  0.00  0.00  0.00  0.00  0.00  0.00  0.00
  3586                    1.00   1.00  0.00  0.00  0.00  0.00  0.00  0.00  0.00  0.00
  3590                    1.00   1.00  0.00  0.00  0.00  0.00  0.00  0.00  0.00  0.00
  3591                    1.00   1.00  0.00  0.00  0.00  0.00  0.00  0.00  0.00  0.00
  3596                    1.00   1.00  0.00  0.00  0.00  0.00  0.00  0.00  0.00  0.00
  3673                    1.00   0.26  0.00  0.00  0.74  0.00  0.00  0.00  0.00  0.00
  3679                    1.00   0.03  0.00  0.00  0.89  0.09  0.00  0.00  0.91  0.00
  3716                    1.00   0.00  0.00  0.00  1.00  0.00  0.00  0.00  1.00  0.00
  3755                    1.00   1.00  0.00  0.00  0.00  0.00  0.00  0.00  0.00  0.00
  3774                    1.00   0.00  0.00  0.00  0.00  1.00  0.00  0.00  1.00  0.00
  3781                    1.00   0.00  0.00  0.00  0.99  0.01  0.00  0.00  0.91  0.00
  3808                    1.00   0.22  0.00  0.00  0.74  0.00  0.00  0.03  0.00  0.00
  3826                    1.00   0.00  0.00  0.00  1.00  0.00  0.00  0.00  0.14  0.00
  3827                    1.00   0.00  0.02  0.00  0.98  0.00  0.00  0.00  0.87  0.00
  3832                    1.00   0.26  0.25  0.00  0.49  0.00  0.00  0.00  0.65  0.00
  3864                    1.00   0.26  0.15  0.00  0.60  0.00  0.00  0.00  0.67  0.00
  3904                    1.00   1.00  0.00  0.00  0.00  0.00  0.00  0.00  0.00  0.00
  4236                    1.00   1.00  0.00  0.00  0.00  0.00  0.00  0.00  0.00  0.00
  4245                    1.00   0.27  0.00  0.00  0.04  0.00  0.69  0.00  0.00  0.00
  4268                    1.00   1.00  0.00  0.00  0.00  0.00  0.00  0.00  0.00  0.00
  4271                    1.00   1.00  0.00  0.00  0.00  0.00  0.00  0.00  0.00  0.00
  4273                    1.00   0.01  0.00  0.00  0.00  0.99  0.00  0.00  0.03  0.00
  4291                    1.00   0.01  0.00  0.00  0.00  0.99  0.00  0.00  0.93  0.00
  4292                    1.00   0.01  0.00  0.00  0.00  0.10  0.00  0.89  0.01  0.00
  4293                    1.00   0.96  0.04  0.00  0.00  0.00  0.00  0.00  0.00  0.00
  4294                    1.00   0.01  0.00  0.00  0.00  0.99  0.00  0.00  0.98  0.00
  4476                    1.00   0.01  0.00  0.00  0.00  0.00  0.00  0.99  0.00  0.00
  4486                    1.00   1.00  0.00  0.00  0.00  0.00  0.00  0.00  0.00  0.00
  4518                    1.00   0.01  0.00  0.00  0.99  0.00  0.00  0.00  0.00  0.00
  4520                    1.00   1.00  0.00  0.00  0.00  0.00  0.00  0.00  0.00  0.00
  4533                    1.00   0.26  0.69  0.00  0.06  0.00  0.00  0.00  0.70  0.00
  4617                    1.00   0.95  0.05  0.00  0.00  0.00  0.00  0.00  0.00  0.00
  4644                    1.00   0.03  0.00  0.00  0.00  0.97  0.00  0.00  0.91  0.00
  4680                    1.00   0.02  0.00  0.00  0.98  0.00  0.00  0.00  0.00  0.00
  4691                    1.00   0.95  0.00  0.00  0.05  0.00  0.00  0.00  0.70  0.00
  4714                    1.00   0.21  0.00  0.00  0.78  0.00  0.00  0.00  0.00  0.00
  4783                    1.00   0.10  0.05  0.00  0.86  0.00  0.00  0.00  0.00  0.00
  4983                    1.00   0.01  0.00  0.00  0.05  0.94  0.00  0.00  0.00  0.00
  5044                    1.00   0.22  0.00  0.00  0.78  0.00  0.00  0.00  0.03  0.00
  5066                    1.00   1.00  0.00  0.00  0.00  0.00  0.00  0.00  0.00  0.00
  5183                    1.00   0.00  0.00  0.00  0.00  0.00  0.00  1.00  0.00  0.00
  5262                    1.00   1.00  0.00  0.00  0.00  0.00  0.00  0.00  0.00  0.00
  5289                    1.00   0.89  0.03  0.00  0.08  0.00  0.00  0.00  0.68  0.00
  5327                    1.00   0.01  0.00  0.00  0.99  0.00  0.00  0.00  0.90  0.00
  5328                    1.00   1.00  0.00  0.00  0.00  0.00  0.00  0.00  0.00  0.00
  5329                    1.00   0.00  0.00  0.00  1.00  0.00  0.00  0.00  0.00  0.00
  5372                    1.00   0.25  0.00  0.00  0.64  0.10  0.00  0.00  0.02  0.00
  5379                    1.00   0.95  0.05  0.00  0.00  0.00  0.00  0.00  0.00  0.00
  5383                    1.00   0.25  0.00  0.00  0.13  0.00  0.62  0.00  0.00  0.00
  5564                    1.00   0.00  0.00  0.00  0.05  0.95  0.00  0.00  0.90  0.00
  5646                    1.00   1.00  0.00  0.00  0.00  0.00  0.00  0.00  0.00  0.00
  5734                    1.00   0.25  0.00  0.00  0.75  0.00  0.00  0.00  0.00  0.00
  5754                    1.00   1.00  0.00  0.00  0.00  0.00  0.00  0.00  0.00  0.00
  5796                    1.00   0.27  0.00  0.00  0.04  0.00  0.69  0.00  0.00  0.00
  5799                    1.00   1.00  0.00  0.00  0.00  0.00  0.00  0.00  0.00  0.00
  5884                    1.00   0.89  0.11  0.00  0.00  0.00  0.00  0.00  0.00  0.00
  5963                    1.00   0.10  0.00  0.00  0.89  0.00  0.00  0.00  0.03  0.00
  6198                    1.00   0.00  0.00  0.00  0.03  0.01  0.00  0.96  0.00  0.00
  6200                    1.00   0.03  0.84  0.00  0.14  0.00  0.00  0.00  0.68  0.00
  6935                    1.00   0.26  0.67  0.00  0.00  0.07  0.00  0.00  0.68  0.00
  7035                    1.00   0.00  0.00  0.00  0.00  0.00  0.00  1.00  0.00  0.00
  7084                    1.00   0.02  0.00  0.00  0.98  0.00  0.00  0.00  0.88  0.00
  7105                    1.00   0.26  0.00  0.00  0.06  0.00  0.00  0.69  0.00  0.00
  7282                    1.00   1.00  0.00  0.00  0.00  0.00  0.00  0.00  0.00  0.00
  7373                    1.00   0.26  0.00  0.00  0.06  0.00  0.00  0.69  0.00  0.00
  7495                    1.00   1.00  0.00  0.00  0.00  0.00  0.00  0.00  0.00  0.00
  7498                    1.00   0.96  0.04  0.00  0.00  0.00  0.00  0.00  0.00  0.00
  8063                    1.00   0.00  0.00  0.00  1.00  0.00  0.00  0.00  0.00  0.00
  8274                    1.00   0.26  0.00  0.00  0.06  0.00  0.69  0.00  0.00  0.00
  8293                    1.00   1.00  0.00  0.00  0.00  0.00  0.00  0.00  0.00  0.00
  8294                    1.00   1.00  0.00  0.00  0.00  0.00  0.00  0.00  0.00  0.00
  8295                    1.00   1.00  0.00  0.00  0.00  0.00  0.00  0.00  0.00  0.00
  8305                    1.00   0.10  0.04  0.00  0.86  0.00  0.00  0.00  0.00  0.00
  8423                    1.00   0.26  0.00  0.00  0.74  0.00  0.00  0.00  0.00  0.00
  8614                    1.00   0.00  0.00  0.00  0.13  0.87  0.00  0.00  0.00  0.00
  8670                    1.00   0.01  0.00  0.00  0.99  0.00  0.00  0.00  0.00  0.00
  8894                    1.00   0.02  0.00  0.00  0.98  0.00  0.00  0.00  0.00  0.00
  9134                    1.00   0.26  0.00  0.00  0.65  0.10  0.00  0.00  0.38  0.00
  9700                    1.00   0.01  0.00  0.00  0.99  0.00  0.00  0.00  0.00  0.00
  9703                    1.00   0.02  0.00  0.00  0.98  0.00  0.00  0.00  0.00  0.00
  9704                    1.00   0.02  0.00  0.00  0.98  0.00  0.00  0.00  0.00  0.00
  9736                    1.00   1.00  0.00  0.00  0.00  0.00  0.00  0.00  0.00  0.00
  10024                   1.00   0.25  0.00  0.00  0.74  0.00  0.00  0.00  0.00  0.00
  10072                   1.00   0.00  0.00  0.00  1.00  0.00  0.00  0.00  0.00  0.00
  10076                   1.00   0.00  0.00  0.00  0.99  0.00  0.00  0.00  0.00  0.00
  10117                   1.00   1.00  0.00  0.00  0.00  0.00  0.00  0.00  0.00  0.00
  10119                   1.00   0.26  0.00  0.00  0.74  0.00  0.00  0.00  0.00  0.00
  10124                   1.00   0.03  0.02  0.00  0.95  0.00  0.00  0.00  0.00  0.00
  10130                   1.00   0.26  0.00  0.00  0.74  0.00  0.00  0.00  0.00  0.00
  10138                   1.00   0.01  0.01  0.00  0.98  0.00  0.00  0.00  0.00  0.00
  10144                   1.00   0.16  0.02  0.00  0.82  0.00  0.00  0.00  0.00  0.00
  10146                   1.00   0.03  0.00  0.00  0.97  0.00  0.00  0.00  0.01  0.00
  10148                   1.00   0.21  0.73  0.00  0.06  0.00  0.00  0.00  0.69  0.00
  10158                   1.00   0.22  0.73  0.00  0.06  0.00  0.00  0.00  0.69  0.00
  10159                   1.00   0.26  0.00  0.00  0.74  0.00  0.00  0.00  0.00  0.00
  10161                   1.00   0.25  0.00  0.00  0.06  0.00  0.69  0.00  0.00  0.00
  10162                   1.00   0.26  0.00  0.00  0.74  0.00  0.00  0.00  0.00  0.00
  10164                   1.00   0.05  0.00  0.00  0.95  0.00  0.00  0.00  0.00  0.00
  10211                   1.00   0.03  0.00  0.00  0.97  0.00  0.00  0.00  0.11  0.00
  10242                   1.00   0.01  0.00  0.00  0.99  0.00  0.00  0.00  0.01  0.00
  10264                   1.00   0.01  0.00  0.00  0.99  0.00  0.00  0.00  0.00  0.00
  10284                   1.00   1.00  0.00  0.00  0.00  0.00  0.00  0.00  0.00  0.00
  10363                   1.00   1.00  0.00  0.00  0.00  0.00  0.00  0.00  0.00  0.00
  10405                   1.00   0.25  0.00  0.00  0.06  0.00  0.00  0.69  0.00  0.00
  10464                   1.00   1.00  0.00  0.00  0.00  0.00  0.00  0.00  0.00  0.00
  10601                   1.00   0.02  0.00  0.00  0.98  0.00  0.00  0.00  0.05  0.00
  10602                   1.00   1.00  0.00  0.00  0.00  0.00  0.00  0.00  0.00  0.00
  10605                   1.00   0.95  0.05  0.00  0.00  0.00  0.00  0.00  0.00  0.00
  10607                   1.00   0.00  0.00  0.00  1.00  0.00  0.00  0.00  0.00  0.00
  10608                   1.00   0.26  0.00  0.00  0.74  0.00  0.00  0.00  0.00  0.00
  10671                   1.00   0.26  0.31  0.00  0.09  0.00  0.35  0.00  0.00  0.00
  10690                   1.00   0.01  0.00  0.00  0.99  0.00  0.00  0.01  0.00  0.00
  10691                   1.00   0.01  0.00  0.00  0.00  0.98  0.00  0.01  0.84  0.00
  10744                   1.00   0.01  0.00  0.00  0.99  0.00  0.00  0.00  0.89  0.00
  10746                   1.00   0.01  0.00  0.00  0.07  0.92  0.00  0.00  0.91  0.00
  10833                   1.00   0.01  0.00  0.00  0.95  0.05  0.00  0.00  0.00  0.00
  10845                   1.00   0.00  0.00  0.00  0.00  0.00  0.00  1.00  0.00  0.00
  10879                   1.00   1.00  0.00  0.00  0.00  0.00  0.00  0.00  0.00  0.00
  11139                   1.00   0.03  0.97  0.00  0.00  0.00  0.00  0.00  0.00  0.00
  11172                   1.00   1.00  0.00  0.00  0.00  0.00  0.00  0.00  0.00  0.00
  11209                   1.00   1.00  0.00  0.00  0.00  0.00  0.00  0.00  0.00  0.00
  12024                   1.00   1.00  0.00  0.00  0.00  0.00  0.00  0.00  0.00  0.00
  12611                   1.00   0.00  0.00  0.00  1.00  0.00  0.00  0.00  0.00  0.00
  12612                   1.00   1.00  0.00  0.00  0.00  0.00  0.00  0.00  0.00  0.00
  12613                   1.00   1.00  0.00  0.00  0.00  0.00  0.00  0.00  0.00  0.00
  12615                   1.00   1.00  0.00  0.00  0.00  0.00  0.00  0.00  0.00  0.00
  12620                   1.00   0.02  0.98  0.00  0.00  0.00  0.00  0.00  0.00  0.00
  12621                   1.00   0.93  0.07  0.00  0.00  0.00  0.00  0.00  0.00  0.00
  12622                   1.00   1.00  0.00  0.00  0.00  0.00  0.00  0.00  0.00  0.00
  12633                   1.00   0.25  0.00  0.00  0.75  0.00  0.00  0.00  0.00  0.00
  12636                   1.00   0.26  0.41  0.00  0.33  0.00  0.00  0.00  0.64  0.00
  12637                   1.00   0.25  0.00  0.00  0.75  0.00  0.00  0.00  0.00  0.00
  12638                   1.00   0.96  0.00  0.00  0.00  0.00  0.00  0.04  0.00  0.00
  12643                   1.00   0.26  0.00  0.00  0.63  0.11  0.00  0.00  0.33  0.00
  12644                   1.00   0.47  0.00  0.00  0.00  0.00  0.00  0.53  0.00  0.00
  12649                   1.00   0.25  0.64  0.00  0.03  0.07  0.00  0.00  0.69  0.00
  12650                   1.00   0.03  0.00  0.00  0.97  0.00  0.00  0.00  0.00  0.00
  12652                   1.00   0.02  0.00  0.00  0.98  0.00  0.00  0.00  0.00  0.00
  12653                   1.00   0.25  0.64  0.00  0.02  0.09  0.00  0.00  0.67  0.00
  12654                   1.00   0.02  0.00  0.00  0.88  0.10  0.00  0.00  0.87  0.00
  12656                   1.00   0.00  0.00  0.00  1.00  0.00  0.00  0.00  0.00  0.00
  12660                   1.00   0.00  0.00  0.00  1.00  0.00  0.00  0.00  0.09  0.00
  12661                   1.00   1.00  0.00  0.00  0.00  0.00  0.00  0.00  0.00  0.00
  12662                   1.00   1.00  0.00  0.00  0.00  0.00  0.00  0.00  0.00  0.00
  12663                   1.00   0.96  0.00  0.00  0.03  0.00  0.00  0.00  0.72  0.00
  12664                   1.00   0.02  0.00  0.00  0.98  0.00  0.00  0.00  0.06  0.00
  12665                   1.00   0.02  0.00  0.00  0.98  0.00  0.00  0.00  0.00  0.00
  12668                   1.00   0.00  0.00  0.00  0.04  0.00  0.96  0.00  0.00  0.00
  12673                   1.00   0.08  0.92  0.00  0.00  0.00  0.00  0.00  0.00  0.00
  12676                   1.00   0.95  0.05  0.00  0.00  0.00  0.00  0.00  0.00  0.00
  12678                   1.00   0.02  0.00  0.00  0.98  0.00  0.00  0.00  0.12  0.00
  12679                   1.00   0.02  0.00  0.00  0.96  0.03  0.00  0.00  0.00  0.00
  12681                   1.00   0.00  0.76  0.00  0.24  0.00  0.00  0.00  0.65  0.00
  12682                   1.00   0.25  0.00  0.00  0.75  0.00  0.00  0.00  0.00  0.00
  12683                   1.00   0.25  0.00  0.00  0.75  0.00  0.00  0.00  0.00  0.00
  12685                   1.00   0.25  0.30  0.00  0.29  0.16  0.00  0.00  0.68  0.00
  12686                   1.00   0.25  0.39  0.00  0.33  0.03  0.00  0.00  0.70  0.00
  12687                   1.00   0.25  0.66  0.00  0.08  0.00  0.00  0.00  0.69  0.00
  12688                   1.00   0.25  0.00  0.00  0.75  0.00  0.00  0.00  0.00  0.00
  12690                   1.00   0.00  0.00  0.00  1.00  0.00  0.00  0.00  0.00  0.00
  12691                   1.00   0.25  0.00  0.00  0.06  0.01  0.68  0.00  0.00  0.00
  12692                   1.00   0.93  0.00  0.00  0.06  0.01  0.00  0.00  0.68  0.00
  12694                   1.00   0.11  0.00  0.00  0.89  0.00  0.00  0.00  0.01  0.00
  12697                   1.00   0.01  0.00  0.00  0.99  0.00  0.00  0.00  0.00  0.00
  12698                   1.00   0.25  0.00  0.00  0.75  0.00  0.00  0.00  0.00  0.00
  12699                   1.00   0.26  0.40  0.00  0.07  0.00  0.26  0.00  0.00  0.00
  12700                   1.00   0.26  0.00  0.00  0.74  0.00  0.00  0.00  0.00  0.00
  12760                   1.00   0.00  0.00  0.00  0.06  0.00  0.00  0.94  0.00  0.00
  12761                   1.00   0.00  0.00  0.00  1.00  0.00  0.00  0.00  0.00  0.00
  12865                   1.00   0.22  0.00  0.00  0.74  0.00  0.03  0.00  0.00  0.00
  12866                   1.00   0.15  0.01  0.00  0.84  0.00  0.00  0.00  0.00  0.00
  12870                   1.00   0.22  0.00  0.00  0.76  0.02  0.00  0.00  0.00  0.00
  12871                   1.00   0.26  0.00  0.00  0.43  0.00  0.31  0.00  0.00  0.00
  12872                   1.00   0.26  0.68  0.00  0.06  0.00  0.00  0.00  0.68  0.00
  12873                   1.00   0.02  0.00  0.00  0.98  0.00  0.00  0.00  0.00  0.00
  12874                   1.00   0.08  0.00  0.00  0.91  0.00  0.00  0.00  0.00  0.00
  12875                   1.00   0.03  0.09  0.00  0.88  0.00  0.00  0.00  0.00  0.00
  12876                   1.00   0.12  0.00  0.00  0.88  0.00  0.00  0.00  0.00  0.00
  12877                   1.00   0.26  0.00  0.00  0.05  0.00  0.00  0.69  0.00  0.00
  12878                   1.00   0.91  0.09  0.00  0.00  0.00  0.00  0.00  0.00  0.00
  12880                   1.00   1.00  0.00  0.00  0.00  0.00  0.00  0.00  0.00  0.00
  12884                   1.00   0.02  0.00  0.00  0.98  0.00  0.00  0.00  0.00  0.00
  12888                   1.00   0.26  0.69  0.00  0.00  0.05  0.00  0.00  0.70  0.00
  12889                   1.00   0.26  0.00  0.00  0.74  0.00  0.00  0.00  0.00  0.00
  12890                   1.00   0.26  0.00  0.00  0.74  0.00  0.00  0.00  0.00  0.00
  12892                   1.00   1.00  0.00  0.00  0.00  0.00  0.00  0.00  0.00  0.00
  12893                   1.00   1.00  0.00  0.00  0.00  0.00  0.00  0.00  0.00  0.00
  12894                   1.00   1.00  0.00  0.00  0.00  0.00  0.00  0.00  0.00  0.00
  12895                   1.00   1.00  0.00  0.00  0.00  0.00  0.00  0.00  0.00  0.00
  12897                   1.00   0.00  0.00  0.00  1.00  0.00  0.00  0.00  0.00  0.00
  12903                   1.00   1.00  0.00  0.00  0.00  0.00  0.00  0.00  0.00  0.00
  12904                   1.00   1.00  0.00  0.00  0.00  0.00  0.00  0.00  0.00  0.00
  12907                   1.00   0.01  0.00  0.00  0.99  0.00  0.00  0.00  0.00  0.00
  12940                   1.00   0.01  0.00  0.00  0.99  0.00  0.00  0.00  0.00  0.00
  12942                   1.00   0.95  0.05  0.00  0.00  0.00  0.00  0.00  0.00  0.00
  12978                   1.00   0.02  0.00  0.00  0.98  0.00  0.00  0.00  0.00  0.00
  12979                   1.00   1.00  0.00  0.00  0.00  0.00  0.00  0.00  0.00  0.00
  12980                   1.00   0.02  0.00  0.00  0.07  0.00  0.00  0.92  0.00  0.00
  12982                   1.00   0.09  0.00  0.00  0.08  0.01  0.00  0.82  0.00  0.00
  12983                   1.00   0.02  0.00  0.00  0.05  0.00  0.93  0.00  0.00  0.00
  12986                   1.00   1.00  0.00  0.00  0.00  0.00  0.00  0.00  0.00  0.00
  12987                   1.00   1.00  0.00  0.00  0.00  0.00  0.00  0.00  0.00  0.00
  12988                   1.00   1.00  0.00  0.00  0.00  0.00  0.00  0.00  0.00  0.00
  12989                   1.00   1.00  0.00  0.00  0.00  0.00  0.00  0.00  0.00  0.00
  12990                   1.00   1.00  0.00  0.00  0.00  0.00  0.00  0.00  0.00  0.00
  12991                   1.00   1.00  0.00  0.00  0.00  0.00  0.00  0.00  0.00  0.00
  12993                   1.00   0.00  0.00  0.00  1.00  0.00  0.00  0.00  0.00  0.00
  12994                   1.00   0.00  0.00  0.00  1.00  0.00  0.00  0.00  0.00  0.00
  12995                   1.00   0.02  0.00  0.00  0.98  0.00  0.00  0.00  0.00  0.00
  12996                   1.00   0.02  0.00  0.00  0.98  0.00  0.00  0.00  0.01  0.00
  12998                   1.00   0.01  0.00  0.00  0.99  0.00  0.00  0.00  0.00  0.00
  13000                   1.00   0.00  0.00  0.00  0.99  0.00  0.00  0.00  0.00  0.00
  13298                   1.00   0.01  0.00  0.00  0.99  0.00  0.00  0.00  0.01  0.00
  13357                   1.00   0.02  0.01  0.00  0.92  0.05  0.00  0.00  0.12  0.00
  13491                   1.00   0.02  0.98  0.00  0.00  0.00  0.00  0.00  0.00  0.00
  13492                   1.00   0.02  0.00  0.00  0.00  0.00  0.00  0.98  0.00  0.00
  13493                   1.00   0.03  0.00  0.00  0.97  0.00  0.00  0.00  0.00  0.00
  13494                   1.00   0.02  0.00  0.00  0.90  0.07  0.00  0.00  0.87  0.00
  13496                   1.00   1.00  0.00  0.00  0.00  0.00  0.00  0.00  0.00  0.00
  13512                   1.00   0.03  0.00  0.00  0.97  0.00  0.00  0.00  0.00  0.00
  13513                   1.00   0.06  0.00  0.00  0.93  0.00  0.00  0.00  0.00  0.00
  13524                   1.00   1.00  0.00  0.00  0.00  0.00  0.00  0.00  0.00  0.00
  13525                   1.00   0.02  0.00  0.00  0.98  0.00  0.00  0.00  0.00  0.00
  13560                   1.00   1.00  0.00  0.00  0.00  0.00  0.00  0.00  0.00  0.00
  13562                   1.00   1.00  0.00  0.00  0.00  0.00  0.00  0.00  0.00  0.00
  13569                   1.00   0.17  0.00  0.00  0.83  0.00  0.00  0.00  0.00  0.00
  13643                   1.00   0.26  0.00  0.00  0.74  0.00  0.00  0.00  0.00  0.00
  13801                   1.00   0.02  0.00  0.00  0.04  0.94  0.00  0.00  0.05  0.00
  13802                   1.00   0.08  0.01  0.00  0.92  0.00  0.00  0.00  0.00  0.00
  13820                   1.00   0.01  0.00  0.00  0.99  0.00  0.00  0.00  0.69  0.00
  13821                   1.00   0.94  0.00  0.00  0.06  0.00  0.00  0.00  0.68  0.00
  13936                   1.00   1.00  0.00  0.00  0.00  0.00  0.00  0.00  0.00  0.00
  13937                   1.00   0.26  0.00  0.00  0.00  0.00  0.00  0.74  0.00  0.00
  14073                   1.00   0.26  0.74  0.00  0.00  0.00  0.00  0.00  0.00  0.00
  14080                   1.00   0.01  0.00  0.00  0.99  0.00  0.00  0.00  0.00  0.00
  14101                   1.00   0.00  0.00  0.00  1.00  0.00  0.00  0.00  0.02  0.00
  14137                   1.00   0.01  0.00  0.00  0.99  0.00  0.00  0.00  0.00  0.00
  14141                   1.00   0.01  0.00  0.00  0.99  0.00  0.00  0.00  0.00  0.00
  14208                   1.00   0.25  0.66  0.00  0.09  0.00  0.00  0.00  0.68  0.00
  14270                   1.00   0.01  0.00  0.00  0.00  0.99  0.00  0.00  0.93  0.00
  14272                   1.00   0.01  0.00  0.00  0.00  0.00  0.00  0.99  0.00  0.00
  14472                   1.00   0.10  0.00  0.00  0.90  0.00  0.00  0.00  0.00  0.00
  14475                   1.00   1.00  0.00  0.00  0.00  0.00  0.00  0.00  0.00  0.00
  14478                   1.00   0.02  0.00  0.00  0.98  0.00  0.00  0.00  0.00  0.00
  14574                   1.00   0.01  0.00  0.00  0.91  0.08  0.00  0.00  0.92  0.00
  14707                   1.00   1.00  0.00  0.00  0.00  0.00  0.00  0.00  0.00  0.00
  14739                   1.00   0.07  0.04  0.00  0.84  0.05  0.00  0.00  0.00  0.00
  14745                   1.00   0.26  0.64  0.00  0.10  0.00  0.00  0.00  0.66  0.00
  14749                   1.00   0.01  0.00  0.00  0.99  0.00  0.00  0.00  0.01  0.00
  14765                   1.00   0.00  0.00  0.00  0.00  0.00  0.00  1.00  0.00  0.00
  14950                   1.00   0.25  0.00  0.00  0.06  0.00  0.69  0.00  0.00  0.00
  15152                   1.00   0.26  0.00  0.00  0.74  0.00  0.00  0.00  0.00  0.00
  15171                   1.00   0.00  0.00  0.00  1.00  0.00  0.00  0.00  0.00  0.00
  15187                   1.00   1.00  0.00  0.00  0.00  0.00  0.00  0.00  0.00  0.00
  15242                   1.00   0.10  0.00  0.00  0.00  0.90  0.00  0.00  0.01  0.00
  15277                   1.00   0.00  0.00  0.00  1.00  0.00  0.00  0.00  0.00  0.00
  15281                   1.00   0.02  0.00  0.00  0.00  0.98  0.00  0.00  0.89  0.00
  15332                   1.00   0.01  0.00  0.00  0.06  0.93  0.00  0.00  0.90  0.00
  15333                   1.00   1.00  0.00  0.00  0.00  0.00  0.00  0.00  0.00  0.00
  15362                   1.00   0.00  0.00  0.00  1.00  0.00  0.00  0.00  0.00  0.00
  15806                   1.00   0.02  0.00  0.00  0.98  0.00  0.00  0.00  0.01  0.00
  16419                   1.00   0.01  0.00  0.00  0.99  0.00  0.00  0.00  0.21  0.00
  16476                   1.00   0.26  0.19  0.00  0.55  0.00  0.00  0.00  0.65  0.00
  16575                   1.00   1.00  0.00  0.00  0.00  0.00  0.00  0.00  0.00  0.00
  16654                   1.00   0.01  0.00  0.00  0.99  0.00  0.00  0.00  0.11  0.00
  16672                   1.00   0.22  0.00  0.00  0.78  0.00  0.00  0.00  0.00  0.00
  16865                   1.00   1.00  0.00  0.00  0.00  0.00  0.00  0.00  0.00  0.00
  16887                   1.00   1.00  0.00  0.00  0.00  0.00  0.00  0.00  0.00  0.00
  16908                   1.00   1.00  0.00  0.00  0.00  0.00  0.00  0.00  0.00  0.00
  16909                   1.00   0.26  0.00  0.00  0.05  0.00  0.00  0.70  0.00  0.00
  17523                   1.00   0.26  0.00  0.00  0.00  0.00  0.00  0.74  0.00  0.00
  17571                   1.00   0.01  0.00  0.00  0.99  0.00  0.00  0.00  0.11  0.00
  17580                   1.00   0.05  0.03  0.00  0.92  0.00  0.00  0.00  0.00  0.00
  17703                   1.00   1.00  0.00  0.00  0.00  0.00  0.00  0.00  0.00  0.00
  17714                   1.00   0.00  0.00  0.00  1.00  0.00  0.00  0.00  0.00  0.00
  17715                   1.00   0.00  0.00  0.00  0.99  0.01  0.00  0.00  0.01  0.00
  17766                   1.00   0.25  0.00  0.00  0.07  0.00  0.00  0.68  0.00  0.00
  17896                   1.00   0.03  0.00  0.00  0.93  0.05  0.00  0.00  0.92  0.00
  17908                   1.00   0.00  0.00  0.00  0.08  0.00  0.92  0.00  0.00  0.00
  17926                   1.00   1.00  0.00  0.00  0.00  0.00  0.00  0.00  0.00  0.00
  17953                   1.00   0.00  0.00  0.00  1.00  0.00  0.00  0.00  0.00  0.00
  18020                   1.00   1.00  0.00  0.00  0.00  0.00  0.00  0.00  0.00  0.00
  18084                   1.00   0.26  0.00  0.00  0.09  0.00  0.66  0.00  0.00  0.00
  18113                   1.00   0.25  0.64  0.00  0.10  0.00  0.00  0.00  0.69  0.00
  18330                   1.00   0.91  0.02  0.00  0.01  0.06  0.00  0.00  0.68  0.00
  18338                   1.00   0.02  0.00  0.00  0.98  0.00  0.00  0.00  0.03  0.00
  18383                   1.00   1.00  0.00  0.00  0.00  0.00  0.00  0.00  0.00  0.00
  18387                   1.00   0.06  0.01  0.00  0.93  0.00  0.00  0.00  0.00  0.00
  18389                   1.00   0.26  0.00  0.00  0.74  0.00  0.00  0.00  0.00  0.00
  18423                   1.00   1.00  0.00  0.00  0.00  0.00  0.00  0.00  0.00  0.00
  18530                   1.00   0.02  0.00  0.00  0.98  0.00  0.00  0.00  0.13  0.00
  19043                   1.00   0.25  0.00  0.00  0.75  0.00  0.00  0.00  0.02  0.00
  19132                   1.00   0.00  0.00  0.00  1.00  0.00  0.00  0.00  0.01  0.00
  19193                   1.00   0.03  0.00  0.00  0.97  0.00  0.00  0.00  0.02  0.00
  19227                   1.00   0.00  0.00  0.00  0.99  0.00  0.00  0.01  0.00  0.00
  19440                   1.00   1.00  0.00  0.00  0.00  0.00  0.00  0.00  0.00  0.00
  19717                   1.00   0.00  0.00  0.00  1.00  0.00  0.00  0.00  0.00  0.00
  19838                   1.00   0.00  0.00  0.00  1.00  0.00  0.00  0.00  0.00  0.00
  19850                   1.00   0.00  0.00  0.00  1.00  0.00  0.00  0.00  0.00  0.00
  19910                   1.00   1.00  0.00  0.00  0.00  0.00  0.00  0.00  0.00  0.00
  20466                   1.00   0.25  0.00  0.00  0.06  0.00  0.00  0.68  0.00  0.00
  20474                   1.00   0.00  0.00  0.00  1.00  0.00  0.00  0.00  0.96  0.00
  20518                   1.00   0.02  0.00  0.00  0.98  0.00  0.00  0.00  0.89  0.00
  20519                   1.00   1.00  0.00  0.00  0.00  0.00  0.00  0.00  0.00  0.00
  20520                   1.00   0.01  0.00  0.00  0.97  0.02  0.00  0.00  0.88  0.00
  20521                   1.00   1.00  0.00  0.00  0.00  0.00  0.00  0.00  0.00  0.00
  20529                   1.00   1.00  0.00  0.00  0.00  0.00  0.00  0.00  0.00  0.00
  20530                   1.00   0.01  0.00  0.00  0.99  0.00  0.00  0.00  0.00  0.00
  20531                   1.00   0.01  0.00  0.00  0.99  0.00  0.00  0.00  0.86  0.00
  20532                   1.00   0.02  0.00  0.00  0.06  0.92  0.00  0.00  0.00  0.00
  20534                   1.00   0.01  0.00  0.00  0.99  0.00  0.00  0.00  0.00  0.00
  20535                   1.00   0.93  0.07  0.00  0.00  0.00  0.00  0.00  0.00  0.00
  20536                   1.00   0.94  0.06  0.00  0.00  0.00  0.00  0.00  0.00  0.00
  20538                   1.00   0.01  0.00  0.00  0.11  0.00  0.00  0.87  0.00  0.00
  20539                   1.00   0.01  0.00  0.00  0.08  0.00  0.00  0.91  0.00  0.00
  20540                   1.00   0.92  0.08  0.00  0.00  0.00  0.00  0.00  0.00  0.00
  20541                   1.00   0.91  0.09  0.00  0.00  0.00  0.00  0.00  0.00  0.00
  20542                   1.00   0.93  0.07  0.00  0.00  0.00  0.00  0.00  0.00  0.00
  20543                   1.00   0.01  0.00  0.00  0.00  0.00  0.00  0.99  0.00  0.00
  20544                   1.00   0.92  0.08  0.00  0.00  0.00  0.00  0.00  0.00  0.00
  20545                   1.00   0.01  0.00  0.00  0.00  0.00  0.00  0.99  0.00  0.00
  20546                   1.00   0.01  0.99  0.00  0.00  0.00  0.00  0.00  0.00  0.00
  20547                   1.00   1.00  0.00  0.00  0.00  0.00  0.00  0.00  0.00  0.00
  20548                   1.00   0.01  0.00  0.00  0.99  0.00  0.00  0.00  0.00  0.00
  20549                   1.00   0.01  0.00  0.00  0.08  0.91  0.00  0.00  0.08  0.00
  20550                   1.00   0.01  0.00  0.00  0.99  0.00  0.00  0.00  0.00  0.00
  20560                   1.00   0.02  0.00  0.00  0.98  0.00  0.00  0.00  0.00  0.00
  20569                   1.00   0.02  0.00  0.00  0.98  0.01  0.00  0.00  0.89  0.00
  20570                   1.00   0.02  0.00  0.00  0.07  0.00  0.92  0.00  0.00  0.00
  20571                   1.00   0.02  0.00  0.00  0.98  0.00  0.00  0.00  0.00  0.00
  20573                   1.00   0.02  0.00  0.00  0.98  0.00  0.00  0.00  0.00  0.00
  20577                   1.00   0.01  0.00  0.00  0.99  0.00  0.00  0.00  0.00  0.00
  20578                   1.00   0.03  0.00  0.00  0.83  0.01  0.00  0.13  0.78  0.00
  20579                   1.00   0.03  0.00  0.00  0.05  0.00  0.00  0.92  0.00  0.00
  20582                   1.00   1.00  0.00  0.00  0.00  0.00  0.00  0.00  0.00  0.00
  20584                   1.00   0.02  0.00  0.00  0.90  0.08  0.00  0.00  0.98  0.00
  20592                   1.00   0.01  0.00  0.00  0.99  0.00  0.00  0.00  0.00  0.00
  20594                   1.00   0.01  0.00  0.00  0.99  0.00  0.00  0.00  0.00  0.00
  20605                   1.00   0.02  0.00  0.00  0.09  0.00  0.00  0.89  0.00  0.00
  20606                   1.00   0.02  0.00  0.00  0.98  0.00  0.00  0.00  0.00  0.00
  20609                   1.00   0.91  0.04  0.00  0.05  0.00  0.00  0.00  0.70  0.00
  20611                   1.00   0.03  0.00  0.00  0.05  0.00  0.00  0.92  0.05  0.00
  20613                   1.00   0.03  0.00  0.00  0.86  0.11  0.00  0.00  0.91  0.00
  20615                   1.00   0.03  0.00  0.00  0.00  0.97  0.00  0.00  0.97  0.00
  20616                   1.00   0.03  0.00  0.00  0.00  0.97  0.00  0.00  0.00  0.00
  20618                   1.00   0.03  0.00  0.00  0.90  0.07  0.00  0.00  0.97  0.00
  20619                   1.00   0.03  0.00  0.00  0.89  0.09  0.00  0.00  0.91  0.00
  20622                   1.00   0.01  0.00  0.00  0.99  0.00  0.00  0.00  0.00  0.00
  20623                   1.00   0.02  0.00  0.00  0.00  0.98  0.00  0.00  0.98  0.00
  20624                   1.00   0.02  0.00  0.00  0.92  0.06  0.00  0.00  0.00  0.00
  20627                   1.00   0.02  0.00  0.00  0.98  0.00  0.00  0.00  0.00  0.00
  20628                   1.00   0.02  0.00  0.00  0.98  0.00  0.00  0.00  0.86  0.00
  20636                   1.00   1.00  0.00  0.00  0.00  0.00  0.00  0.00  0.00  0.00
  20637                   1.00   0.02  0.00  0.00  0.98  0.00  0.00  0.00  0.00  0.00
  20638                   1.00   0.02  0.00  0.00  0.98  0.00  0.00  0.00  0.00  0.00
  20639                   1.00   0.01  0.00  0.00  0.98  0.00  0.01  0.00  0.00  0.00
  20640                   1.00   0.01  0.08  0.00  0.91  0.00  0.00  0.00  0.00  0.00
  20641                   1.00   1.00  0.00  0.00  0.00  0.00  0.00  0.00  0.00  0.00
  20643                   1.00   1.00  0.00  0.00  0.00  0.00  0.00  0.00  0.00  0.00
  20644                   1.00   1.00  0.00  0.00  0.00  0.00  0.00  0.00  0.00  0.00
  20645                   1.00   0.25  0.00  0.00  0.65  0.10  0.00  0.00  0.70  0.00
  20646                   1.00   0.95  0.05  0.00  0.00  0.00  0.00  0.00  0.00  0.00
  20647                   1.00   0.00  0.00  0.00  1.00  0.00  0.00  0.00  0.00  0.00
  20648                   1.00   0.00  0.00  0.00  1.00  0.00  0.00  0.00  0.00  0.00
  20655                   1.00   0.27  0.57  0.00  0.16  0.00  0.00  0.00  0.63  0.00
  20683                   1.00   1.00  0.00  0.00  0.00  0.00  0.00  0.00  0.00  0.00
  20777                   1.00   0.03  0.00  0.00  0.92  0.05  0.00  0.00  0.89  0.00
  20821                   1.00   0.26  0.00  0.00  0.04  0.00  0.00  0.70  0.00  0.00
  20913                   1.00   0.26  0.00  0.00  0.74  0.00  0.00  0.00  0.00  0.00
  20942                   1.00   0.00  0.00  0.00  1.00  0.00  0.00  0.00  0.00  0.00
  20944                   1.00   1.00  0.00  0.00  0.00  0.00  0.00  0.00  0.00  0.00
  20945                   1.00   0.00  0.00  0.00  0.06  0.94  0.00  0.00  0.10  0.00
  20946                   1.00   0.07  0.00  0.00  0.93  0.00  0.00  0.00  0.00  0.00
  20953                   1.00   0.22  0.00  0.00  0.00  0.78  0.00  0.00  0.03  0.00
  20954                   1.00   1.00  0.00  0.00  0.00  0.00  0.00  0.00  0.00  0.00
  20956                   1.00   0.09  0.00  0.00  0.90  0.00  0.00  0.00  0.00  0.00
  20962                   1.00   0.21  0.00  0.00  0.77  0.01  0.00  0.00  0.70  0.00
  20992                   1.00   0.25  0.00  0.00  0.74  0.01  0.00  0.00  0.69  0.00
  20993                   1.00   1.00  0.00  0.00  0.00  0.00  0.00  0.00  0.00  0.00
  21040                   1.00   0.21  0.00  0.00  0.05  0.73  0.00  0.00  0.70  0.00
  21712                   1.00   0.01  0.00  0.00  0.99  0.00  0.00  0.00  0.01  0.00
  21714                   1.00   0.03  0.00  0.00  0.97  0.00  0.00  0.00  0.00  0.00
  21715                   1.00   1.00  0.00  0.00  0.00  0.00  0.00  0.00  0.00  0.00
  21742                   1.00   0.01  0.00  0.00  0.99  0.00  0.00  0.00  0.06  0.00
  21744                   1.00   0.01  0.00  0.00  0.99  0.00  0.00  0.00  0.09  0.00
  21746                   1.00   0.25  0.41  0.00  0.32  0.02  0.00  0.00  0.69  0.00
  21747                   1.00   0.25  0.45  0.00  0.04  0.00  0.26  0.00  0.00  0.00
  21748                   1.00   0.25  0.00  0.00  0.75  0.00  0.00  0.00  0.00  0.00
  21749                   1.00   0.25  0.00  0.00  0.75  0.00  0.00  0.00  0.00  0.00
  21750                   1.00   0.25  0.00  0.00  0.75  0.00  0.00  0.00  0.00  0.00
  21754                   1.00   0.25  0.00  0.00  0.75  0.00  0.00  0.00  0.00  0.00
  21757                   1.00   0.02  0.00  0.00  0.98  0.00  0.00  0.00  0.02  0.00
  21759                   1.00   0.25  0.00  0.00  0.75  0.00  0.00  0.00  0.00  0.00
  21760                   1.00   0.00  0.00  0.00  1.00  0.00  0.00  0.00  0.00  0.00
  21762                   1.00   0.01  0.00  0.00  0.99  0.00  0.00  0.00  0.00  0.00
  21763                   1.00   1.00  0.00  0.00  0.00  0.00  0.00  0.00  0.00  0.00
  21764                   1.00   0.27  0.21  0.00  0.04  0.00  0.49  0.00  0.00  0.00
  21765                   1.00   0.96  0.01  0.00  0.03  0.00  0.00  0.00  0.00  0.00
  21766                   1.00   0.26  0.00  0.00  0.12  0.00  0.00  0.62  0.02  0.00
  21767                   1.00   0.26  0.63  0.00  0.11  0.00  0.00  0.00  0.70  0.00
  21769                   1.00   0.01  0.00  0.00  0.99  0.00  0.00  0.00  0.00  0.00
  21770                   1.00   0.92  0.01  0.00  0.07  0.00  0.00  0.00  0.68  0.00
  21771                   1.00   0.01  0.00  0.00  0.99  0.00  0.00  0.00  0.01  0.00
  21772                   1.00   0.27  0.00  0.00  0.04  0.00  0.00  0.69  0.00  0.00
  21773                   1.00   0.27  0.73  0.00  0.00  0.00  0.00  0.00  0.73  0.00
  21774                   1.00   1.00  0.00  0.00  0.00  0.00  0.00  0.00  0.00  0.00
  21778                   1.00   1.00  0.00  0.00  0.00  0.00  0.00  0.00  0.00  0.00
  21780                   1.00   0.25  0.00  0.00  0.75  0.00  0.00  0.00  0.00  0.00
  21781                   1.00   0.26  0.00  0.00  0.74  0.00  0.00  0.00  0.00  0.00
  21784                   1.00   0.26  0.00  0.00  0.74  0.00  0.00  0.00  0.00  0.00
  21786                   1.00   1.00  0.00  0.00  0.00  0.00  0.00  0.00  0.00  0.00
  21787                   1.00   0.25  0.65  0.00  0.00  0.00  0.10  0.00  0.00  0.00
  21788                   1.00   0.01  0.00  0.00  0.99  0.00  0.00  0.00  0.04  0.00
  21789                   1.00   0.02  0.00  0.00  0.97  0.00  0.00  0.00  0.00  0.00
  21792                   1.00   0.00  0.00  0.00  1.00  0.00  0.00  0.00  0.02  0.00
  21793                   1.00   1.00  0.00  0.00  0.00  0.00  0.00  0.00  0.00  0.00
  21796                   1.00   0.00  0.00  0.00  1.00  0.00  0.00  0.00  0.04  0.00
  21799                   1.00   0.26  0.00  0.00  0.10  0.00  0.65  0.00  0.00  0.00
  21800                   1.00   0.08  0.84  0.00  0.07  0.00  0.00  0.00  0.67  0.00
  21803                   1.00   0.01  0.00  0.00  0.99  0.00  0.00  0.00  0.08  0.00
  21805                   1.00   0.01  0.00  0.00  0.99  0.00  0.00  0.00  0.01  0.00
  21806                   1.00   0.01  0.00  0.00  0.99  0.00  0.00  0.00  0.06  0.00
  21812                   1.00   1.00  0.00  0.00  0.00  0.00  0.00  0.00  0.00  0.00
  21814                   1.00   1.00  0.00  0.00  0.00  0.00  0.00  0.00  0.00  0.00
  21815                   1.00   0.00  0.00  0.00  1.00  0.00  0.00  0.00  0.25  0.00
  21817                   1.00   1.00  0.00  0.00  0.00  0.00  0.00  0.00  0.00  0.00
  21820                   1.00   0.26  0.00  0.00  0.11  0.00  0.00  0.64  0.00  0.00
  21821                   1.00   0.26  0.00  0.00  0.74  0.00  0.00  0.00  0.00  0.00
  21822                   1.00   0.00  0.00  0.00  1.00  0.00  0.00  0.00  0.02  0.00
  21823                   1.00   0.00  0.00  0.00  1.00  0.00  0.00  0.00  0.01  0.00
  21824                   1.00   1.00  0.00  0.00  0.00  0.00  0.00  0.00  0.00  0.00
  21826                   1.00   0.02  0.00  0.00  0.97  0.00  0.00  0.01  0.00  0.00
  21827                   1.00   0.08  0.00  0.00  0.91  0.00  0.00  0.00  0.00  0.00
  21828                   1.00   0.02  0.00  0.00  0.92  0.00  0.05  0.00  0.00  0.00
  21829                   1.00   0.00  0.00  0.00  1.00  0.00  0.00  0.00  0.96  0.00
  21830                   1.00   0.00  0.00  0.00  1.00  0.00  0.00  0.00  0.94  0.00
  21832                   1.00   0.08  0.00  0.00  0.92  0.00  0.00  0.00  0.00  0.00
  21833                   1.00   0.08  0.00  0.00  0.92  0.00  0.00  0.00  0.00  0.00
  21835                   1.00   1.00  0.00  0.00  0.00  0.00  0.00  0.00  0.00  0.00
  21836                   1.00   1.00  0.00  0.00  0.00  0.00  0.00  0.00  0.00  0.00
  21838                   1.00   1.00  0.00  0.00  0.00  0.00  0.00  0.00  0.00  0.00
  21839                   1.00   1.00  0.00  0.00  0.00  0.00  0.00  0.00  0.00  0.00
  21840                   1.00   0.95  0.00  0.00  0.05  0.00  0.00  0.00  0.70  0.00
  21841                   1.00   0.95  0.05  0.00  0.00  0.00  0.00  0.00  0.00  0.00
  21844                   1.00   1.00  0.00  0.00  0.00  0.00  0.00  0.00  0.00  0.00
  21845                   1.00   0.01  0.00  0.00  0.04  0.95  0.00  0.00  0.00  0.00
  21846                   1.00   0.00  0.00  0.00  0.99  0.00  0.00  0.00  0.00  0.00
  21847                   1.00   0.00  0.00  0.00  0.99  0.00  0.00  0.00  0.93  0.00
  21848                   1.00   0.01  0.00  0.00  0.99  0.00  0.00  0.00  0.00  0.00
  21851                   1.00   1.00  0.00  0.00  0.00  0.00  0.00  0.00  0.00  0.00
  21852                   1.00   1.00  0.00  0.00  0.00  0.00  0.00  0.00  0.00  0.00
  21854                   1.00   0.00  0.00  0.00  0.05  0.94  0.00  0.00  0.00  0.00
  21858                   1.00   0.11  0.12  0.00  0.00  0.00  0.77  0.00  0.00  0.00
  21859                   1.00   0.10  0.00  0.00  0.87  0.03  0.00  0.00  0.89  0.00
  21862                   1.00   0.01  0.00  0.00  0.07  0.00  0.00  0.92  0.02  0.00
  21864                   1.00   0.01  0.99  0.00  0.00  0.00  0.00  0.00  0.00  0.00
  21866                   1.00   0.01  0.00  0.00  0.99  0.00  0.00  0.00  0.00  0.00
  22116                   1.00   0.33  0.00  0.00  0.07  0.00  0.00  0.60  0.08  0.00
  22117                   1.00   1.00  0.00  0.00  0.00  0.00  0.00  0.00  0.00  0.00
  22282                   1.00   1.00  0.00  0.00  0.00  0.00  0.00  0.00  0.00  0.00
  22575                   1.00   1.00  0.00  0.00  0.00  0.00  0.00  0.00  0.00  0.00
  22576                   1.00   1.00  0.00  0.00  0.00  0.00  0.00  0.00  0.00  0.00
  22580                   1.00   0.26  0.00  0.00  0.74  0.00  0.00  0.00  0.00  0.00
  22581                   1.00   1.00  0.00  0.00  0.00  0.00  0.00  0.00  0.00  0.00
  22582                   1.00   0.01  0.00  0.00  0.98  0.00  0.00  0.00  0.81  0.00
  22583                   1.00   1.00  0.00  0.00  0.00  0.00  0.00  0.00  0.00  0.00
  22585                   1.00   0.26  0.00  0.00  0.05  0.00  0.00  0.69  0.00  0.00
  22586                   1.00   0.10  0.01  0.00  0.89  0.00  0.00  0.00  0.00  0.00
  22587                   1.00   0.03  0.00  0.00  0.97  0.00  0.00  0.00  0.00  0.00
  22588                   1.00   0.03  0.00  0.00  0.97  0.00  0.00  0.00  0.00  0.00
  22589                   1.00   0.03  0.00  0.00  0.97  0.00  0.00  0.00  0.04  0.00
  22590                   1.00   0.02  0.00  0.00  0.97  0.00  0.00  0.00  0.00  0.00
  22591                   1.00   0.19  0.00  0.00  0.80  0.00  0.00  0.00  0.00  0.00
  22592                   1.00   0.20  0.76  0.00  0.05  0.00  0.00  0.00  0.70  0.00
  22596                   1.00   0.22  0.00  0.00  0.77  0.01  0.00  0.00  0.67  0.00
  22597                   1.00   0.38  0.01  0.00  0.08  0.01  0.00  0.52  0.06  0.00
  22598                   1.00   0.26  0.03  0.00  0.00  0.00  0.71  0.00  0.00  0.00
  22599                   1.00   1.00  0.00  0.00  0.00  0.00  0.00  0.00  0.00  0.00
  22601                   1.00   0.92  0.03  0.00  0.05  0.00  0.00  0.00  0.70  0.00
  22605                   1.00   0.22  0.00  0.00  0.75  0.00  0.00  0.03  0.00  0.00
  22606                   1.00   0.25  0.00  0.00  0.75  0.00  0.00  0.00  0.00  0.00
  22607                   1.00   0.22  0.00  0.00  0.78  0.00  0.00  0.00  0.00  0.00
  22608                   1.00   0.91  0.04  0.00  0.05  0.00  0.00  0.00  0.69  0.00
  22609                   1.00   0.40  0.21  0.00  0.39  0.00  0.00  0.00  0.36  0.00
  22611                   1.00   0.22  0.04  0.00  0.75  0.00  0.00  0.00  0.00  0.00
  22612                   1.00   0.12  0.00  0.00  0.88  0.00  0.00  0.00  0.00  0.00
  22613                   1.00   0.25  0.00  0.00  0.06  0.00  0.00  0.69  0.00  0.00
  22614                   1.00   0.02  0.00  0.00  0.98  0.00  0.00  0.00  0.00  0.00
  22616                   1.00   0.00  0.00  0.00  1.00  0.00  0.00  0.00  0.00  0.00
  22617                   1.00   1.00  0.00  0.00  0.00  0.00  0.00  0.00  0.00  0.00
  22618                   1.00   1.00  0.00  0.00  0.00  0.00  0.00  0.00  0.00  0.00
  22621                   1.00   1.00  0.00  0.00  0.00  0.00  0.00  0.00  0.00  0.00
  22640                   1.00   1.00  0.00  0.00  0.00  0.00  0.00  0.00  0.00  0.00
  22643                   1.00   1.00  0.00  0.00  0.00  0.00  0.00  0.00  0.00  0.00
  22653                   1.00   0.94  0.00  0.00  0.00  0.00  0.00  0.06  0.00  0.00
  22654                   1.00   0.20  0.74  0.00  0.05  0.00  0.00  0.00  0.69  0.00
  22656                   1.00   1.00  0.00  0.00  0.00  0.00  0.00  0.00  0.00  0.00
  22658                   1.00   1.00  0.00  0.00  0.00  0.00  0.00  0.00  0.00  0.00
  22659                   1.00   1.00  0.00  0.00  0.00  0.00  0.00  0.00  0.00  0.00
  22660                   1.00   0.00  0.00  0.00  1.00  0.00  0.00  0.00  0.02  0.00
  22789                   1.00   0.26  0.30  0.00  0.07  0.00  0.37  0.00  0.00  0.00
  22790                   1.00   0.26  0.35  0.00  0.39  0.00  0.00  0.00  0.49  0.00
  22794                   1.00   1.00  0.00  0.00  0.00  0.00  0.00  0.00  0.00  0.00
  22795                   1.00   1.00  0.00  0.00  0.00  0.00  0.00  0.00  0.00  0.00
  22796                   1.00   0.93  0.00  0.00  0.07  0.00  0.00  0.00  0.68  0.00
  22797                   1.00   1.00  0.00  0.00  0.00  0.00  0.00  0.00  0.00  0.00
  22798                   1.00   0.01  0.00  0.00  0.07  0.00  0.92  0.00  0.00  0.00
  22799                   1.00   0.01  0.00  0.00  0.99  0.00  0.00  0.00  0.00  0.00
  22800                   1.00   0.94  0.06  0.00  0.00  0.00  0.00  0.00  0.00  0.00
  22801                   1.00   1.00  0.00  0.00  0.00  0.00  0.00  0.00  0.00  0.00
  22802                   1.00   0.25  0.00  0.00  0.74  0.01  0.00  0.00  0.68  0.00
  22804                   1.00   0.25  0.00  0.00  0.74  0.01  0.00  0.00  0.68  0.00
  22805                   1.00   0.25  0.00  0.00  0.73  0.01  0.00  0.00  0.69  0.00
  22810                   1.00   0.26  0.63  0.00  0.12  0.00  0.00  0.00  0.67  0.00
  22811                   1.00   0.26  0.00  0.00  0.74  0.00  0.00  0.00  0.00  0.00
  22812                   1.00   0.26  0.35  0.00  0.39  0.00  0.00  0.00  0.68  0.00
  22818                   1.00   1.00  0.00  0.00  0.00  0.00  0.00  0.00  0.00  0.00
  22819                   1.00   0.01  0.93  0.00  0.06  0.00  0.00  0.00  0.68  0.00
  22827                   1.00   1.00  0.00  0.00  0.00  0.00  0.00  0.00  0.00  0.00
  22837                   1.00   0.26  0.62  0.00  0.12  0.00  0.00  0.00  0.67  0.00
  22839                   1.00   0.95  0.05  0.00  0.00  0.00  0.00  0.00  0.00  0.00
  22840                   1.00   1.00  0.00  0.00  0.00  0.00  0.00  0.00  0.00  0.00
  22850                   1.00   0.26  0.00  0.00  0.06  0.00  0.00  0.69  0.00  0.00
  22852                   1.00   0.26  0.00  0.00  0.74  0.00  0.00  0.00  0.00  0.00
  22865                   1.00   0.26  0.00  0.00  0.74  0.00  0.00  0.00  0.00  0.00
  22866                   1.00   0.26  0.00  0.00  0.74  0.00  0.00  0.00  0.00  0.00
  23050                   1.00   0.01  0.00  0.00  0.99  0.00  0.00  0.00  0.93  0.00
  23053                   1.00   0.01  0.00  0.00  0.97  0.02  0.00  0.00  0.00  0.00
  23054                   1.00   0.01  0.00  0.00  0.99  0.00  0.00  0.00  0.89  0.00
  23059                   1.00   0.01  0.00  0.00  0.97  0.02  0.00  0.00  0.91  0.00
  23060                   1.00   0.00  0.00  0.00  0.93  0.06  0.00  0.00  0.00  0.00
  23062                   1.00   0.00  0.00  0.00  0.00  0.99  0.00  0.00  0.94  0.00
  23063                   1.00   0.00  0.00  0.00  0.00  0.00  1.00  0.00  0.00  0.00
  23064                   1.00   0.09  0.00  0.00  0.90  0.00  0.00  0.00  0.00  0.00
  23066                   1.00   0.09  0.00  0.00  0.08  0.00  0.00  0.83  0.00  0.00
  23071                   1.00   1.00  0.00  0.00  0.00  0.00  0.00  0.00  0.00  0.00
  23073                   1.00   0.01  0.00  0.00  0.00  0.99  0.00  0.00  0.92  0.00
  23075                   1.00   0.01  0.00  0.00  0.92  0.08  0.00  0.00  0.00  0.00
  23077                   1.00   0.02  0.00  0.00  0.97  0.00  0.00  0.01  0.01  0.00
  23078                   1.00   0.02  0.00  0.00  0.98  0.00  0.00  0.00  0.00  0.00
  23079                   1.00   0.10  0.00  0.00  0.90  0.00  0.00  0.00  0.77  0.00
  23081                   1.00   1.00  0.00  0.00  0.00  0.00  0.00  0.00  0.00  0.00
  23082                   1.00   0.01  0.00  0.00  0.99  0.00  0.00  0.00  0.00  0.00
  23083                   1.00   0.01  0.00  0.00  0.99  0.00  0.00  0.00  0.02  0.00
  23084                   1.00   1.00  0.00  0.00  0.00  0.00  0.00  0.00  0.00  0.00
  23085                   1.00   0.01  0.04  0.00  0.95  0.00  0.00  0.00  0.00  0.00
  23087                   1.00   1.00  0.00  0.00  0.00  0.00  0.00  0.00  0.00  0.00
  23088                   1.00   1.00  0.00  0.00  0.00  0.00  0.00  0.00  0.00  0.00
  23090                   1.00   1.00  0.00  0.00  0.00  0.00  0.00  0.00  0.00  0.00
  23092                   1.00   1.00  0.00  0.00  0.00  0.00  0.00  0.00  0.00  0.00
  23093                   1.00   1.00  0.00  0.00  0.00  0.00  0.00  0.00  0.00  0.00
  23094                   1.00   0.01  0.00  0.00  0.99  0.00  0.00  0.00  0.94  0.00
  23095                   1.00   0.01  0.00  0.00  0.00  0.00  0.00  0.99  0.00  0.00
  23097                   1.00   0.05  0.00  0.00  0.08  0.00  0.87  0.00  0.00  0.00
  23098                   1.00   1.00  0.00  0.00  0.00  0.00  0.00  0.00  0.00  0.00
  23099                   1.00   0.05  0.01  0.00  0.93  0.00  0.00  0.00  0.00  0.00
  23102                   1.00   1.00  0.00  0.00  0.00  0.00  0.00  0.00  0.00  0.00
  23110                   1.00   0.17  0.83  0.00  0.00  0.00  0.00  0.00  0.00  0.00
  23112                   1.00   1.00  0.00  0.00  0.00  0.00  0.00  0.00  0.00  0.00
  23113                   1.00   1.00  0.00  0.00  0.00  0.00  0.00  0.00  0.00  0.00
  23114                   1.00   1.00  0.00  0.00  0.00  0.00  0.00  0.00  0.00  0.00
  23115                   1.00   0.01  0.02  0.00  0.97  0.00  0.00  0.00  0.00  0.00
  23116                   1.00   0.02  0.00  0.00  0.98  0.00  0.00  0.00  0.00  0.00
  23117                   1.00   0.02  0.00  0.00  0.98  0.00  0.00  0.00  0.90  0.00
  23119                   1.00   0.01  0.00  0.00  0.99  0.00  0.00  0.00  0.90  0.00
  23120                   1.00   0.01  0.00  0.00  0.06  0.93  0.00  0.00  0.91  0.00
  23122                   1.00   0.01  0.00  0.00  0.05  0.00  0.00  0.94  0.00  0.00
  23123                   1.00   0.01  0.00  0.00  0.99  0.00  0.00  0.00  0.00  0.00
  23147                   1.00   0.00  0.01  0.00  0.99  0.00  0.00  0.00  0.00  0.00
  23148                   1.00   1.00  0.00  0.00  0.00  0.00  0.00  0.00  0.00  0.00
  23150                   1.00   0.25  0.00  0.00  0.00  0.00  0.00  0.75  0.00  0.00
  23152                   1.00   0.97  0.03  0.00  0.00  0.00  0.00  0.00  0.00  0.00
  23158                   1.00   0.02  0.00  0.00  0.98  0.00  0.00  0.00  0.90  0.00
  23159                   1.00   0.03  0.00  0.00  0.00  0.97  0.00  0.00  0.91  0.00
  23163                   1.00   0.26  0.28  0.00  0.36  0.10  0.00  0.00  0.74  0.00
  23164                   1.00   0.25  0.00  0.00  0.70  0.05  0.00  0.00  0.00  0.00
  23165                   1.00   0.25  0.63  0.00  0.12  0.00  0.00  0.00  0.68  0.00
  23167                   1.00   0.25  0.00  0.00  0.65  0.09  0.00  0.00  0.69  0.00
  23171                   1.00   0.26  0.02  0.00  0.09  0.00  0.63  0.00  0.00  0.00
  23172                   1.00   0.03  0.00  0.00  0.97  0.00  0.00  0.00  0.00  0.00
  23190                   1.00   0.01  0.00  0.00  0.99  0.00  0.00  0.00  0.07  0.00
  23191                   1.00   0.01  0.00  0.00  0.92  0.08  0.00  0.00  0.00  0.00
  23192                   1.00   0.01  0.00  0.00  0.91  0.08  0.00  0.00  0.00  0.00
  23193                   1.00   0.25  0.00  0.00  0.06  0.00  0.68  0.00  0.00  0.00
  23199                   1.00   0.00  0.00  0.00  1.00  0.00  0.00  0.00  0.12  0.00
  23200                   1.00   0.00  0.00  0.00  0.87  0.00  0.13  0.00  0.00  0.00
  23204                   1.00   0.12  0.00  0.00  0.88  0.00  0.00  0.00  0.00  0.00
  23207                   1.00   0.01  0.00  0.00  0.99  0.00  0.00  0.00  0.00  0.00
  23478                   1.00   0.95  0.05  0.00  0.00  0.00  0.00  0.00  0.00  0.00
  23524                   1.00   1.00  0.00  0.00  0.00  0.00  0.00  0.00  0.00  0.00
  25966                   1.00   1.00  0.00  0.00  0.00  0.00  0.00  0.00  0.00  0.00
  26838                   1.00   0.02  0.00  0.00  0.97  0.00  0.00  0.00  0.00  0.00
  26852                   1.00   1.00  0.00  0.00  0.00  0.00  0.00  0.00  0.00  0.00
  26855                   1.00   1.00  0.00  0.00  0.00  0.00  0.00  0.00  0.00  0.00
  27342                   1.00   0.00  0.00  0.00  0.99  0.00  0.00  0.00  0.00  0.00
  31188                   1.00   0.01  0.00  0.00  0.99  0.00  0.00  0.00  0.90  0.00
  31937                   1.00   0.10  0.00  0.00  0.00  0.04  0.00  0.86  0.04  0.00
  32535                   1.00   1.00  0.00  0.00  0.00  0.00  0.00  0.00  0.00  0.00
  34331                   1.00   1.00  0.00  0.00  0.00  0.00  0.00  0.00  0.00  0.00
  36494                   1.00   0.01  0.00  0.00  0.99  0.00  0.00  0.00  0.00  0.00
  38189                   1.00   0.01  0.00  0.00  0.99  0.00  0.00  0.00  0.00  0.00
  38190                   1.00   0.26  0.00  0.00  0.08  0.00  0.00  0.66  0.66  0.00
  38193                   1.00   0.09  0.01  0.00  0.90  0.00  0.00  0.00  0.00  0.00
  38250                   1.00   0.15  0.75  0.00  0.11  0.00  0.00  0.00  0.64  0.00
  38555                   1.00   0.00  0.00  0.00  1.00  0.00  0.00  0.00  0.00  0.00
  38575                   1.00   0.95  0.05  0.00  0.00  0.00  0.00  0.00  0.00  0.00
  38710                   1.00   0.90  0.10  0.00  0.00  0.00  0.00  0.00  0.00  0.00
  38711                   1.00   0.01  0.00  0.00  0.99  0.00  0.00  0.00  0.00  0.00
  38712                   1.00   0.01  0.00  0.00  0.98  0.00  0.00  0.00  0.00  0.00
  38869                   1.00   0.94  0.06  0.00  0.00  0.00  0.00  0.00  0.00  0.00
  38870                   1.00   1.00  0.00  0.00  0.00  0.00  0.00  0.00  0.00  0.00
  38873                   1.00   1.00  0.00  0.00  0.00  0.00  0.00  0.00  0.00  0.00
  38889                   1.00   1.00  0.00  0.00  0.00  0.00  0.00  0.00  0.00  0.00
  39004                   1.00   0.01  0.00  0.00  0.99  0.00  0.00  0.00  0.00  0.00
  39117                   1.00   0.26  0.00  0.00  0.04  0.00  0.00  0.71  0.00  0.00
  39149                   1.00   1.00  0.00  0.00  0.00  0.00  0.00  0.00  0.00  0.00
  39247                   1.00   0.03  0.00  0.00  0.00  0.10  0.00  0.87  0.04  0.00
  39284                   1.00   1.00  0.00  0.00  0.00  0.00  0.00  0.00  0.00  0.00
  39378                   1.00   1.00  0.00  0.00  0.00  0.00  0.00  0.00  0.00  0.00
  39379                   1.00   1.00  0.00  0.00  0.00  0.00  0.00  0.00  0.00  0.00
  39419                   1.00   0.25  0.68  0.00  0.05  0.02  0.00  0.00  0.70  0.00
  39469                   1.00   1.00  0.00  0.00  0.00  0.00  0.00  0.00  0.00  0.00
  39514                   1.00   1.00  0.00  0.00  0.00  0.00  0.00  0.00  0.00  0.00
  39537                   1.00   0.10  0.00  0.00  0.90  0.00  0.00  0.00  0.00  0.00
  39563                   1.00   0.00  0.00  0.00  1.00  0.00  0.00  0.00  1.00  0.00
  39936                   1.00   1.00  0.00  0.00  0.00  0.00  0.00  0.00  0.00  0.00
  39937                   1.00   0.00  0.08  0.00  0.92  0.00  0.00  0.00  0.00  0.00
  40173                   1.00   0.11  0.00  0.00  0.89  0.00  0.00  0.00  0.01  0.00
  40224                   1.00   0.00  0.00  0.00  1.00  0.00  0.00  0.00  0.00  0.00
  40244                   1.00   0.02  0.00  0.00  0.98  0.00  0.00  0.00  0.00  0.00
  40245                   1.00   0.02  0.00  0.00  0.93  0.00  0.00  0.05  0.00  0.00
  40248                   1.00   1.00  0.00  0.00  0.00  0.00  0.00  0.00  0.00  0.00
  40249                   1.00   1.00  0.00  0.00  0.00  0.00  0.00  0.00  0.00  0.00
  40372                   1.00   1.00  0.00  0.00  0.00  0.00  0.00  0.00  0.00  0.00
  40373                   1.00   0.00  0.00  0.00  0.99  0.00  0.00  0.01  0.01  0.00
  40386                   1.00   0.01  0.94  0.00  0.05  0.00  0.00  0.00  0.70  0.00
  40388                   1.00   1.00  0.00  0.00  0.00  0.00  0.00  0.00  0.00  0.00
  40448                   1.00   0.90  0.10  0.00  0.00  0.00  0.00  0.00  0.00  0.00
  40679                   1.00   1.00  0.00  0.00  0.00  0.00  0.00  0.00  0.00  0.00
  40680                   1.00   1.00  0.00  0.00  0.00  0.00  0.00  0.00  0.00  0.00
  40713                   1.00   0.95  0.05  0.00  0.00  0.00  0.00  0.00  0.00  0.00
  40793                   1.00   0.01  0.00  0.00  0.07  0.92  0.00  0.00  0.91  0.00
  41025                   1.00   0.25  0.00  0.00  0.75  0.00  0.00  0.00  0.00  0.00
  41038                   1.00   0.09  0.00  0.00  0.91  0.00  0.00  0.00  0.00  0.00
  41039                   1.00   0.09  0.00  0.00  0.91  0.00  0.00  0.00  0.72  0.00
  41097                   1.00   0.27  0.06  0.00  0.04  0.00  0.63  0.00  0.00  0.00
  41114                   1.00   0.00  0.00  0.00  0.99  0.00  0.00  0.01  0.89  0.00
  41149                   1.00   0.93  0.00  0.00  0.00  0.00  0.00  0.07  0.00  0.00
  41181                   1.00   1.00  0.00  0.00  0.00  0.00  0.00  0.00  0.00  0.00
  41182                   1.00   1.00  0.00  0.00  0.00  0.00  0.00  0.00  0.00  0.00
  41183                   1.00   1.00  0.00  0.00  0.00  0.00  0.00  0.00  0.00  0.00
  41204                   1.00   1.00  0.00  0.00  0.00  0.00  0.00  0.00  0.00  0.00
  41367                   1.00   0.26  0.00  0.00  0.05  0.00  0.69  0.00  0.00  0.00
  41543                   1.00   0.01  0.00  0.00  0.99  0.00  0.00  0.00  0.89  0.00
  41557                   1.00   1.00  0.00  0.00  0.00  0.00  0.00  0.00  0.00  0.00
  41561                   1.00   0.03  0.00  0.00  0.97  0.00  0.00  0.00  0.00  0.00
  41562                   1.00   0.00  0.00  0.00  0.00  0.00  0.00  1.00  0.00  0.00
  41661                   1.00   0.03  0.00  0.00  0.95  0.00  0.00  0.02  0.01  0.00
  41712                   1.00   0.00  0.00  0.00  0.00  0.00  0.00  1.00  0.00  0.00
  42042                   1.00   1.00  0.00  0.00  0.00  0.00  0.00  0.00  0.00  0.00
  42043                   1.00   1.00  0.00  0.00  0.00  0.00  0.00  0.00  0.00  0.00
  42079                   1.00   1.00  0.00  0.00  0.00  0.00  0.00  0.00  0.00  0.00
  42080                   1.00   1.00  0.00  0.00  0.00  0.00  0.00  0.00  0.00  0.00
  42081                   1.00   0.01  0.00  0.00  0.05  0.94  0.00  0.00  0.00  0.00
  42082                   1.00   0.01  0.00  0.00  0.99  0.00  0.00  0.00  0.91  0.00
  42085                   1.00   0.00  0.00  0.00  1.00  0.00  0.00  0.00  0.00  0.00
  42514                   1.00   1.00  0.00  0.00  0.00  0.00  0.00  0.00  0.00  0.00
  42515                   1.00   0.01  0.01  0.00  0.00  0.98  0.00  0.00  0.89  0.00
  42541                   1.00   1.00  0.00  0.00  0.00  0.00  0.00  0.00  0.00  0.00
  42568                   1.00   0.03  0.00  0.00  0.97  0.00  0.00  0.00  0.00  0.00
  42610                   1.00   0.00  0.00  0.00  0.00  0.00  1.00  0.00  0.00  0.00
  42644                   1.00   0.92  0.03  0.00  0.05  0.00  0.00  0.00  0.70  0.00
  42711                   1.00   0.25  0.00  0.00  0.75  0.00  0.00  0.00  0.00  0.00
  42712                   1.00   0.25  0.71  0.00  0.04  0.00  0.00  0.00  0.71  0.00
  42713                   1.00   0.26  0.00  0.00  0.67  0.07  0.00  0.00  0.21  0.00
  42714                   1.00   0.01  0.00  0.00  0.99  0.00  0.00  0.00  0.01  0.00
  42715                   1.00   0.00  0.00  0.00  0.97  0.03  0.00  0.00  0.00  0.00
  42716                   1.00   0.00  0.00  0.00  0.00  1.00  0.00  0.00  1.00  0.00
  42717                   1.00   0.00  0.00  0.00  0.99  0.00  0.00  0.00  0.99  0.00
  42718                   1.00   0.03  0.00  0.00  0.00  0.97  0.00  0.00  0.88  0.00
  42719                   1.00   0.01  0.00  0.00  0.01  0.98  0.00  0.00  0.92  0.00
  42720                   1.00   0.26  0.00  0.00  0.74  0.00  0.00  0.00  0.00  0.00
  42721                   1.00   0.00  0.00  0.00  0.99  0.00  0.00  0.00  0.00  0.00
  42722                   1.00   0.00  0.01  0.00  0.99  0.00  0.00  0.00  0.70  0.00
  42723                   1.00   0.03  0.00  0.00  0.97  0.00  0.00  0.00  0.00  0.00
  42724                   1.00   0.22  0.00  0.00  0.74  0.04  0.00  0.00  0.00  0.00
  42725                   1.00   0.03  0.18  0.00  0.79  0.00  0.00  0.00  0.00  0.00
  42726                   1.00   0.22  0.00  0.00  0.74  0.04  0.00  0.00  0.66  0.00
  42727                   1.00   0.03  0.00  0.00  0.94  0.03  0.00  0.00  0.00  0.00
  42728                   1.00   0.01  0.00  0.00  0.99  0.00  0.00  0.00  0.00  0.00
  42730                   1.00   0.10  0.00  0.00  0.90  0.00  0.00  0.00  0.00  0.00
  42731                   1.00   0.26  0.63  0.00  0.12  0.00  0.00  0.00  0.69  0.00
  42732                   1.00   0.01  0.00  0.00  0.99  0.00  0.00  0.00  0.91  0.00
  42733                   1.00   0.02  0.00  0.00  0.98  0.00  0.00  0.00  0.00  0.00
  42734                   1.00   0.01  0.00  0.00  0.99  0.00  0.00  0.00  0.00  0.00
  42735                   1.00   0.01  0.00  0.00  0.04  0.95  0.00  0.00  0.93  0.00
  42736                   1.00   0.01  0.00  0.00  0.99  0.00  0.00  0.00  0.01  0.00
  42737                   1.00   0.00  0.82  0.00  0.17  0.00  0.00  0.00  0.74  0.00
  42738                   1.00   0.01  0.00  0.00  0.99  0.00  0.00  0.00  0.00  0.00
  42739                   1.00   0.02  0.00  0.00  0.97  0.00  0.00  0.00  0.00  0.00
  42740                   1.00   0.03  0.00  0.00  0.04  0.01  0.00  0.93  0.05  0.00
  42742                   1.00   0.00  0.01  0.00  0.99  0.00  0.00  0.00  0.00  0.00
  
  
  *************************
  Conduit Surcharge Summary
  *************************
  
  ----------------------------------------------------------------------------
                                                           Hours        Hours 
                         --------- Hours Full --------   Above Full   Capacity
  Conduit                Both Ends  Upstream  Dnstream   Normal Flow   Limited
  ----------------------------------------------------------------------------
  832                         2.14      2.14      2.18      0.01         0.01
  841                        35.57     35.57     35.57      0.01         0.01
  2487                        1.67      1.67      1.69      0.01         0.01
  2488                        1.67      1.67      1.69      0.01         0.01
  2543                        2.30      2.30      2.42      0.01         0.01
  2649                        2.38      2.38      2.45      0.01         0.01
  3101                        4.10      4.10      4.19      0.01         0.01
  3369                        0.01      0.01      1.38      0.01         0.01
  3578                       47.67     47.67     47.71      2.76         0.01
  3673                        0.01      0.01      2.87      0.01         0.01
  3808                       35.57     35.57     35.58      0.01         0.04
  3826                        1.36      1.36      1.77      0.01         0.01
  3827                        1.48      1.48      2.11      1.85         0.01
  3832                        3.68      3.68      4.24      1.87         1.87
  3864                        2.49      2.49      2.60      0.01         0.01
  4533                        0.01      0.01      0.03      0.01         0.01
  4691                        0.01      0.01      2.19      0.01         0.01
  4714                        2.64      2.64      3.06      2.68         0.01
  4783                        2.35      2.35      2.51      0.01         0.01
  5044                       35.53     35.53     35.56      0.01         0.01
  5289                        2.55      2.55      2.65      0.01         0.01
  5734                        2.05      2.05      2.12      0.01         0.01
  6198                        1.38      1.38      1.70      0.01         0.01
  7035                        1.86      1.86      1.87      1.87         1.86
  7105                        0.01      0.01      2.38      0.01         0.01
  7373                        2.40      2.49      2.40      2.75         2.40
  8063                        2.02      2.02      2.09      0.01         0.01
  8423                        2.47      2.47      2.57      0.01         0.01
  8614                        0.01      0.01      2.57      0.01         0.01
  8894                        0.01      0.01      2.33      0.01         0.01
  9700                        1.68      1.68      1.91      0.01         0.01
  10024                       0.01      0.01      0.01      2.89         0.01
  10072                       2.59      2.59      2.69      0.01         0.01
  10076                       3.42      3.42      3.63      2.85         2.85
  10119                       3.19      3.19     35.64      0.01         0.01
  10130                      35.64     35.64     35.64      0.01         0.01
  10138                      37.48     37.48     41.03      0.01         0.01
  10144                       3.41      3.41      4.60      0.01         0.01
  10148                       2.28      2.28     35.76      0.01         0.01
  10158                       2.40      2.40     35.76      0.01         0.01
  10159                       2.61      2.61     35.65      0.01         0.01
  10161                       2.64      2.64      2.65      0.01         0.04
  10162                       4.12      4.12      4.67      0.01         0.02
  10264                       0.01      0.01      2.22      0.01         0.01
  10405                       2.62      2.62      2.62      0.01         1.17
  10601                       0.01      0.01      1.27      1.86         0.01
  10608                       0.03      0.03      2.19      0.01         0.01
  10671                       0.01      0.01      0.01      2.56         0.01
  10744                       2.93      2.93      3.05      0.01         0.01
  10746                       2.86      2.86      2.93      0.01         0.01
  10845                       0.01      2.70      0.01      2.71         0.01
  12611                       3.19      3.19      3.79      0.01         0.01
  12633                       1.89      1.89      1.94      0.01         0.01
  12636                       1.92      1.92      2.05      0.01         0.01
  12637                       2.02      2.02      2.14      0.01         0.01
  12638                       1.85      1.87      1.85      1.89         1.85
  12650                      44.33     44.33     44.39      0.01         0.03
  12652                      44.15     44.15     44.15      0.01         1.43
  12656                       2.21      2.21      2.33      0.01         0.01
  12660                       2.08      2.08      2.21      0.01         0.01
  12664                       0.01      0.01      2.77      0.01         0.01
  12665                       0.01      0.01      2.30      0.01         0.01
  12668                       1.66      1.66      1.69      1.24         0.01
  12679                       3.45      5.64      3.45      5.77         3.45
  12681                       1.94      1.94      2.02      0.01         0.01
  12682                       2.14      2.14      2.21      0.01         0.01
  12683                       1.95      1.95      2.14      0.01         0.01
  12685                       1.87      1.87      1.91      0.01         0.01
  12686                       1.78      1.78      1.88      0.01         0.01
  12687                       1.94      1.94      2.02      0.01         0.01
  12688                       2.04      2.04      2.10      0.01         0.01
  12690                       1.87      1.87      1.92      0.01         0.01
  12691                       1.90      1.90      1.91      0.28         0.46
  12692                       1.89      1.89      1.90      0.01         0.14
  12698                       1.99      1.99      2.17      0.01         0.01
  12700                       0.01      0.01      1.49      0.01         0.01
  12760                       3.62      3.62      3.63      3.63         3.62
  12761                      47.96     47.96     47.97      3.38         3.38
  12865                      35.57     35.57     35.57      2.40         0.01
  12866                       2.50      2.50      2.62      0.01         0.01
  12870                       0.05      0.05      2.69      2.15         0.01
  12871                       1.97      1.97      2.08      0.01         0.01
  12872                       0.01      0.01      1.94      0.01         0.01
  12873                       3.14      3.14     37.19      0.01         0.01
  12874                       2.54      2.54      2.56      0.01         0.02
  12875                       2.45      2.45      2.59      0.01         0.01
  12876                       2.45      2.45      2.49      0.01         0.01
  12877                       2.34      2.34      2.37      0.01         0.03
  12884                       1.27      1.27      1.48      1.85         0.01
  12888                       0.01      0.01      2.28      0.01         0.01
  12890                       0.01      0.01      2.11      0.01         0.01
  12897                      35.60     35.60     35.60      0.01         0.01
  12940                       2.86      2.86      2.96      0.01         0.01
  12978                       0.01      0.01      2.42      0.01         0.01
  12980                       0.01      0.01      0.01      2.15         0.01
  12993                       3.37      3.37     37.48      0.01         0.01
  12994                       3.37      3.37     38.50      0.01         0.01
  12995                       3.24      3.24      3.29      0.01         0.82
  12996                       2.62      2.62      3.24      0.01         0.01
  12998                      37.74     37.74     40.56      0.01         0.01
  13000                       3.08      3.08      3.35      2.20         0.01
  13298                       4.04      4.04      4.13      0.01         0.01
  13357                       2.70      2.70     37.48      0.01         0.01
  13493                       2.21      2.21      2.21      0.01         0.81
  13512                      44.23     44.23     44.39      0.01         0.01
  13513                      44.04     44.04     44.10      0.01         0.01
  13525                       0.01      0.01      0.01      2.27         0.01
  13569                       3.00      3.00      3.07      2.23         2.23
  13802                       4.11      4.11     43.76      0.01         0.01
  13820                       2.77      2.77      2.87      0.01         0.01
  13937                       0.01      0.01      0.01      2.20         0.01
  14080                       0.01      0.01      0.01      2.13         0.01
  14101                       1.77      1.77      1.87      0.01         0.01
  14137                       2.11      2.11      2.14      0.01         0.03
  14141                       2.57      2.57      2.61      0.01         0.02
  14208                       1.98      1.98      2.29      0.01         0.01
  14745                       0.01      0.01      1.49      0.01         0.01
  14950                       2.74      2.74      2.78      0.01         0.01
  15152                       2.46      2.46      2.73      0.01         0.01
  15171                      47.62     47.62     47.67      2.84         2.84
  15277                       3.69      3.69      3.76      3.52         3.52
  15332                       0.01      0.01      2.71      0.01         0.01
  15362                       6.50      6.50     37.48      2.35         2.35
  16476                       3.98      3.98      4.91      1.79         1.79
  16654                       2.33      2.33      2.45      0.01         0.01
  16672                      35.56     35.56     35.57      2.46         2.32
  16909                       2.14      2.14      2.17      0.01         0.01
  17571                       3.83      3.83      3.94      0.01         0.01
  17580                       0.01      0.01     43.99      0.01         0.01
  17714                       3.66      3.66      3.73      3.19         3.19
  17715                       2.57      2.57      2.88      0.01         0.01
  17766                       2.89      2.89      2.90      0.01         0.01
  17896                       0.01      0.01      2.21      0.01         0.01
  17908                       3.24      3.24      3.34      2.94         0.01
  17953                       2.07      2.07      2.12      0.01         0.01
  18084                       0.01      0.01      1.49      0.01         0.01
  18113                       0.01      0.01      2.25      0.01         0.01
  18387                      43.68     43.68     44.06      0.01         0.01
  19043                       1.98      1.98      2.03      0.01         0.01
  19132                       3.34      3.34     47.79      0.01         0.01
  19193                       3.07      3.07     40.41      0.01         0.01
  19227                       2.92      2.92      3.29      0.01         0.01
  19717                       1.72      1.72      1.77      0.01         0.01
  19838                      47.63     47.63     47.64      3.22         0.01
  19850                       2.91      2.91      3.13      0.01         0.01
  20466                       2.71      2.71      2.82      0.01         0.01
  20474                       1.57      1.57      1.70      0.01         0.01
  20518                       0.01      0.01      2.61      0.01         0.01
  20520                       0.01      0.01      2.41      0.01         0.01
  20530                       3.12      3.12      3.16      3.67         0.01
  20531                       3.08      3.08      3.16      0.01         0.01
  20532                       0.01      0.01      0.01      3.44         0.01
  20543                       0.01      0.01      0.01      3.74         0.01
  20545                       0.01      2.52      0.01      3.68         0.01
  20548                       2.52      3.04      2.52      3.64         2.52
  20549                       3.03      3.03      3.09      0.01         0.01
  20550                       3.07      3.07      3.09      0.01         0.01
  20569                       0.01      0.01      2.75      0.01         0.01
  20570                       0.01      0.01      2.67      3.78         0.01
  20577                      41.50     41.50     42.59      0.01         0.01
  20578                       2.23      2.23      2.65      0.01         0.01
  20579                       2.21      2.21      2.21      0.01         0.07
  20592                       2.92      2.92     47.15      0.01         0.01
  20594                       3.51      3.51     38.92      0.01         0.01
  20609                       0.01      0.01      0.03      0.01         0.01
  20622                       0.01      0.01      3.08      0.02         0.01
  20637                       0.01      0.01      2.22      0.01         0.01
  20639                       0.01      0.01      1.82      0.01         0.01
  20640                       2.47      2.47     43.70      0.01         0.01
  20647                       2.03      2.03      2.12      0.01         0.01
  20648                       2.40      2.40      2.50      0.01         0.01
  20942                       0.01      0.01     47.80      0.01         0.01
  20945                       0.01      0.01      1.71      0.01         0.01
  20953                       0.03      0.05      0.03      2.40         0.03
  20962                       2.57      2.57      2.81      0.01         0.01
  20992                       2.23      2.23      2.37      0.01         0.01
  21040                       2.46      2.46      2.57      0.01         0.01
  21712                       4.24      4.24      4.35      0.01         0.01
  21714                      44.21     44.21     44.23      0.01         0.22
  21742                       3.94      3.94      4.04      0.01         0.01
  21744                       4.13      4.13      4.24      0.01         0.01
  21746                       1.77      1.77      1.81      0.01         0.01
  21747                       1.77      1.77      1.78      1.86         0.01
  21748                       1.92      1.92      1.95      0.01         0.03
  21749                       1.95      1.95      1.98      0.01         0.01
  21750                       1.94      1.94      1.95      0.01         0.05
  21754                       1.90      1.90      1.94      1.85         0.01
  21757                       4.35      4.35      4.43      0.01         0.01
  21759                       1.97      1.97      2.03      0.45         0.81
  21760                       2.09      2.09      2.09      1.87         1.73
  21762                       2.56      2.56      2.63      0.01         0.01
  21766                       2.05      2.05      2.99      0.01         0.01
  21767                       0.01      0.01      4.49      0.01         0.01
  21769                       2.71      2.71      2.73      0.01         0.08
  21770                       1.86      1.86      2.45      0.01         0.01
  21771                       2.63      2.63      2.71      0.01         0.01
  21780                       1.94      1.94      1.97      0.01         0.01
  21784                       0.01      0.01      1.59      0.01         0.01
  21788                       2.45      2.45      2.56      0.01         0.01
  21789                      44.15     44.15     44.28      0.01         0.01
  21792                       2.12      2.12      2.23      0.01         0.01
  21796                       2.23      2.23      2.34      0.01         0.01
  21800                       0.01      0.01      3.16      0.01         0.01
  21803                       2.34      2.34      2.45      0.01         0.01
  21805                       2.45      2.45      2.57      0.01         0.01
  21806                       2.18      2.18      2.33      0.01         0.01
  21815                       0.03      0.03      0.06      0.01         0.01
  21820                       4.19      4.19      4.31      0.16         0.05
  21821                       4.61      4.61      5.05      0.01         0.01
  21822                       2.32      2.32      2.40      0.01         0.01
  21823                       2.21      2.21      2.32      0.01         0.01
  21826                      44.04     44.04     44.06      0.01         0.52
  21828                       0.01      0.01      2.38      0.01         0.01
  21829                       1.67      1.67      1.83      0.01         0.01
  21830                       1.71      1.71      1.77      0.01         0.01
  21832                       0.01      0.01      2.14      0.01         0.01
  21833                       0.01      0.01      0.01      0.01         0.01
  21845                       1.67      1.68      1.67      1.77         1.62
  21846                       1.70      1.70      1.76      0.01         0.01
  21847                       1.72      1.72      1.78      0.72         0.58
  21848                       1.70      1.70      1.86      0.01         0.01
  22116                       2.80      2.80      2.92      0.01         0.01
  22580                       0.03      0.03     35.53      0.01         0.01
  22582                       0.01      0.01      0.01      1.86         0.01
  22585                       2.25      2.25      2.28      0.01         0.01
  22586                       2.47      2.47      2.51      0.01         0.01
  22587                      38.78     38.78     39.35      0.01         0.01
  22588                      38.11     38.11     41.18      0.01         0.01
  22589                       6.46      6.46     39.35      0.01         0.01
  22590                       2.69      2.69     40.56      0.01         0.01
  22591                       2.73      2.74      2.76      0.01         0.19
  22592                       0.01      0.01     35.73      0.01         0.01
  22596                       2.50      2.50      2.57      2.27         2.23
  22597                       0.01      0.01      0.01      0.01         0.01
  22601                       0.01      0.01      0.01      0.01         0.01
  22605                      35.53     35.53     35.53      0.01         0.01
  22606                      35.53     35.53     35.53      0.01         0.01
  22607                      35.55     35.55     35.55      0.01         0.01
  22608                       0.01      0.01      0.04      0.01         0.01
  22609                       1.94      1.94      2.06      0.01         0.01
  22611                       1.96      1.96      3.70      0.01         0.01
  22612                       2.43      2.43      2.49      0.01         0.01
  22613                       2.41      2.41      2.44      0.01         0.01
  22614                       3.63      3.63     37.48      0.01         0.01
  22616                      35.63     35.63     35.65      0.01         0.01
  22654                       0.01      0.01     35.76      0.01         0.01
  22660                      35.62     35.62     35.63      0.01         0.01
  22798                       2.77      2.77      2.88      3.38         0.01
  22802                       2.18      2.18      2.23      0.01         0.01
  22804                       2.12      2.12      2.18      0.01         0.01
  22805                       0.01      0.01      2.12      0.01         0.01
  22811                       2.21      2.21      2.62      0.01         0.01
  22812                       2.17      2.17      2.47      0.01         0.01
  22837                       2.18      2.18      2.23      0.01         0.01
  22850                       2.21      2.21      2.40      0.01         0.01
  22852                       2.60      2.60      2.68      0.01         0.01
  22865                       2.76      2.76     35.66      0.01         0.01
  22866                       2.67      2.67      2.87      0.01         0.01
  23050                       0.01      0.01      3.36      0.01         0.01
  23053                       0.01      0.01      0.01      2.73         0.01
  23063                       0.01      0.01      2.12      2.77         0.01
  23077                       4.11      4.11     43.82      0.01         0.01
  23078                       0.01      0.01      1.86      0.01         0.01
  23095                       1.90      1.90      1.91      1.91         1.90
  23119                       0.01      0.01      2.21      0.01         0.01
  23122                       0.01      0.01      0.01      3.59         0.01
  23123                       0.01      0.01      4.89      0.01         0.01
  23164                       0.01      0.01      0.01      3.21         0.01
  23190                       3.43      3.43     37.98      0.01         0.01
  23191                       3.21      3.21      3.43      0.03         0.28
  23192                       3.08      3.08      3.21      0.01         0.10
  23193                       2.52      2.52      2.53      0.01         0.14
  23199                       2.80      2.80     37.98      0.01         0.01
  23200                       2.21      2.21      2.33      0.01         0.01
  23204                       4.02      4.02     37.62      0.01         0.01
  23207                      37.86     37.86     38.78      2.15         0.01
  26838                      44.21     44.21     44.31      0.01         0.01
  38190                       1.95      1.95      2.09      0.01         0.01
  38193                       2.50      2.50      2.54      0.01         0.01
  38250                       2.48      2.48      3.04      0.01         0.01
  39117                       1.43      1.43      1.53      0.01         0.01
  39419                       1.90      1.90      1.95      0.01         0.01
  39937                      35.57     35.57     35.61      0.01         0.01
  40224                      47.62     47.62     47.80      0.01         0.01
  40244                       6.51      6.51     37.86      0.01         0.01
  40245                       4.24      4.24      6.46      0.01         0.02
  40373                      35.62     35.62     35.63      0.01         0.01
  40793                       2.67      2.67      2.77      0.01         0.01
  41025                       2.09      2.09      2.10      0.01         0.43
  41114                       3.32      3.32      3.48      2.70         2.70
  41367                       1.96      1.96      2.32      2.68         0.01
  41543                       0.01      0.01      2.22      0.01         0.01
  41561                      40.72     40.72     41.03      0.01         0.07
  41661                      39.20     39.20     41.03      0.01         0.01
  42081                       0.01      0.01      0.01      2.21         0.01
  42085                       3.35      3.35     37.98      0.01         0.01
  42568                      39.35     39.35     41.81      0.01         0.01
  42644                       2.12      2.12      2.44      0.01         0.01
  42711                       2.03      2.03      2.17      1.80         1.78
  42712                       1.72      1.72     35.76      0.01         0.01
  42713                       1.95      1.95      3.68      0.01         0.01
  42720                       0.01      0.01      2.47      2.64         0.01
  42722                       0.01      0.01     35.67      0.01         0.01
  42723                       0.01      0.01      0.01      4.73         0.01
  42724                      35.52     35.52     35.53      0.01         0.01
  42725                       2.17      2.17     37.74      0.01         0.01
  42726                       0.01      0.01     35.54      0.01         0.01
  42727                      38.78     38.78     39.20      2.17         2.00
  42731                       2.37      2.37      2.62      0.01         0.01
  42732                       3.08      3.12      3.08      3.17         3.08
  42733                       2.75      2.75      3.08      0.01         0.01
  42734                      37.98     37.98     38.78      0.01         0.01
  42735                       1.80      1.80      1.84      1.68         1.68
  42740                       0.01      0.01      0.09      0.01         0.01
  42742                       0.01      0.01     47.55      0.01         0.01
  
  
  ***************
  Pumping Summary
  ***************
  
  ---------------------------------------------------------------------------------------------------------
                                                  Min       Avg       Max     Total     Power    % Time Off
                        Percent   Number of      Flow      Flow      Flow    Volume     Usage    Pump Curve
  Pump                 Utilized   Start-Ups       LPS       LPS       LPS  10^6 ltr     Kw-hr    Low   High
  ---------------------------------------------------------------------------------------------------------
  P1                      99.91           1      0.00      3.80      8.80     0.554      4.12    0.0    3.9
  P2                      98.46          38      0.00     62.53     74.25    10.211      3.85    0.0    8.2
  

  Analysis begun on:  Sat Jun  6 01:23:52 2026
  Analysis ended on:  Sat Jun  6 01:26:31 2026
  Total elapsed time: 00:02:39