
  EPA STORM WATER MANAGEMENT MODEL - VERSION 5.2 (Build 5.2.4)
  ------------------------------------------------------------

  INP file created on 2026/5/10 16:06:32 by admini with inpPINS version 0.0.3.0 
  Title/Notes: 
  Storm realism correction: Rain_10Y and pre-optimization pump rules retained; uniform node ponding removed; Horton parameters and surface storage revised for urban storm response; hydraulic solver stability improved. 
  WARNING 04: minimum elevation drop used for Conduit 95
  WARNING 04: minimum elevation drop used for Conduit 842
  WARNING 04: minimum elevation drop used for Conduit 3755
  WARNING 04: minimum elevation drop used for Conduit 5796
  WARNING 04: minimum elevation drop used for Conduit 10024
  WARNING 04: minimum elevation drop used for Conduit 10405
  WARNING 04: minimum elevation drop used for Conduit 12638
  WARNING 04: minimum elevation drop used for Conduit 12652
  WARNING 04: minimum elevation drop used for Conduit 16887
  WARNING 04: minimum elevation drop used for Conduit 18383
  WARNING 04: minimum elevation drop used for Conduit 20636
  WARNING 04: minimum elevation drop used for Conduit 21760
  WARNING 04: minimum elevation drop used for Conduit 21799
  WARNING 04: minimum elevation drop used for Conduit 21833
  WARNING 04: minimum elevation drop used for Conduit 22658
  WARNING 04: minimum elevation drop used for Conduit 23122
  WARNING 04: minimum elevation drop used for Conduit 23164
  WARNING 04: minimum elevation drop used for Conduit 38889
  WARNING 04: minimum elevation drop used for Conduit 42723
  WARNING 02: maximum depth increased for Node J03010003
  WARNING 02: maximum depth increased for Node J03190001
  WARNING 02: maximum depth increased for Node J03190120
  WARNING 02: maximum depth increased for Node J03190124
  WARNING 02: maximum depth increased for Node J03190130
  WARNING 02: maximum depth increased for Node J03190134
  WARNING 02: maximum depth increased for Node J03260026
  WARNING 02: maximum depth increased for Node J03260029
  WARNING 02: maximum depth increased for Node J03260033
  WARNING 02: maximum depth increased for Node J03260048
  WARNING 02: maximum depth increased for Node J03260051
  WARNING 02: maximum depth increased for Node J03260054
  WARNING 02: maximum depth increased for Node J03260075
  WARNING 02: maximum depth increased for Node J03262031
  
  ****************
  Analysis Options
  ****************
  Flow Units ............... LPS
  Process Models:
    Rainfall/Runoff ........ YES
    RDII ................... NO
    Snowmelt ............... NO
    Groundwater ............ NO
    Flow Routing ........... YES
    Ponding Allowed ........ NO
    Water Quality .......... NO
  Infiltration Method ...... HORTON
  Flow Routing Method ...... DYNWAVE
  Surcharge Method ......... EXTRAN
  Starting Date ............ 05/09/2026 12:00:00
  Ending Date .............. 05/13/2026 12:00:00
  Antecedent Dry Days ...... 0.0
  Report Time Step ......... 00:10:00
  Wet Time Step ............ 00:02:00
  Dry Time Step ............ 01:00:00
  Routing Time Step ........ 1.00 sec
  Variable Time Step ....... YES
  Maximum Trials ........... 30
  Number of Threads ........ 1
  Head Tolerance ........... 0.001000 m
  
  
  **************************        Volume         Depth
  Runoff Quantity Continuity     hectare-m            mm
  **************************     ---------       -------
  Total Precipitation ......         5.494        76.667
  Evaporation Loss .........         0.000         0.000
  Infiltration Loss ........         0.801        11.177
  Surface Runoff ...........         4.639        64.732
  Final Storage ............         0.051         0.717
  Continuity Error (%) .....         0.052
  
  
  **************************        Volume        Volume
  Flow Routing Continuity        hectare-m      10^6 ltr
  **************************     ---------     ---------
  Dry Weather Inflow .......         1.286        12.856
  Wet Weather Inflow .......         4.644        46.436
  Groundwater Inflow .......         0.000         0.000
  RDII Inflow ..............         0.000         0.000
  External Inflow ..........         0.000         0.000
  External Outflow .........         5.827        58.269
  Flooding Loss ............         0.000         0.003
  Evaporation Loss .........         0.000         0.000
  Exfiltration Loss ........         0.000         0.000
  Initial Stored Volume ....         0.000         0.000
  Final Stored Volume ......         0.101         1.013
  Continuity Error (%) .....         0.012
  
  
  *************************
  Highest Continuity Errors
  *************************
  Node J03190111 (94.13%)
  Node J03351092 (49.78%)
  Node J03190107 (46.52%)
  Node J03191001 (44.92%)
  Node J03263039 (43.05%)
  
  
  ***************************
  Time-Step Critical Elements
  ***************************
  Link 10124 (82.07%)
  Link 6198 (5.21%)
  Link 23200 (3.77%)
  Link 19850 (2.92%)
  Link 12611 (1.84%)
  
  
  ********************************
  Highest Flow Instability Indexes
  ********************************
  Link 19850 (119)
  Link O_J03411080 (39)
  Link 15242 (6)
  Link 13513 (6)
  Link 10072 (4)
  
  
  *********************************
  Most Frequent Nonconverging Nodes
  *********************************
  Node J03260010 (0.01%)
  Node J03380236 (0.00%)
  Node J03380237 (0.00%)
  Node J03195988 (0.00%)
  Node J03190106 (0.00%)
  
  
  *************************
  Routing Time Step Summary
  *************************
  Minimum Time Step           :     0.00 sec
  Average Time Step           :     0.73 sec
  Maximum Time Step           :     1.00 sec
  % of Time in Steady State   :     0.00
  Average Iterations per Step :     2.02
  % of Steps Not Converging   :     0.01
  Time Step Frequencies       :
      1.000 -  0.758 sec      :    85.44 %
      0.758 -  0.574 sec      :     0.54 %
      0.574 -  0.435 sec      :     0.13 %
      0.435 -  0.330 sec      :     2.12 %
      0.330 -  0.250 sec      :    11.77 %
  
  
  ***************************
  Subcatchment Runoff Summary
  ***************************
  
  ------------------------------------------------------------------------------------------------------------------------------
                            Total      Total      Total      Total     Imperv       Perv      Total       Total     Peak  Runoff
                           Precip      Runon       Evap      Infil     Runoff     Runoff     Runoff      Runoff   Runoff   Coeff
  Subcatchment                 mm         mm         mm         mm         mm         mm         mm    10^6 ltr      LPS
  ------------------------------------------------------------------------------------------------------------------------------
  S1                        76.67       0.00       0.00       7.24      56.62      11.91      68.53       11.16  1761.02   0.894
  S2                        76.67       0.00       0.00      13.11      45.30      17.53      62.83       14.29  2299.20   0.820
  S3                        76.67       0.00       0.00      14.39      41.53      20.09      61.62       10.75  1768.67   0.804
  S4                        76.67       0.00       0.00       9.19      49.09      17.63      66.72        3.12   505.66   0.870
  S5                        76.67       0.00       0.00       7.80      52.87      15.19      68.06        3.30   526.11   0.888
  S6                        76.67       0.00       0.00       9.35      49.09      17.47      66.56        3.77   611.56   0.868
  
  
  ******************
  Node Depth Summary
  ******************
  
  ---------------------------------------------------------------------------------
                                 Average  Maximum  Maximum  Time of Max    Reported
                                   Depth    Depth      HGL   Occurrence   Max Depth
  Node                 Type       Meters   Meters   Meters  days hr:min      Meters
  ---------------------------------------------------------------------------------
  G03160065            JUNCTION     0.11     2.00    32.35     0  13:26        2.00
  G03160066            JUNCTION     0.06     1.36    32.44     0  13:42        1.35
  G03160068            JUNCTION     0.00     0.00    30.03     0  00:00        0.00
  G03160069            JUNCTION     0.00     0.00    30.15     0  00:00        0.00
  G03160070            JUNCTION     0.45     0.78    29.85     0  13:59        0.78
  G03160073            JUNCTION     0.30     0.64    29.86     0  13:59        0.64
  J03010003            JUNCTION     0.12     1.19    28.69     0  16:22        1.19
  J03160546            JUNCTION     0.00     0.00    29.75     0  00:00        0.00
  J03160705            JUNCTION     0.00     0.00    29.67     0  00:00        0.00
  J03165846            JUNCTION     0.00     0.00    33.55     0  00:00        0.00
  J03166590            JUNCTION     0.00     0.00    29.98     0  00:00        0.00
  J03166604            JUNCTION     0.04     0.43    29.65     0  13:59        0.43
  J03166622            JUNCTION     0.00     0.00    31.62     0  00:00        0.00
  J03166623            JUNCTION     0.00     0.00    31.60     0  00:00        0.00
  J03176807            JUNCTION     0.53     1.04    32.99     0  14:07        1.04
  J03176811            JUNCTION     0.03     0.09    33.10     0  15:24        0.09
  J03176902            JUNCTION     0.02     0.07    30.16     0  15:27        0.07
  J03180001            JUNCTION     0.10     0.55    29.85     0  14:49        0.55
  J03180002            JUNCTION     0.00     0.00    29.91     0  00:00        0.00
  J03180003            JUNCTION     0.04     0.47    29.85     0  14:49        0.47
  J03180004            JUNCTION     0.00     0.12    29.85     0  14:49        0.12
  J03180005            JUNCTION     0.00     0.00    30.24     0  00:00        0.00
  J03180006            JUNCTION     0.02     0.22    29.85     0  14:49        0.22
  J03180007            JUNCTION     0.00     0.00    30.21     0  00:00        0.00
  J03180008            JUNCTION     0.01     0.03    30.09     0  15:27        0.03
  J03180009            JUNCTION     0.00     0.00    30.51     0  00:00        0.00
  J03180010            JUNCTION     0.03     0.09    30.17     0  15:27        0.09
  J03180011            JUNCTION     0.00     0.00    30.58     0  00:00        0.00
  J03180015            JUNCTION     0.01     0.04    30.44     0  15:27        0.04
  J03180019            JUNCTION     0.02     0.06    30.75     0  15:27        0.06
  J03180020            JUNCTION     0.03     0.06    30.88     0  15:27        0.06
  J03180022            JUNCTION     0.02     0.06    31.02     0  15:26        0.06
  J03180025            JUNCTION     0.01     0.04    31.52     0  15:26        0.04
  J03180026            JUNCTION     0.09     0.12    31.74     0  15:26        0.12
  J03180030            JUNCTION     0.04     0.08    31.98     0  15:26        0.08
  J03180031            JUNCTION     0.00     0.00    32.40     0  00:00        0.00
  J03180032            JUNCTION     0.00     0.00    32.35     0  00:00        0.00
  J03180034            JUNCTION     0.06     0.11    32.14     0  15:25        0.11
  J03180037            JUNCTION     0.00     0.00    32.64     0  00:00        0.00
  J03180039            JUNCTION     0.04     0.07    32.70     0  15:25        0.07
  J03180043            JUNCTION     0.02     0.08    32.74     0  15:24        0.08
  J03180046            JUNCTION     0.05     0.09    33.08     0  15:24        0.09
  J03180049            JUNCTION     0.03     0.09    33.10     0  15:24        0.09
  J03180052            JUNCTION     0.02     0.09    33.13     0  15:23        0.09
  J03180056            JUNCTION     0.08     0.14    33.17     0  15:23        0.14
  J03180060            JUNCTION     0.06     0.13    33.17     0  15:22        0.13
  J03180062            JUNCTION     0.00     0.00    33.50     0  00:00        0.00
  J03180063            JUNCTION     0.06     0.12    33.18     0  15:22        0.12
  J03180074            JUNCTION     0.08     0.15    33.27     0  15:21        0.15
  J03180075            JUNCTION     0.00     0.00    33.76     0  00:00        0.00
  J03180077            JUNCTION     0.00     0.00    33.70     0  00:00        0.00
  J03180079            JUNCTION     0.00     0.00    34.08     0  00:00        0.00
  J03180080            JUNCTION     0.06     0.13    33.28     0  15:21        0.13
  J03180081            JUNCTION     0.00     0.00    33.63     0  00:00        0.00
  J03180082            JUNCTION     0.00     0.00    34.06     0  00:00        0.00
  J03180083            JUNCTION     0.02     0.10    33.29     0  15:20        0.10
  J03180084            JUNCTION     0.00     0.00    34.16     0  00:00        0.00
  J03180086            JUNCTION     0.00     0.00    34.23     0  00:00        0.00
  J03180087            JUNCTION     0.02     0.09    33.32     0  15:19        0.09
  J03180088            JUNCTION     0.00     0.00    34.06     0  00:00        0.00
  J03180090            JUNCTION     0.00     0.00    33.88     0  00:00        0.00
  J03180092            JUNCTION     0.03     0.10    33.37     0  15:19        0.10
  J03180093            JUNCTION     0.00     0.00    33.93     0  00:00        0.00
  J03180094            JUNCTION     0.00     0.00    34.33     0  00:00        0.00
  J03180097            JUNCTION     0.00     0.00    33.88     0  00:00        0.00
  J03180098            JUNCTION     0.00     0.00    34.14     0  00:00        0.00
  J03180100            JUNCTION     0.03     0.09    33.38     0  15:19        0.09
  J03180102            JUNCTION     0.00     0.00    34.19     0  00:00        0.00
  J03180103            JUNCTION     0.00     0.00    34.17     0  00:00        0.00
  J03180105            JUNCTION     0.02     0.09    33.39     0  15:18        0.09
  J03180106            JUNCTION     0.00     0.00    33.90     0  00:00        0.00
  J03180107            JUNCTION     0.00     0.00    33.92     0  00:00        0.00
  J03180109            JUNCTION     0.03     0.10    33.40     0  15:18        0.10
  J03180111            JUNCTION     0.03     0.10    33.40     0  15:18        0.10
  J03180113            JUNCTION     0.00     0.00    34.18     0  00:00        0.00
  J03180114            JUNCTION     0.02     0.08    33.52     0  15:17        0.08
  J03180116            JUNCTION     0.02     0.09    33.58     0  15:17        0.09
  J03180118            JUNCTION     0.14     0.22    33.41     0  15:18        0.22
  J03180119            JUNCTION     0.00     0.00    33.96     0  00:00        0.00
  J03180120            JUNCTION     0.00     0.00    34.40     0  00:00        0.00
  J03180124            JUNCTION     0.02     0.10    33.61     0  15:17        0.10
  J03189802            JUNCTION     0.05     0.13    32.63     0  15:24        0.13
  J03189803            JUNCTION     0.24     0.32    32.63     0  15:24        0.32
  J03189833            JUNCTION     0.00     0.00    33.79     0  00:00        0.00
  J03189834            JUNCTION     0.00     0.00    33.80     0  00:00        0.00
  J03189835            JUNCTION     0.05     0.14    33.27     0  15:18        0.14
  J03189836            JUNCTION     0.00     0.00    33.79     0  00:00        0.00
  J03189837            JUNCTION     0.00     0.00    33.74     0  00:00        0.00
  J03189838            JUNCTION     0.03     0.09    33.33     0  15:17        0.09
  J03189839            JUNCTION     0.00     0.00    33.56     0  00:00        0.00
  J03189840            JUNCTION     0.00     0.00    33.96     0  00:00        0.00
  J03189841            JUNCTION     0.00     0.00    33.84     0  00:00        0.00
  J03189842            JUNCTION     0.05     0.13    33.42     0  15:17        0.13
  J03189843            JUNCTION     0.00     0.00    33.87     0  00:00        0.00
  J03189844            JUNCTION     0.00     0.00    33.93     0  00:00        0.00
  J03189845            JUNCTION     0.00     0.00    34.30     0  00:00        0.00
  J03189846            JUNCTION     0.00     0.00    34.35     0  00:00        0.00
  J03189847            JUNCTION     0.00     0.00    34.36     0  00:00        0.00
  J03189848            JUNCTION     0.00     0.00    33.79     0  00:00        0.00
  J03190001            JUNCTION     0.09     0.54    29.67     0  14:34        0.54
  J03190002            JUNCTION     0.00     0.00    31.01     0  00:00        0.00
  J03190004            JUNCTION     0.00     0.00    30.74     0  00:00        0.00
  J03190007            JUNCTION     0.00     0.00    30.64     0  00:00        0.00
  J03190008            JUNCTION     0.09     0.58    29.68     0  14:25        0.58
  J03190010            JUNCTION     0.09     0.61    29.68     0  14:34        0.60
  J03190012            JUNCTION     0.00     0.00    30.66     0  00:00        0.00
  J03190013            JUNCTION     0.00     0.00    30.37     0  00:00        0.00
  J03190014            JUNCTION     0.10     0.64    29.68     0  14:34        0.64
  J03190015            JUNCTION     0.00     0.00    30.56     0  00:00        0.00
  J03190022            JUNCTION     0.00     0.00    30.36     0  00:00        0.00
  J03190025            JUNCTION     0.12     0.69    29.68     0  14:33        0.69
  J03190026            JUNCTION     0.00     0.00    30.57     0  00:00        0.00
  J03190027            JUNCTION     0.00     0.00    30.47     0  00:00        0.00
  J03190028            JUNCTION     0.15     0.74    29.68     0  14:33        0.74
  J03190029            JUNCTION     0.00     0.00    30.33     0  00:00        0.00
  J03190030            JUNCTION     0.00     0.00    30.03     0  00:00        0.00
  J03190031            JUNCTION     0.18     0.79    29.68     0  14:34        0.79
  J03190032            JUNCTION     0.00     0.00    30.28     0  00:00        0.00
  J03190034            JUNCTION     0.21     0.83    29.68     0  14:34        0.82
  J03190039            JUNCTION     0.25     0.87    29.68     0  14:29        0.87
  J03190042            JUNCTION     0.29     0.91    29.68     0  14:30        0.91
  J03190044            JUNCTION     0.00     0.00    30.24     0  00:00        0.00
  J03190045            JUNCTION     0.33     0.96    29.68     0  14:29        0.96
  J03190048            JUNCTION     0.38     1.01    29.68     0  14:29        1.00
  J03190051            JUNCTION     0.42     1.05    29.68     0  14:29        1.05
  J03190055            JUNCTION     0.46     1.10    29.68     0  14:30        1.10
  J03190059            JUNCTION     0.48     1.11    29.68     0  14:30        1.11
  J03190061            JUNCTION     0.51     1.14    29.68     0  14:30        1.14
  J03190064            JUNCTION     0.57     1.21    29.68     0  14:29        1.21
  J03190067            JUNCTION     0.61     1.25    29.68     0  14:30        1.25
  J03190070            JUNCTION     0.65     1.30    29.68     0  14:29        1.30
  J03190078            JUNCTION     0.68     1.32    29.68     0  14:27        1.32
  J03190083            JUNCTION     0.70     1.35    29.68     0  14:27        1.35
  J03190084            JUNCTION     0.71     1.35    29.68     0  14:27        1.35
  J03190085            JUNCTION     0.00     0.00    29.95     0  00:00        0.00
  J03190088            JUNCTION     0.75     1.39    29.68     0  14:27        1.39
  J03190089            JUNCTION     0.00     0.00    29.81     0  00:00        0.00
  J03190091            JUNCTION     0.79     1.44    29.68     0  14:28        1.44
  J03190092            JUNCTION     0.00     0.00    29.92     0  00:00        0.00
  J03190094            JUNCTION     0.84     1.49    29.68     0  14:28        1.48
  J03190096            JUNCTION     0.02     0.32    29.68     0  14:28        0.32
  J03190102            JUNCTION     0.89     1.64    29.79     0  14:17        1.53
  J03190106            JUNCTION     0.93     1.78    29.89     0  14:17        1.57
  J03190107            JUNCTION     0.98     1.91    29.97     0  14:17        1.62
  J03190111            JUNCTION     1.02     2.00    30.01     0  14:17        1.67
  J03190117            JUNCTION     0.05     0.78    28.70     0  16:23        0.77
  J03190120            JUNCTION     0.05     0.82    28.70     0  16:24        0.82
  J03190121            JUNCTION     0.00     0.00    30.01     0  00:00        0.00
  J03190123            JUNCTION     0.00     0.00    29.70     0  00:00        0.00
  J03190124            JUNCTION     0.05     0.87    28.70     0  16:23        0.87
  J03190128            JUNCTION     0.06     0.92    28.69     0  16:18        0.91
  J03190129            JUNCTION     0.00     0.00    29.93     0  00:00        0.00
  J03190130            JUNCTION     0.06     0.95    28.69     0  16:18        0.95
  J03190133            JUNCTION     0.00     0.00    30.07     0  00:00        0.00
  J03190134            JUNCTION     0.07     1.00    28.69     0  16:24        1.00
  J03190138            JUNCTION     0.09     1.14    28.69     0  16:22        1.14
  J03190142            JUNCTION     1.01     1.29    28.98     0  14:02        1.28
  J03190145            JUNCTION     0.86     1.13    28.98     0  14:02        1.13
  J03190147            JUNCTION     0.75     1.02    28.99     0  14:01        1.02
  J03190149            JUNCTION     0.00     0.00    30.25     0  00:00        0.00
  J03190150            JUNCTION     0.02     0.28    30.63     0  14:11        0.27
  J03190155            JUNCTION     0.13     0.48    30.73     0  14:11        0.47
  J03190159            JUNCTION     0.44     0.90    30.81     0  14:17        0.81
  J03190161            JUNCTION     1.04     1.52    30.81     0  14:17        1.43
  J03190162            JUNCTION     0.32     0.66    30.70     0  14:11        0.66
  J03190164            JUNCTION     1.03     1.48    30.79     0  14:17        1.41
  J03190167            JUNCTION     0.08     0.35    30.66     0  14:11        0.35
  J03190839            JUNCTION     0.00     0.00    29.83     0  00:00        0.00
  J03190840            JUNCTION     0.00     0.00    29.94     0  00:00        0.00
  J03191001            JUNCTION     0.56     0.83    29.00     0  14:01        0.83
  J03191002            JUNCTION     0.18     0.79    29.68     0  14:28        0.79
  J03191003            JUNCTION     0.00     0.00    29.91     0  00:00        0.00
  J03191004            JUNCTION     0.00     0.00    29.89     0  00:00        0.00
  J03191005            JUNCTION     0.00     0.00    29.89     0  00:00        0.00
  J03191007            JUNCTION     0.13     0.68    29.68     0  14:28        0.68
  J03191008            JUNCTION     0.00     0.00    30.19     0  00:00        0.00
  J03191010            JUNCTION     0.00     0.00    29.83     0  00:00        0.00
  J03191015            JUNCTION     0.00     0.00    30.14     0  00:00        0.00
  J03191016            JUNCTION     0.00     0.00    30.27     0  00:00        0.00
  J03191017            JUNCTION     0.00     0.00    30.32     0  00:00        0.00
  J03191019            JUNCTION     0.01     0.19    30.17     0  14:12        0.18
  J03191021            JUNCTION     0.03     0.47    29.68     0  14:29        0.47
  J03191023            JUNCTION     0.00     0.00    30.17     0  00:00        0.00
  J03191100            JUNCTION     0.98     1.47    30.83     0  14:17        1.36
  J03191101            JUNCTION     0.00     0.00    30.18     0  00:00        0.00
  J03191102            JUNCTION     0.00     0.00    30.48     0  00:00        0.00
  J03191103            JUNCTION     0.03     0.32    29.68     0  14:29        0.32
  J03191950            JUNCTION     0.26     0.88    29.68     0  14:28        0.88
  J03191951            JUNCTION     0.00     0.00    30.07     0  00:00        0.00
  J03191952            JUNCTION     0.00     0.00    30.18     0  00:00        0.00
  J03191956            JUNCTION     0.01     0.18    30.69     0  14:11        0.18
  J03192002            JUNCTION     0.16     0.48    29.68     0  14:29        0.48
  J03192077            JUNCTION     0.00     0.00    29.95     0  00:00        0.00
  J03193034            JUNCTION     0.01     0.15    29.68     0  14:28        0.15
  J03193036            JUNCTION     0.05     0.20    30.35     0  14:01        0.20
  J03193037            JUNCTION     0.01     0.16    30.03     0  14:01        0.16
  J03193038            JUNCTION     0.01     0.15    30.15     0  14:01        0.15
  J03193045            JUNCTION     0.01     0.17    30.41     0  14:01        0.17
  J03193051            JUNCTION     0.18     0.46    30.52     0  14:01        0.46
  J03193057            JUNCTION     0.19     0.49    30.53     0  14:01        0.49
  J03193062            JUNCTION     0.16     0.45    30.53     0  14:01        0.45
  J03193063            JUNCTION     0.14     0.44    30.54     0  14:01        0.43
  J03193064            JUNCTION     0.04     0.33    30.55     0  14:01        0.33
  J03193078            JUNCTION     0.16     0.50    30.58     0  14:01        0.50
  J03193080            JUNCTION     0.26     0.62    30.59     0  14:01        0.62
  J03193081            JUNCTION     0.18     0.55    30.61     0  14:01        0.55
  J03193083            JUNCTION     0.21     0.61    30.64     0  14:01        0.61
  J03193085            JUNCTION     0.17     0.57    30.64     0  14:00        0.57
  J03193093            JUNCTION     0.09     1.60    32.44     0  13:42        1.58
  J03193094            JUNCTION     0.19     1.77    32.36     0  13:42        1.75
  J03193097            JUNCTION     0.09     1.64    32.29     0  13:42        1.62
  J03193099            JUNCTION     0.04     1.12    32.29     0  13:43        1.08
  J03193100            JUNCTION     0.09     1.62    32.27     0  13:42        1.60
  J03193103            JUNCTION     0.18     1.73    32.13     0  13:42        1.72
  J03193104            JUNCTION     0.28     1.82    32.14     0  13:42        1.81
  J03193105            JUNCTION     0.10     1.64    32.12     0  13:57        1.63
  J03193110            JUNCTION     0.12     1.51    31.96     0  13:42        1.50
  J03193113            JUNCTION     0.10     1.47    31.94     0  13:43        1.40
  J03193114            JUNCTION     0.22     1.64    31.99     0  13:43        1.63
  J03193117            JUNCTION     0.39     1.76    31.94     0  13:57        1.75
  J03193121            JUNCTION     0.09     1.46    31.92     0  13:43        1.38
  J03193123            JUNCTION     0.03     0.40    30.67     0  14:00        0.39
  J03193126            JUNCTION     0.03     0.25    30.71     0  14:00        0.25
  J03193127            JUNCTION     0.01     0.21    30.70     0  14:00        0.21
  J03193128            JUNCTION     0.03     0.54    30.73     0  14:00        0.54
  J03193131            JUNCTION     0.03     0.53    30.71     0  14:01        0.53
  J03193137            JUNCTION     0.03     0.46    30.69     0  14:01        0.46
  J03193141            JUNCTION     0.01     0.37    30.68     0  14:04        0.36
  J03193143            JUNCTION     0.02     0.52    30.68     0  14:05        0.51
  J03193145            JUNCTION     0.03     0.46    30.68     0  14:05        0.45
  J03193146            JUNCTION     0.06     0.49    30.68     0  14:05        0.48
  J03193149            JUNCTION     0.00     0.00    30.15     0  00:00        0.00
  J03193150            JUNCTION     0.00     0.00    31.07     0  00:00        0.00
  J03193152            JUNCTION     0.08     0.51    30.68     0  14:04        0.50
  J03193154            JUNCTION     0.05     0.26    30.68     0  14:04        0.25
  J03193155            JUNCTION     0.00     0.21    30.68     0  14:03        0.20
  J03193162            JUNCTION     0.00     0.00    30.40     0  00:00        0.00
  J03193164            JUNCTION     0.00     0.00    29.83     0  00:00        0.00
  J03193167            JUNCTION     0.00     0.00    30.16     0  00:00        0.00
  J03193169            JUNCTION     0.00     0.00    30.32     0  00:00        0.00
  J03193170            JUNCTION     0.00     0.00    30.00     0  00:00        0.00
  J03193173            JUNCTION     0.00     0.00    30.69     0  00:00        0.00
  J03195537            JUNCTION     0.24     0.54    30.73     0  14:10        0.53
  J03195666            JUNCTION     0.21     0.63    30.65     0  14:00        0.62
  J03195750            JUNCTION     0.15     1.69    32.28     0  13:43        1.67
  J03195943            JUNCTION     0.99     1.48    30.83     0  14:17        1.37
  J03195944            JUNCTION     0.49     1.13    29.68     0  14:30        1.13
  J03195988            JUNCTION     0.95     1.49    30.88     0  14:17        1.33
  J03195991            JUNCTION     0.66     1.31    29.68     0  14:17        1.30
  J03196571            JUNCTION     0.00     0.00    30.83     0  00:00        0.00
  J03196573            JUNCTION     0.03     0.11    30.73     0  14:05        0.11
  J03196577            JUNCTION     0.00     0.00    30.11     0  00:00        0.00
  J03196579            JUNCTION     0.26     0.62    29.61     0  14:00        0.62
  J03198004            JUNCTION     0.47     1.11    29.68     0  14:17        1.10
  J03198005            JUNCTION     0.25     0.80    29.60     0  14:17        0.80
  J03233000            JUNCTION     0.57     0.64    33.67     0  15:16        0.64
  J03235001            JUNCTION     0.50     0.57    33.67     0  15:16        0.57
  J03235002            JUNCTION     1.20     1.28    33.68     0  15:16        1.28
  J03235003            JUNCTION     1.30     1.38    33.68     0  15:16        1.38
  J03235004            JUNCTION     0.00     0.00    34.46     0  00:00        0.00
  J03235006            JUNCTION     0.85     0.92    33.67     0  15:16        0.92
  J03235007            JUNCTION     0.56     0.64    33.68     0  15:16        0.64
  J03235013            JUNCTION     0.68     0.76    33.68     0  15:16        0.76
  J03235014            JUNCTION     0.00     0.00    34.45     0  00:00        0.00
  J03235018            JUNCTION     0.21     0.28    33.67     0  15:16        0.28
  J03235019            JUNCTION     0.25     0.33    33.68     0  15:16        0.33
  J03235024            JUNCTION     0.00     0.00    34.13     0  00:00        0.00
  J03235029            JUNCTION     0.00     0.00    34.17     0  00:00        0.00
  J03235031            JUNCTION     0.22     0.31    33.69     0  15:15        0.31
  J03235032            JUNCTION     0.00     0.00    34.43     0  00:00        0.00
  J03235041            JUNCTION     0.11     0.17    33.67     0  15:16        0.17
  J03235042            JUNCTION     0.00     0.00    34.11     0  00:00        0.00
  J03235045            JUNCTION     0.00     0.00    34.30     0  00:00        0.00
  J03235046            JUNCTION     0.00     0.00    34.15     0  00:00        0.00
  J03235049            JUNCTION     0.19     0.28    33.69     0  15:15        0.28
  J03235051            JUNCTION     0.03     0.09    33.67     0  15:16        0.09
  J03235052            JUNCTION     0.00     0.00    34.26     0  00:00        0.00
  J03235056            JUNCTION     0.00     0.00    34.18     0  00:00        0.00
  J03235058            JUNCTION     0.02     0.12    33.71     0  15:15        0.12
  J03235068            JUNCTION     0.00     0.00    34.39     0  00:00        0.00
  J03235069            JUNCTION     0.05     0.06    33.68     0  00:00        0.06
  J03235081            JUNCTION     0.03     0.03    34.55     0  00:00        0.03
  J03260024            JUNCTION     0.01     0.31    28.71     0  16:17        0.30
  J03260025            JUNCTION     0.00     0.00    30.17     0  00:00        0.00
  J03260026            JUNCTION     0.02     0.57    28.71     0  16:18        0.56
  J03260027            JUNCTION     0.00     0.00    30.07     0  00:00        0.00
  J03260028            JUNCTION     0.00     0.00    30.01     0  00:00        0.00
  J03260029            JUNCTION     0.02     0.58    28.71     0  16:18        0.57
  J03260030            JUNCTION     0.00     0.00    30.05     0  00:00        0.00
  J03260031            JUNCTION     0.00     0.00    30.03     0  00:00        0.00
  J03260032            JUNCTION     0.00     0.00    29.17     0  00:00        0.00
  J03260033            JUNCTION     0.07     0.66    28.70     0  16:18        0.66
  J03260034            JUNCTION     0.00     0.00    30.00     0  00:00        0.00
  J03260038            JUNCTION     0.03     0.65    28.70     0  16:18        0.64
  J03260041            JUNCTION     0.05     0.87    28.70     0  16:18        0.86
  J03260047            JUNCTION     0.07     0.07    30.40     0  00:00        0.07
  J03260048            JUNCTION     0.09     0.99    28.69     0  16:22        0.99
  J03260049            JUNCTION     0.00     0.00    30.30     0  00:00        0.00
  J03260050            JUNCTION     0.00     0.00    30.32     0  00:00        0.00
  J03260051            JUNCTION     0.19     1.09    28.69     0  16:22        1.09
  J03260052            JUNCTION     0.00     0.00    30.52     0  00:00        0.00
  J03260054            JUNCTION     0.29     1.20    28.70     0  16:22        1.19
  J03260055            JUNCTION     0.00     0.00    30.68     0  00:00        0.00
  J03260058            JUNCTION     0.00     0.00    30.68     0  00:00        0.00
  J03260059            JUNCTION     0.04     0.12    29.47     0  14:27        0.12
  J03260060            JUNCTION     0.00     0.00    30.61     0  00:00        0.00
  J03260061            JUNCTION     0.00     0.00    29.85     0  00:00        0.00
  J03260062            JUNCTION     0.00     0.00    30.60     0  00:00        0.00
  J03260063            JUNCTION     0.05     0.32    29.62     0  14:27        0.32
  J03260064            JUNCTION     0.00     0.00    30.80     0  00:00        0.00
  J03260065            JUNCTION     0.06     0.39    29.64     0  14:26        0.39
  J03260066            JUNCTION     0.06     0.39    29.65     0  14:26        0.39
  J03260067            JUNCTION     0.00     0.00    30.78     0  00:00        0.00
  J03260075            JUNCTION     0.08     0.51    29.67     0  14:25        0.50
  J03260076            JUNCTION     0.00     0.00    31.19     0  00:00        0.00
  J03260077            JUNCTION     0.00     0.00    31.33     0  00:00        0.00
  J03260079            JUNCTION     0.00     0.00    31.32     0  00:00        0.00
  J03260080            JUNCTION     0.00     0.00    31.37     0  00:00        0.00
  J03260081            JUNCTION     0.00     0.00    31.30     0  00:00        0.00
  J03260082            JUNCTION     0.00     0.00    31.17     0  00:00        0.00
  J03260085            JUNCTION     0.00     0.00    31.12     0  00:00        0.00
  J03260086            JUNCTION     0.00     0.00    30.70     0  00:00        0.00
  J03260087            JUNCTION     0.00     0.00    31.62     0  00:00        0.00
  J03260088            JUNCTION     0.05     0.19    30.32     0  14:15        0.18
  J03260090            JUNCTION     0.09     0.21    30.57     0  14:15        0.21
  J03260093            JUNCTION     0.06     0.22    30.67     0  14:15        0.22
  J03260095            JUNCTION     0.09     0.27    30.72     0  14:14        0.27
  J03260097            JUNCTION     0.05     0.18    30.87     0  14:14        0.17
  J03260099            JUNCTION     0.05     0.17    31.11     0  14:14        0.16
  J03260147            JUNCTION     0.13     0.58    29.85     0  14:49        0.58
  J03260148            JUNCTION     0.00     0.00    30.19     0  00:00        0.00
  J03260149            JUNCTION     0.33     0.79    29.85     0  14:49        0.79
  J03260150            JUNCTION     0.18     0.65    29.85     0  14:49        0.65
  J03260151            JUNCTION     0.15     0.66    29.91     0  14:09        0.66
  J03260154            JUNCTION     0.22     0.83    30.01     0  14:08        0.83
  J03260156            JUNCTION     0.17     0.80    30.04     0  14:08        0.80
  J03260157            JUNCTION     0.04     0.69    30.07     0  14:08        0.69
  J03260159            JUNCTION     0.04     0.69    30.10     0  14:08        0.69
  J03260160            JUNCTION     0.01     0.08    30.10     0  14:08        0.08
  J03260161            JUNCTION     0.04     0.68    30.11     0  14:08        0.68
  J03260162            JUNCTION     0.04     0.79    30.18     0  14:12        0.79
  J03260164            JUNCTION     0.17     1.00    30.24     0  14:12        1.00
  J03260166            JUNCTION     0.14     1.02    30.30     0  14:08        1.02
  J03260167            JUNCTION     0.10     0.84    30.31     0  14:17        0.83
  J03260170            JUNCTION     0.05     0.98    30.37     0  14:12        0.97
  J03260172            JUNCTION     0.05     1.08    30.61     0  14:02        1.07
  J03260401            JUNCTION     0.03     0.12    31.21     0  14:14        0.11
  J03260403            JUNCTION     0.02     0.16    31.23     0  14:14        0.15
  J03260404            JUNCTION     0.01     0.12    31.32     0  14:12        0.12
  J03260405            JUNCTION     0.01     0.11    31.48     0  14:12        0.11
  J03260406            JUNCTION     0.00     0.00    32.36     0  00:00        0.00
  J03260407            JUNCTION     0.03     0.13    31.74     0  14:13        0.13
  J03260408            JUNCTION     0.04     0.17    31.78     0  14:11        0.16
  J03260409            JUNCTION     0.00     0.00    32.57     0  00:00        0.00
  J03260410            JUNCTION     0.01     0.13    31.84     0  14:11        0.13
  J03260411            JUNCTION     0.00     0.00    32.75     0  00:00        0.00
  J03260412            JUNCTION     0.01     0.11    32.00     0  14:10        0.10
  J03260413            JUNCTION     0.00     0.00    32.79     0  00:00        0.00
  J03260414            JUNCTION     0.01     0.15    32.11     0  14:10        0.15
  J03260415            JUNCTION     0.00     0.00    32.79     0  00:00        0.00
  J03260416            JUNCTION     0.01     0.09    32.14     0  14:10        0.09
  J03260417            JUNCTION     0.01     0.09    32.17     0  14:10        0.09
  J03260418            JUNCTION     0.03     0.13    32.32     0  14:09        0.13
  J03260419            JUNCTION     0.00     0.00    32.19     0  00:00        0.00
  J03260421            JUNCTION     0.01     0.12    32.48     0  14:09        0.11
  J03260422            JUNCTION     0.10     0.27    32.52     0  14:09        0.26
  J03260424            JUNCTION     0.03     0.23    32.54     0  14:08        0.22
  J03260425            JUNCTION     0.02     0.20    32.58     0  14:07        0.19
  J03260426            JUNCTION     0.06     0.50    32.90     0  14:07        0.50
  J03260427            JUNCTION     0.05     0.44    32.92     0  14:07        0.44
  J03260429            JUNCTION     0.58     1.11    33.00     0  14:12        1.10
  J03260532            JUNCTION     0.00     0.00    32.43     0  00:00        0.00
  J03260533            JUNCTION     0.00     0.00    32.44     0  00:00        0.00
  J03260534            JUNCTION     0.00     0.00    33.13     0  00:00        0.00
  J03260536            JUNCTION     0.06     0.20    32.47     0  14:47        0.19
  J03260538            JUNCTION     0.05     0.17    32.36     0  14:47        0.17
  J03260539            JUNCTION     0.00     0.00    32.59     0  00:00        0.00
  J03260541            JUNCTION     0.05     0.15    32.31     0  14:53        0.15
  J03260542            JUNCTION     0.13     0.26    32.21     0  14:47        0.26
  J03260544            JUNCTION     0.00     0.00    32.47     0  00:00        0.00
  J03260546            JUNCTION     0.08     0.18    32.17     0  14:47        0.17
  J03260547            JUNCTION     0.00     0.00    32.99     0  00:00        0.00
  J03260548            JUNCTION     0.05     0.16    31.93     0  14:48        0.15
  J03260550            JUNCTION     0.00     0.00    32.05     0  00:00        0.00
  J03260551            JUNCTION     0.05     0.16    31.75     0  14:48        0.15
  J03260555            JUNCTION     0.00     0.00    32.86     0  00:00        0.00
  J03260558            JUNCTION     0.62     0.76    31.69     0  14:48        0.75
  J03260559            JUNCTION     1.03     1.18    31.69     0  14:48        1.17
  J03260560            JUNCTION     0.45     0.59    31.69     0  14:48        0.58
  J03260561            JUNCTION     0.11     0.25    31.64     0  14:48        0.24
  J03260562            JUNCTION     0.00     0.00    32.23     0  00:00        0.00
  J03260564            JUNCTION     0.13     0.24    31.61     0  14:49        0.23
  J03260566            JUNCTION     0.05     0.18    31.46     0  14:49        0.18
  J03260567            JUNCTION     0.00     0.00    32.46     0  00:00        0.00
  J03260568            JUNCTION     0.07     0.20    31.37     0  14:49        0.19
  J03260569            JUNCTION     0.00     0.00    32.47     0  00:00        0.00
  J03260571            JUNCTION     0.04     0.17    31.26     0  14:49        0.17
  J03260572            JUNCTION     0.00     0.00    32.44     0  00:00        0.00
  J03260574            JUNCTION     0.25     0.40    31.24     0  14:13        0.40
  J03260575            JUNCTION     0.00     0.00    32.09     0  00:00        0.00
  J03260577            JUNCTION     0.16     0.30    31.23     0  14:13        0.30
  J03260578            JUNCTION     0.00     0.00    31.72     0  00:00        0.00
  J03261001            JUNCTION     0.00     0.00    28.36     0  00:00        0.00
  J03261009            JUNCTION     0.28     0.65    28.71     0  16:17        0.64
  J03261010            JUNCTION     0.00     0.00    29.61     0  00:00        0.00
  J03261011            JUNCTION     0.02     0.32    28.71     0  16:17        0.31
  J03261012            JUNCTION     0.00     0.00    30.00     0  00:00        0.00
  J03261013            JUNCTION     0.00     0.00    29.64     0  00:00        0.00
  J03261014            JUNCTION     0.29     0.67    28.71     0  16:18        0.66
  J03261015            JUNCTION     0.00     0.00    29.41     0  00:00        0.00
  J03262003            JUNCTION     0.00     0.00    28.28     0  00:00        0.00
  J03262004            JUNCTION     0.00     0.00    27.85     0  00:00        0.00
  J03262008            JUNCTION     0.00     0.00    28.22     0  00:00        0.00
  J03262029            JUNCTION     0.00     0.00    30.27     0  00:00        0.00
  J03262030            JUNCTION     0.00     0.00    30.18     0  00:00        0.00
  J03262031            JUNCTION     0.09     1.02    28.69     0  16:22        1.02
  J03262068            JUNCTION     0.00     0.00    28.90     0  00:00        0.00
  J03262069            JUNCTION     0.00     0.00    28.90     0  00:00        0.00
  J03262070            JUNCTION     0.00     0.00    28.93     0  00:00        0.00
  J03262073            JUNCTION     0.00     0.00    29.91     0  00:00        0.00
  J03262074            JUNCTION     0.00     0.00    29.72     0  00:00        0.00
  J03262075            JUNCTION     0.00     0.00    29.91     0  00:00        0.00
  J03262076            JUNCTION     0.00     0.00    29.80     0  00:00        0.00
  J03262078            JUNCTION     0.00     0.00    29.17     0  00:00        0.00
  J03262079            JUNCTION     0.00     0.00    30.51     0  00:00        0.00
  J03262080            JUNCTION     0.00     0.00    30.57     0  00:00        0.00
  J03262083            JUNCTION     0.00     0.00    29.98     0  00:00        0.00
  J03262093            JUNCTION     0.00     0.00    30.07     0  00:00        0.00
  J03262094            JUNCTION     0.00     0.00    29.93     0  00:00        0.00
  J03262095            JUNCTION     0.00     0.00    30.49     0  00:00        0.00
  J03262096            JUNCTION     0.00     0.00    29.75     0  00:00        0.00
  J03262097            JUNCTION     0.00     0.00    30.48     0  00:00        0.00
  J03262098            JUNCTION     0.00     0.00    30.45     0  00:00        0.00
  J03262099            JUNCTION     0.00     0.00    29.72     0  00:00        0.00
  J03262100            JUNCTION     0.00     0.00    29.61     0  00:00        0.00
  J03262101            JUNCTION     0.00     0.00    30.16     0  00:00        0.00
  J03262102            JUNCTION     0.00     0.00    29.88     0  00:00        0.00
  J03262106            JUNCTION     0.00     0.00    30.39     0  00:00        0.00
  J03262113            JUNCTION     0.00     0.00    30.12     0  00:00        0.00
  J03262114            JUNCTION     0.00     0.00    29.85     0  00:00        0.00
  J03262119            JUNCTION     0.00     0.00    30.17     0  00:00        0.00
  J03262120            JUNCTION     0.00     0.00    30.17     0  00:00        0.00
  J03262121            JUNCTION     0.00     0.00    30.44     0  00:00        0.00
  J03262126            JUNCTION     0.00     0.00    29.75     0  00:00        0.00
  J03262127            JUNCTION     0.00     0.00    30.41     0  00:00        0.00
  J03262128            JUNCTION     0.00     0.00    29.22     0  00:00        0.00
  J03262795            JUNCTION     0.00     0.00    29.71     0  00:00        0.00
  J03263001            JUNCTION     0.00     0.00    29.41     0  00:00        0.00
  J03263002            JUNCTION     0.00     0.00    29.55     0  00:00        0.00
  J03263004            JUNCTION     0.00     0.00    28.71     0  00:00        0.00
  J03263005            JUNCTION     0.00     0.00    29.36     0  00:00        0.00
  J03263007            JUNCTION     0.00     0.00    29.45     0  00:00        0.00
  J03263010            JUNCTION     0.00     0.00    29.52     0  00:00        0.00
  J03263011            JUNCTION     0.00     0.00    29.58     0  00:00        0.00
  J03263012            JUNCTION     0.00     0.00    29.69     0  00:00        0.00
  J03263015            JUNCTION     0.00     0.00    29.57     0  00:00        0.00
  J03263016            JUNCTION     0.00     0.19    28.71     0  16:17        0.18
  J03263017            JUNCTION     0.00     0.00    29.44     0  00:00        0.00
  J03263018            JUNCTION     0.00     0.00    29.71     0  00:00        0.00
  J03263024            JUNCTION     0.00     0.00    29.86     0  00:00        0.00
  J03263039            JUNCTION     0.58     1.22    29.85     0  14:54        1.20
  J03263049            JUNCTION     0.00     0.00    29.63     0  00:00        0.00
  J03263052            JUNCTION     0.62     1.27    29.85     0  14:54        1.25
  J03263053            JUNCTION     0.00     0.00    29.58     0  00:00        0.00
  J03263054            JUNCTION     0.00     0.00    29.70     0  00:00        0.00
  J03263057            JUNCTION     0.00     0.00    29.98     0  00:00        0.00
  J03263058            JUNCTION     0.54     1.17    29.84     0  14:51        1.16
  J03263061            JUNCTION     0.00     0.00    29.79     0  00:00        0.00
  J03263063            JUNCTION     0.00     0.00    29.69     0  00:00        0.00
  J03263075            JUNCTION     0.26     0.83    29.84     0  14:51        0.82
  J03263078            JUNCTION     0.01     0.13    29.84     0  14:51        0.12
  J03263079            JUNCTION     0.00     0.00    29.91     0  00:00        0.00
  J03263080            JUNCTION     0.14     0.69    29.84     0  14:54        0.68
  J03263081            JUNCTION     0.00     0.00    30.61     0  00:00        0.00
  J03263082            JUNCTION     0.00     0.05    29.84     0  14:54        0.04
  J03264861            JUNCTION     0.00     0.00    34.00     0  00:00        0.00
  J03264862            JUNCTION     0.00     0.00    34.07     0  00:00        0.00
  J03264872            JUNCTION     0.00     0.00    33.05     0  00:00        0.00
  J03264875            JUNCTION     0.00     0.00    33.44     0  00:00        0.00
  J03264876            JUNCTION     0.00     0.00    32.95     0  00:00        0.00
  J03264882            JUNCTION     0.00     0.00    32.69     0  00:00        0.00
  J03264883            JUNCTION     0.00     0.00    32.73     0  00:00        0.00
  J03264891            JUNCTION     0.00     0.00    32.29     0  00:00        0.00
  J03264892            JUNCTION     0.05     0.06    32.09     2  16:52        0.06
  J03264894            JUNCTION     0.00     0.01    32.32     0  15:26        0.01
  J03264900            JUNCTION     0.00     0.00    30.60     0  00:00        0.00
  J03264960            JUNCTION     0.08     0.54    29.84     0  14:51        0.54
  J03264964            JUNCTION     0.03     0.49    29.85     0  14:49        0.49
  J03265000            JUNCTION     0.00     0.00    32.37     0  00:00        0.00
  J03265001            JUNCTION     0.00     0.00    32.31     0  00:00        0.00
  J03266226            JUNCTION     0.00     0.00    30.05     0  00:00        0.00
  J03266227            JUNCTION     0.00     0.00    30.25     0  00:00        0.00
  J03266669            JUNCTION     0.06     0.35    29.84     0  14:51        0.35
  J03266670            JUNCTION     0.03     0.41    29.85     0  14:49        0.41
  J03266695            JUNCTION     0.00     0.00    31.54     0  00:00        0.00
  J03266696            JUNCTION     0.00     0.00    32.05     0  00:00        0.00
  J03266698            JUNCTION     0.00     0.00    32.53     0  00:00        0.00
  J03266706            JUNCTION     0.00     0.00    32.41     0  00:00        0.00
  J03266707            JUNCTION     0.04     0.08    32.51     0  15:26        0.08
  J03351040            JUNCTION     0.00     0.00    33.54     0  00:00        0.00
  J03351041            JUNCTION     0.00     0.00    34.27     0  00:00        0.00
  J03351042            JUNCTION     0.00     0.00    33.54     0  00:00        0.00
  J03351044            JUNCTION     0.00     0.00    33.35     0  00:00        0.00
  J03351046            JUNCTION     0.00     0.00    33.32     0  00:00        0.00
  J03351047            JUNCTION     0.00     0.00    34.03     0  00:00        0.00
  J03351048            JUNCTION     0.00     0.00    34.09     0  00:00        0.00
  J03351049            JUNCTION     0.00     0.00    33.25     0  00:00        0.00
  J03351051            JUNCTION     0.00     0.00    33.15     0  00:00        0.00
  J03351053            JUNCTION     0.00     0.00    33.63     0  00:00        0.00
  J03351056            JUNCTION     0.00     0.00    32.95     0  00:00        0.00
  J03351058            JUNCTION     0.00     0.00    33.02     0  00:00        0.00
  J03351067            JUNCTION     0.00     0.00    33.01     0  00:00        0.00
  J03351068            JUNCTION     0.00     0.00    32.94     0  00:00        0.00
  J03351070            JUNCTION     0.00     0.00    33.38     0  00:00        0.00
  J03351071            JUNCTION     0.00     0.00    33.56     0  00:00        0.00
  J03351072            JUNCTION     0.00     0.00    32.82     0  00:00        0.00
  J03351075            JUNCTION     0.00     0.00    32.70     0  00:00        0.00
  J03351076            JUNCTION     0.00     0.00    32.54     0  00:00        0.00
  J03351078            JUNCTION     0.00     0.00    32.71     0  00:00        0.00
  J03351080            JUNCTION     0.00     0.00    32.64     0  00:00        0.00
  J03351083            JUNCTION     0.00     0.00    32.67     0  00:00        0.00
  J03351085            JUNCTION     0.00     0.00    33.05     0  00:00        0.00
  J03351086            JUNCTION     0.00     0.00    33.08     0  00:00        0.00
  J03351087            JUNCTION     0.00     0.00    32.55     0  00:00        0.00
  J03351089            JUNCTION     0.00     0.00    32.43     0  00:00        0.00
  J03351092            JUNCTION     0.51     0.64    32.09     2  16:52        0.64
  J03351093            JUNCTION     0.00     0.00    32.10     0  00:00        0.00
  J03351094            JUNCTION     0.00     0.02    32.29     0  15:27        0.02
  J03351095            JUNCTION     0.00     0.00    32.91     0  00:00        0.00
  J03351097            JUNCTION     0.06     0.09    32.33     0  15:26        0.09
  J03352001            JUNCTION     0.06     0.14    32.59     0  15:24        0.13
  J03352003            JUNCTION     0.15     0.23    32.63     0  15:24        0.23
  J03352004            JUNCTION     0.10     0.19    32.64     0  15:23        0.19
  J03352005            JUNCTION     0.15     0.24    32.64     0  15:23        0.24
  J03352007            JUNCTION     0.07     0.16    32.65     0  15:23        0.16
  J03352009            JUNCTION     0.05     0.12    32.73     0  15:22        0.12
  J03352010            JUNCTION     0.00     0.00    33.32     0  00:00        0.00
  J03352011            JUNCTION     0.09     0.18    32.80     0  15:21        0.18
  J03352013            JUNCTION     0.00     0.00    33.43     0  00:00        0.00
  J03352014            JUNCTION     0.08     0.15    32.86     0  15:21        0.15
  J03352015            JUNCTION     0.00     0.00    33.50     0  00:00        0.00
  J03352016            JUNCTION     0.07     0.13    32.94     0  15:21        0.13
  J03352017            JUNCTION     0.15     0.23    32.97     0  15:20        0.23
  J03352018            JUNCTION     0.00     0.00    33.54     0  00:00        0.00
  J03352026            JUNCTION     0.06     0.14    33.10     0  15:20        0.14
  J03352027            JUNCTION     0.00     0.00    33.70     0  00:00        0.00
  J03352028            JUNCTION     0.08     0.18    33.13     0  15:19        0.18
  J03352029            JUNCTION     0.05     0.12    33.15     0  15:19        0.12
  J03352030            JUNCTION     0.00     0.00    33.82     0  00:00        0.00
  J03352031            JUNCTION     0.09     0.16    33.24     0  15:18        0.16
  J03352032            JUNCTION     0.00     0.00    33.89     0  00:00        0.00
  J03352033            JUNCTION     0.09     0.17    33.27     0  15:18        0.17
  J03352034            JUNCTION     0.00     0.00    33.97     0  00:00        0.00
  J03352035            JUNCTION     0.04     0.11    33.39     0  15:17        0.11
  J03352036            JUNCTION     0.00     0.00    33.91     0  00:00        0.00
  J03352037            JUNCTION     0.11     0.19    33.42     0  15:17        0.19
  J03352038            JUNCTION     0.00     0.00    34.03     0  00:00        0.00
  J03352039            JUNCTION     0.00     0.00    33.68     0  00:00        0.00
  J03352041            JUNCTION     0.06     0.12    33.51     0  15:17        0.12
  J03352042            JUNCTION     0.00     0.00    34.30     0  00:00        0.00
  J03352043            JUNCTION     0.04     0.10    33.66     0  15:16        0.10
  J03352045            JUNCTION     0.02     0.09    33.62     0  15:17        0.09
  J03352046            JUNCTION     0.00     0.00    34.22     0  00:00        0.00
  J03352144            JUNCTION     0.03     0.10    33.45     0  15:17        0.10
  J03355147            JUNCTION     0.00     0.00    33.36     0  00:00        0.00
  J03380002            JUNCTION     0.15     0.39    29.48     0  14:00        0.39
  J03380007            JUNCTION     0.15     0.42    29.52     0  14:00        0.42
  J03380010            JUNCTION     0.22     0.52    29.55     0  14:00        0.52
  J03380014            JUNCTION     0.19     0.52    29.58     0  14:00        0.52
  J03380016            JUNCTION     0.09     0.45    29.61     0  14:00        0.45
  J03380018            JUNCTION     0.00     0.00    30.22     0  00:00        0.00
  J03380025            JUNCTION     0.16     0.54    29.63     0  13:59        0.54
  J03380029            JUNCTION     0.17     0.57    29.66     0  13:59        0.57
  J03380032            JUNCTION     0.09     0.51    29.68     0  13:59        0.51
  J03380033            JUNCTION     0.00     0.00    30.41     0  00:00        0.00
  J03380034            JUNCTION     0.00     0.00    30.51     0  00:00        0.00
  J03380037            JUNCTION     0.08     1.21    31.52     0  13:43        1.17
  J03380040            JUNCTION     0.03     0.32    29.75     0  13:59        0.32
  J03380042            JUNCTION     0.06     0.37    29.78     0  13:58        0.37
  J03380046            JUNCTION     0.00     0.00    30.13     0  00:00        0.00
  J03380047            JUNCTION     0.03     0.34    29.81     0  13:58        0.34
  J03380053            JUNCTION     0.06     0.37    29.83     0  13:58        0.37
  J03380055            JUNCTION     0.00     0.00    30.26     0  00:00        0.00
  J03380056            JUNCTION     0.33     0.65    29.84     0  13:59        0.65
  J03380057            JUNCTION     0.21     0.53    29.84     0  13:57        0.53
  J03380058            JUNCTION     0.02     0.13    30.24     0  14:13        0.12
  J03380060            JUNCTION     0.06     0.32    30.50     0  14:10        0.32
  J03380065            JUNCTION     0.12     0.45    30.57     0  14:19        0.45
  J03380071            JUNCTION     0.07     0.42    30.60     0  14:10        0.41
  J03380073            JUNCTION     0.15     0.53    30.62     0  14:12        0.53
  J03380075            JUNCTION     0.06     0.42    30.64     0  14:12        0.42
  J03380076            JUNCTION     0.06     0.41    30.64     0  14:12        0.41
  J03380077            JUNCTION     0.10     0.45    30.64     0  14:09        0.45
  J03380079            JUNCTION     0.20     0.58    30.66     0  14:09        0.58
  J03380081            JUNCTION     0.14     0.54    30.68     0  14:11        0.53
  J03380083            JUNCTION     0.06     0.46    30.70     0  14:11        0.45
  J03380085            JUNCTION     0.07     0.42    30.72     0  14:11        0.42
  J03380088            JUNCTION     0.71     1.10    30.73     0  14:11        1.10
  J03380089            JUNCTION     0.15     0.50    30.79     0  14:03        0.48
  J03380092            JUNCTION     0.20     0.60    30.83     0  14:03        0.58
  J03380095            JUNCTION     0.06     0.47    30.86     0  14:03        0.46
  J03380096            JUNCTION     0.25     0.72    30.90     0  14:05        0.70
  J03380098            JUNCTION     0.09     0.58    30.94     0  14:02        0.56
  J03380100            JUNCTION     0.08     0.55    30.98     0  14:02        0.53
  J03380102            JUNCTION     0.07     0.56    31.01     0  14:02        0.54
  J03380104            JUNCTION     0.10     0.55    31.05     0  14:02        0.54
  J03380106            JUNCTION     0.16     0.67    31.10     0  14:02        0.65
  J03380109            JUNCTION     0.04     0.53    31.12     0  14:02        0.51
  J03380113            JUNCTION     0.04     0.51    31.14     0  14:02        0.49
  J03380117            JUNCTION     0.04     0.50    31.16     0  14:02        0.48
  J03380120            JUNCTION     0.51     1.15    31.28     0  14:17        1.04
  J03380124            JUNCTION     0.07     0.43    31.23     0  14:01        0.41
  J03380127            JUNCTION     0.09     0.49    31.28     0  14:01        0.47
  J03380129            JUNCTION     0.08     0.48    31.28     0  14:01        0.46
  J03380131            JUNCTION     0.06     0.48    31.32     0  14:01        0.45
  J03380136            JUNCTION     0.03     0.41    31.39     0  14:01        0.40
  J03380137            JUNCTION     0.04     0.43    31.43     0  14:01        0.42
  J03380142            JUNCTION     0.06     0.46    31.46     0  14:01        0.44
  J03380145            JUNCTION     0.06     0.45    31.53     0  14:00        0.42
  J03380148            JUNCTION     0.04     0.44    31.59     0  14:00        0.42
  J03380152            JUNCTION     0.03     0.39    31.67     0  14:00        0.37
  J03380155            JUNCTION     0.03     0.33    31.79     0  14:00        0.31
  J03380159            JUNCTION     0.03     0.29    31.98     0  14:00        0.29
  J03380162            JUNCTION     0.04     0.31    32.19     0  14:00        0.31
  J03380165            JUNCTION     0.07     0.37    32.22     0  14:02        0.36
  J03380166            JUNCTION     0.04     0.33    32.36     0  14:07        0.31
  J03380170            JUNCTION     0.09     0.45    32.43     0  14:07        0.43
  J03380173            JUNCTION     0.02     0.27    32.66     0  14:08        0.26
  J03380175            JUNCTION     0.03     0.03    31.95     0  00:10        0.03
  J03380177            JUNCTION     0.02     0.02    31.74     0  02:51        0.02
  J03380178            JUNCTION     0.21     0.21    31.69     0  00:33        0.21
  J03380180            JUNCTION     0.00     0.00    32.07     0  00:00        0.00
  J03380182            JUNCTION     0.02     0.02    31.67     0  01:12        0.02
  J03380184            JUNCTION     0.03     0.03    31.39     0  19:54        0.03
  J03380186            JUNCTION     0.03     0.03    31.24     3  12:16        0.03
  J03380188            JUNCTION     0.03     0.03    31.14     0  01:36        0.03
  J03380190            JUNCTION     0.03     0.03    30.96     0  03:07        0.03
  J03380195            JUNCTION     0.08     0.08    30.89     0  14:52        0.08
  J03380197            JUNCTION     0.02     0.02    30.88     0  12:25        0.02
  J03380198            JUNCTION     0.00     0.00    31.48     0  00:00        0.00
  J03380199            JUNCTION     0.15     0.15    30.75     0  00:31        0.15
  J03380200            JUNCTION     0.00     0.00    31.36     0  00:00        0.00
  J03380201            JUNCTION     0.04     0.04    30.75     0  00:31        0.04
  J03380203            JUNCTION     0.00     0.00    31.75     0  00:00        0.00
  J03380204            JUNCTION     0.00     0.00    31.95     0  00:00        0.00
  J03380206            JUNCTION     0.00     0.00    31.42     0  00:00        0.00
  J03380207            JUNCTION     0.04     0.08    30.74     0  14:08        0.07
  J03380209            JUNCTION     0.12     0.15    30.73     0  14:08        0.15
  J03380210            JUNCTION     0.00     0.00    30.88     0  00:00        0.00
  J03380211            JUNCTION     0.07     0.10    30.73     0  14:07        0.10
  J03380212            JUNCTION     0.00     0.00    30.90     0  00:00        0.00
  J03380213            JUNCTION     0.09     0.14    30.74     0  14:07        0.13
  J03380215            JUNCTION     0.03     0.07    30.73     0  14:07        0.07
  J03380218            JUNCTION     0.09     0.30    30.73     0  14:20        0.30
  J03380219            JUNCTION     0.05     0.33    30.73     0  14:10        0.32
  J03380221            JUNCTION     0.08     0.38    30.73     0  14:10        0.38
  J03380223            JUNCTION     0.48     0.82    30.73     0  14:08        0.82
  J03380224            JUNCTION     0.05     0.40    30.74     0  14:12        0.39
  J03380225            JUNCTION     0.15     0.49    30.73     0  14:08        0.49
  J03380227            JUNCTION     0.18     0.52    30.73     0  14:08        0.52
  J03380228            JUNCTION     0.31     0.65    30.73     0  14:08        0.65
  J03380230            JUNCTION     0.13     0.47    30.73     0  14:11        0.47
  J03380231            JUNCTION     0.00     0.00    30.87     0  00:00        0.00
  J03380232            JUNCTION     0.38     0.74    30.73     0  14:11        0.74
  J03380235            JUNCTION     0.90     1.29    30.73     0  14:11        1.28
  J03380236            JUNCTION     0.15     0.66    30.89     0  14:17        0.49
  J03380237            JUNCTION     0.95     1.49    30.88     0  14:17        1.33
  J03380238            JUNCTION     1.02     1.48    30.80     0  14:17        1.40
  J03380239            JUNCTION     0.17     0.52    30.73     0  14:04        0.52
  J03380240            JUNCTION     0.03     0.33    30.73     0  14:04        0.33
  J03380241            JUNCTION     0.02     0.23    30.73     0  14:04        0.23
  J03380243            JUNCTION     0.25     0.62    30.74     0  14:04        0.61
  J03380245            JUNCTION     0.22     0.60    30.75     0  14:03        0.58
  J03380248            JUNCTION     0.00     0.00    30.80     0  00:00        0.00
  J03380252            JUNCTION     0.00     0.00    30.08     0  00:00        0.00
  J03380254            JUNCTION     0.00     0.00    30.05     0  00:00        0.00
  J03380255            JUNCTION     0.00     0.00    30.99     0  00:00        0.00
  J03380256            JUNCTION     0.00     0.00    30.05     0  00:00        0.00
  J03380258            JUNCTION     0.00     0.00    29.97     0  00:00        0.00
  J03380260            JUNCTION     0.00     0.00    30.00     0  00:00        0.00
  J03380262            JUNCTION     0.00     0.00    29.89     0  00:00        0.00
  J03380264            JUNCTION     0.00     0.00    29.86     0  00:00        0.00
  J03380265            JUNCTION     0.01     0.21    29.84     0  13:58        0.21
  J03380266            JUNCTION     0.32     0.64    29.84     0  14:00        0.64
  J03380267            JUNCTION     0.01     0.16    29.84     0  13:59        0.16
  J03380272            JUNCTION     0.00     0.00    30.30     0  00:00        0.00
  J03380280            JUNCTION     0.00     0.00    29.51     0  00:00        0.00
  J03380281            JUNCTION     0.00     0.00    30.18     0  00:00        0.00
  J03380282            JUNCTION     0.18     0.50    29.84     0  13:57        0.50
  J03380284            JUNCTION     0.01     0.19    29.84     0  13:58        0.19
  J03380286            JUNCTION     0.00     0.00    30.73     0  00:00        0.00
  J03380287            JUNCTION     0.00     0.00    30.05     0  00:00        0.00
  J03380288            JUNCTION     0.00     0.00    30.35     0  00:00        0.00
  J03380289            JUNCTION     0.00     0.00    30.10     0  00:00        0.00
  J03380290            JUNCTION     0.00     0.00    30.27     0  00:00        0.00
  J03380291            JUNCTION     0.00     0.00    30.24     0  00:00        0.00
  J03380292            JUNCTION     0.00     0.00    30.01     0  00:00        0.00
  J03380293            JUNCTION     0.00     0.00    30.16     0  00:00        0.00
  J03380295            JUNCTION     0.00     0.00    30.19     0  00:00        0.00
  J03380299            JUNCTION     0.00     0.00    30.10     0  00:00        0.00
  J03380301            JUNCTION     0.00     0.00    29.72     0  00:00        0.00
  J03380302            JUNCTION     0.00     0.00    29.72     0  00:00        0.00
  J03380305            JUNCTION     0.00     0.00    29.70     0  00:00        0.00
  J03380307            JUNCTION     0.00     0.00    29.67     0  00:00        0.00
  J03380310            JUNCTION     0.00     0.00    29.90     0  00:00        0.00
  J03380316            JUNCTION     0.00     0.00    29.65     0  00:00        0.00
  J03380318            JUNCTION     0.00     0.00    29.81     0  00:00        0.00
  J03380322            JUNCTION     0.00     0.00    29.70     0  00:00        0.00
  J03380323            JUNCTION     0.00     0.00    30.66     0  00:00        0.00
  J03380325            JUNCTION     0.00     0.00    31.08     0  00:00        0.00
  J03380327            JUNCTION     0.00     0.00    29.54     0  00:00        0.00
  J03380328            JUNCTION     0.00     0.00    29.75     0  00:00        0.00
  J03380331            JUNCTION     0.00     0.00    31.06     0  00:00        0.00
  J03380332            JUNCTION     0.00     0.00    29.63     0  00:00        0.00
  J03380335            JUNCTION     0.00     0.00    29.72     0  00:00        0.00
  J03380346            JUNCTION     0.00     0.00    29.57     0  00:00        0.00
  J03380349            JUNCTION     0.00     0.00    29.65     0  00:00        0.00
  J03380352            JUNCTION     0.00     0.00    29.47     0  00:00        0.00
  J03380356            JUNCTION     0.01     0.08    29.31     0  14:01        0.08
  J03388007            JUNCTION     0.65     0.93    29.00     0  14:01        0.93
  J03411012            JUNCTION     0.02     0.37    29.85     0  14:49        0.37
  J03411013            JUNCTION     0.00     0.00    30.51     0  00:00        0.00
  J03411014            JUNCTION     0.18     0.66    29.85     0  14:49        0.66
  J03411015            JUNCTION     0.00     0.00    30.18     0  00:00        0.00
  J03411016            JUNCTION     0.02     0.30    29.84     0  14:51        0.30
  J03411017            JUNCTION     0.00     0.00    30.23     0  00:00        0.00
  J03411018            JUNCTION     0.01     0.32    29.83     0  14:53        0.32
  J03411019            JUNCTION     0.00     0.00    30.31     0  00:00        0.00
  J03411020            JUNCTION     0.22     1.01    29.83     0  14:53        1.01
  J03411021            JUNCTION     0.00     0.21    29.83     0  14:54        0.21
  J03411079            JUNCTION     0.15     0.69    29.83     0  14:54        0.69
  J03411081            JUNCTION     0.03     0.71    29.83     0  14:53        0.71
  J03411083            JUNCTION     0.28     0.76    29.85     0  14:49        0.76
  J03464880            JUNCTION     0.04     0.17    31.21     0  14:14        0.16
  J06103061            JUNCTION     0.12     0.65    29.83     0  14:54        0.65
  J06103062            JUNCTION     0.08     0.27    29.83     0  14:54        0.27
  PLANT_BUFFER         STORAGE      0.38     3.16    28.69     0  16:21        3.16
  J03235088            STORAGE      0.13     2.01    36.03     0  14:08        2.01
  J03262001            STORAGE      0.07     1.12    28.69     0  16:21        1.12
  J03260431            STORAGE      0.11     1.83    35.66     0  14:07        1.82
  J03260174            STORAGE      0.08     1.31    30.61     0  14:02        1.30
  J03260171            STORAGE      0.08     1.27    30.47     0  14:08        1.27
  J03235080            STORAGE      0.07     0.93    34.91     0  14:46        0.92
  J03190114            STORAGE      0.00     0.00    30.34     0  00:00        0.00
  J03193130            STORAGE      0.03     0.57    30.74     0  14:00        0.57
  J03193142            STORAGE      0.02     0.54    30.68     0  14:05        0.53
  J03235075            STORAGE      0.01     0.20    33.79     0  15:15        0.20
  J03411080            STORAGE      0.08     1.17    29.83     0  14:53        1.17
  J03191983            STORAGE      0.05     0.54    29.55     0  14:22        0.54
  J03260010            OUTFALL      0.00     0.00    25.53     0  00:00        0.00
  
  
  *******************
  Node Inflow Summary
  *******************
  
  -------------------------------------------------------------------------------------------------
                                  Maximum  Maximum                  Lateral       Total        Flow
                                  Lateral    Total  Time of Max      Inflow      Inflow     Balance
                                   Inflow   Inflow   Occurrence      Volume      Volume       Error
  Node                 Type           LPS      LPS  days hr:min    10^6 ltr    10^6 ltr     Percent
  -------------------------------------------------------------------------------------------------
  G03160065            JUNCTION      0.00   508.12     0  13:57           0        3.95       0.001
  G03160066            JUNCTION    508.06   508.06     0  14:00        3.95        3.95       0.001
  G03160068            JUNCTION      0.00     0.00     0  00:00           0           0       0.000 ltr
  G03160069            JUNCTION      0.00     0.00     0  00:00           0           0       0.000 ltr
  G03160070            JUNCTION      0.00   506.20     0  13:48           0        3.95       0.150
  G03160073            JUNCTION      0.00   504.86     0  13:57           0        3.95       0.046
  J03010003            JUNCTION      0.00  1265.64     0  14:02           0        11.2      -0.012
  J03160546            JUNCTION      0.00     0.00     0  00:00           0           0       0.000 ltr
  J03160705            JUNCTION      0.00     0.00     0  00:00           0           0       0.000 ltr
  J03165846            JUNCTION      0.00     0.00     0  00:00           0           0       0.000 ltr
  J03166590            JUNCTION      0.00     0.00     0  00:00           0           0       0.000 ltr
  J03166604            JUNCTION      0.00  1257.64     0  13:59           0        11.2       0.003
  J03166622            JUNCTION      0.00     0.00     0  00:00           0           0       0.000 ltr
  J03166623            JUNCTION      0.00     0.00     0  00:00           0           0       0.000 ltr
  J03176807            JUNCTION      0.00   471.00     0  14:07           0        4.74       0.014
  J03176811            JUNCTION      0.00     9.88     0  15:24           0       0.173       0.035
  J03176902            JUNCTION      0.00     9.87     0  15:27           0       0.172       0.014
  J03180001            JUNCTION      0.00     0.65     0  12:58           0     0.00392       2.265
  J03180002            JUNCTION      0.00     0.00     0  00:00           0           0       0.000 ltr
  J03180003            JUNCTION      0.00    10.80     0  15:20           0       0.176      -0.022
  J03180004            JUNCTION      0.00     0.14     0  13:16           0    0.000161       0.212
  J03180005            JUNCTION      0.00     0.00     0  00:00           0           0       0.000 ltr
  J03180006            JUNCTION      0.00     9.87     0  15:27           0       0.172       0.062
  J03180007            JUNCTION      0.00     0.00     0  00:00           0           0       0.000 ltr
  J03180008            JUNCTION      0.00     9.87     0  15:27           0       0.172      -0.001
  J03180009            JUNCTION      0.00     0.00     0  00:00           0           0       0.000 ltr
  J03180010            JUNCTION      0.00     9.87     0  15:27           0       0.172       0.020
  J03180011            JUNCTION      0.00     0.00     0  00:00           0           0       0.000 ltr
  J03180015            JUNCTION      0.00     9.87     0  15:27           0       0.172       0.006
  J03180019            JUNCTION      0.00     9.87     0  15:27           0       0.172       0.028
  J03180020            JUNCTION      0.00     9.87     0  15:26           0       0.172       0.022
  J03180022            JUNCTION      0.00     9.87     0  15:26           0       0.172       0.018
  J03180025            JUNCTION      0.00     9.87     0  15:26           0       0.172       0.006
  J03180026            JUNCTION      0.00     9.87     0  15:26           0       0.172       0.196
  J03180030            JUNCTION      0.00     9.87     0  15:25           0       0.172       0.072
  J03180031            JUNCTION      0.00     0.00     0  00:00           0           0       0.000 ltr
  J03180032            JUNCTION      0.00     0.00     0  00:00           0           0       0.000 ltr
  J03180034            JUNCTION      0.00     9.87     0  15:25           0       0.173       0.101
  J03180037            JUNCTION      0.00     0.00     0  00:00           0           0       0.000 ltr
  J03180039            JUNCTION      0.00     9.88     0  15:25           0       0.173       0.058
  J03180043            JUNCTION      0.00     9.88     0  15:24           0       0.173       0.014
  J03180046            JUNCTION      0.00     9.88     0  15:24           0       0.173       0.070
  J03180049            JUNCTION      0.00     9.88     0  15:23           0       0.173       0.039
  J03180052            JUNCTION      0.00     9.88     0  15:23           0       0.173       0.014
  J03180056            JUNCTION      0.00     9.88     0  15:22           0       0.173       0.143
  J03180060            JUNCTION      0.00     9.88     0  15:22           0       0.173       0.114
  J03180062            JUNCTION      0.00     0.00     0  00:00           0           0       0.000 ltr
  J03180063            JUNCTION      0.00     9.88     0  15:22           0       0.173       0.040
  J03180074            JUNCTION      0.00     9.88     0  15:21           0       0.174       0.178
  J03180075            JUNCTION      0.00     0.00     0  00:00           0           0       0.000 ltr
  J03180077            JUNCTION      0.00     0.00     0  00:00           0           0       0.000 ltr
  J03180079            JUNCTION      0.00     0.00     0  00:00           0           0       0.000 ltr
  J03180080            JUNCTION      0.00     9.88     0  15:20           0       0.174       0.135
  J03180081            JUNCTION      0.00     0.00     0  00:00           0           0       0.000 ltr
  J03180082            JUNCTION      0.00     0.00     0  00:00           0           0       0.000 ltr
  J03180083            JUNCTION      0.00     9.88     0  15:19           0       0.174       0.024
  J03180084            JUNCTION      0.00     0.00     0  00:00           0           0       0.000 ltr
  J03180086            JUNCTION      0.00     0.00     0  00:00           0           0       0.000 ltr
  J03180087            JUNCTION      0.00     9.88     0  15:19           0       0.174       0.051
  J03180088            JUNCTION      0.00     0.00     0  00:00           0           0       0.000 ltr
  J03180090            JUNCTION      0.00     0.00     0  00:00           0           0       0.000 ltr
  J03180092            JUNCTION      0.00     9.88     0  15:18           0       0.174       0.055
  J03180093            JUNCTION      0.00     0.00     0  00:00           0           0       0.000 ltr
  J03180094            JUNCTION      0.00     0.00     0  00:00           0           0       0.000 ltr
  J03180097            JUNCTION      0.00     0.00     0  00:00           0           0       0.000 ltr
  J03180098            JUNCTION      0.00     0.00     0  00:00           0           0       0.000 ltr
  J03180100            JUNCTION      0.00     9.88     0  15:18           0       0.174       0.019
  J03180102            JUNCTION      0.00     0.00     0  00:00           0           0       0.000 ltr
  J03180103            JUNCTION      0.00     0.00     0  00:00           0           0       0.000 ltr
  J03180105            JUNCTION      0.00     9.89     0  15:18           0       0.174       0.013
  J03180106            JUNCTION      0.00     0.00     0  00:00           0           0       0.000 ltr
  J03180107            JUNCTION      0.00     0.00     0  00:00           0           0       0.000 ltr
  J03180109            JUNCTION      0.00     9.89     0  15:18           0       0.174       0.020
  J03180111            JUNCTION      0.00     9.89     0  15:18           0       0.174       0.018
  J03180113            JUNCTION      0.00     0.00     0  00:00           0           0       0.000 ltr
  J03180114            JUNCTION      0.00     9.89     0  15:17           0       0.175       0.012
  J03180116            JUNCTION      0.00     9.89     0  15:17           0       0.175       0.014
  J03180118            JUNCTION      0.00     9.89     0  15:17           0       0.174       0.094
  J03180119            JUNCTION      0.00     0.00     0  00:00           0           0       0.000 ltr
  J03180120            JUNCTION      0.00     0.00     0  00:00           0           0       0.000 ltr
  J03180124            JUNCTION      0.00     9.89     0  15:17           0       0.175       0.018
  J03189802            JUNCTION      0.00    33.08     0  15:24           0        1.85       0.007
  J03189803            JUNCTION      0.00    33.08     0  15:23           0        1.86       0.169
  J03189833            JUNCTION      0.00     0.00     0  00:00           0           0       0.000 ltr
  J03189834            JUNCTION      0.00     0.00     0  00:00           0           0       0.000 ltr
  J03189835            JUNCTION      0.00    33.11     0  15:18           0        1.87       0.010
  J03189836            JUNCTION      0.00     0.00     0  00:00           0           0       0.000 ltr
  J03189837            JUNCTION      0.00     0.00     0  00:00           0           0       0.000 ltr
  J03189838            JUNCTION      0.00    33.11     0  15:17           0        1.87       0.009
  J03189839            JUNCTION      0.00     0.00     0  00:00           0           0       0.000 ltr
  J03189840            JUNCTION      0.00     0.00     0  00:00           0           0       0.000 ltr
  J03189841            JUNCTION      0.00     0.00     0  00:00           0           0       0.000 ltr
  J03189842            JUNCTION      0.00    33.11     0  15:17           0        1.87       0.022
  J03189843            JUNCTION      0.00     0.00     0  00:00           0           0       0.000 ltr
  J03189844            JUNCTION      0.00     0.00     0  00:00           0           0       0.000 ltr
  J03189845            JUNCTION      0.00     0.00     0  00:00           0           0       0.000 ltr
  J03189846            JUNCTION      0.00     0.00     0  00:00           0           0       0.000 ltr
  J03189847            JUNCTION      0.00     0.00     0  00:00           0           0       0.000 ltr
  J03189848            JUNCTION      0.00     0.00     0  00:00           0           0       0.000 ltr
  J03190001            JUNCTION      0.00   132.83     0  14:34           0        2.33       0.016
  J03190002            JUNCTION      0.00     0.00     0  00:00           0           0       0.000 ltr
  J03190004            JUNCTION      0.00     0.00     0  00:00           0           0       0.000 ltr
  J03190007            JUNCTION      0.00     0.00     0  00:00           0           0       0.000 ltr
  J03190008            JUNCTION      0.00   132.33     0  14:25           0        2.34       0.015
  J03190010            JUNCTION      0.00   134.20     0  14:24           0        2.34       0.013
  J03190012            JUNCTION      0.00     0.00     0  00:00           0           0       0.000 ltr
  J03190013            JUNCTION      0.00     0.00     0  00:00           0           0       0.000 ltr
  J03190014            JUNCTION      0.00   134.68     0  14:24           0        2.35       0.019
  J03190015            JUNCTION      0.00     0.00     0  00:00           0           0       0.000 ltr
  J03190022            JUNCTION      0.00     0.00     0  00:00           0           0       0.000 ltr
  J03190025            JUNCTION      0.00   139.59     0  14:15           0        4.67       0.012
  J03190026            JUNCTION      0.00     0.00     0  00:00           0           0       0.000 ltr
  J03190027            JUNCTION      0.00     0.00     0  00:00           0           0       0.000 ltr
  J03190028            JUNCTION      0.00    94.62     0  13:42           0        3.87       0.038
  J03190029            JUNCTION      0.00     0.00     0  00:00           0           0       0.000 ltr
  J03190030            JUNCTION      0.00     0.00     0  00:00           0           0       0.000 ltr
  J03190031            JUNCTION      0.00    90.40     0  13:43           0        3.87       0.054
  J03190032            JUNCTION      0.00     0.00     0  00:00           0           0       0.000 ltr
  J03190034            JUNCTION      0.00    86.66     0  13:42           0        3.87       0.069
  J03190039            JUNCTION      0.00    83.97     0  13:42           0        3.87       0.117
  J03190042            JUNCTION      0.00    79.17     0  13:24           0        3.86       0.166
  J03190044            JUNCTION      0.00     0.00     0  00:00           0           0       0.000 ltr
  J03190045            JUNCTION      0.00    74.83     0  13:24           0        3.86       0.209
  J03190048            JUNCTION      0.00    70.09     0  13:24           0        3.85       0.253
  J03190051            JUNCTION      0.00    65.83     0  13:25           0        3.84       0.300
  J03190055            JUNCTION      0.00    63.01     0  16:21           0        3.83       0.235
  J03190059            JUNCTION      0.00    64.63     0  16:21           0        3.82       0.123
  J03190061            JUNCTION      0.00    66.64     0  16:21           0        3.81       0.393
  J03190064            JUNCTION      0.00    69.21     0  16:21           0         3.8       0.625
  J03190067            JUNCTION      0.00    71.26     0  16:21           0        3.77       0.593
  J03190070            JUNCTION      0.00    72.58     0  16:21           0        3.75       0.517
  J03190078            JUNCTION      0.00   117.87     0  15:09           0        4.66       0.508
  J03190083            JUNCTION      0.00   117.94     0  15:09           0        4.63       0.198
  J03190084            JUNCTION      0.00   117.81     0  15:09           0        4.62       0.225
  J03190085            JUNCTION      0.00     0.00     0  00:00           0           0       0.000 ltr
  J03190088            JUNCTION      0.00   117.65     0  15:09           0        4.66       0.674
  J03190089            JUNCTION      0.00     0.00     0  00:00           0           0       0.000 ltr
  J03190091            JUNCTION      0.00    24.72     0  12:44           0       0.265      15.496
  J03190092            JUNCTION      0.00     0.00     0  00:00           0           0       0.000 ltr
  J03190094            JUNCTION      0.00    17.30     0  12:44           0       0.184      17.798
  J03190096            JUNCTION      0.00     1.87     0  14:01           0     0.00208       0.012
  J03190102            JUNCTION      0.00    13.44     0  12:44           0       0.136      25.382
  J03190106            JUNCTION      0.00     9.19     0  12:44           0       0.105      40.343
  J03190107            JUNCTION      0.00     5.38     0  12:44           0      0.0704      86.982
  J03190111            JUNCTION      0.00     3.05     0  00:58           0      0.0331    1603.185
  J03190117            JUNCTION      0.00     7.55     0  14:26           0      0.0182       0.264
  J03190120            JUNCTION      0.00    16.31     0  14:27           0      0.0662       0.024
  J03190121            JUNCTION      0.00     0.00     0  00:00           0           0       0.000 ltr
  J03190123            JUNCTION      0.00     0.00     0  00:00           0           0       0.000 ltr
  J03190124            JUNCTION      0.00    26.14     0  14:27           0       0.126       0.002
  J03190128            JUNCTION      0.00    34.62     0  14:28           0       0.184      -0.007
  J03190129            JUNCTION      0.00     0.00     0  00:00           0           0       0.000 ltr
  J03190130            JUNCTION      0.00    43.60     0  14:27           0       0.242       0.023
  J03190133            JUNCTION      0.00     0.00     0  00:00           0           0       0.000 ltr
  J03190134            JUNCTION      0.00    55.98     0  14:28           0       0.357      -0.044
  J03190138            JUNCTION      0.00    61.14     0  12:22           0       0.403       0.016
  J03190142            JUNCTION      0.00  1257.66     0  14:01           0          11       0.699
  J03190145            JUNCTION      0.00  1258.51     0  14:01           0        11.1       0.674
  J03190147            JUNCTION      0.00  1258.11     0  14:01           0        11.1       0.554
  J03190149            JUNCTION      0.00     0.00     0  00:00           0           0       0.000 ltr
  J03190150            JUNCTION      0.00   114.31     0  14:11           0       0.929      -0.016
  J03190155            JUNCTION      0.00     5.43     0  14:17           0      0.0034       3.866
  J03190159            JUNCTION      0.00     0.31     0  07:19           0    0.000974      61.615
  J03190161            JUNCTION      0.00   113.85     0  14:11           0       0.944       0.693
  J03190162            JUNCTION      0.00   113.85     0  14:11           0       0.931       0.040
  J03190164            JUNCTION      0.00   113.85     0  14:11           0       0.936       0.000
  J03190167            JUNCTION      0.00   114.02     0  14:11           0       0.929       0.014
  J03190839            JUNCTION      0.00     0.00     0  00:00           0           0       0.000 ltr
  J03190840            JUNCTION      0.00     0.00     0  00:00           0           0       0.000 ltr
  J03191001            JUNCTION      0.00    26.03     0  12:20           0      0.0149      81.542
  J03191002            JUNCTION      0.00   114.99     0  14:21           0       0.931      -0.035
  J03191003            JUNCTION      0.00     0.00     0  00:00           0           0       0.000 ltr
  J03191004            JUNCTION      0.00     0.00     0  00:00           0           0       0.000 ltr
  J03191005            JUNCTION      0.00     0.00     0  00:00           0           0       0.000 ltr
  J03191007            JUNCTION      0.00   114.86     0  14:23           0       0.929       0.186
  J03191008            JUNCTION      0.00     0.00     0  00:00           0           0       0.000 ltr
  J03191010            JUNCTION      0.00     0.00     0  00:00           0           0       0.000 ltr
  J03191015            JUNCTION      0.00     0.00     0  00:00           0           0       0.000 ltr
  J03191016            JUNCTION      0.00     0.00     0  00:00           0           0       0.000 ltr
  J03191017            JUNCTION      0.00     0.00     0  00:00           0           0       0.000 ltr
  J03191019            JUNCTION      0.00   113.75     0  14:12           0       0.929       0.000
  J03191021            JUNCTION      0.00   114.24     0  14:23           0       0.935      -0.027
  J03191023            JUNCTION      0.00     0.00     0  00:00           0           0       0.000 ltr
  J03191100            JUNCTION      0.00   113.82     0  14:11           0       0.951       0.220
  J03191101            JUNCTION      0.00     0.00     0  00:00           0           0       0.000 ltr
  J03191102            JUNCTION      0.00     0.00     0  00:00           0           0       0.000 ltr
  J03191103            JUNCTION      0.00     6.84     0  13:59           0      0.0132      -0.018
  J03191950            JUNCTION      0.00   114.20     0  14:21           0       0.936       0.448
  J03191951            JUNCTION      0.00     0.00     0  00:00           0           0       0.000 ltr
  J03191952            JUNCTION      0.00     0.00     0  00:00           0           0       0.000 ltr
  J03191956            JUNCTION      0.00   113.92     0  14:11           0       0.929       0.000
  J03192002            JUNCTION      0.00     6.01     0  13:41           0     0.00704       8.395
  J03192077            JUNCTION      0.00     0.00     0  00:00           0           0       0.000 ltr
  J03193034            JUNCTION      0.00     1.96     0  14:08           0     0.00221       0.015
  J03193036            JUNCTION      0.00   145.43     0  14:01           0       0.551       0.010
  J03193037            JUNCTION      0.00   145.45     0  14:01           0       0.551      -0.033
  J03193038            JUNCTION      0.00   145.44     0  14:01           0       0.551       0.002
  J03193045            JUNCTION      0.00   145.43     0  14:01           0       0.551       0.000
  J03193051            JUNCTION      0.00   145.42     0  14:01           0       0.555       0.091
  J03193057            JUNCTION      0.00   145.41     0  14:01           0       0.559       0.072
  J03193062            JUNCTION      0.00   145.41     0  14:01           0       0.559       0.035
  J03193063            JUNCTION      0.00   145.40     0  14:01           0        0.56       0.078
  J03193064            JUNCTION      0.00   145.40     0  14:01           0       0.559       0.015
  J03193078            JUNCTION      0.00   145.39     0  14:01           0       0.559       0.108
  J03193080            JUNCTION      0.00   145.39     0  14:01           0       0.564       0.390
  J03193081            JUNCTION      0.00   145.39     0  14:01           0       0.569       0.379
  J03193083            JUNCTION      0.00   145.33     0  14:01           0       0.563       0.138
  J03193085            JUNCTION      0.00   145.46     0  14:01           0       0.569       0.073
  J03193093            JUNCTION    528.51   528.51     0  14:00        4.13        4.13       0.001
  J03193094            JUNCTION      0.00   528.51     0  14:00           0        4.13       0.021
  J03193097            JUNCTION      0.00   528.54     0  13:57           0        4.13      -0.006
  J03193099            JUNCTION      0.00     3.26     0  12:23           0    0.000441       2.419
  J03193100            JUNCTION      0.00   528.78     0  13:57           0        4.13       0.002
  J03193103            JUNCTION      0.00   528.74     0  13:57           0        4.13       0.004
  J03193104            JUNCTION      0.00   528.57     0  13:57           0        4.13       0.025
  J03193105            JUNCTION      0.00   529.44     0  13:57           0        4.13       0.003
  J03193110            JUNCTION      0.00   528.56     0  13:57           0        4.13       0.003
  J03193113            JUNCTION      0.00   528.52     0  13:57           0        4.13       0.006
  J03193114            JUNCTION      0.00   528.51     0  14:00           0        4.13       0.023
  J03193117            JUNCTION      0.00   528.63     0  13:57           0        4.13       0.030
  J03193121            JUNCTION      0.00   528.59     0  13:57           0        4.13      -0.003
  J03193123            JUNCTION      0.00   145.43     0  14:00           0       0.559       0.005
  J03193126            JUNCTION      0.00   145.50     0  14:00           0       0.559       0.006
  J03193127            JUNCTION      0.00   145.47     0  14:00           0       0.559      -0.002
  J03193128            JUNCTION      0.00   145.51     0  14:00           0       0.559       0.000
  J03193131            JUNCTION      0.00   269.52     0  13:41           0        1.22      -0.000
  J03193137            JUNCTION      0.00   269.48     0  13:41           0        1.22       0.047
  J03193141            JUNCTION      0.00   269.44     0  13:41           0        1.22      -0.029
  J03193143            JUNCTION      0.00     5.79     0  13:37           0      0.0166       1.115
  J03193145            JUNCTION      0.00     4.83     0  13:37           0      0.0136      -0.402
  J03193146            JUNCTION      0.00     3.60     0  13:32           0      0.0147       0.497
  J03193149            JUNCTION      0.00     0.00     0  00:00           0           0       0.000 ltr
  J03193150            JUNCTION      0.00     0.00     0  00:00           0           0       0.000 ltr
  J03193152            JUNCTION      0.00     2.99     0  14:02           0     0.00931       1.848
  J03193154            JUNCTION      0.00     1.85     0  14:02           0     0.00195       2.195
  J03193155            JUNCTION      0.00     1.28     0  13:30           0    0.000611       0.051
  J03193162            JUNCTION      0.00     0.00     0  00:00           0           0       0.000 ltr
  J03193164            JUNCTION      0.00     0.00     0  00:00           0           0       0.000 ltr
  J03193167            JUNCTION      0.00     0.00     0  00:00           0           0       0.000 ltr
  J03193169            JUNCTION      0.00     0.00     0  00:00           0           0       0.000 ltr
  J03193170            JUNCTION      0.00     0.00     0  00:00           0           0       0.000 ltr
  J03193173            JUNCTION      0.00     0.00     0  00:00           0           0       0.000 ltr
  J03195537            JUNCTION      0.00    13.06     0  13:36           0       0.771       0.099
  J03195666            JUNCTION      0.00   145.63     0  14:01           0       0.567       0.048
  J03195750            JUNCTION      0.00   528.99     0  13:57           0        4.13       0.003
  J03195943            JUNCTION      0.00   113.84     0  14:11           0       0.949       0.529
  J03195944            JUNCTION      0.00    65.58     0  16:21           0        3.82       0.137
  J03195988            JUNCTION      0.00   113.68     0  14:11           0       0.975       1.119
  J03195991            JUNCTION      0.00   113.50     0  15:04           0        4.39       0.075
  J03196571            JUNCTION      0.00     0.00     0  00:00           0           0       0.000 ltr
  J03196573            JUNCTION      0.00     6.66     0  13:48           0       0.758       0.009
  J03196577            JUNCTION      0.00     0.00     0  00:00           0           0       0.000 ltr
  J03196579            JUNCTION      0.00  1257.61     0  14:00           0        11.2       0.059
  J03198004            JUNCTION      0.00   113.50     0  15:04           0        4.39       0.033
  J03198005            JUNCTION      0.00   113.50     0  15:04           0        4.39       0.042
  J03233000            JUNCTION      0.00    37.59     0  15:16           0       0.213       0.343
  J03235001            JUNCTION      0.00    42.99     0  15:16           0        2.06       0.128
  J03235002            JUNCTION      0.00    37.60     0  15:16           0       0.213       0.885
  J03235003            JUNCTION      0.00    37.60     0  15:16           0       0.211       0.869
  J03235004            JUNCTION      0.00     0.00     0  00:00           0           0       0.000 ltr
  J03235006            JUNCTION      0.00     5.84     0  16:18           0        1.86       0.202
  J03235007            JUNCTION      0.00     5.07     0  00:15           0      0.0033      24.659
  J03235013            JUNCTION      0.00    37.60     0  15:15           0        0.21       0.877
  J03235014            JUNCTION      0.00     0.00     0  00:00           0           0       0.000 ltr
  J03235018            JUNCTION      0.00     5.62     0  16:18           0        1.87       0.065
  J03235019            JUNCTION      0.00    37.60     0  15:15           0       0.203       0.782
  J03235024            JUNCTION      0.00     0.00     0  00:00           0           0       0.000 ltr
  J03235029            JUNCTION      0.00     0.00     0  00:00           0           0       0.000 ltr
  J03235031            JUNCTION      0.00    37.60     0  15:15           0       0.201       0.699
  J03235032            JUNCTION      0.00     0.00     0  00:00           0           0       0.000 ltr
  J03235041            JUNCTION      0.00     6.74     0  00:00           0        1.87       0.024
  J03235042            JUNCTION      0.00     0.00     0  00:00           0           0       0.000 ltr
  J03235045            JUNCTION      0.00     0.00     0  00:00           0           0       0.000 ltr
  J03235046            JUNCTION      0.00     0.00     0  00:00           0           0       0.000 ltr
  J03235049            JUNCTION      0.00    37.60     0  15:15           0         0.2       0.240
  J03235051            JUNCTION      0.00     6.82     0  00:00           0        1.87       0.003
  J03235052            JUNCTION      0.00     0.00     0  00:00           0           0       0.000 ltr
  J03235056            JUNCTION      0.00     0.00     0  00:00           0           0       0.000 ltr
  J03235058            JUNCTION      0.00    37.60     0  15:15           0       0.197       0.007
  J03235068            JUNCTION      0.00     0.00     0  00:00           0           0       0.000 ltr
  J03235069            JUNCTION      0.00     5.91     0  00:00           0        1.87       0.004
  J03235081            JUNCTION      5.40     5.40     0  00:00        1.87        1.87       0.002
  J03260024            JUNCTION      0.00    54.67     0  15:39           0      0.0825       0.936
  J03260025            JUNCTION      0.00     0.00     0  00:00           0           0       0.000 ltr
  J03260026            JUNCTION      0.00    63.17     0  15:39           0       0.119       0.045
  J03260027            JUNCTION      0.00     0.00     0  00:00           0           0       0.000 ltr
  J03260028            JUNCTION      0.00     0.00     0  00:00           0           0       0.000 ltr
  J03260029            JUNCTION      0.00    71.38     0  15:40           0       0.161      -0.051
  J03260030            JUNCTION      0.00     0.00     0  00:00           0           0       0.000 ltr
  J03260031            JUNCTION      0.00     0.00     0  00:00           0           0       0.000 ltr
  J03260032            JUNCTION      0.00     0.00     0  00:00           0           0       0.000 ltr
  J03260033            JUNCTION      0.00    80.00     0  15:40           0       0.202      -0.365
  J03260034            JUNCTION      0.00     0.00     0  00:00           0           0       0.000 ltr
  J03260038            JUNCTION      0.00    88.49     0  15:40           0       0.246       0.177
  J03260041            JUNCTION      0.00    96.40     0  15:41           0         0.3      -0.001
  J03260047            JUNCTION      2.80     2.80     0  00:00       0.968       0.968       0.009
  J03260048            JUNCTION      0.00   135.58     0  14:28           0        1.75       0.016
  J03260049            JUNCTION      0.00     0.00     0  00:00           0           0       0.000 ltr
  J03260050            JUNCTION      0.00     0.00     0  00:00           0           0       0.000 ltr
  J03260051            JUNCTION      0.00   132.99     0  14:36           0        1.37       0.176
  J03260052            JUNCTION      0.00     0.00     0  00:00           0           0       0.000 ltr
  J03260054            JUNCTION      0.00   163.90     0  14:27           0        5.95       0.065
  J03260055            JUNCTION      0.00     0.00     0  00:00           0           0       0.000 ltr
  J03260058            JUNCTION      0.00     0.00     0  00:00           0           0       0.000 ltr
  J03260059            JUNCTION      0.00   163.94     0  14:27           0        5.96       0.006
  J03260060            JUNCTION      0.00     0.00     0  00:00           0           0       0.000 ltr
  J03260061            JUNCTION      0.00     0.00     0  00:00           0           0       0.000 ltr
  J03260062            JUNCTION      0.00     0.00     0  00:00           0           0       0.000 ltr
  J03260063            JUNCTION      0.00   133.31     0  14:26           0        1.41       0.017
  J03260064            JUNCTION      0.00     0.00     0  00:00           0           0       0.000 ltr
  J03260065            JUNCTION      0.00   133.26     0  14:35           0        1.41       0.009
  J03260066            JUNCTION      0.00   133.77     0  14:35           0        1.42       0.025
  J03260067            JUNCTION      0.00     0.00     0  00:00           0           0       0.000 ltr
  J03260075            JUNCTION      2.80   134.65     0  14:25       0.968        2.36       0.019
  J03260076            JUNCTION      0.00     0.00     0  00:00           0           0       0.000 ltr
  J03260077            JUNCTION      0.00     0.00     0  00:00           0           0       0.000 ltr
  J03260079            JUNCTION      0.00     0.00     0  00:00           0           0       0.000 ltr
  J03260080            JUNCTION      0.00     0.00     0  00:00           0           0       0.000 ltr
  J03260081            JUNCTION      0.00     0.00     0  00:00           0           0       0.000 ltr
  J03260082            JUNCTION      0.00     0.00     0  00:00           0           0       0.000 ltr
  J03260085            JUNCTION      0.00     0.00     0  00:00           0           0       0.000 ltr
  J03260086            JUNCTION      0.00     0.00     0  00:00           0           0       0.000 ltr
  J03260087            JUNCTION      0.00     0.00     0  00:00           0           0       0.000 ltr
  J03260088            JUNCTION      0.00   142.08     0  14:15           0         3.1       0.029
  J03260090            JUNCTION      0.00   141.33     0  14:15           0         3.1       0.020
  J03260093            JUNCTION      0.00   142.27     0  14:15           0         3.1       0.008
  J03260095            JUNCTION      0.00   141.43     0  14:14           0         3.1       0.013
  J03260097            JUNCTION      0.00   140.81     0  14:14           0         3.1       0.005
  J03260099            JUNCTION      0.00   140.18     0  14:14           0        3.11       0.004
  J03260147            JUNCTION      0.00     3.44     0  12:59           0     0.00487       9.371
  J03260148            JUNCTION      0.00     0.00     0  00:00           0           0       0.000 ltr
  J03260149            JUNCTION      0.00   433.52     0  14:09           0        2.87       0.144
  J03260150            JUNCTION      0.00   433.48     0  14:09           0        2.84       0.013
  J03260151            JUNCTION      0.00   433.14     0  14:09           0        2.69       0.057
  J03260154            JUNCTION      0.00   433.14     0  14:08           0        2.69       0.062
  J03260156            JUNCTION      0.00   433.14     0  14:08           0        2.68       0.020
  J03260157            JUNCTION      0.00   433.14     0  14:08           0        2.68       0.001
  J03260159            JUNCTION      0.00   433.14     0  14:08           0        2.68      -0.001
  J03260160            JUNCTION      0.00     0.37     0  13:52           0    9.86e-05      13.417
  J03260161            JUNCTION      0.00   433.14     0  14:08           0        2.68       0.000
  J03260162            JUNCTION      0.00   433.14     0  14:08           0        2.68      -0.001
  J03260164            JUNCTION      0.00   433.14     0  14:08           0        2.85       0.022
  J03260166            JUNCTION      0.00   433.14     0  14:08           0        2.91       0.025
  J03260167            JUNCTION      0.00     4.41     0  15:57           0      0.0515       0.225
  J03260170            JUNCTION      0.00   433.14     0  14:08           0        2.69      -0.002
  J03260172            JUNCTION      0.00  1043.70     0  12:56           0        6.53       0.016
  J03260401            JUNCTION      0.00     1.08     0  12:35           0    0.000418       9.138
  J03260403            JUNCTION      0.00    46.90     0  14:12           0       0.422      -0.000
  J03260404            JUNCTION      0.00    47.11     0  14:14           0       0.422       0.005
  J03260405            JUNCTION      0.00    47.10     0  14:13           0       0.422      -0.001
  J03260406            JUNCTION      0.00     0.00     0  00:00           0           0       0.000 ltr
  J03260407            JUNCTION      0.00    47.20     0  14:13           0       0.422       0.019
  J03260408            JUNCTION      0.00    47.05     0  14:13           0       0.422       0.001
  J03260409            JUNCTION      0.00     0.00     0  00:00           0           0       0.000 ltr
  J03260410            JUNCTION      0.00    47.07     0  14:10           0       0.422       0.017
  J03260411            JUNCTION      0.00     0.00     0  00:00           0           0       0.000 ltr
  J03260412            JUNCTION      0.00    47.06     0  14:12           0       0.422      -0.003
  J03260413            JUNCTION      0.00     0.00     0  00:00           0           0       0.000 ltr
  J03260414            JUNCTION      0.00    47.49     0  14:10           0       0.422      -0.003
  J03260415            JUNCTION      0.00     0.00     0  00:00           0           0       0.000 ltr
  J03260416            JUNCTION      0.00    47.46     0  14:10           0       0.422      -0.000
  J03260417            JUNCTION      0.00    47.48     0  14:10           0       0.422       0.001
  J03260418            JUNCTION      0.00    47.64     0  14:09           0       0.422       0.013
  J03260419            JUNCTION      0.00     0.00     0  00:00           0           0       0.000 ltr
  J03260421            JUNCTION      0.00    47.30     0  14:09           0       0.422      -0.005
  J03260422            JUNCTION      0.00    48.95     0  14:09           0       0.423       0.132
  J03260424            JUNCTION      0.00   157.42     0  14:10           0        1.27       0.006
  J03260425            JUNCTION      0.00   158.04     0  14:09           0        1.27      -0.042
  J03260426            JUNCTION      0.00   471.00     0  14:07           0        4.73       0.001
  J03260427            JUNCTION      0.00   471.00     0  14:07           0        4.73       0.002
  J03260429            JUNCTION      0.00   471.00     0  14:07           0        4.74       0.074
  J03260532            JUNCTION      0.00     0.00     0  00:00           0           0       0.000 ltr
  J03260533            JUNCTION      0.00     0.00     0  00:00           0           0       0.000 ltr
  J03260534            JUNCTION      0.00     0.00     0  00:00           0           0       0.000 ltr
  J03260536            JUNCTION      0.00    95.52     0  14:46           0        2.69       0.006
  J03260538            JUNCTION      0.00    93.88     0  14:47           0        2.69       0.005
  J03260539            JUNCTION      0.00     0.00     0  00:00           0           0       0.000 ltr
  J03260541            JUNCTION      0.00    93.49     0  14:47           0        2.69       0.005
  J03260542            JUNCTION      0.00    93.78     0  14:47           0        2.69       0.027
  J03260544            JUNCTION      0.00     0.00     0  00:00           0           0       0.000 ltr
  J03260546            JUNCTION      0.00    95.53     0  14:47           0        2.69       0.014
  J03260547            JUNCTION      0.00     0.00     0  00:00           0           0       0.000 ltr
  J03260548            JUNCTION      0.00    96.13     0  14:47           0        2.69       0.007
  J03260550            JUNCTION      0.00     0.00     0  00:00           0           0       0.000 ltr
  J03260551            JUNCTION      0.00    96.17     0  14:48           0        2.69       0.007
  J03260555            JUNCTION      0.00     0.00     0  00:00           0           0       0.000 ltr
  J03260558            JUNCTION      0.00     4.68     0  01:50           0     0.00334      27.297
  J03260559            JUNCTION      0.00     4.52     0  01:50           0      0.0101      17.492
  J03260560            JUNCTION      0.00    96.11     0  14:48           0         2.7       0.025
  J03260561            JUNCTION      0.00    95.98     0  14:48           0        2.69       0.019
  J03260562            JUNCTION      0.00     0.00     0  00:00           0           0       0.000 ltr
  J03260564            JUNCTION      0.00    96.42     0  14:48           0        2.69       0.022
  J03260566            JUNCTION      0.00    96.73     0  14:49           0        2.69       0.008
  J03260567            JUNCTION      0.00     0.00     0  00:00           0           0       0.000 ltr
  J03260568            JUNCTION      0.00    97.46     0  14:49           0        2.69       0.011
  J03260569            JUNCTION      0.00     0.00     0  00:00           0           0       0.000 ltr
  J03260571            JUNCTION      0.00    96.30     0  14:49           0        2.69       0.006
  J03260572            JUNCTION      0.00     0.00     0  00:00           0           0       0.000 ltr
  J03260574            JUNCTION      0.00    96.48     0  14:49           0        2.69       0.087
  J03260575            JUNCTION      0.00     0.00     0  00:00           0           0       0.000 ltr
  J03260577            JUNCTION      0.00    94.29     0  14:50           0        2.68       0.043
  J03260578            JUNCTION      0.00     0.00     0  00:00           0           0       0.000 ltr
  J03261001            JUNCTION      0.00     0.00     0  00:00           0           0       0.000 ltr
  J03261009            JUNCTION      0.00    45.98     0  15:38           0      0.0483       8.529
  J03261010            JUNCTION      0.00     0.00     0  00:00           0           0       0.000 ltr
  J03261011            JUNCTION      0.00     2.82     0  15:39           0     0.00277       0.418
  J03261012            JUNCTION      0.00     0.00     0  00:00           0           0       0.000 ltr
  J03261013            JUNCTION      0.00     0.00     0  00:00           0           0       0.000 ltr
  J03261014            JUNCTION      0.00    22.43     0  15:38           0      0.0176      37.513
  J03261015            JUNCTION      0.00     0.00     0  00:00           0           0       0.000 ltr
  J03262003            JUNCTION      0.00     0.00     0  00:00           0           0       0.000 ltr
  J03262004            JUNCTION      0.00     0.00     0  00:00           0           0       0.000 ltr
  J03262008            JUNCTION      0.00     0.00     0  00:00           0           0       0.000 ltr
  J03262029            JUNCTION      0.00     0.00     0  00:00           0           0       0.000 ltr
  J03262030            JUNCTION      0.00     0.00     0  00:00           0           0       0.000 ltr
  J03262031            JUNCTION      0.00   135.45     0  14:28           0        1.16       0.141
  J03262068            JUNCTION      0.00     0.00     0  00:00           0           0       0.000 ltr
  J03262069            JUNCTION      0.00     0.00     0  00:00           0           0       0.000 ltr
  J03262070            JUNCTION      0.00     0.00     0  00:00           0           0       0.000 ltr
  J03262073            JUNCTION      0.00     0.00     0  00:00           0           0       0.000 ltr
  J03262074            JUNCTION      0.00     0.00     0  00:00           0           0       0.000 ltr
  J03262075            JUNCTION      0.00     0.00     0  00:00           0           0       0.000 ltr
  J03262076            JUNCTION      0.00     0.00     0  00:00           0           0       0.000 ltr
  J03262078            JUNCTION      0.00     0.00     0  00:00           0           0       0.000 ltr
  J03262079            JUNCTION      0.00     0.00     0  00:00           0           0       0.000 ltr
  J03262080            JUNCTION      0.00     0.00     0  00:00           0           0       0.000 ltr
  J03262083            JUNCTION      0.00     0.00     0  00:00           0           0       0.000 ltr
  J03262093            JUNCTION      0.00     0.00     0  00:00           0           0       0.000 ltr
  J03262094            JUNCTION      0.00     0.00     0  00:00           0           0       0.000 ltr
  J03262095            JUNCTION      0.00     0.00     0  00:00           0           0       0.000 ltr
  J03262096            JUNCTION      0.00     0.00     0  00:00           0           0       0.000 ltr
  J03262097            JUNCTION      0.00     0.00     0  00:00           0           0       0.000 ltr
  J03262098            JUNCTION      0.00     0.00     0  00:00           0           0       0.000 ltr
  J03262099            JUNCTION      0.00     0.00     0  00:00           0           0       0.000 ltr
  J03262100            JUNCTION      0.00     0.00     0  00:00           0           0       0.000 ltr
  J03262101            JUNCTION      0.00     0.00     0  00:00           0           0       0.000 ltr
  J03262102            JUNCTION      0.00     0.00     0  00:00           0           0       0.000 ltr
  J03262106            JUNCTION      0.00     0.00     0  00:00           0           0       0.000 ltr
  J03262113            JUNCTION      0.00     0.00     0  00:00           0           0       0.000 ltr
  J03262114            JUNCTION      0.00     0.00     0  00:00           0           0       0.000 ltr
  J03262119            JUNCTION      0.00     0.00     0  00:00           0           0       0.000 ltr
  J03262120            JUNCTION      0.00     0.00     0  00:00           0           0       0.000 ltr
  J03262121            JUNCTION      0.00     0.00     0  00:00           0           0       0.000 ltr
  J03262126            JUNCTION      0.00     0.00     0  00:00           0           0       0.000 ltr
  J03262127            JUNCTION      0.00     0.00     0  00:00           0           0       0.000 ltr
  J03262128            JUNCTION      0.00     0.00     0  00:00           0           0       0.000 ltr
  J03262795            JUNCTION      0.00     0.00     0  00:00           0           0       0.000 ltr
  J03263001            JUNCTION      0.00     0.00     0  00:00           0           0       0.000 ltr
  J03263002            JUNCTION      0.00     0.00     0  00:00           0           0       0.000 ltr
  J03263004            JUNCTION      0.00     0.00     0  00:00           0           0       0.000 ltr
  J03263005            JUNCTION      0.00     0.00     0  00:00           0           0       0.000 ltr
  J03263007            JUNCTION      0.00     0.00     0  00:00           0           0       0.000 ltr
  J03263010            JUNCTION      0.00     0.00     0  00:00           0           0       0.000 ltr
  J03263011            JUNCTION      0.00     0.00     0  00:00           0           0       0.000 ltr
  J03263012            JUNCTION      0.00     0.00     0  00:00           0           0       0.000 ltr
  J03263015            JUNCTION      0.00     0.00     0  00:00           0           0       0.000 ltr
  J03263016            JUNCTION      0.00     6.92     0  15:41           0      0.0052       0.056
  J03263017            JUNCTION      0.00     0.00     0  00:00           0           0       0.000 ltr
  J03263018            JUNCTION      0.00     0.00     0  00:00           0           0       0.000 ltr
  J03263024            JUNCTION      0.00     0.00     0  00:00           0           0       0.000 ltr
  J03263039            JUNCTION      0.00    28.81     0  14:07           0      0.0184      75.582
  J03263049            JUNCTION      0.00     0.00     0  00:00           0           0       0.000 ltr
  J03263052            JUNCTION      0.00    64.75     0  14:06           0      0.0556      35.726
  J03263053            JUNCTION      0.00     0.00     0  00:00           0           0       0.000 ltr
  J03263054            JUNCTION      0.00     0.00     0  00:00           0           0       0.000 ltr
  J03263057            JUNCTION      0.00     0.00     0  00:00           0           0       0.000 ltr
  J03263058            JUNCTION      0.00    93.98     0  14:07           0       0.105      15.765
  J03263061            JUNCTION      0.00     0.00     0  00:00           0           0       0.000 ltr
  J03263063            JUNCTION      0.00     0.00     0  00:00           0           0       0.000 ltr
  J03263075            JUNCTION      0.00   115.11     0  14:07           0       0.152       2.583
  J03263078            JUNCTION      0.00     2.26     0  14:33           0    0.000718       1.647
  J03263079            JUNCTION      0.00     0.00     0  00:00           0           0       0.000 ltr
  J03263080            JUNCTION      0.00   122.29     0  14:07           0       0.174       1.212
  J03263081            JUNCTION      0.00     0.00     0  00:00           0           0       0.000 ltr
  J03263082            JUNCTION      0.00     0.79     0  14:41           0    0.000192       0.332
  J03264861            JUNCTION      0.00     0.00     0  00:00           0           0       0.000 ltr
  J03264862            JUNCTION      0.00     0.00     0  00:00           0           0       0.000 ltr
  J03264872            JUNCTION      0.00     0.00     0  00:00           0           0       0.000 ltr
  J03264875            JUNCTION      0.00     0.00     0  00:00           0           0       0.000 ltr
  J03264876            JUNCTION      0.00     0.00     0  00:00           0           0       0.000 ltr
  J03264882            JUNCTION      0.00     0.00     0  00:00           0           0       0.000 ltr
  J03264883            JUNCTION      0.00     0.00     0  00:00           0           0       0.000 ltr
  J03264891            JUNCTION      0.00     0.00     0  00:00           0           0       0.000 ltr
  J03264892            JUNCTION      0.00     0.18     0  15:59           0     0.00504       1.373
  J03264894            JUNCTION      0.00     1.45     0  15:26           0     0.00504       0.003
  J03264900            JUNCTION      0.00     0.00     0  00:00           0           0       0.000 ltr
  J03264960            JUNCTION      0.00   306.06     0  14:09           0        2.05       0.220
  J03264964            JUNCTION      0.00     1.01     0  12:54           0    0.000589       0.002
  J03265000            JUNCTION      0.00     0.00     0  00:00           0           0       0.000 ltr
  J03265001            JUNCTION      0.00     0.00     0  00:00           0           0       0.000 ltr
  J03266226            JUNCTION      0.00     0.00     0  00:00           0           0       0.000 ltr
  J03266227            JUNCTION      0.00     0.00     0  00:00           0           0       0.000 ltr
  J03266669            JUNCTION      0.00   132.90     0  14:34           0       0.794       0.222
  J03266670            JUNCTION      0.00     7.40     0  13:00           0     0.00867      -0.097
  J03266695            JUNCTION      0.00     0.00     0  00:00           0           0       0.000 ltr
  J03266696            JUNCTION      0.00     0.00     0  00:00           0           0       0.000 ltr
  J03266698            JUNCTION      0.00     0.00     0  00:00           0           0       0.000 ltr
  J03266706            JUNCTION      0.00     0.00     0  00:00           0           0       0.000 ltr
  J03266707            JUNCTION      0.00    33.08     0  15:24           0        1.85       0.005
  J03351040            JUNCTION      0.00     0.00     0  00:00           0           0       0.000 ltr
  J03351041            JUNCTION      0.00     0.00     0  00:00           0           0       0.000 ltr
  J03351042            JUNCTION      0.00     0.00     0  00:00           0           0       0.000 ltr
  J03351044            JUNCTION      0.00     0.00     0  00:00           0           0       0.000 ltr
  J03351046            JUNCTION      0.00     0.00     0  00:00           0           0       0.000 ltr
  J03351047            JUNCTION      0.00     0.00     0  00:00           0           0       0.000 ltr
  J03351048            JUNCTION      0.00     0.00     0  00:00           0           0       0.000 ltr
  J03351049            JUNCTION      0.00     0.00     0  00:00           0           0       0.000 ltr
  J03351051            JUNCTION      0.00     0.00     0  00:00           0           0       0.000 ltr
  J03351053            JUNCTION      0.00     0.00     0  00:00           0           0       0.000 ltr
  J03351056            JUNCTION      0.00     0.00     0  00:00           0           0       0.000 ltr
  J03351058            JUNCTION      0.00     0.00     0  00:00           0           0       0.000 ltr
  J03351067            JUNCTION      0.00     0.00     0  00:00           0           0       0.000 ltr
  J03351068            JUNCTION      0.00     0.00     0  00:00           0           0       0.000 ltr
  J03351070            JUNCTION      0.00     0.00     0  00:00           0           0       0.000 ltr
  J03351071            JUNCTION      0.00     0.00     0  00:00           0           0       0.000 ltr
  J03351072            JUNCTION      0.00     0.00     0  00:00           0           0       0.000 ltr
  J03351075            JUNCTION      0.00     0.00     0  00:00           0           0       0.000 ltr
  J03351076            JUNCTION      0.00     0.00     0  00:00           0           0       0.000 ltr
  J03351078            JUNCTION      0.00     0.00     0  00:00           0           0       0.000 ltr
  J03351080            JUNCTION      0.00     0.00     0  00:00           0           0       0.000 ltr
  J03351083            JUNCTION      0.00     0.00     0  00:00           0           0       0.000 ltr
  J03351085            JUNCTION      0.00     0.00     0  00:00           0           0       0.000 ltr
  J03351086            JUNCTION      0.00     0.00     0  00:00           0           0       0.000 ltr
  J03351087            JUNCTION      0.00     0.00     0  00:00           0           0       0.000 ltr
  J03351089            JUNCTION      0.00     0.00     0  00:00           0           0       0.000 ltr
  J03351092            JUNCTION      0.00     1.45     0  15:27           0        0.01      99.113
  J03351093            JUNCTION      0.00     0.00     0  00:00           0           0       0.000 ltr
  J03351094            JUNCTION      0.00     1.45     0  15:26           0     0.00504      -0.509
  J03351095            JUNCTION      0.00     0.00     0  00:00           0           0       0.000 ltr
  J03351097            JUNCTION      0.00     1.46     0  15:26           0     0.00524       3.973
  J03352001            JUNCTION      0.00    33.08     0  15:24           0        1.85       0.011
  J03352003            JUNCTION      0.00    33.08     0  15:24           0        1.85       0.019
  J03352004            JUNCTION      0.00    33.08     0  15:23           0        1.86       0.074
  J03352005            JUNCTION      0.00    33.09     0  15:22           0        1.86       0.058
  J03352007            JUNCTION      0.00    33.09     0  15:22           0        1.86       0.019
  J03352009            JUNCTION      0.00    33.09     0  15:22           0        1.86       0.006
  J03352010            JUNCTION      0.00     0.00     0  00:00           0           0       0.000 ltr
  J03352011            JUNCTION      0.00    33.09     0  15:21           0        1.86       0.028
  J03352013            JUNCTION      0.00     0.00     0  00:00           0           0       0.000 ltr
  J03352014            JUNCTION      0.00    33.09     0  15:21           0        1.86       0.016
  J03352015            JUNCTION      0.00     0.00     0  00:00           0           0       0.000 ltr
  J03352016            JUNCTION      0.00    33.09     0  15:21           0        1.86       0.015
  J03352017            JUNCTION      0.00    33.09     0  15:20           0        1.86       0.148
  J03352018            JUNCTION      0.00     0.00     0  00:00           0           0       0.000 ltr
  J03352026            JUNCTION      0.00    33.10     0  15:19           0        1.86       0.035
  J03352027            JUNCTION      0.00     0.00     0  00:00           0           0       0.000 ltr
  J03352028            JUNCTION      0.00    33.10     0  15:18           0        1.86       0.011
  J03352029            JUNCTION      0.00    33.11     0  15:18           0        1.87       0.007
  J03352030            JUNCTION      0.00     0.00     0  00:00           0           0       0.000 ltr
  J03352031            JUNCTION      0.00    33.11     0  15:18           0        1.87       0.014
  J03352032            JUNCTION      0.00     0.00     0  00:00           0           0       0.000 ltr
  J03352033            JUNCTION      0.00    33.11     0  15:17           0        1.87       0.012
  J03352034            JUNCTION      0.00     0.00     0  00:00           0           0       0.000 ltr
  J03352035            JUNCTION      0.00    33.11     0  15:17           0        1.87       0.003
  J03352036            JUNCTION      0.00     0.00     0  00:00           0           0       0.000 ltr
  J03352037            JUNCTION      0.00    33.11     0  15:17           0        1.87       0.017
  J03352038            JUNCTION      0.00     0.00     0  00:00           0           0       0.000 ltr
  J03352039            JUNCTION      0.00     0.00     0  00:00           0           0       0.000 ltr
  J03352041            JUNCTION      0.00    33.11     0  15:16           0        1.87       0.008
  J03352042            JUNCTION      0.00     0.00     0  00:00           0           0       0.000 ltr
  J03352043            JUNCTION      0.00    42.99     0  15:16           0        2.04       0.011
  J03352045            JUNCTION      0.00     9.89     0  15:17           0       0.175       0.013
  J03352046            JUNCTION      0.00     0.00     0  00:00           0           0       0.000 ltr
  J03352144            JUNCTION      0.00    33.11     0  15:17           0        1.87       0.008
  J03355147            JUNCTION      0.00     0.00     0  00:00           0           0       0.000 ltr
  J03380002            JUNCTION      0.00  1257.87     0  14:01           0        11.2       0.055
  J03380007            JUNCTION      0.00  1257.42     0  14:00           0        11.2       0.064
  J03380010            JUNCTION      0.00  1257.49     0  14:00           0        11.2       0.102
  J03380014            JUNCTION      0.00  1257.63     0  14:00           0        11.2       0.084
  J03380016            JUNCTION      0.00  1257.55     0  14:00           0        11.2       0.019
  J03380018            JUNCTION      0.00     0.00     0  00:00           0           0       0.000 ltr
  J03380025            JUNCTION      0.00  1257.66     0  13:59           0        11.2       0.063
  J03380029            JUNCTION      0.00  1257.73     0  13:59           0        11.2       0.038
  J03380032            JUNCTION      0.00  1257.62     0  13:59           0        11.2       0.034
  J03380033            JUNCTION      0.00     0.00     0  00:00           0           0       0.000 ltr
  J03380034            JUNCTION      0.00     0.00     0  00:00           0           0       0.000 ltr
  J03380037            JUNCTION      0.00   528.51     0  13:57           0        4.13      -0.001
  J03380040            JUNCTION      0.00  1257.38     0  13:59           0        11.2       0.005
  J03380042            JUNCTION      0.00   738.95     0  14:01           0        7.12       0.028
  J03380046            JUNCTION      0.00     0.00     0  00:00           0           0       0.000 ltr
  J03380047            JUNCTION      0.00   729.19     0  14:00           0        7.12       0.001
  J03380053            JUNCTION      0.00   729.41     0  14:00           0        7.12       0.033
  J03380055            JUNCTION      0.00     0.00     0  00:00           0           0       0.000 ltr
  J03380056            JUNCTION      0.00   732.55     0  13:57           0        7.14       0.068
  J03380057            JUNCTION      0.00   731.81     0  13:57           0        7.14       0.027
  J03380058            JUNCTION      0.00   247.30     0  14:11           0         3.2      -0.006
  J03380060            JUNCTION      0.00   238.45     0  14:20           0         3.2       0.013
  J03380065            JUNCTION      0.00   238.92     0  14:19           0         3.2       0.026
  J03380071            JUNCTION      0.00   240.27     0  14:19           0         3.2       0.005
  J03380073            JUNCTION      0.00   239.44     0  14:04           0         3.2       0.019
  J03380075            JUNCTION      0.00   238.61     0  14:12           0         3.2       0.002
  J03380076            JUNCTION      0.00   238.77     0  14:12           0         3.2       0.001
  J03380077            JUNCTION      0.00   239.63     0  14:12           0         3.2       0.003
  J03380079            JUNCTION      0.00   239.69     0  14:11           0         3.2       0.044
  J03380081            JUNCTION      0.00   240.06     0  14:18           0         3.2       0.025
  J03380083            JUNCTION      0.00   241.96     0  14:03           0         3.2      -0.011
  J03380085            JUNCTION      0.00   242.56     0  14:03           0         3.2       0.015
  J03380088            JUNCTION      0.00   367.71     0  14:03           0        4.13       0.100
  J03380089            JUNCTION      0.00   356.20     0  14:05           0        3.46      -0.020
  J03380092            JUNCTION      0.00   356.29     0  14:02           0        3.46       0.048
  J03380095            JUNCTION      0.00   365.27     0  14:02           0        3.46       0.015
  J03380096            JUNCTION      0.00   365.03     0  14:02           0        3.46       0.043
  J03380098            JUNCTION      0.00   360.50     0  14:02           0        3.46      -0.106
  J03380100            JUNCTION      0.00   371.63     0  14:02           0        3.46       0.009
  J03380102            JUNCTION      0.00   369.85     0  14:02           0        3.46       0.001
  J03380104            JUNCTION      0.00   368.15     0  14:02           0        3.46       0.004
  J03380106            JUNCTION      0.00   368.34     0  14:02           0        3.46       0.021
  J03380109            JUNCTION      0.00   363.55     0  14:04           0        3.46       0.003
  J03380113            JUNCTION      0.00   369.76     0  14:01           0        3.46      -0.005
  J03380117            JUNCTION      0.00   373.72     0  14:01           0        3.46       0.014
  J03380120            JUNCTION      0.00   373.72     0  14:01           0        3.46       0.105
  J03380124            JUNCTION      0.00   380.98     0  14:01           0        3.46       0.005
  J03380127            JUNCTION      0.00   376.51     0  14:01           0        3.46       0.005
  J03380129            JUNCTION      0.00   380.34     0  14:01           0        3.47       0.002
  J03380131            JUNCTION      0.00   377.26     0  14:01           0        3.47       0.000
  J03380136            JUNCTION      0.00   376.89     0  14:01           0        3.46      -0.026
  J03380137            JUNCTION      0.00   380.24     0  14:01           0        3.46       0.016
  J03380142            JUNCTION      0.00   376.60     0  14:01           0        3.47       0.012
  J03380145            JUNCTION      0.00   368.65     0  14:03           0        3.47       0.001
  J03380148            JUNCTION      0.00   366.92     0  14:03           0        3.46      -0.008
  J03380152            JUNCTION      0.00   373.24     0  14:00           0        3.47       0.013
  J03380155            JUNCTION      0.00   367.77     0  14:08           0        3.47      -0.001
  J03380159            JUNCTION      0.00   362.03     0  14:02           0        3.47       0.000
  J03380162            JUNCTION      0.00   360.32     0  14:08           0        3.47      -0.001
  J03380165            JUNCTION      0.00   362.03     0  14:08           0        3.47       0.004
  J03380166            JUNCTION      0.00   363.35     0  14:07           0        3.47      -0.001
  J03380170            JUNCTION      0.00   357.06     0  14:05           0        3.47       0.027
  J03380173            JUNCTION      0.00   471.00     0  14:07           0        4.73       0.017
  J03380175            JUNCTION      2.20     2.20     0  00:00        0.76        0.76       0.009
  J03380177            JUNCTION      0.00     2.20     0  00:11           0        0.76       0.005
  J03380178            JUNCTION      0.00     2.20     0  00:11           0        0.76       0.106
  J03380180            JUNCTION      0.00     0.00     0  00:00           0           0       0.000 ltr
  J03380182            JUNCTION      0.00     2.20     0  13:36           0       0.759       0.010
  J03380184            JUNCTION      0.00     2.20     0  12:42           0       0.759       0.017
  J03380186            JUNCTION      0.00     2.20     0  16:40           0       0.759       0.014
  J03380188            JUNCTION      0.00     2.20     0  12:12           0       0.759       0.006
  J03380190            JUNCTION      0.00     2.20     0  00:35           0       0.759       0.022
  J03380195            JUNCTION      0.00     2.20     0  00:40           0       0.759       0.076
  J03380197            JUNCTION      0.00     2.20     0  12:13           0       0.758       0.010
  J03380198            JUNCTION      0.00     0.00     0  00:00           0           0       0.000 ltr
  J03380199            JUNCTION      0.00     2.20     0  14:17           0       0.758       0.108
  J03380200            JUNCTION      0.00     0.00     0  00:00           0           0       0.000 ltr
  J03380201            JUNCTION      0.00     2.22     0  00:33           0       0.757       0.022
  J03380203            JUNCTION      0.00     0.00     0  00:00           0           0       0.000 ltr
  J03380204            JUNCTION      0.00     0.00     0  00:00           0           0       0.000 ltr
  J03380206            JUNCTION      0.00     0.00     0  00:00           0           0       0.000 ltr
  J03380207            JUNCTION      0.00     2.23     0  00:34           0       0.757       0.012
  J03380209            JUNCTION      0.00     3.48     0  14:09           0       0.757       0.041
  J03380210            JUNCTION      0.00     0.00     0  00:00           0           0       0.000 ltr
  J03380211            JUNCTION      0.00     4.68     0  14:09           0       0.757       0.049
  J03380212            JUNCTION      0.00     0.00     0  00:00           0           0       0.000 ltr
  J03380213            JUNCTION      0.00     5.97     0  14:07           0       0.757       0.021
  J03380215            JUNCTION      0.00     5.42     0  14:06           0       0.757       0.004
  J03380218            JUNCTION      0.00    14.28     0  13:03           0       0.766       0.012
  J03380219            JUNCTION      0.00    15.00     0  13:33           0       0.772       0.008
  J03380221            JUNCTION      0.00    17.08     0  12:36           0       0.776       0.017
  J03380223            JUNCTION      0.00    22.56     0  12:35           0       0.792       0.308
  J03380224            JUNCTION      0.00     1.64     0  12:33           0      0.0056       0.408
  J03380225            JUNCTION      0.00    29.32     0  12:35           0        0.79       0.055
  J03380227            JUNCTION      0.00    33.17     0  12:35           0       0.792       0.079
  J03380228            JUNCTION      0.00    36.59     0  12:35           0       0.794       0.241
  J03380230            JUNCTION      0.00    44.27     0  12:34           0       0.798       0.078
  J03380231            JUNCTION      0.00     0.00     0  00:00           0           0       0.000 ltr
  J03380232            JUNCTION      0.00    49.31     0  12:34           0       0.802       0.296
  J03380235            JUNCTION      0.00   133.83     0  14:03           0        1.74       0.969
  J03380236            JUNCTION      0.00     1.40     0  12:34           0     0.00146      11.520
  J03380237            JUNCTION      0.00   113.66     0  14:11           0       0.989       1.205
  J03380238            JUNCTION      0.00   113.81     0  14:11           0       0.967       1.346
  J03380239            JUNCTION      0.00    28.32     0  12:33           0      0.0923       0.999
  J03380240            JUNCTION      0.00     2.08     0  12:34           0     0.00187       0.000
  J03380241            JUNCTION      0.00     1.40     0  13:36           0     0.00166       0.002
  J03380243            JUNCTION      0.00    26.46     0  13:34           0      0.0724       2.750
  J03380245            JUNCTION      0.00    21.04     0  13:34           0        0.03       5.971
  J03380248            JUNCTION      0.00     0.00     0  00:00           0           0       0.000 ltr
  J03380252            JUNCTION      0.00     0.00     0  00:00           0           0       0.000 ltr
  J03380254            JUNCTION      0.00     0.00     0  00:00           0           0       0.000 ltr
  J03380255            JUNCTION      0.00     0.00     0  00:00           0           0       0.000 ltr
  J03380256            JUNCTION      0.00     0.00     0  00:00           0           0       0.000 ltr
  J03380258            JUNCTION      0.00     0.00     0  00:00           0           0       0.000 ltr
  J03380260            JUNCTION      0.00     0.00     0  00:00           0           0       0.000 ltr
  J03380262            JUNCTION      0.00     0.00     0  00:00           0           0       0.000 ltr
  J03380264            JUNCTION      0.00     0.00     0  00:00           0           0       0.000 ltr
  J03380265            JUNCTION      0.00     5.67     0  14:01           0     0.00822      -0.005
  J03380266            JUNCTION      0.00   733.21     0  13:57           0        7.14       0.124
  J03380267            JUNCTION      0.00     2.08     0  13:38           0     0.00193       0.016
  J03380272            JUNCTION      0.00     0.00     0  00:00           0           0       0.000 ltr
  J03380280            JUNCTION      0.00     0.00     0  00:00           0           0       0.000 ltr
  J03380281            JUNCTION      0.00     0.00     0  00:00           0           0       0.000 ltr
  J03380282            JUNCTION      0.00   731.79     0  13:57           0        7.14       0.017
  J03380284            JUNCTION      0.00     1.36     0  14:12           0     0.00122       0.007
  J03380286            JUNCTION      0.00     0.00     0  00:00           0           0       0.000 ltr
  J03380287            JUNCTION      0.00     0.00     0  00:00           0           0       0.000 ltr
  J03380288            JUNCTION      0.00     0.00     0  00:00           0           0       0.000 ltr
  J03380289            JUNCTION      0.00     0.00     0  00:00           0           0       0.000 ltr
  J03380290            JUNCTION      0.00     0.00     0  00:00           0           0       0.000 ltr
  J03380291            JUNCTION      0.00     0.00     0  00:00           0           0       0.000 ltr
  J03380292            JUNCTION      0.00     0.00     0  00:00           0           0       0.000 ltr
  J03380293            JUNCTION      0.00     0.00     0  00:00           0           0       0.000 ltr
  J03380295            JUNCTION      0.00     0.00     0  00:00           0           0       0.000 ltr
  J03380299            JUNCTION      0.00     0.00     0  00:00           0           0       0.000 ltr
  J03380301            JUNCTION      0.00     0.00     0  00:00           0           0       0.000 ltr
  J03380302            JUNCTION      0.00     0.00     0  00:00           0           0       0.000 ltr
  J03380305            JUNCTION      0.00     0.00     0  00:00           0           0       0.000 ltr
  J03380307            JUNCTION      0.00     0.00     0  00:00           0           0       0.000 ltr
  J03380310            JUNCTION      0.00     0.00     0  00:00           0           0       0.000 ltr
  J03380316            JUNCTION      0.00     0.00     0  00:00           0           0       0.000 ltr
  J03380318            JUNCTION      0.00     0.00     0  00:00           0           0       0.000 ltr
  J03380322            JUNCTION      0.00     0.00     0  00:00           0           0       0.000 ltr
  J03380323            JUNCTION      0.00     0.00     0  00:00           0           0       0.000 ltr
  J03380325            JUNCTION      0.00     0.00     0  00:00           0           0       0.000 ltr
  J03380327            JUNCTION      0.00     0.00     0  00:00           0           0       0.000 ltr
  J03380328            JUNCTION      0.00     0.00     0  00:00           0           0       0.000 ltr
  J03380331            JUNCTION      0.00     0.00     0  00:00           0           0       0.000 ltr
  J03380332            JUNCTION      0.00     0.00     0  00:00           0           0       0.000 ltr
  J03380335            JUNCTION      0.00     0.00     0  00:00           0           0       0.000 ltr
  J03380346            JUNCTION      0.00     0.00     0  00:00           0           0       0.000 ltr
  J03380349            JUNCTION      0.00     0.00     0  00:00           0           0       0.000 ltr
  J03380352            JUNCTION      0.00     0.00     0  00:00           0           0       0.000 ltr
  J03380356            JUNCTION      0.00  1258.14     0  14:01           0        11.2       0.001
  J03388007            JUNCTION      0.00  1258.14     0  14:01           0        11.2       0.282
  J03411012            JUNCTION      0.00     3.92     0  13:00           0     0.00269       0.307
  J03411013            JUNCTION      0.00     0.00     0  00:00           0           0       0.000 ltr
  J03411014            JUNCTION      0.00   433.50     0  14:09           0        2.85       0.011
  J03411015            JUNCTION      0.00     0.00     0  00:00           0           0       0.000 ltr
  J03411016            JUNCTION      0.00   133.70     0  14:33           0       0.794       0.004
  J03411017            JUNCTION      0.00     0.00     0  00:00           0           0       0.000 ltr
  J03411018            JUNCTION      0.00   132.25     0  14:34           0       0.792      -0.126
  J03411019            JUNCTION      0.00     0.00     0  00:00           0           0       0.000 ltr
  J03411020            JUNCTION      0.00   134.89     0  14:32           0         0.8      -0.003
  J03411021            JUNCTION      0.00     9.23     0  14:48           0      0.0116      -0.032
  J03411079            JUNCTION      0.00   125.59     0  14:08           0       0.168       0.148
  J03411081            JUNCTION      0.00     1.81     0  13:51           0      0.0027       0.007
  J03411083            JUNCTION      0.00   306.10     0  14:09           0        2.05       0.000
  J03464880            JUNCTION      0.00   139.84     0  14:14           0        3.11       0.005
  J06103061            JUNCTION      0.00   123.65     0  14:08           0       0.178       0.160
  J06103062            JUNCTION      0.00     8.80     0  14:48           0       0.011       0.991
  PLANT_BUFFER         STORAGE       0.00  4387.26     0  14:02           0        60.3      -0.121
  J03235088            STORAGE    2304.70  2304.70     0  14:00        16.2        16.2       0.001
  J03262001            STORAGE       0.00   545.31     0  15:47           0        3.45       2.327
  J03260431            STORAGE    1774.67  1774.67     0  14:00        12.8        12.8       0.000
  J03260174            STORAGE    1766.02  1766.02     0  14:00        12.9        12.9       0.000
  J03260171            STORAGE       0.00  1043.31     0  12:55           0        6.53      -0.020
  J03235080            STORAGE       0.00   648.67     0  14:04           0        5.78       0.000
  J03190114            STORAGE       0.00     0.00     0  00:00           0           0       0.000 ltr
  J03193130            STORAGE     614.26   614.26     0  14:00        4.71        4.71       0.000
  J03193142            STORAGE       0.00   269.32     0  13:41           0        1.23      -0.010
  J03235075            STORAGE       0.00   157.08     0  14:46           0        1.21       0.000
  J03411080            STORAGE       0.00   471.99     0  14:12           0         2.9      -0.358
  J03191983            STORAGE       0.00   232.08     0  14:02           0        4.93       0.003
  J03260010            OUTFALL       0.00  1511.59     0  16:21           0        58.3       0.000
  
  
  **********************
  Node Surcharge Summary
  **********************
  
  Surcharging occurs when water rises above the top of the highest conduit.
  ---------------------------------------------------------------------
                                               Max. Height   Min. Depth
                                   Hours       Above Crown    Below Rim
  Node                 Type      Surcharged         Meters       Meters
  ---------------------------------------------------------------------
  G03160065            JUNCTION        1.70          1.270        0.000
  G03160066            JUNCTION        1.39          0.964        0.636
  J03180001            JUNCTION        2.61          0.252        1.448
  J03180031            JUNCTION       96.00          0.000        2.000
  J03180032            JUNCTION       96.00          0.000        2.000
  J03190034            JUNCTION        0.64          0.025        1.175
  J03190048            JUNCTION        0.24          0.007        0.993
  J03190051            JUNCTION        1.07          0.052        0.948
  J03190055            JUNCTION        1.61          0.098        0.902
  J03190064            JUNCTION        0.22          0.005        0.795
  J03190067            JUNCTION        1.07          0.051        0.749
  J03190070            JUNCTION        1.60          0.095        0.705
  J03190078            JUNCTION        1.86          0.122        0.678
  J03190083            JUNCTION        1.07          0.052        0.652
  J03190102            JUNCTION        5.22          0.640        0.360
  J03190106            JUNCTION        5.76          0.778        0.222
  J03190107            JUNCTION        6.75          0.914        0.086
  J03190111            JUNCTION       83.27          0.996        0.004
  J03190159            JUNCTION       86.26          0.601        1.099
  J03190161            JUNCTION       86.04          0.567        0.483
  J03190164            JUNCTION       86.12          0.559        0.521
  J03191100            JUNCTION       86.61          0.667        0.533
  J03193080            JUNCTION        1.17          0.118        1.382
  J03193081            JUNCTION        0.67          0.054        1.446
  J03193083            JUNCTION        0.55          0.054        1.386
  J03193093            JUNCTION        1.57          0.998        0.402
  J03193094            JUNCTION        1.69          1.137        0.233
  J03193097            JUNCTION        1.66          1.016        0.364
  J03193099            JUNCTION        1.43          0.788        0.882
  J03193100            JUNCTION        1.53          0.877        0.383
  J03193103            JUNCTION        1.77          1.125        0.275
  J03193104            JUNCTION        1.71          1.031        0.179
  J03193105            JUNCTION        1.72          1.039        0.361
  J03193110            JUNCTION        1.70          0.895        0.495
  J03193113            JUNCTION        1.67          0.866        0.534
  J03193114            JUNCTION        1.76          1.016        0.364
  J03193117            JUNCTION        1.86          1.116        0.244
  J03193121            JUNCTION        1.67          0.856        0.544
  J03193131            JUNCTION        0.36          0.032        1.468
  J03193143            JUNCTION        0.23          0.019        1.481
  J03193152            JUNCTION        0.14          0.013        1.487
  J03195666            JUNCTION        1.02          0.132        1.368
  J03195750            JUNCTION        1.69          1.086        0.314
  J03195943            JUNCTION       86.68          0.679        0.521
  J03195988            JUNCTION       86.40          0.694        0.506
  J03195991            JUNCTION       86.41          0.827        0.693
  J03198004            JUNCTION        6.05          0.595        0.885
  J03198005            JUNCTION        3.45          0.292        1.198
  J03233000            JUNCTION       95.36          0.194        1.356
  J03260087            JUNCTION       96.00          0.000        2.000
  J03260151            JUNCTION        1.24          0.053        1.337
  J03260156            JUNCTION        1.74          0.201        1.199
  J03260157            JUNCTION        0.90          0.093        1.307
  J03260161            JUNCTION        0.69          0.080        1.320
  J03260162            JUNCTION        1.17          0.193        1.207
  J03260164            JUNCTION        1.84          0.360        1.000
  J03260166            JUNCTION        1.67          0.362        0.978
  J03260167            JUNCTION        1.93          0.439        1.161
  J03260170            JUNCTION        1.55          0.377        1.023
  J03260406            JUNCTION       96.00          0.000        2.000
  J03260409            JUNCTION       96.00          0.000        2.000
  J03260411            JUNCTION       96.00          0.000        2.000
  J03260413            JUNCTION       96.00          0.000        2.000
  J03260415            JUNCTION       96.00          0.000        2.000
  J03260429            JUNCTION        4.19          0.408        0.892
  J03260534            JUNCTION       96.00          0.000        2.000
  J03260550            JUNCTION       96.00          0.000        2.000
  J03260555            JUNCTION       96.00          0.000        2.000
  J03260567            JUNCTION       96.00          0.000        2.000
  J03260569            JUNCTION       96.00          0.000        2.000
  J03260572            JUNCTION       96.00          0.000        2.000
  J03260575            JUNCTION       96.00          0.000        2.000
  J03260578            JUNCTION       96.00          0.000        2.000
  J03263039            JUNCTION        1.20          0.215        0.785
  J03263052            JUNCTION        1.12          0.195        0.735
  J03265001            JUNCTION       96.00          0.000        2.000
  J03266695            JUNCTION       96.00          0.000        2.000
  J03266696            JUNCTION       96.00          0.000        2.000
  J03266698            JUNCTION       96.00          0.000        2.000
  J03380037            JUNCTION        1.85          0.808        0.792
  J03380096            JUNCTION        1.48          0.087        1.283
  J03380106            JUNCTION        0.56          0.062        1.328
  J03380120            JUNCTION        3.93          0.440        0.850
  J03380224            JUNCTION        2.26          0.102        1.598
  J03380228            JUNCTION        0.91          0.030        1.350
  J03380232            JUNCTION        1.81          0.070        1.260
  J03380236            JUNCTION        4.27          0.459        1.341
  J03380237            JUNCTION       85.14          0.563        0.507
  J03380238            JUNCTION       85.71          0.536        0.524
  J03380255            JUNCTION       96.00          0.000        2.000
  J03411079            JUNCTION        0.79          0.092        1.308
  
  
  *********************
  Node Flooding Summary
  *********************
  
  Flooding refers to all water that overflows a node, whether it ponds or not.
  --------------------------------------------------------------------------
                                                             Total   Maximum
                                 Maximum   Time of Max       Flood    Ponded
                        Hours       Rate    Occurrence      Volume     Depth
  Node                 Flooded       LPS   days hr:min    10^6 ltr    Meters
  --------------------------------------------------------------------------
  G03160065               0.45      3.20      0  14:00       0.003     0.000
  
  
  **********************
  Storage Volume Summary
  **********************
  
  ------------------------------------------------------------------------------------------------
                         Average    Avg   Evap  Exfil     Maximum    Max    Time of Max    Maximum
                          Volume   Pcnt   Pcnt   Pcnt      Volume   Pcnt     Occurrence    Outflow
  Storage Unit           1000 m³   Full   Loss   Loss     1000 m³   Full    days hr:min        LPS
  ------------------------------------------------------------------------------------------------
  PLANT_BUFFER             2.629    5.8    0.0    0.0      22.138   48.7       0  16:21    1968.98
  J03235088                0.398    1.7    0.0    0.0       6.007   25.1       0  14:08    1336.01
  J03262001                0.171    1.1    0.0    0.0       2.711   17.3       0  16:21     489.15
  J03260431                0.259    1.6    0.0    0.0       4.416   28.1       0  14:07    1055.17
  J03260174                0.164    1.2    0.0    0.0       2.714   20.2       0  14:02    1454.91
  J03260171                0.132    1.3    0.0    0.0       2.189   21.2       0  14:08     798.16
  J03235080                0.133    1.0    0.0    0.0       1.703   13.2       0  14:46     481.74
  J03190114                0.000    0.0    0.0    0.0       0.000    0.0       0  00:00       0.00
  J03193130                0.047    0.6    0.0    0.0       0.781    9.4       0  14:00     600.85
  J03193142                0.025    0.4    0.0    0.0       0.558    9.8       0  14:05     160.65
  J03235075                0.013    0.2    0.0    0.0       0.227    3.3       0  15:15     145.52
  J03411080                0.069    1.4    0.0    0.0       1.077   21.3       0  14:53     321.80
  J03191983                0.037    0.8    0.0    0.0       0.437    9.9       0  14:22     139.20
  
  
  ***********************
  Outfall Loading Summary
  ***********************
  
  -----------------------------------------------------------
                         Flow       Avg       Max       Total
                         Freq      Flow      Flow      Volume
  Outfall Node           Pcnt       LPS       LPS    10^6 ltr
  -----------------------------------------------------------
  J03260010             99.99    248.99   1511.59      58.269
  -----------------------------------------------------------
  System                99.99    248.99   1511.59      58.269
  
  
  ********************
  Link Flow Summary
  ********************
  
  -----------------------------------------------------------------------------
                                 Maximum  Time of Max   Maximum    Max/    Max/
                                  |Flow|   Occurrence   |Veloc|    Full    Full
  Link                 Type          LPS  days hr:min     m/sec    Flow   Depth
  -----------------------------------------------------------------------------
  34                   CONDUIT      0.00     0  00:00      0.00    0.00    0.00
  63                   CONDUIT      0.00     0  00:00      0.00    0.00    0.00
  95                   CONDUIT      0.00     0  00:00      0.00    0.00    0.00
  100                  CONDUIT      0.00     0  00:00      0.00    0.00    0.00
  129                  CONDUIT    356.29     0  14:02      1.39    0.55    0.88
  325                  CONDUIT     48.48     0  14:28      0.45    0.02    1.00
  783                  CONDUIT      0.00     0  00:00      0.00    0.00    0.00
  832                  CONDUIT     66.64     0  16:21      0.41    0.04    0.95
  841                  CONDUIT     71.38     0  15:40      0.23    0.09    0.77
  842                  CONDUIT      0.00     0  00:00      0.00    0.00    0.00
  1612                 CONDUIT     43.60     0  14:27      0.24    0.04    0.98
  1806                 CONDUIT      0.00     0  00:00      0.00    0.00    0.00
  1941                 CONDUIT      0.00     0  00:00      0.00    0.00    0.00
  2487                 CONDUIT    528.75     0  13:57      1.87    0.48    1.00
  2488                 CONDUIT    528.99     0  13:57      1.87    0.34    1.00
  2543                 CONDUIT      8.80     0  14:48      0.54    0.00    0.28
  2627                 CONDUIT    738.95     0  14:01      1.20    0.15    0.28
  2628                 CONDUIT      0.00     0  00:00      0.00    0.00    0.00
  2629                 CONDUIT      0.00     0  00:00      0.00    0.00    0.00
  2630                 CONDUIT      0.00     0  00:00      0.00    0.00    0.00
  2631                 CONDUIT      0.00     0  00:00      0.00    0.00    0.00
  2632                 CONDUIT      0.00     0  00:00      0.00    0.00    0.00
  2649                 CONDUIT      0.00     0  00:00      0.00    0.00    0.00
  2941                 CONDUIT      0.00     0  00:00      0.00    0.00    0.00
  3101                 CONDUIT    117.65     0  15:09      0.46    0.20    1.00
  3137                 CONDUIT      0.00     0  00:00      0.00    0.00    0.00
  3147                 CONDUIT    238.61     0  14:12      1.17    0.35    0.69
  3166                 CONDUIT   1257.63     0  14:00      1.44    0.19    0.38
  3332                 CONDUIT      0.00     0  00:00      0.00    0.00    0.00
  3334                 CONDUIT      0.00     0  00:00      0.00    0.00    0.00
  3335                 CONDUIT      9.89     0  15:17      0.59    0.12    0.19
  3336                 CONDUIT      0.00     0  00:00      0.00    0.00    0.00
  3339                 CONDUIT      0.00     0  00:00      0.00    0.00    0.00
  3369                 CONDUIT     13.45     0  14:01      0.07    0.01    0.68
  3370                 CONDUIT    733.21     0  13:57      0.63    0.23    0.52
  3372                 CONDUIT      0.00     0  00:00      0.00    0.00    0.00
  3424                 CONDUIT      5.02     0  14:07      0.25    0.09    0.25
  3459                 CONDUIT      0.00     0  00:00      0.00    0.00    0.00
  3553                 CONDUIT      0.00     0  00:00      0.00    0.00    0.00
  3572                 CONDUIT      0.00     0  00:00      0.00    0.00    0.00
  3578                 CONDUIT     37.59     0  15:16      1.23    0.15    1.00
  3580                 CONDUIT      0.00     0  00:00      0.00    0.00    0.00
  3586                 CONDUIT      0.00     0  00:00      0.00    0.00    0.00
  3590                 CONDUIT      0.00     0  00:00      0.00    0.00    0.00
  3591                 CONDUIT      0.00     0  00:00      0.00    0.00    0.00
  3596                 CONDUIT      0.00     0  00:00      0.00    0.00    0.00
  3673                 CONDUIT      0.00     0  00:00      0.00    0.00    0.11
  3679                 CONDUIT    141.33     0  14:15      1.51    0.30    0.37
  3716                 CONDUIT      2.20     0  00:40      0.44    0.02    0.15
  3755                 CONDUIT      0.00     0  00:00      0.00    0.00    0.00
  3774                 CONDUIT      2.20     0  00:35      0.59    0.01    0.08
  3781                 CONDUIT    157.42     0  14:10      1.95    0.15    0.34
  3808                 CONDUIT     88.49     0  15:40      0.25    0.16    0.84
  3826                 CONDUIT    131.85     0  14:25      0.39    0.22    0.65
  3827                 CONDUIT    133.77     0  14:35      0.59    0.50    0.75
  3832                 CONDUIT    113.50     0  15:04      0.95    0.53    1.00
  3864                 CONDUIT      0.00     0  00:00      0.00    0.00    0.00
  3904                 CONDUIT      0.00     0  00:00      0.00    0.00    0.00
  4236                 CONDUIT      0.00     0  00:00      0.00    0.00    0.00
  4245                 CONDUIT      0.00     0  00:00      0.00    0.00    0.00
  4268                 CONDUIT      0.00     0  00:00      0.00    0.00    0.00
  4271                 CONDUIT      0.00     0  00:00      0.00    0.00    0.00
  4273                 CONDUIT     96.17     0  14:48      1.65    0.15    0.26
  4291                 CONDUIT     96.13     0  14:47      1.80    0.11    0.24
  4292                 CONDUIT     93.78     0  14:47      1.56    0.14    0.27
  4293                 CONDUIT      0.00     0  00:00      0.00    0.00    0.00
  4294                 CONDUIT     93.49     0  14:47      1.49    0.18    0.27
  4476                 CONDUIT    366.92     0  14:03      1.93    0.75    0.65
  4486                 CONDUIT      0.00     0  00:00      0.00    0.00    0.00
  4518                 CONDUIT      9.89     0  15:18      0.40    0.12    0.25
  4520                 CONDUIT      0.00     0  00:00      0.00    0.00    0.00
  4533                 CONDUIT      0.00     0  00:00      0.00    0.00    0.00
  4617                 CONDUIT      0.00     0  00:00      0.00    0.00    0.16
  4644                 CONDUIT      9.87     0  15:27      0.91    0.02    0.10
  4680                 CONDUIT     33.08     0  15:24      0.91    0.22    0.33
  4691                 CONDUIT      0.00     0  00:00      0.00    0.00    0.00
  4714                 CONDUIT      0.00     0  00:00      0.00    0.00    0.00
  4783                 CONDUIT      9.23     0  14:48      0.10    0.00    0.36
  4983                 CONDUIT      5.88     0  14:06      0.83    0.04    0.31
  5044                 CONDUIT     54.67     0  15:39      0.34    0.04    0.55
  5066                 CONDUIT      0.00     0  00:00      0.00    0.00    0.00
  5183                 CONDUIT      2.20     0  00:11      0.60    0.01    0.07
  5262                 CONDUIT      0.00     0  00:00      0.00    0.00    0.00
  5289                 CONDUIT      0.00     0  00:00      0.00    0.00    0.00
  5327                 CONDUIT     13.06     0  13:36      0.72    0.01    0.72
  5328                 CONDUIT      0.00     0  00:00      0.00    0.00    0.00
  5329                 CONDUIT      2.20     0  12:13      0.22    0.02    0.13
  5372                 CONDUIT     47.46     0  14:10      1.74    0.05    0.15
  5379                 CONDUIT      0.00     0  00:00      0.00    0.00    0.00
  5383                 CONDUIT     48.95     0  14:09      0.56    0.12    0.36
  5564                 CONDUIT    471.00     0  14:07      1.77    0.29    0.65
  5646                 CONDUIT      0.00     0  00:00      0.00    0.00    0.00
  5734                 CONDUIT      2.99     0  14:02      0.37    0.01    0.98
  5754                 CONDUIT      0.00     0  00:00      0.00    0.00    0.00
  5796                 CONDUIT      0.00     0  00:00      0.00    0.00    0.00
  5799                 CONDUIT      0.00     0  00:00      0.00    0.00    0.00
  5884                 CONDUIT      0.00     0  00:00      0.00    0.00    0.07
  5963                 CONDUIT   1258.11     0  14:01      0.81    0.18    0.61
  6198                 CONDUIT    508.12     0  13:57      7.15    0.46    1.00
  6200                 CONDUIT     46.90     0  14:12      1.00    0.08    0.23
  6935                 CONDUIT    114.02     0  14:11      1.51    0.23    0.59
  7035                 CONDUIT    504.86     0  13:57      7.14    2.39    1.00
  7084                 CONDUIT     95.98     0  14:48      1.11    0.14    0.35
  7105                 CONDUIT      0.00     0  00:00      0.00    0.00    0.00
  7282                 CONDUIT      0.00     0  00:00      0.00    0.00    0.00
  7373                 CONDUIT      0.00     0  00:00      0.00    0.00    0.00
  7495                 CONDUIT      0.00     0  00:00      0.00    0.00    0.00
  7498                 CONDUIT      0.00     0  00:00      0.00    0.00    0.00
  8063                 CONDUIT    269.48     0  13:41      1.45    0.84    0.96
  8274                 CONDUIT    114.31     0  14:11      1.15    0.62    0.74
  8293                 CONDUIT      0.00     0  00:00      0.00    0.00    0.00
  8294                 CONDUIT      0.00     0  00:00      0.00    0.00    0.00
  8295                 CONDUIT      0.00     0  00:00      0.00    0.00    0.00
  8305                 CONDUIT     26.03     0  12:20      0.03    0.00    0.55
  8423                 CONDUIT      1.45     0  15:26      0.44    0.00    0.01
  8614                 CONDUIT      6.82     0  00:00      0.86    0.05    0.19
  8670                 CONDUIT      9.89     0  15:18      0.44    0.12    0.23
  8894                 CONDUIT    365.03     0  14:02      1.30    0.54    0.99
  9134                 CONDUIT     47.11     0  14:14      1.24    0.07    0.19
  9700                 CONDUIT    528.52     0  13:57      1.87    0.45    1.00
  9703                 CONDUIT     33.08     0  15:23      0.43    0.04    0.36
  9704                 CONDUIT     33.08     0  15:23      0.27    0.04    0.30
  9736                 CONDUIT      0.00     0  00:00      0.00    0.00    0.00
  10024                CONDUIT      0.00     0  00:00      0.00    0.00    0.00
  10072                CONDUIT      5.07     0  00:15      0.12    0.00    0.52
  10076                CONDUIT     37.60     0  15:15      0.41    0.17    0.69
  10117                CONDUIT      0.00     0  00:00      0.00    0.00    0.00
  10119                CONDUIT      0.00     0  00:00      0.00    0.00    0.01
  10124                CONDUIT   1257.55     0  14:00      1.31    0.04    0.53
  10130                CONDUIT      0.18     0  15:59      0.02    0.00    0.36
  10138                CONDUIT     12.20     0  15:25      0.48    0.02    0.97
  10144                CONDUIT      0.15     0  15:17      0.04    0.00    0.61
  10146                CONDUIT   1257.61     0  14:00      1.21    0.18    0.46
  10148                CONDUIT      0.00     0  00:00      0.00    0.00    0.02
  10158                CONDUIT      0.00     0  00:00      0.00    0.00    0.00
  10159                CONDUIT      0.00     0  00:00      0.00    0.00    0.50
  10161                CONDUIT      0.00     0  00:00      0.00    0.00    0.00
  10162                CONDUIT      0.00     0  00:00      0.00    0.00    0.01
  10164                CONDUIT   1257.49     0  14:00      1.34    0.34    0.41
  10211                CONDUIT   1257.66     0  13:59      1.44    0.15    0.39
  10242                CONDUIT   1257.73     0  13:59      1.30    0.21    0.43
  10264                CONDUIT    368.15     0  14:02      1.32    0.83    0.96
  10284                CONDUIT      0.00     0  00:00      0.00    0.00    0.00
  10363                CONDUIT      0.00     0  00:00      0.00    0.00    0.00
  10405                CONDUIT      0.00     0  00:00      0.00    0.00    0.00
  10464                CONDUIT      0.00     0  00:00      0.00    0.00    0.00
  10601                CONDUIT    133.31     0  14:26      0.77    0.49    0.59
  10602                CONDUIT      0.00     0  00:00      0.00    0.00    0.00
  10605                CONDUIT      0.00     0  00:00      0.00    0.00    0.34
  10607                CONDUIT    506.20     0  13:48      0.86    0.18    0.71
  10608                CONDUIT      0.00     0  00:00      0.00    0.00    0.00
  10671                CONDUIT      1.46     0  15:26      0.36    0.01    0.07
  10690                CONDUIT      4.36     0  01:50      0.71    0.00    0.75
  10691                CONDUIT     96.11     0  14:48      1.52    0.13    0.28
  10744                CONDUIT     33.11     0  15:17      0.79    0.14    0.26
  10746                CONDUIT     33.11     0  15:17      1.43    0.15    0.24
  10833                CONDUIT     95.53     0  14:47      1.03    0.30    0.36
  10845                CONDUIT    471.00     0  14:07      5.31    2.39    1.00
  10879                CONDUIT      0.00     0  00:00      0.00    0.00    0.00
  11139                CONDUIT      0.00     0  00:00      0.00    0.00    0.16
  11172                CONDUIT      0.00     0  00:00      0.00    0.00    0.00
  11209                CONDUIT      0.00     0  00:00      0.00    0.00    0.00
  12024                CONDUIT      0.00     0  00:00      0.00    0.00    0.00
  12611                CONDUIT    471.00     0  14:07      1.22    0.17    1.00
  12612                CONDUIT      0.00     0  00:00      0.00    0.00    0.00
  12613                CONDUIT      0.00     0  00:00      0.00    0.00    0.00
  12615                CONDUIT      0.00     0  00:00      0.00    0.00    0.00
  12620                CONDUIT      0.00     0  00:00      0.00    0.00    0.11
  12621                CONDUIT      0.00     0  00:00      0.00    0.00    0.00
  12622                CONDUIT      0.00     0  00:00      0.00    0.00    0.00
  12633                CONDUIT    145.40     0  14:01      0.91    0.33    0.76
  12636                CONDUIT    114.20     0  14:21      0.27    0.03    0.84
  12637                CONDUIT      4.83     0  13:37      0.17    0.02    0.94
  12638                CONDUIT      0.00     0  00:00      0.00    0.00    0.00
  12643                CONDUIT      0.00     0  00:00      0.00    0.00    0.00
  12644                CONDUIT      0.00     0  00:00      0.00    0.00    0.00
  12649                CONDUIT     47.64     0  14:09      1.12    0.08    0.21
  12650                CONDUIT    113.85     0  14:11      0.23    0.11    1.00
  12652                CONDUIT    113.68     0  14:11      0.34    0.43    1.00
  12653                CONDUIT     47.49     0  14:10      1.19    0.04    0.20
  12654                CONDUIT     97.46     0  14:49      1.29    0.18    0.31
  12656                CONDUIT    134.68     0  14:24      0.37    0.33    0.95
  12660                CONDUIT     94.62     0  13:42      0.75    0.16    0.89
  12661                CONDUIT      0.00     0  00:00      0.00    0.00    0.00
  12662                CONDUIT      0.00     0  00:00      0.00    0.00    0.00
  12663                CONDUIT      0.00     0  00:00      0.00    0.00    0.00
  12664                CONDUIT     44.27     0  12:34      0.42    0.04    0.86
  12665                CONDUIT     36.59     0  12:35      0.27    0.05    0.89
  12668                CONDUIT    528.54     0  13:57      1.87    1.17    1.00
  12673                CONDUIT      0.00     0  00:00      0.00    0.00    0.50
  12676                CONDUIT      0.00     0  00:00      0.00    0.00    0.18
  12678                CONDUIT      7.55     0  14:26      0.22    0.01    0.80
  12679                CONDUIT      0.00     0  00:00      0.00    0.00    0.50
  12681                CONDUIT    269.44     0  13:41      1.95    0.51    0.80
  12682                CONDUIT      5.79     0  13:37      0.12    0.01    1.00
  12683                CONDUIT    269.32     0  13:41      4.58    0.23    0.87
  12685                CONDUIT    145.45     0  14:01      2.90    0.17    0.30
  12686                CONDUIT    145.44     0  14:01      2.94    0.19    0.30
  12687                CONDUIT    145.33     0  14:01      0.80    0.35    0.88
  12688                CONDUIT    145.46     0  14:01      0.74    0.25    1.00
  12690                CONDUIT    132.33     0  14:25      0.40    0.23    0.74
  12691                CONDUIT    145.50     0  14:00      1.53    0.44    0.49
  12692                CONDUIT    145.47     0  14:00      1.44    0.19    0.41
  12694                CONDUIT   1258.51     0  14:01      0.73    0.19    0.67
  12697                CONDUIT      5.42     0  14:06      0.36    0.05    0.36
  12698                CONDUIT    145.39     0  14:01      0.74    0.29    1.00
  12699                CONDUIT      6.84     0  13:59      0.72    0.01    0.40
  12700                CONDUIT      6.01     0  13:41      0.44    0.00    0.51
  12760                CONDUIT    157.08     0  14:46      5.00    1.83    1.00
  12761                CONDUIT    648.67     0  14:04      9.18    5.64    1.00
  12865                CONDUIT     80.00     0  15:40      0.32    0.33    0.77
  12866                CONDUIT      8.77     0  14:48      0.26    0.01    0.35
  12870                CONDUIT      0.00     0  00:00      0.00    0.00    0.00
  12871                CONDUIT      0.00     0  00:00      0.00    0.00    0.00
  12872                CONDUIT      0.00     0  00:00      0.00    0.00    0.00
  12873                CONDUIT    306.08     0  14:09      0.69    0.08    0.87
  12874                CONDUIT      7.40     0  13:00      0.23    0.01    0.52
  12875                CONDUIT    133.70     0  14:33      0.66    0.13    0.47
  12876                CONDUIT    132.90     0  14:34      0.89    0.04    0.41
  12877                CONDUIT      0.00     0  00:00      0.00    0.00    0.00
  12878                CONDUIT      0.00     0  00:00      0.00    0.00    0.00
  12880                CONDUIT      0.00     0  00:00      0.00    0.00    0.00
  12884                CONDUIT    133.26     0  14:35      0.68    0.49    0.65
  12888                CONDUIT      0.00     0  00:00      0.00    0.00    0.00
  12889                CONDUIT      0.00     0  00:00      0.00    0.00    0.00
  12890                CONDUIT      0.00     0  00:00      0.00    0.00    0.00
  12892                CONDUIT      0.00     0  00:00      0.00    0.00    0.00
  12893                CONDUIT      0.00     0  00:00      0.00    0.00    0.00
  12894                CONDUIT      0.00     0  00:00      0.00    0.00    0.00
  12895                CONDUIT      0.00     0  00:00      0.00    0.00    0.00
  12897                CONDUIT    135.45     0  14:28      0.90    0.19    1.00
  12903                CONDUIT      0.00     0  00:00      0.00    0.00    0.00
  12904                CONDUIT      0.00     0  00:00      0.00    0.00    0.00
  12907                CONDUIT      9.89     0  15:18      0.39    0.11    0.26
  12940                CONDUIT     33.11     0  15:18      0.42    0.09    0.31
  12942                CONDUIT      0.00     0  00:00      0.00    0.00    0.00
  12978                CONDUIT    365.27     0  14:02      1.38    0.46    0.89
  12979                CONDUIT      0.00     0  00:00      0.00    0.00    0.00
  12980                CONDUIT    360.50     0  14:02      1.45    1.04    0.85
  12982                CONDUIT    242.56     0  14:03      1.20    0.54    0.68
  12983                CONDUIT    367.71     0  14:03      1.86    0.49    0.68
  12986                CONDUIT      0.00     0  00:00      0.00    0.00    0.00
  12987                CONDUIT      0.00     0  00:00      0.00    0.00    0.00
  12988                CONDUIT      0.00     0  00:00      0.00    0.00    0.00
  12989                CONDUIT      0.00     0  00:00      0.00    0.00    0.00
  12990                CONDUIT      0.00     0  00:00      0.00    0.00    0.00
  12991                CONDUIT      0.00     0  00:00      0.00    0.00    0.00
  12993                CONDUIT    433.14     0  14:08      1.53    0.76    1.00
  12994                CONDUIT    433.14     0  14:08      1.53    0.74    1.00
  12995                CONDUIT    433.48     0  14:09      1.05    0.80    0.82
  12996                CONDUIT    433.48     0  14:09      1.22    0.12    0.71
  12998                CONDUIT    433.14     0  14:09      1.53    0.69    1.00
  13000                CONDUIT    433.14     0  14:08      1.53    1.29    1.00
  13298                CONDUIT      9.19     0  12:44      0.31    0.01    1.00
  13357                CONDUIT     10.80     0  15:25      0.82    0.02    0.69
  13491                CONDUIT      0.00     0  00:00      0.00    0.00    0.22
  13492                CONDUIT      9.88     0  15:22      0.58    0.12    0.19
  13493                CONDUIT      9.87     0  15:27      0.53    0.06    0.15
  13494                CONDUIT      9.88     0  15:25      0.53    0.06    0.15
  13496                CONDUIT      0.00     0  00:00      0.00    0.00    0.00
  13512                CONDUIT    113.85     0  14:11      0.32    0.11    1.00
  13513                CONDUIT      0.31     0  07:19      0.32    0.00    1.00
  13524                CONDUIT      0.00     0  00:00      0.00    0.00    0.00
  13525                CONDUIT     96.42     0  14:48      0.90    0.43    0.40
  13560                CONDUIT      0.00     0  00:00      0.00    0.00    0.00
  13562                CONDUIT      0.00     0  00:00      0.00    0.00    0.00
  13569                CONDUIT      2.26     0  14:33      0.65    0.03    0.43
  13643                CONDUIT      0.00     0  00:00      0.00    0.00    0.00
  13801                CONDUIT     96.30     0  14:49      1.45    0.19    0.29
  13802                CONDUIT      1.40     0  12:34      0.04    0.01    1.00
  13820                CONDUIT     33.11     0  15:17      0.74    0.16    0.28
  13821                CONDUIT      0.00     0  00:00      0.00    0.00    0.00
  13936                CONDUIT      0.00     0  00:00      0.00    0.00    0.00
  13937                CONDUIT    113.75     0  14:12      1.32    1.12    0.65
  14073                CONDUIT      0.00     0  00:00      0.00    0.00    0.00
  14080                CONDUIT    380.24     0  14:01      1.80    1.11    0.72
  14101                CONDUIT    132.83     0  14:34      0.39    0.23    0.70
  14137                CONDUIT     65.58     0  16:21      0.41    0.04    0.93
  14141                CONDUIT     64.63     0  16:21      0.44    0.06    1.00
  14208                CONDUIT      1.86     0  14:07      0.09    0.01    0.85
  14270                CONDUIT    367.77     0  14:08      2.55    0.44    0.52
  14272                CONDUIT    362.03     0  14:02      2.63    0.49    0.50
  14472                CONDUIT    240.27     0  14:19      1.01    0.46    0.79
  14475                CONDUIT      0.00     0  00:00      0.00    0.00    0.00
  14478                CONDUIT     94.29     0  14:50      0.56    0.21    0.58
  14574                CONDUIT    362.03     0  14:08      2.25    0.46    0.56
  14707                CONDUIT      0.00     0  00:00      0.00    0.00    0.00
  14739                CONDUIT   1258.14     0  14:01      3.01    0.13    0.18
  14745                CONDUIT    114.86     0  14:23      0.87    0.05    0.58
  14749                CONDUIT     15.00     0  13:33      0.43    0.03    0.49
  14765                CONDUIT      2.20     0  12:12      0.44    0.02    0.08
  14950                CONDUIT      0.00     0  00:00      0.00    0.00    0.00
  15152                CONDUIT      0.00     0  00:00      0.00    0.00    0.00
  15171                CONDUIT     37.60     0  15:16      0.30    0.17    1.00
  15187                CONDUIT      0.00     0  00:00      0.00    0.00    0.00
  15242                CONDUIT    247.30     0  14:11      2.56    0.61    0.37
  15277                CONDUIT     37.60     0  15:15      0.36    0.38    0.79
  15281                CONDUIT     96.73     0  14:49      1.48    0.15    0.28
  15332                CONDUIT     33.11     0  15:16      1.14    0.15    0.28
  15333                CONDUIT      0.00     0  00:00      0.00    0.00    0.00
  15362                CONDUIT    433.14     0  14:08      1.53    1.77    1.00
  15806                CONDUIT     34.62     0  14:28      0.25    0.03    0.94
  16419                CONDUIT     24.72     0  12:44      0.27    0.00    0.71
  16476                CONDUIT    113.50     0  15:04      0.90    0.41    1.00
  16575                CONDUIT      0.00     0  00:00      0.00    0.00    0.00
  16654                CONDUIT     71.26     0  16:21      0.41    0.04    1.00
  16672                CONDUIT     63.17     0  15:39      0.30    0.26    0.71
  16865                CONDUIT      0.00     0  00:00      0.00    0.00    0.00
  16887                CONDUIT      0.00     0  00:00      0.00    0.00    0.00
  16908                CONDUIT      0.00     0  00:00      0.00    0.00    0.00
  16909                CONDUIT      0.00     0  00:00      0.00    0.00    0.00
  17523                CONDUIT    113.78     0  14:12      1.99    0.44    0.46
  17571                CONDUIT     17.30     0  12:44      0.33    0.02    1.00
  17580                CONDUIT      5.43     0  14:17      0.03    0.00    0.98
  17703                CONDUIT      0.00     0  00:00      0.00    0.00    0.00
  17714                CONDUIT     37.60     0  15:15      0.38    0.26    0.73
  17715                CONDUIT      6.74     0  00:00      1.42    0.01    0.32
  17766                CONDUIT      0.00     0  00:00      0.00    0.00    0.00
  17896                CONDUIT      9.87     0  15:27      0.69    0.01    0.13
  17908                CONDUIT     37.60     0  15:15      0.82    0.19    0.39
  17926                CONDUIT      0.00     0  00:00      0.00    0.00    0.00
  17953                CONDUIT    145.51     0  14:00      0.74    0.29    1.00
  18020                CONDUIT      0.00     0  00:00      0.00    0.00    0.00
  18084                CONDUIT    114.99     0  14:21      0.71    0.05    0.64
  18113                CONDUIT      0.00     0  00:00      0.00    0.00    0.00
  18330                CONDUIT    113.92     0  14:11      1.48    0.23    0.59
  18338                CONDUIT     26.14     0  14:27      0.25    0.02    0.89
  18383                CONDUIT      0.00     0  00:00      0.00    0.00    0.00
  18387                CONDUIT    113.85     0  14:11      1.61    0.44    1.00
  18389                CONDUIT      0.00     0  00:00      0.00    0.00    0.00
  18423                CONDUIT      0.00     0  00:00      0.00    0.00    0.00
  18530                CONDUIT     16.31     0  14:27      0.25    0.02    0.85
  19043                CONDUIT      1.28     0  13:30      0.21    0.01    0.79
  19132                CONDUIT      5.84     0  16:18      1.29    0.01    0.85
  19193                CONDUIT     93.98     0  14:07      0.83    0.03    0.92
  19227                CONDUIT      5.62     0  16:18      0.62    0.03    0.56
  19440                CONDUIT      0.00     0  00:00      0.00    0.00    0.00
  19717                CONDUIT    529.44     0  13:57      1.87    0.24    1.00
  19838                CONDUIT     37.59     0  15:16      0.57    0.27    1.00
  19850                CONDUIT     37.60     0  15:16      0.66    0.01    0.83
  19910                CONDUIT      0.00     0  00:00      0.00    0.00    0.00
  20466                CONDUIT      0.00     0  00:00      0.00    0.00    0.00
  20474                CONDUIT    528.51     0  14:00      1.87    0.56    1.00
  20518                CONDUIT     33.09     0  15:21      0.82    0.19    0.36
  20519                CONDUIT      0.00     0  00:00      0.00    0.00    0.00
  20520                CONDUIT     33.09     0  15:21      0.96    0.14    0.32
  20521                CONDUIT      0.00     0  00:00      0.00    0.00    0.00
  20529                CONDUIT      0.00     0  00:00      0.00    0.00    0.00
  20530                CONDUIT     33.10     0  15:19      0.70    0.52    0.40
  20531                CONDUIT     33.10     0  15:18      0.82    0.11    0.36
  20532                CONDUIT     33.08     0  15:24      1.20    0.40    0.27
  20534                CONDUIT      9.88     0  15:18      0.44    0.11    0.24
  20535                CONDUIT      0.00     0  00:00      0.00    0.00    0.00
  20536                CONDUIT      0.00     0  00:00      0.00    0.00    0.00
  20538                CONDUIT      9.88     0  15:19      0.50    0.12    0.21
  20539                CONDUIT      9.88     0  15:19      0.58    0.12    0.19
  20540                CONDUIT      0.00     0  00:00      0.00    0.00    0.00
  20541                CONDUIT      0.00     0  00:00      0.00    0.00    0.00
  20542                CONDUIT      0.00     0  00:00      0.00    0.00    0.00
  20543                CONDUIT      9.89     0  15:17      0.72    0.45    0.32
  20544                CONDUIT      0.00     0  00:00      0.00    0.00    0.00
  20545                CONDUIT      9.89     0  15:17      0.70    0.42    0.33
  20546                CONDUIT      0.00     0  00:00      0.00    0.00    0.44
  20547                CONDUIT      0.00     0  00:00      0.00    0.00    0.00
  20548                CONDUIT      9.89     0  15:17      0.60    0.40    0.37
  20549                CONDUIT     33.11     0  15:18      1.04    0.20    0.30
  20550                CONDUIT     33.11     0  15:18      0.76    0.22    0.38
  20560                CONDUIT     33.08     0  15:24      0.33    0.04    0.42
  20569                CONDUIT     33.09     0  15:22      0.83    0.19    0.35
  20570                CONDUIT     33.09     0  15:22      0.76    0.59    0.38
  20571                CONDUIT     33.08     0  15:24      0.46    0.05    0.30
  20573                CONDUIT      9.88     0  15:22      0.26    0.06    0.25
  20577                CONDUIT      0.65     0  12:58      0.02    0.00    1.00
  20578                CONDUIT      9.87     0  15:27      1.71    0.01    0.22
  20579                CONDUIT      9.87     0  15:27      0.60    0.06    0.14
  20582                CONDUIT      0.00     0  00:00      0.00    0.00    0.00
  20584                CONDUIT      9.87     0  15:25      0.56    0.01    0.15
  20592                CONDUIT      4.68     0  01:50      0.04    0.00    0.97
  20594                CONDUIT      3.44     0  12:59      0.03    0.00    0.92
  20605                CONDUIT      9.88     0  15:23      0.55    0.06    0.15
  20606                CONDUIT      9.88     0  15:22      0.23    0.06    0.27
  20609                CONDUIT      0.00     0  00:00      0.00    0.00    0.00
  20611                CONDUIT      9.87     0  15:27      0.95    0.02    0.10
  20613                CONDUIT      9.87     0  15:26      0.83    0.02    0.11
  20615                CONDUIT      9.87     0  15:26      1.04    0.01    0.09
  20616                CONDUIT      9.87     0  15:26      1.37    0.01    0.08
  20618                CONDUIT      9.87     0  15:26      0.45    0.02    0.17
  20619                CONDUIT      9.87     0  15:25      0.62    0.03    0.14
  20622                CONDUIT     33.09     0  15:21      0.60    0.23    0.45
  20623                CONDUIT      9.88     0  15:24      0.76    0.02    0.12
  20624                CONDUIT      9.88     0  15:24      0.44    0.06    0.17
  20627                CONDUIT      9.88     0  15:24      0.44    0.07    0.17
  20628                CONDUIT      9.88     0  15:23      0.44    0.06    0.17
  20636                CONDUIT      0.00     0  00:00      0.00    0.00    0.00
  20637                CONDUIT     33.17     0  12:35      0.47    0.04    0.94
  20638                CONDUIT     29.32     0  12:35      0.49    0.06    0.84
  20639                CONDUIT     22.56     0  12:35      0.22    0.03    0.87
  20640                CONDUIT      1.64     0  12:33      0.04    0.00    1.00
  20641                CONDUIT      0.00     0  00:00      0.00    0.00    0.00
  20643                CONDUIT      0.00     0  00:00      0.00    0.00    0.00
  20644                CONDUIT      0.00     0  00:00      0.00    0.00    0.00
  20645                CONDUIT     47.48     0  14:10      1.49    0.08    0.17
  20646                CONDUIT      0.00     0  00:00      0.00    0.00    0.00
  20647                CONDUIT     79.17     0  13:24      0.42    0.08    0.89
  20648                CONDUIT     83.97     0  13:42      0.58    0.14    1.00
  20655                CONDUIT      0.00     0  00:00      0.00    0.00    0.00
  20683                CONDUIT      0.00     0  00:00      0.00    0.00    0.00
  20777                CONDUIT    141.43     0  14:14      1.44    0.18    0.38
  20821                CONDUIT      0.00     0  00:00      0.00    0.00    0.00
  20913                CONDUIT      0.00     0  00:00      0.00    0.00    0.00
  20942                CONDUIT    471.00     0  14:07      1.82    0.37    0.86
  20944                CONDUIT      0.00     0  00:00      0.00    0.00    0.00
  20945                CONDUIT   1265.59     0  14:02      8.77    0.12    1.00
  20946                CONDUIT   1257.87     0  14:01      1.73    0.55    0.32
  20953                CONDUIT      0.00     0  00:00      0.00    0.00    0.00
  20954                CONDUIT      0.00     0  00:00      0.00    0.00    0.00
  20956                CONDUIT    239.63     0  14:12      0.96    0.36    0.83
  20962                CONDUIT      0.00     0  00:00      0.00    0.00    0.00
  20992                CONDUIT      0.00     0  00:00      0.00    0.00    0.00
  20993                CONDUIT      0.00     0  00:00      0.00    0.00    0.00
  21040                CONDUIT      0.00     0  00:00      0.00    0.00    0.00
  21712                CONDUIT      3.05     0  00:58      0.28    0.00    1.00
  21714                CONDUIT    113.84     0  14:11      0.42    0.09    1.00
  21715                CONDUIT      0.00     0  00:00      0.00    0.00    0.00
  21742                CONDUIT     13.44     0  12:44      0.32    0.01    1.00
  21744                CONDUIT      5.38     0  12:44      0.31    0.01    1.00
  21746                CONDUIT    145.43     0  14:01      2.23    0.21    0.37
  21747                CONDUIT    145.43     0  14:01      1.35    0.63    0.54
  21748                CONDUIT    145.42     0  14:01      0.81    0.41    0.85
  21749                CONDUIT    145.41     0  14:01      1.08    0.19    0.95
  21750                CONDUIT    145.41     0  14:01      0.98    0.24    0.89
  21754                CONDUIT    145.40     0  14:01      0.92    0.61    0.75
  21757                CONDUIT      0.00     0  00:00      0.00    0.00    0.50
  21759                CONDUIT    145.39     0  14:01      0.81    0.49    0.96
  21760                CONDUIT    269.52     0  13:41      1.38   11.28    1.00
  21762                CONDUIT     73.56     0  16:21      0.40    0.04    1.00
  21763                CONDUIT      0.00     0  00:00      0.00    0.00    0.00
  21764                CONDUIT      0.00     0  00:00      0.00    0.00    0.00
  21765                CONDUIT      0.00     0  00:00      0.00    0.00    0.00
  21766                CONDUIT    112.96     0  14:21      0.15    0.04    0.94
  21767                CONDUIT      0.00     0  00:00      0.00    0.00    0.50
  21769                CONDUIT    117.81     0  15:09      0.36    0.07    1.00
  21770                CONDUIT      1.96     0  14:08      0.03    0.01    0.69
  21771                CONDUIT    117.94     0  15:09      0.38    0.07    1.00
  21772                CONDUIT      0.00     0  00:00      0.00    0.00    0.00
  21773                CONDUIT      0.00     0  00:00      0.00    0.00    0.00
  21774                CONDUIT      0.00     0  00:00      0.00    0.00    0.00
  21778                CONDUIT      0.00     0  00:00      0.00    0.00    0.00
  21780                CONDUIT      3.60     0  13:32      0.14    0.00    0.80
  21781                CONDUIT      0.00     0  00:00      0.00    0.00    0.00
  21784                CONDUIT      0.00     0  00:00      0.00    0.00    0.00
  21786                CONDUIT      0.00     0  00:00      0.00    0.00    0.00
  21787                CONDUIT     47.30     0  14:09      0.61    0.08    0.32
  21788                CONDUIT     72.58     0  16:21      0.41    0.04    1.00
  21789                CONDUIT    113.70     0  14:11      0.32    0.17    1.00
  21792                CONDUIT     74.83     0  13:24      0.42    0.07    0.94
  21793                CONDUIT      0.00     0  00:00      0.00    0.00    0.00
  21796                CONDUIT     70.09     0  13:24      0.42    0.07    0.98
  21799                CONDUIT      2.08     0  12:34      0.40    0.12    0.66
  21800                CONDUIT      1.40     0  13:36      0.03    0.00    0.89
  21803                CONDUIT     65.83     0  13:25      0.42    0.06    1.00
  21805                CONDUIT     63.01     0  16:21      0.42    0.06    1.00
  21806                CONDUIT     69.21     0  16:21      0.41    0.04    0.98
  21812                CONDUIT      0.00     0  00:00      0.00    0.00    0.00
  21814                CONDUIT      0.00     0  00:00      0.00    0.00    0.00
  21815                CONDUIT    134.20     0  14:24      0.31    0.13    0.62
  21817                CONDUIT      0.00     0  00:00      0.00    0.00    0.00
  21820                CONDUIT    113.50     0  15:04      0.58    0.34    1.00
  21821                CONDUIT    113.50     0  15:04      0.90    0.20    1.00
  21822                CONDUIT     86.66     0  13:42      0.66    0.15    0.99
  21823                CONDUIT     90.40     0  13:43      0.71    0.16    0.96
  21824                CONDUIT      0.00     0  00:00      0.00    0.00    0.00
  21826                CONDUIT    113.66     0  14:11      0.26    0.43    1.00
  21827                CONDUIT     28.54     0  13:35      0.32    0.04    0.90
  21828                CONDUIT     49.31     0  12:34      0.30    0.06    0.98
  21829                CONDUIT    528.57     0  13:57      1.87    0.59    1.00
  21830                CONDUIT    528.74     0  13:57      1.87    0.37    1.00
  21832                CONDUIT     26.46     0  13:34      0.27    0.05    0.93
  21833                CONDUIT     21.04     0  13:34      0.18    0.70    0.97
  21835                CONDUIT      0.00     0  00:00      0.00    0.00    0.00
  21836                CONDUIT      0.00     0  00:00      0.00    0.00    0.00
  21838                CONDUIT      0.00     0  00:00      0.00    0.00    0.00
  21839                CONDUIT      0.00     0  00:00      0.00    0.00    0.00
  21840                CONDUIT      5.67     0  14:01      0.14    0.01    0.30
  21841                CONDUIT      0.00     0  00:00      0.00    0.00    0.27
  21844                CONDUIT      0.00     0  00:00      0.00    0.00    0.00
  21845                CONDUIT    528.59     0  13:57      1.87    1.79    1.00
  21846                CONDUIT    528.56     0  13:57      1.87    0.60    1.00
  21847                CONDUIT    528.51     0  14:00      1.87    1.02    1.00
  21848                CONDUIT    528.63     0  13:57      1.87    0.30    1.00
  21851                CONDUIT      0.00     0  00:00      0.00    0.00    0.00
  21852                CONDUIT      0.00     0  00:00      0.00    0.00    0.00
  21854                CONDUIT     58.65     0  12:22      0.53    0.03    0.97
  21858                CONDUIT   1258.58     0  14:02      1.08    0.06    0.46
  21859                CONDUIT   1258.14     0  14:01      1.40    0.02    0.39
  21862                CONDUIT      8.20     0  13:32      0.61    0.01    0.30
  21864                CONDUIT      0.00     0  00:00      0.00    0.00    0.50
  21866                CONDUIT      3.48     0  14:09      0.79    0.01    0.24
  22116                CONDUIT      0.00     0  00:00      0.00    0.00    0.00
  22117                CONDUIT      0.00     0  00:00      0.00    0.00    0.00
  22282                CONDUIT      0.00     0  00:00      0.00    0.00    0.00
  22575                CONDUIT      0.00     0  00:00      0.00    0.00    0.00
  22576                CONDUIT      0.00     0  00:00      0.00    0.00    0.00
  22580                CONDUIT      0.00     0  00:00      0.00    0.00    0.12
  22581                CONDUIT      0.00     0  00:00      0.00    0.00    0.00
  22582                CONDUIT    133.34     0  14:27      1.42    0.49    0.37
  22583                CONDUIT      0.00     0  00:00      0.00    0.00    0.00
  22585                CONDUIT      0.00     0  00:00      0.00    0.00    0.00
  22586                CONDUIT    131.19     0  14:34      1.54    0.11    0.43
  22587                CONDUIT    123.65     0  14:08      1.12    0.12    1.00
  22588                CONDUIT    134.36     0  14:32      1.05    0.03    1.00
  22589                CONDUIT    125.59     0  14:08      1.30    0.13    0.94
  22590                CONDUIT      1.81     0  13:51      0.01    0.00    0.86
  22591                CONDUIT      0.79     0  14:41      0.28    0.01    0.17
  22592                CONDUIT      0.00     0  00:00      0.00    0.00    0.05
  22596                CONDUIT      0.00     0  00:00      0.00    0.00    0.00
  22597                CONDUIT      0.00     0  00:00      0.00    0.00    0.00
  22598                CONDUIT      0.00     0  00:00      0.00    0.00    0.00
  22599                CONDUIT      0.00     0  00:00      0.00    0.00    0.00
  22601                CONDUIT      0.00     0  00:00      0.00    0.00    0.00
  22605                CONDUIT     45.98     0  15:38      0.82    0.08    0.41
  22606                CONDUIT      2.82     0  15:39      0.30    0.00    0.41
  22607                CONDUIT     22.43     0  15:38      0.27    0.03    0.66
  22608                CONDUIT      0.00     0  00:00      0.00    0.00    0.00
  22609                CONDUIT      0.00     0  00:00      0.00    0.00    0.00
  22611                CONDUIT      0.00     0  00:00      0.00    0.00    0.09
  22612                CONDUIT    132.25     0  14:34      0.93    0.17    0.40
  22613                CONDUIT      0.00     0  00:00      0.00    0.00    0.00
  22614                CONDUIT      1.01     0  12:54      0.07    0.00    0.88
  22616                CONDUIT    132.99     0  14:36      0.48    0.16    1.00
  22617                CONDUIT      0.00     0  00:00      0.00    0.00    0.00
  22618                CONDUIT      0.00     0  00:00      0.00    0.00    0.00
  22621                CONDUIT      0.00     0  00:00      0.00    0.00    0.00
  22640                CONDUIT      0.00     0  00:00      0.00    0.00    0.00
  22643                CONDUIT      0.00     0  00:00      0.00    0.00    0.00
  22653                CONDUIT      0.00     0  00:00      0.00    0.00    0.00
  22654                CONDUIT      0.00     0  00:00      0.00    0.00    0.06
  22656                CONDUIT      0.00     0  00:00      0.00    0.00    0.00
  22658                CONDUIT      0.00     0  00:00      0.00    0.00    0.00
  22659                CONDUIT      0.00     0  00:00      0.00    0.00    0.00
  22660                CONDUIT    132.78     0  14:28      0.71    0.17    1.00
  22789                CONDUIT      0.00     0  00:00      0.00    0.00    0.00
  22790                CONDUIT      0.00     0  00:00      0.00    0.00    0.00
  22794                CONDUIT      0.00     0  00:00      0.00    0.00    0.00
  22795                CONDUIT      0.00     0  00:00      0.00    0.00    0.00
  22796                CONDUIT      0.00     0  00:00      0.00    0.00    0.00
  22797                CONDUIT      0.00     0  00:00      0.00    0.00    0.00
  22798                CONDUIT     33.11     0  15:17      0.76    0.38    0.27
  22799                CONDUIT     33.11     0  15:17      0.41    0.04    0.23
  22800                CONDUIT      0.00     0  00:00      0.00    0.00    0.00
  22801                CONDUIT      0.00     0  00:00      0.00    0.00    0.00
  22802                CONDUIT      0.00     0  00:00      0.00    0.00    0.00
  22804                CONDUIT      0.00     0  00:00      0.00    0.00    0.00
  22805                CONDUIT      0.00     0  00:00      0.00    0.00    0.00
  22810                CONDUIT      0.00     0  00:00      0.00    0.00    0.00
  22811                CONDUIT      0.00     0  00:00      0.00    0.00    0.00
  22812                CONDUIT      0.00     0  00:00      0.00    0.00    0.00
  22818                CONDUIT      0.00     0  00:00      0.00    0.00    0.00
  22819                CONDUIT      0.00     0  00:00      0.00    0.00    0.09
  22827                CONDUIT      0.00     0  00:00      0.00    0.00    0.00
  22837                CONDUIT      0.00     0  00:00      0.00    0.00    0.00
  22839                CONDUIT      0.00     0  00:00      0.00    0.00    0.00
  22840                CONDUIT      0.00     0  00:00      0.00    0.00    0.00
  22850                CONDUIT      0.00     0  00:00      0.00    0.00    0.00
  22852                CONDUIT      0.00     0  00:00      0.00    0.00    0.00
  22865                CONDUIT      1.45     0  15:27      0.67    0.00    0.52
  22866                CONDUIT      1.45     0  15:26      0.18    0.01    0.12
  23050                CONDUIT    373.72     0  14:01      2.07    0.26    0.82
  23053                CONDUIT    380.98     0  14:01      1.79    2.21    0.75
  23054                CONDUIT    380.34     0  14:01      1.62    0.82    0.78
  23059                CONDUIT    377.26     0  14:01      1.75    0.58    0.74
  23060                CONDUIT    363.35     0  14:07      1.95    0.85    0.63
  23062                CONDUIT    357.06     0  14:05      2.40    0.37    0.54
  23063                CONDUIT    471.00     0  14:07      1.88    2.62    0.91
  23064                CONDUIT    238.77     0  14:12      1.11    0.29    0.72
  23066                CONDUIT    241.96     0  14:03      1.13    0.70    0.71
  23071                CONDUIT      0.00     0  00:00      0.00    0.00    0.00
  23073                CONDUIT    373.24     0  14:00      2.16    0.51    0.59
  23075                CONDUIT    360.32     0  14:08      2.25    0.57    0.56
  23077                CONDUIT    133.83     0  14:03      0.27    0.08    1.00
  23078                CONDUIT    356.20     0  14:05      1.38    0.68    0.89
  23079                CONDUIT    239.44     0  14:04      1.07    0.42    0.74
  23081                CONDUIT      0.00     0  00:00      0.00    0.00    0.00
  23082                CONDUIT    731.67     0  13:57      0.79    0.05    0.41
  23083                CONDUIT    732.55     0  13:57      0.71    0.04    0.46
  23084                CONDUIT      0.00     0  00:00      0.00    0.00    0.00
  23085                CONDUIT    729.41     0  14:00      0.81    0.05    0.40
  23087                CONDUIT      0.00     0  00:00      0.00    0.00    0.00
  23088                CONDUIT      0.00     0  00:00      0.00    0.00    0.00
  23090                CONDUIT      0.00     0  00:00      0.00    0.00    0.00
  23092                CONDUIT      0.00     0  00:00      0.00    0.00    0.00
  23093                CONDUIT      0.00     0  00:00      0.00    0.00    0.00
  23094                CONDUIT   1257.62     0  13:59      1.68    0.13    0.33
  23095                CONDUIT    528.52     0  13:57      7.48    2.87    1.00
  23097                CONDUIT    729.19     0  14:00      1.17    0.25    0.28
  23098                CONDUIT      0.00     0  00:00      0.00    0.00    0.00
  23099                CONDUIT   1257.42     0  14:00      1.48    0.23    0.37
  23102                CONDUIT      0.00     0  00:00      0.00    0.00    0.00
  23110                CONDUIT      0.00     0  00:00      0.00    0.00    0.40
  23112                CONDUIT      0.00     0  00:00      0.00    0.00    0.00
  23113                CONDUIT      0.00     0  00:00      0.00    0.00    0.00
  23114                CONDUIT      0.00     0  00:00      0.00    0.00    0.00
  23115                CONDUIT   1257.64     0  13:59      1.40    0.05    0.40
  23116                CONDUIT    371.63     0  14:02      1.40    0.96    0.90
  23117                CONDUIT    369.85     0  14:02      1.42    0.62    0.87
  23119                CONDUIT    368.34     0  14:02      1.34    0.41    0.94
  23120                CONDUIT    363.55     0  14:04      1.48    0.70    0.87
  23122                CONDUIT    369.76     0  14:01      1.60    8.04    0.81
  23123                CONDUIT    373.72     0  14:01      1.39    0.25    0.91
  23147                CONDUIT    508.54     0  13:48      0.97    0.17    0.64
  23148                CONDUIT      0.00     0  00:00      0.00    0.00    0.00
  23150                CONDUIT     47.06     0  14:12      0.92    0.14    0.24
  23152                CONDUIT      0.00     0  00:00      0.00    0.00    0.00
  23158                CONDUIT     96.48     0  14:49      0.74    0.12    0.47
  23159                CONDUIT    140.81     0  14:14      2.03    0.18    0.29
  23163                CONDUIT     47.10     0  14:13      1.44    0.06    0.17
  23164                CONDUIT     47.20     0  14:13      0.87    1.70    0.25
  23165                CONDUIT     47.05     0  14:13      0.89    0.10    0.24
  23167                CONDUIT     47.07     0  14:10      1.18    0.07    0.20
  23171                CONDUIT      1.08     0  12:35      0.54    0.00    0.25
  23172                CONDUIT     48.05     0  14:14      0.81    0.14    0.27
  23190                CONDUIT    433.14     0  14:08      1.53    0.48    1.00
  23191                CONDUIT    433.14     0  14:08      1.53    1.01    1.00
  23192                CONDUIT    433.14     0  14:08      1.53    0.54    1.00
  23193                CONDUIT      0.37     0  13:52      0.35    0.00    0.26
  23199                CONDUIT   1043.31     0  12:55      5.18    0.79    1.00
  23200                CONDUIT   1043.70     0  12:56      2.96    0.07    0.86
  23204                CONDUIT      4.41     0  15:57      1.19    0.01    1.00
  23207                CONDUIT    433.14     0  14:09      1.53    1.17    1.00
  23478                CONDUIT      0.00     0  00:00      0.00    0.00    0.13
  23524                CONDUIT      0.00     0  00:00      0.00    0.00    0.00
  25966                CONDUIT      0.00     0  00:00      0.00    0.00    0.00
  26838                CONDUIT    113.82     0  14:11      0.23    0.08    1.00
  26852                CONDUIT      0.00     0  00:00      0.00    0.00    0.00
  26855                CONDUIT      0.00     0  00:00      0.00    0.00    0.00
  27342                CONDUIT      2.22     0  00:33      0.10    0.01    0.24
  31188                CONDUIT    368.65     0  14:03      1.73    0.80    0.73
  31937                CONDUIT    240.18     0  14:13      5.54    0.10    0.35
  32535                CONDUIT      0.00     0  00:00      0.00    0.00    0.00
  34331                CONDUIT      0.00     0  00:00      0.00    0.00    0.00
  36494                CONDUIT      4.68     0  14:09      0.17    0.04    0.32
  38189                CONDUIT     13.11     0  13:17      0.14    0.01    0.77
  38190                CONDUIT      1.87     0  14:01      0.06    0.00    0.73
  38193                CONDUIT      3.92     0  13:00      0.18    0.01    0.49
  38250                CONDUIT      0.00     0  00:00      0.00    0.00    0.28
  38555                CONDUIT      2.20     0  13:36      0.24    0.02    0.13
  38575                CONDUIT      0.00     0  00:00      0.00    0.00    0.00
  38710                CONDUIT      0.00     0  00:00      0.00    0.00    0.03
  38711                CONDUIT      9.88     0  15:21      0.26    0.12    0.34
  38712                CONDUIT      9.88     0  15:20      0.36    0.12    0.27
  38869                CONDUIT      0.00     0  00:00      0.00    0.00    0.00
  38870                CONDUIT      0.00     0  00:00      0.00    0.00    0.00
  38873                CONDUIT      0.00     0  00:00      0.00    0.00    0.00
  38889                CONDUIT      0.00     0  00:00      0.00    0.00    0.00
  39004                CONDUIT      9.88     0  15:18      0.43    0.12    0.24
  39117                CONDUIT      6.56     0  14:01      0.26    0.04    1.00
  39149                CONDUIT      0.00     0  00:00      0.00    0.00    0.00
  39247                CONDUIT    142.08     0  14:15      2.16    0.16    0.28
  39284                CONDUIT      0.00     0  00:00      0.00    0.00    0.00
  39378                CONDUIT      0.00     0  00:00      0.00    0.00    0.00
  39379                CONDUIT      0.00     0  00:00      0.00    0.00    0.00
  39419                CONDUIT    145.43     0  14:00      1.41    0.25    0.61
  39469                CONDUIT      0.00     0  00:00      0.00    0.00    0.00
  39514                CONDUIT      0.00     0  00:00      0.00    0.00    0.00
  39537                CONDUIT    238.92     0  14:19      1.11    0.52    0.72
  39563                CONDUIT      2.20     0  00:11      0.70    0.01    0.29
  39936                CONDUIT      0.00     0  00:00      0.00    0.00    0.00
  39937                CONDUIT     96.40     0  15:41      0.13    0.05    0.93
  40173                CONDUIT   1257.66     0  14:01      0.65    0.15    0.75
  40224                CONDUIT      6.35     0  00:20      0.08    0.02    1.00
  40244                CONDUIT    306.06     0  14:09      1.19    0.94    0.95
  40245                CONDUIT    306.06     0  14:10      1.53    1.53    0.87
  40248                CONDUIT      0.00     0  00:00      0.00    0.00    0.00
  40249                CONDUIT      0.00     0  00:00      0.00    0.00    0.00
  40372                CONDUIT      0.00     0  00:00      0.00    0.00    0.00
  40373                CONDUIT    135.34     0  14:29      1.12    0.26    1.00
  40386                CONDUIT      2.30     0  14:02      0.02    0.00    0.58
  40388                CONDUIT      0.00     0  00:00      0.00    0.00    0.00
  40448                CONDUIT      0.00     0  00:00      0.00    0.00    0.03
  40679                CONDUIT      0.00     0  00:00      0.00    0.00    0.00
  40680                CONDUIT      0.00     0  00:00      0.00    0.00    0.00
  40713                CONDUIT      0.00     0  00:00      0.00    0.00    0.00
  40793                CONDUIT     33.11     0  15:17      1.25    0.17    0.26
  41025                CONDUIT    145.63     0  14:01      0.74    0.35    1.00
  41038                CONDUIT    239.69     0  14:11      0.87    0.56    0.93
  41039                CONDUIT    240.06     0  14:18      0.97    0.46    0.82
  41097                CONDUIT      0.00     0  00:00      0.00    0.00    0.00
  41114                CONDUIT     37.60     0  15:15      0.77    0.14    0.41
  41149                CONDUIT      0.00     0  00:00      0.00    0.00    0.00
  41181                CONDUIT      0.00     0  00:00      0.00    0.00    0.00
  41182                CONDUIT      0.00     0  00:00      0.00    0.00    0.00
  41183                CONDUIT      0.00     0  00:00      0.00    0.00    0.00
  41204                CONDUIT      0.00     0  00:00      0.00    0.00    0.00
  41367                CONDUIT      0.00     0  00:00      0.00    0.00    0.00
  41543                CONDUIT     17.08     0  12:36      0.66    0.02    0.79
  41557                CONDUIT      0.00     0  00:00      0.00    0.00    0.00
  41561                CONDUIT     28.81     0  14:07      0.65    0.03    1.00
  41562                CONDUIT      5.91     0  00:00      1.45    0.02    0.11
  41661                CONDUIT    115.11     0  14:07      1.44    0.22    1.00
  41712                CONDUIT      2.20     0  16:40      0.52    0.01    0.07
  42042                CONDUIT      0.00     0  00:00      0.00    0.00    0.00
  42043                CONDUIT      0.00     0  00:00      0.00    0.00    0.00
  42079                CONDUIT      0.00     0  00:00      0.00    0.00    0.00
  42080                CONDUIT      0.00     0  00:00      0.00    0.00    0.00
  42081                CONDUIT    376.89     0  14:01      1.95    1.17    0.70
  42082                CONDUIT    376.60     0  14:01      1.77    0.62    0.73
  42085                CONDUIT    433.14     0  14:08      1.53    0.65    1.00
  42514                CONDUIT      0.00     0  00:00      0.00    0.00    0.00
  42515                CONDUIT     31.71     0  15:26      0.88    0.09    0.34
  42541                CONDUIT      0.00     0  00:00      0.00    0.00    0.00
  42568                CONDUIT     64.75     0  14:06      0.71    0.03    1.00
  42610                CONDUIT      3.10     0  00:00      0.35    0.03    0.18
  42644                CONDUIT      0.00     0  00:00      0.00    0.00    0.00
  42711                CONDUIT    145.39     0  14:01      0.74    0.53    1.00
  42712                CONDUIT      0.00     0  00:00      0.00    0.00    0.50
  42713                CONDUIT    145.44     0  14:01      3.66    0.35    0.70
  42714                CONDUIT      2.23     0  00:34      0.52    0.02    0.14
  42715                CONDUIT    158.04     0  14:09      1.73    0.74    0.38
  42716                CONDUIT      2.20     0  12:42      0.69    0.01    0.07
  42717                CONDUIT      2.20     0  14:17      0.54    0.01    0.22
  42718                CONDUIT    140.18     0  14:14      2.17    0.16    0.28
  42719                CONDUIT     93.88     0  14:47      1.42    0.33    0.37
  42720                CONDUIT      0.00     0  00:00      0.00    0.00    0.00
  42721                CONDUIT     88.58     0  14:10      1.36    0.73    0.52
  42722                CONDUIT    163.90     0  14:27      1.13    0.09    0.60
  42723                CONDUIT    142.27     0  14:15      1.29    5.10    0.41
  42724                CONDUIT      6.92     0  15:41      0.12    0.01    0.31
  42725                CONDUIT      0.00     0  00:00      0.00    0.00    0.50
  42726                CONDUIT      0.00     0  00:00      0.00    0.00    0.16
  42727                CONDUIT    122.29     0  14:07      1.35    0.31    1.00
  42728                CONDUIT      9.89     0  15:17      0.43    0.11    0.24
  42730                CONDUIT    238.45     0  14:20      1.25    0.79    0.65
  42731                CONDUIT      0.00     0  00:00      0.00    0.00    0.00
  42732                CONDUIT     33.09     0  15:20      0.58    0.28    0.46
  42733                CONDUIT     33.09     0  15:22      0.58    0.20    0.50
  42734                CONDUIT    433.14     0  14:08      1.53    0.74    1.00
  42735                CONDUIT    528.51     0  13:57      4.21    1.55    1.00
  42736                CONDUIT    752.82     0  14:01      1.28    0.24    0.28
  42737                CONDUIT      0.00     0  00:00      0.00    0.00    0.50
  42738                CONDUIT    376.51     0  14:01      1.55    0.58    0.80
  42739                CONDUIT     95.71     0  14:50      0.96    0.15    0.39
  42740                CONDUIT    139.59     0  14:15      1.84    0.21    0.35
  42742                CONDUIT     42.99     0  15:16      0.52    0.10    0.63
  O_PLANT              DUMMY     1511.59     0  16:21
  O_J03235088          DUMMY      688.87     0  14:08
  O_J03262001          DUMMY      457.56     0  16:19
  O_J03260431          DUMMY      584.17     0  14:07
  O_J03260174          DUMMY      432.79     0  14:02
  O_J03260171          DUMMY      365.02     0  14:08
  O_J03235080          DUMMY      324.66     0  14:46
  O_J03190114          DUMMY        0.00     0  00:00
  O_J03193130          DUMMY      203.11     0  14:00
  O_J03193142          DUMMY      158.59     0  14:05
  O_J03235075          DUMMY      107.92     0  15:15
  O_J03411080          DUMMY      233.72     0  14:53
  O_J03191983          DUMMY      139.20     0  14:22
  P1                   PUMP         7.50     0  12:38              0.75
  P2                   PUMP        51.00     0  15:14              0.55
  
  
  ***************************
  Flow Classification Summary
  ***************************
  
  -------------------------------------------------------------------------------------
                      Adjusted    ---------- Fraction of Time in Flow Class ---------- 
                       /Actual         Up    Down  Sub   Sup   Up    Down  Norm  Inlet 
  Conduit               Length    Dry  Dry   Dry   Crit  Crit  Crit  Crit  Ltd   Ctrl  
  -------------------------------------------------------------------------------------
  34                      1.00   1.00  0.00  0.00  0.00  0.00  0.00  0.00  0.00  0.00
  63                      1.00   1.00  0.00  0.00  0.00  0.00  0.00  0.00  0.00  0.00
  95                      1.00   1.00  0.00  0.00  0.00  0.00  0.00  0.00  0.00  0.00
  100                     1.00   1.00  0.00  0.00  0.00  0.00  0.00  0.00  0.00  0.00
  129                     1.00   0.13  0.00  0.00  0.87  0.00  0.00  0.00  0.00  0.00
  325                     1.00   0.92  0.00  0.00  0.08  0.00  0.00  0.00  0.80  0.00
  783                     1.00   1.00  0.00  0.00  0.00  0.00  0.00  0.00  0.00  0.00
  832                     1.00   0.00  0.00  0.00  1.00  0.00  0.00  0.00  0.00  0.00
  841                     1.00   0.16  0.74  0.00  0.11  0.00  0.00  0.00  0.81  0.00
  842                     1.00   1.00  0.00  0.00  0.00  0.00  0.00  0.00  0.00  0.00
  1612                    1.00   0.13  0.00  0.00  0.87  0.00  0.00  0.00  0.80  0.00
  1806                    1.00   1.00  0.00  0.00  0.00  0.00  0.00  0.00  0.00  0.00
  1941                    1.00   1.00  0.00  0.00  0.00  0.00  0.00  0.00  0.00  0.00
  2487                    1.00   0.00  0.00  0.00  0.99  0.01  0.00  0.00  0.00  0.00
  2488                    1.00   0.00  0.00  0.00  1.00  0.00  0.00  0.00  0.00  0.00
  2543                    1.00   0.15  0.81  0.00  0.01  0.00  0.03  0.00  0.00  0.00
  2627                    1.00   0.01  0.02  0.00  0.97  0.00  0.00  0.00  0.92  0.00
  2628                    1.00   1.00  0.00  0.00  0.00  0.00  0.00  0.00  0.00  0.00
  2629                    1.00   1.00  0.00  0.00  0.00  0.00  0.00  0.00  0.00  0.00
  2630                    1.00   1.00  0.00  0.00  0.00  0.00  0.00  0.00  0.00  0.00
  2631                    1.00   1.00  0.00  0.00  0.00  0.00  0.00  0.00  0.00  0.00
  2632                    1.00   1.00  0.00  0.00  0.00  0.00  0.00  0.00  0.00  0.00
  2649                    1.00   1.00  0.00  0.00  0.00  0.00  0.00  0.00  0.00  0.00
  2941                    1.00   1.00  0.00  0.00  0.00  0.00  0.00  0.00  0.00  0.00
  3101                    1.00   0.01  0.00  0.00  0.99  0.00  0.00  0.00  0.00  0.00
  3137                    1.00   1.00  0.00  0.00  0.00  0.00  0.00  0.00  0.00  0.00
  3147                    1.00   0.12  0.00  0.00  0.05  0.83  0.00  0.00  0.00  0.00
  3166                    1.00   0.03  0.00  0.00  0.97  0.00  0.00  0.00  0.01  0.00
  3332                    1.00   1.00  0.00  0.00  0.00  0.00  0.00  0.00  0.00  0.00
  3334                    1.00   1.00  0.00  0.00  0.00  0.00  0.00  0.00  0.00  0.00
  3335                    1.00   0.01  0.00  0.00  0.00  0.00  0.00  0.99  0.00  0.00
  3336                    1.00   1.00  0.00  0.00  0.00  0.00  0.00  0.00  0.00  0.00
  3339                    1.00   1.00  0.00  0.00  0.00  0.00  0.00  0.00  0.00  0.00
  3369                    1.00   0.00  0.96  0.00  0.03  0.00  0.00  0.00  0.84  0.00
  3370                    1.00   0.00  0.00  0.00  1.00  0.00  0.00  0.00  0.00  0.00
  3372                    1.00   1.00  0.00  0.00  0.00  0.00  0.00  0.00  0.00  0.00
  3424                    1.00   0.00  0.00  0.00  1.00  0.00  0.00  0.00  0.00  0.00
  3459                    1.00   1.00  0.00  0.00  0.00  0.00  0.00  0.00  0.00  0.00
  3553                    1.00   1.00  0.00  0.00  0.00  0.00  0.00  0.00  0.00  0.00
  3572                    1.00   1.00  0.00  0.00  0.00  0.00  0.00  0.00  0.00  0.00
  3578                    1.00   0.00  0.00  0.00  1.00  0.00  0.00  0.00  0.00  0.00
  3580                    1.00   1.00  0.00  0.00  0.00  0.00  0.00  0.00  0.00  0.00
  3586                    1.00   1.00  0.00  0.00  0.00  0.00  0.00  0.00  0.00  0.00
  3590                    1.00   1.00  0.00  0.00  0.00  0.00  0.00  0.00  0.00  0.00
  3591                    1.00   1.00  0.00  0.00  0.00  0.00  0.00  0.00  0.00  0.00
  3596                    1.00   1.00  0.00  0.00  0.00  0.00  0.00  0.00  0.00  0.00
  3673                    1.00   0.15  0.85  0.00  0.00  0.00  0.00  0.00  0.00  0.00
  3679                    1.00   0.02  0.00  0.00  0.94  0.04  0.00  0.00  0.95  0.00
  3716                    1.00   0.00  0.00  0.00  1.00  0.00  0.00  0.00  1.00  0.00
  3755                    1.00   1.00  0.00  0.00  0.00  0.00  0.00  0.00  0.00  0.00
  3774                    1.00   0.00  0.00  0.00  0.00  1.00  0.00  0.00  1.00  0.00
  3781                    1.00   0.02  0.88  0.00  0.05  0.04  0.00  0.00  0.83  0.00
  3808                    1.00   0.16  0.00  0.00  0.04  0.00  0.00  0.80  0.00  0.00
  3826                    1.00   0.00  0.00  0.00  1.00  0.00  0.00  0.00  0.93  0.00
  3827                    1.00   0.00  0.01  0.00  0.99  0.00  0.00  0.00  0.95  0.00
  3832                    1.00   0.11  0.02  0.00  0.87  0.00  0.00  0.00  0.00  0.00
  3864                    1.00   1.00  0.00  0.00  0.00  0.00  0.00  0.00  0.00  0.00
  3904                    1.00   1.00  0.00  0.00  0.00  0.00  0.00  0.00  0.00  0.00
  4236                    1.00   1.00  0.00  0.00  0.00  0.00  0.00  0.00  0.00  0.00
  4245                    1.00   1.00  0.00  0.00  0.00  0.00  0.00  0.00  0.00  0.00
  4268                    1.00   1.00  0.00  0.00  0.00  0.00  0.00  0.00  0.00  0.00
  4271                    1.00   1.00  0.00  0.00  0.00  0.00  0.00  0.00  0.00  0.00
  4273                    1.00   0.02  0.00  0.00  0.00  0.98  0.00  0.00  0.02  0.00
  4291                    1.00   0.02  0.00  0.00  0.00  0.98  0.00  0.00  0.97  0.00
  4292                    1.00   0.02  0.00  0.00  0.00  0.04  0.00  0.94  0.00  0.00
  4293                    1.00   1.00  0.00  0.00  0.00  0.00  0.00  0.00  0.00  0.00
  4294                    1.00   0.02  0.00  0.00  0.00  0.98  0.00  0.00  0.98  0.00
  4476                    1.00   0.13  0.00  0.00  0.00  0.00  0.00  0.87  0.00  0.00
  4486                    1.00   1.00  0.00  0.00  0.00  0.00  0.00  0.00  0.00  0.00
  4518                    1.00   0.01  0.00  0.00  0.99  0.00  0.00  0.00  0.00  0.00
  4520                    1.00   1.00  0.00  0.00  0.00  0.00  0.00  0.00  0.00  0.00
  4533                    1.00   1.00  0.00  0.00  0.00  0.00  0.00  0.00  0.00  0.00
  4617                    1.00   0.97  0.03  0.00  0.00  0.00  0.00  0.00  0.00  0.00
  4644                    1.00   0.03  0.00  0.00  0.95  0.02  0.00  0.00  0.97  0.00
  4680                    1.00   0.02  0.00  0.00  0.98  0.00  0.00  0.00  0.96  0.00
  4691                    1.00   1.00  0.00  0.00  0.00  0.00  0.00  0.00  0.00  0.00
  4714                    1.00   1.00  0.00  0.00  0.00  0.00  0.00  0.00  0.00  0.00
  4783                    1.00   0.16  0.00  0.00  0.01  0.00  0.00  0.82  0.84  0.00
  4983                    1.00   0.00  0.00  0.00  0.02  0.98  0.00  0.00  0.00  0.00
  5044                    1.00   0.16  0.75  0.00  0.09  0.00  0.00  0.00  0.82  0.00
  5066                    1.00   1.00  0.00  0.00  0.00  0.00  0.00  0.00  0.00  0.00
  5183                    1.00   0.00  0.00  0.00  0.00  0.00  0.00  1.00  0.00  0.00
  5262                    1.00   1.00  0.00  0.00  0.00  0.00  0.00  0.00  0.00  0.00
  5289                    1.00   1.00  0.00  0.00  0.00  0.00  0.00  0.00  0.00  0.00
  5327                    1.00   0.01  0.00  0.00  0.99  0.00  0.00  0.00  0.95  0.00
  5328                    1.00   1.00  0.00  0.00  0.00  0.00  0.00  0.00  0.00  0.00
  5329                    1.00   0.00  0.00  0.00  1.00  0.00  0.00  0.00  0.00  0.00
  5372                    1.00   0.13  0.00  0.00  0.82  0.05  0.00  0.00  0.03  0.00
  5379                    1.00   1.00  0.00  0.00  0.00  0.00  0.00  0.00  0.00  0.00
  5383                    1.00   0.13  0.00  0.00  0.05  0.00  0.82  0.00  0.00  0.00
  5564                    1.00   0.13  0.00  0.00  0.85  0.02  0.00  0.00  0.83  0.00
  5646                    1.00   1.00  0.00  0.00  0.00  0.00  0.00  0.00  0.00  0.00
  5734                    1.00   0.14  0.00  0.00  0.86  0.00  0.00  0.00  0.00  0.00
  5754                    1.00   1.00  0.00  0.00  0.00  0.00  0.00  0.00  0.00  0.00
  5796                    1.00   1.00  0.00  0.00  0.00  0.00  0.00  0.00  0.00  0.00
  5799                    1.00   1.00  0.00  0.00  0.00  0.00  0.00  0.00  0.00  0.00
  5884                    1.00   0.98  0.02  0.00  0.00  0.00  0.00  0.00  0.00  0.00
  5963                    1.00   0.05  0.00  0.00  0.95  0.00  0.00  0.00  0.03  0.00
  6198                    1.00   0.00  0.00  0.00  0.01  0.00  0.00  0.98  0.00  0.00
  6200                    1.00   0.13  0.00  0.00  0.02  0.02  0.00  0.82  0.01  0.00
  6935                    1.00   0.13  0.83  0.00  0.00  0.04  0.00  0.00  0.83  0.00
  7035                    1.00   0.00  0.00  0.00  0.00  0.00  0.00  1.00  0.00  0.00
  7084                    1.00   0.02  0.00  0.00  0.98  0.00  0.00  0.00  0.94  0.00
  7105                    1.00   1.00  0.00  0.00  0.00  0.00  0.00  0.00  0.00  0.00
  7282                    1.00   1.00  0.00  0.00  0.00  0.00  0.00  0.00  0.00  0.00
  7373                    1.00   1.00  0.00  0.00  0.00  0.00  0.00  0.00  0.00  0.00
  7495                    1.00   1.00  0.00  0.00  0.00  0.00  0.00  0.00  0.00  0.00
  7498                    1.00   1.00  0.00  0.00  0.00  0.00  0.00  0.00  0.00  0.00
  8063                    1.00   0.13  0.84  0.00  0.04  0.00  0.00  0.00  0.84  0.00
  8274                    1.00   0.13  0.58  0.00  0.03  0.00  0.26  0.00  0.00  0.00
  8293                    1.00   1.00  0.00  0.00  0.00  0.00  0.00  0.00  0.00  0.00
  8294                    1.00   1.00  0.00  0.00  0.00  0.00  0.00  0.00  0.00  0.00
  8295                    1.00   1.00  0.00  0.00  0.00  0.00  0.00  0.00  0.00  0.00
  8305                    1.00   0.05  0.05  0.00  0.90  0.00  0.00  0.00  0.00  0.00
  8423                    1.00   0.98  0.00  0.00  0.00  0.00  0.00  0.02  0.00  0.00
  8614                    1.00   0.00  0.00  0.00  0.02  0.98  0.00  0.00  0.00  0.00
  8670                    1.00   0.01  0.00  0.00  0.99  0.00  0.00  0.00  0.00  0.00
  8894                    1.00   0.13  0.00  0.00  0.87  0.00  0.00  0.00  0.00  0.00
  9134                    1.00   0.13  0.81  0.00  0.01  0.04  0.00  0.00  0.86  0.00
  9700                    1.00   0.00  0.00  0.00  1.00  0.00  0.00  0.00  0.00  0.00
  9703                    1.00   0.01  0.00  0.00  0.99  0.00  0.00  0.00  0.00  0.00
  9704                    1.00   0.01  0.00  0.00  0.98  0.00  0.00  0.00  0.00  0.00
  9736                    1.00   1.00  0.00  0.00  0.00  0.00  0.00  0.00  0.00  0.00
  10024                   1.00   1.00  0.00  0.00  0.00  0.00  0.00  0.00  0.00  0.00
  10072                   1.00   0.00  0.00  0.00  1.00  0.00  0.00  0.00  0.00  0.00
  10076                   1.00   0.01  0.00  0.00  0.99  0.00  0.00  0.00  0.00  0.00
  10117                   1.00   1.00  0.00  0.00  0.00  0.00  0.00  0.00  0.00  0.00
  10119                   1.00   0.17  0.83  0.00  0.00  0.00  0.00  0.00  0.00  0.00
  10124                   1.00   0.02  0.01  0.00  0.97  0.00  0.00  0.00  0.00  0.00
  10130                   1.00   0.16  0.00  0.00  0.83  0.00  0.00  0.00  0.00  0.00
  10138                   1.00   0.03  0.00  0.00  0.96  0.00  0.00  0.00  0.93  0.00
  10144                   1.00   0.14  0.00  0.00  0.02  0.00  0.00  0.84  0.84  0.00
  10146                   1.00   0.02  0.00  0.00  0.98  0.00  0.00  0.00  0.00  0.00
  10148                   1.00   1.00  0.00  0.00  0.00  0.00  0.00  0.00  0.00  0.00
  10158                   1.00   1.00  0.00  0.00  0.00  0.00  0.00  0.00  0.00  0.00
  10159                   1.00   0.16  0.84  0.00  0.00  0.00  0.00  0.00  0.00  0.00
  10161                   1.00   1.00  0.00  0.00  0.00  0.00  0.00  0.00  0.00  0.00
  10162                   1.00   0.17  0.83  0.00  0.00  0.00  0.00  0.00  0.00  0.00
  10164                   1.00   0.03  0.00  0.00  0.97  0.00  0.00  0.00  0.00  0.00
  10211                   1.00   0.02  0.00  0.00  0.98  0.00  0.00  0.00  0.04  0.00
  10242                   1.00   0.01  0.00  0.00  0.99  0.00  0.00  0.00  0.00  0.00
  10264                   1.00   0.13  0.00  0.00  0.87  0.00  0.00  0.00  0.00  0.00
  10284                   1.00   1.00  0.00  0.00  0.00  0.00  0.00  0.00  0.00  0.00
  10363                   1.00   1.00  0.00  0.00  0.00  0.00  0.00  0.00  0.00  0.00
  10405                   1.00   1.00  0.00  0.00  0.00  0.00  0.00  0.00  0.00  0.00
  10464                   1.00   1.00  0.00  0.00  0.00  0.00  0.00  0.00  0.00  0.00
  10601                   1.00   0.01  0.00  0.00  0.99  0.00  0.00  0.00  0.01  0.00
  10602                   1.00   1.00  0.00  0.00  0.00  0.00  0.00  0.00  0.00  0.00
  10605                   1.00   0.97  0.03  0.00  0.00  0.00  0.00  0.00  0.00  0.00
  10607                   1.00   0.00  0.00  0.00  1.00  0.00  0.00  0.00  0.00  0.00
  10608                   1.00   1.00  0.00  0.00  0.00  0.00  0.00  0.00  0.00  0.00
  10671                   1.00   0.98  0.00  0.00  0.00  0.00  0.00  0.02  0.00  0.00
  10690                   1.00   0.02  0.00  0.00  0.98  0.00  0.00  0.00  0.00  0.00
  10691                   1.00   0.02  0.00  0.00  0.00  0.98  0.00  0.00  0.94  0.00
  10744                   1.00   0.01  0.00  0.00  0.99  0.00  0.00  0.00  0.97  0.00
  10746                   1.00   0.01  0.00  0.00  0.00  0.99  0.00  0.00  0.99  0.00
  10833                   1.00   0.02  0.00  0.00  0.98  0.00  0.00  0.00  0.00  0.00
  10845                   1.00   0.00  0.00  0.00  0.00  0.00  0.00  1.00  0.00  0.00
  10879                   1.00   1.00  0.00  0.00  0.00  0.00  0.00  0.00  0.00  0.00
  11139                   1.00   0.02  0.98  0.00  0.00  0.00  0.00  0.00  0.00  0.00
  11172                   1.00   1.00  0.00  0.00  0.00  0.00  0.00  0.00  0.00  0.00
  11209                   1.00   1.00  0.00  0.00  0.00  0.00  0.00  0.00  0.00  0.00
  12024                   1.00   1.00  0.00  0.00  0.00  0.00  0.00  0.00  0.00  0.00
  12611                   1.00   0.00  0.00  0.00  1.00  0.00  0.00  0.00  0.13  0.00
  12612                   1.00   1.00  0.00  0.00  0.00  0.00  0.00  0.00  0.00  0.00
  12613                   1.00   1.00  0.00  0.00  0.00  0.00  0.00  0.00  0.00  0.00
  12615                   1.00   1.00  0.00  0.00  0.00  0.00  0.00  0.00  0.00  0.00
  12620                   1.00   0.98  0.02  0.00  0.00  0.00  0.00  0.00  0.00  0.00
  12621                   1.00   1.00  0.00  0.00  0.00  0.00  0.00  0.00  0.00  0.00
  12622                   1.00   1.00  0.00  0.00  0.00  0.00  0.00  0.00  0.00  0.00
  12633                   1.00   0.13  0.00  0.00  0.87  0.00  0.00  0.00  0.00  0.00
  12636                   1.00   0.09  0.02  0.00  0.89  0.00  0.00  0.00  0.00  0.00
  12637                   1.00   0.13  0.80  0.00  0.06  0.00  0.00  0.00  0.84  0.00
  12638                   1.00   1.00  0.00  0.00  0.00  0.00  0.00  0.00  0.00  0.00
  12643                   1.00   1.00  0.00  0.00  0.00  0.00  0.00  0.00  0.00  0.00
  12644                   1.00   1.00  0.00  0.00  0.00  0.00  0.00  0.00  0.00  0.00
  12649                   1.00   0.13  0.82  0.00  0.01  0.04  0.00  0.00  0.86  0.00
  12650                   1.00   0.01  0.00  0.00  0.98  0.00  0.00  0.00  0.00  0.00
  12652                   1.00   0.01  0.00  0.00  0.99  0.00  0.00  0.00  0.00  0.00
  12653                   1.00   0.13  0.82  0.00  0.01  0.04  0.00  0.00  0.83  0.00
  12654                   1.00   0.02  0.00  0.00  0.94  0.04  0.00  0.00  0.94  0.00
  12656                   1.00   0.00  0.00  0.00  1.00  0.00  0.00  0.00  0.90  0.00
  12660                   1.00   0.00  0.00  0.00  1.00  0.00  0.00  0.00  0.91  0.00
  12661                   1.00   1.00  0.00  0.00  0.00  0.00  0.00  0.00  0.00  0.00
  12662                   1.00   1.00  0.00  0.00  0.00  0.00  0.00  0.00  0.00  0.00
  12663                   1.00   1.00  0.00  0.00  0.00  0.00  0.00  0.00  0.00  0.00
  12664                   1.00   0.01  0.00  0.00  0.99  0.00  0.00  0.00  0.10  0.00
  12665                   1.00   0.01  0.00  0.00  0.99  0.00  0.00  0.00  0.00  0.00
  12668                   1.00   0.00  0.00  0.00  0.02  0.00  0.98  0.00  0.00  0.00
  12673                   1.00   0.10  0.90  0.00  0.00  0.00  0.00  0.00  0.00  0.00
  12676                   1.00   0.97  0.03  0.00  0.00  0.00  0.00  0.00  0.00  0.00
  12678                   1.00   0.95  0.00  0.00  0.05  0.00  0.00  0.00  0.80  0.00
  12679                   1.00   0.95  0.05  0.00  0.00  0.00  0.00  0.00  0.00  0.00
  12681                   1.00   0.96  0.01  0.00  0.01  0.00  0.01  0.00  0.00  0.00
  12682                   1.00   0.13  0.00  0.00  0.87  0.00  0.00  0.00  0.00  0.00
  12683                   1.00   0.96  0.01  0.00  0.02  0.01  0.00  0.01  0.84  0.00
  12685                   1.00   0.13  0.00  0.00  0.76  0.11  0.00  0.00  0.29  0.00
  12686                   1.00   0.13  0.68  0.00  0.16  0.02  0.00  0.00  0.85  0.00
  12687                   1.00   0.13  0.84  0.00  0.03  0.00  0.00  0.00  0.85  0.00
  12688                   1.00   0.13  0.00  0.00  0.87  0.00  0.00  0.00  0.00  0.00
  12690                   1.00   0.00  0.00  0.00  1.00  0.00  0.00  0.00  0.00  0.00
  12691                   1.00   0.13  0.85  0.00  0.00  0.02  0.00  0.00  0.00  0.00
  12692                   1.00   0.98  0.00  0.00  0.00  0.02  0.00  0.00  0.85  0.00
  12694                   1.00   0.05  0.00  0.00  0.95  0.00  0.00  0.00  0.01  0.00
  12697                   1.00   0.00  0.00  0.00  1.00  0.00  0.00  0.00  0.00  0.00
  12698                   1.00   0.13  0.00  0.00  0.87  0.00  0.00  0.00  0.00  0.00
  12699                   1.00   0.14  0.57  0.00  0.03  0.00  0.25  0.00  0.00  0.00
  12700                   1.00   0.14  0.00  0.00  0.86  0.00  0.00  0.00  0.00  0.00
  12760                   1.00   0.97  0.00  0.00  0.00  0.00  0.00  0.03  0.00  0.00
  12761                   1.00   0.00  0.00  0.00  0.99  0.01  0.00  0.00  0.01  0.00
  12865                   1.00   0.16  0.00  0.00  0.03  0.00  0.81  0.00  0.00  0.00
  12866                   1.00   0.15  0.84  0.00  0.01  0.00  0.00  0.00  0.00  0.00
  12870                   1.00   1.00  0.00  0.00  0.00  0.00  0.00  0.00  0.00  0.00
  12871                   1.00   1.00  0.00  0.00  0.00  0.00  0.00  0.00  0.00  0.00
  12872                   1.00   1.00  0.00  0.00  0.00  0.00  0.00  0.00  0.00  0.00
  12873                   1.00   0.10  0.00  0.00  0.90  0.00  0.00  0.00  0.00  0.00
  12874                   1.00   0.13  0.00  0.00  0.03  0.00  0.00  0.83  0.00  0.00
  12875                   1.00   0.13  0.00  0.00  0.04  0.00  0.00  0.83  0.01  0.00
  12876                   1.00   0.14  0.00  0.00  0.86  0.00  0.00  0.00  0.01  0.00
  12877                   1.00   1.00  0.00  0.00  0.00  0.00  0.00  0.00  0.00  0.00
  12878                   1.00   1.00  0.00  0.00  0.00  0.00  0.00  0.00  0.00  0.00
  12880                   1.00   1.00  0.00  0.00  0.00  0.00  0.00  0.00  0.00  0.00
  12884                   1.00   0.01  0.00  0.00  0.99  0.00  0.00  0.00  0.00  0.00
  12888                   1.00   1.00  0.00  0.00  0.00  0.00  0.00  0.00  0.00  0.00
  12889                   1.00   1.00  0.00  0.00  0.00  0.00  0.00  0.00  0.00  0.00
  12890                   1.00   1.00  0.00  0.00  0.00  0.00  0.00  0.00  0.00  0.00
  12892                   1.00   1.00  0.00  0.00  0.00  0.00  0.00  0.00  0.00  0.00
  12893                   1.00   1.00  0.00  0.00  0.00  0.00  0.00  0.00  0.00  0.00
  12894                   1.00   1.00  0.00  0.00  0.00  0.00  0.00  0.00  0.00  0.00
  12895                   1.00   1.00  0.00  0.00  0.00  0.00  0.00  0.00  0.00  0.00
  12897                   1.00   0.00  0.00  0.00  1.00  0.00  0.00  0.00  0.00  0.00
  12903                   1.00   1.00  0.00  0.00  0.00  0.00  0.00  0.00  0.00  0.00
  12904                   1.00   1.00  0.00  0.00  0.00  0.00  0.00  0.00  0.00  0.00
  12907                   1.00   0.01  0.00  0.00  0.99  0.00  0.00  0.00  0.00  0.00
  12940                   1.00   0.01  0.00  0.00  0.99  0.00  0.00  0.00  0.00  0.00
  12942                   1.00   1.00  0.00  0.00  0.00  0.00  0.00  0.00  0.00  0.00
  12978                   1.00   0.13  0.00  0.00  0.87  0.00  0.00  0.00  0.00  0.00
  12979                   1.00   1.00  0.00  0.00  0.00  0.00  0.00  0.00  0.00  0.00
  12980                   1.00   0.13  0.00  0.00  0.04  0.00  0.00  0.83  0.00  0.00
  12982                   1.00   0.11  0.00  0.00  0.04  0.00  0.00  0.84  0.00  0.00
  12983                   1.00   0.13  0.00  0.00  0.02  0.00  0.85  0.00  0.00  0.00
  12986                   1.00   1.00  0.00  0.00  0.00  0.00  0.00  0.00  0.00  0.00
  12987                   1.00   1.00  0.00  0.00  0.00  0.00  0.00  0.00  0.00  0.00
  12988                   1.00   1.00  0.00  0.00  0.00  0.00  0.00  0.00  0.00  0.00
  12989                   1.00   1.00  0.00  0.00  0.00  0.00  0.00  0.00  0.00  0.00
  12990                   1.00   1.00  0.00  0.00  0.00  0.00  0.00  0.00  0.00  0.00
  12991                   1.00   1.00  0.00  0.00  0.00  0.00  0.00  0.00  0.00  0.00
  12993                   1.00   0.13  0.53  0.00  0.34  0.00  0.00  0.00  0.78  0.00
  12994                   1.00   0.66  0.00  0.00  0.33  0.01  0.00  0.00  0.01  0.00
  12995                   1.00   0.10  0.00  0.00  0.90  0.00  0.00  0.00  0.00  0.00
  12996                   1.00   0.10  0.00  0.00  0.90  0.00  0.00  0.00  0.87  0.00
  12998                   1.00   0.03  0.02  0.00  0.95  0.00  0.01  0.00  0.00  0.00
  13000                   1.00   0.87  0.10  0.00  0.04  0.00  0.00  0.00  0.83  0.00
  13298                   1.00   0.01  0.00  0.00  0.99  0.00  0.00  0.00  0.01  0.00
  13357                   1.00   0.03  0.00  0.00  0.03  0.93  0.00  0.00  0.01  0.00
  13491                   1.00   0.02  0.98  0.00  0.00  0.00  0.00  0.00  0.00  0.00
  13492                   1.00   0.02  0.00  0.00  0.00  0.00  0.00  0.98  0.00  0.00
  13493                   1.00   0.03  0.00  0.00  0.97  0.00  0.00  0.00  0.00  0.00
  13494                   1.00   0.02  0.00  0.00  0.98  0.00  0.00  0.00  0.96  0.00
  13496                   1.00   1.00  0.00  0.00  0.00  0.00  0.00  0.00  0.00  0.00
  13512                   1.00   0.01  0.00  0.00  0.99  0.00  0.00  0.00  0.00  0.00
  13513                   1.00   0.08  0.00  0.00  0.92  0.00  0.00  0.00  0.00  0.00
  13524                   1.00   1.00  0.00  0.00  0.00  0.00  0.00  0.00  0.00  0.00
  13525                   1.00   0.02  0.00  0.00  0.98  0.00  0.00  0.00  0.00  0.00
  13560                   1.00   1.00  0.00  0.00  0.00  0.00  0.00  0.00  0.00  0.00
  13562                   1.00   1.00  0.00  0.00  0.00  0.00  0.00  0.00  0.00  0.00
  13569                   1.00   0.15  0.45  0.00  0.01  0.00  0.39  0.00  0.00  0.00
  13643                   1.00   1.00  0.00  0.00  0.00  0.00  0.00  0.00  0.00  0.00
  13801                   1.00   0.02  0.00  0.00  0.00  0.98  0.00  0.00  0.04  0.00
  13802                   1.00   0.09  0.01  0.00  0.90  0.00  0.00  0.00  0.00  0.00
  13820                   1.00   0.01  0.00  0.00  0.99  0.00  0.00  0.00  0.97  0.00
  13821                   1.00   1.00  0.00  0.00  0.00  0.00  0.00  0.00  0.00  0.00
  13936                   1.00   1.00  0.00  0.00  0.00  0.00  0.00  0.00  0.00  0.00
  13937                   1.00   0.13  0.00  0.00  0.00  0.00  0.00  0.87  0.00  0.00
  14073                   1.00   1.00  0.00  0.00  0.00  0.00  0.00  0.00  0.00  0.00
  14080                   1.00   0.13  0.00  0.00  0.87  0.00  0.00  0.00  0.82  0.00
  14101                   1.00   0.00  0.00  0.00  1.00  0.00  0.00  0.00  0.02  0.00
  14137                   1.00   0.00  0.00  0.00  1.00  0.00  0.00  0.00  0.00  0.00
  14141                   1.00   0.00  0.00  0.00  1.00  0.00  0.00  0.00  0.00  0.00
  14208                   1.00   0.14  0.00  0.00  0.02  0.00  0.00  0.84  0.85  0.00
  14270                   1.00   0.13  0.00  0.00  0.82  0.06  0.00  0.00  0.84  0.00
  14272                   1.00   0.13  0.00  0.00  0.00  0.00  0.00  0.87  0.00  0.00
  14472                   1.00   0.12  0.00  0.00  0.88  0.00  0.00  0.00  0.00  0.00
  14475                   1.00   1.00  0.00  0.00  0.00  0.00  0.00  0.00  0.00  0.00
  14478                   1.00   0.02  0.00  0.00  0.98  0.00  0.00  0.00  0.00  0.00
  14574                   1.00   0.13  0.00  0.00  0.83  0.04  0.00  0.00  0.83  0.00
  14707                   1.00   1.00  0.00  0.00  0.00  0.00  0.00  0.00  0.00  0.00
  14739                   1.00   0.03  0.02  0.00  0.92  0.03  0.00  0.00  0.00  0.00
  14745                   1.00   0.13  0.80  0.00  0.07  0.00  0.00  0.00  0.82  0.00
  14749                   1.00   0.01  0.00  0.00  0.99  0.00  0.00  0.00  0.00  0.00
  14765                   1.00   0.00  0.00  0.00  0.00  0.00  0.00  1.00  0.00  0.00
  14950                   1.00   1.00  0.00  0.00  0.00  0.00  0.00  0.00  0.00  0.00
  15152                   1.00   1.00  0.00  0.00  0.00  0.00  0.00  0.00  0.00  0.00
  15171                   1.00   0.00  0.00  0.00  1.00  0.00  0.00  0.00  0.00  0.00
  15187                   1.00   1.00  0.00  0.00  0.00  0.00  0.00  0.00  0.00  0.00
  15242                   1.00   0.12  0.00  0.00  0.00  0.88  0.00  0.00  0.01  0.00
  15277                   1.00   0.01  0.00  0.00  0.99  0.00  0.00  0.00  0.00  0.00
  15281                   1.00   0.02  0.00  0.00  0.00  0.98  0.00  0.00  0.95  0.00
  15332                   1.00   0.01  0.00  0.00  0.00  0.99  0.00  0.00  0.99  0.00
  15333                   1.00   1.00  0.00  0.00  0.00  0.00  0.00  0.00  0.00  0.00
  15362                   1.00   0.13  0.00  0.00  0.87  0.00  0.00  0.00  0.00  0.00
  15806                   1.00   0.13  0.81  0.00  0.06  0.00  0.00  0.00  0.80  0.00
  16419                   1.00   0.01  0.00  0.00  0.99  0.00  0.00  0.00  0.02  0.00
  16476                   1.00   0.05  0.06  0.00  0.88  0.00  0.00  0.00  0.00  0.00
  16575                   1.00   1.00  0.00  0.00  0.00  0.00  0.00  0.00  0.00  0.00
  16654                   1.00   0.00  0.00  0.00  1.00  0.00  0.00  0.00  0.03  0.00
  16672                   1.00   0.16  0.00  0.00  0.84  0.00  0.00  0.00  0.00  0.00
  16865                   1.00   1.00  0.00  0.00  0.00  0.00  0.00  0.00  0.00  0.00
  16887                   1.00   1.00  0.00  0.00  0.00  0.00  0.00  0.00  0.00  0.00
  16908                   1.00   1.00  0.00  0.00  0.00  0.00  0.00  0.00  0.00  0.00
  16909                   1.00   1.00  0.00  0.00  0.00  0.00  0.00  0.00  0.00  0.00
  17523                   1.00   0.13  0.00  0.00  0.00  0.00  0.00  0.87  0.00  0.00
  17571                   1.00   0.01  0.00  0.00  0.99  0.00  0.00  0.00  0.01  0.00
  17580                   1.00   0.05  0.05  0.00  0.90  0.00  0.00  0.00  0.00  0.00
  17703                   1.00   1.00  0.00  0.00  0.00  0.00  0.00  0.00  0.00  0.00
  17714                   1.00   0.01  0.00  0.00  0.99  0.00  0.00  0.00  0.00  0.00
  17715                   1.00   0.00  0.00  0.00  0.99  0.01  0.00  0.00  0.97  0.00
  17766                   1.00   1.00  0.00  0.00  0.00  0.00  0.00  0.00  0.00  0.00
  17896                   1.00   0.03  0.00  0.00  0.96  0.01  0.00  0.00  0.97  0.00
  17908                   1.00   0.96  0.01  0.00  0.00  0.00  0.03  0.00  0.00  0.00
  17926                   1.00   1.00  0.00  0.00  0.00  0.00  0.00  0.00  0.00  0.00
  17953                   1.00   0.00  0.96  0.00  0.04  0.00  0.00  0.00  0.83  0.00
  18020                   1.00   1.00  0.00  0.00  0.00  0.00  0.00  0.00  0.00  0.00
  18084                   1.00   0.13  0.00  0.00  0.06  0.00  0.81  0.00  0.00  0.00
  18113                   1.00   1.00  0.00  0.00  0.00  0.00  0.00  0.00  0.00  0.00
  18330                   1.00   0.95  0.01  0.00  0.01  0.03  0.00  0.00  0.83  0.00
  18338                   1.00   0.94  0.01  0.00  0.05  0.00  0.00  0.00  0.80  0.00
  18383                   1.00   1.00  0.00  0.00  0.00  0.00  0.00  0.00  0.00  0.00
  18387                   1.00   0.07  0.01  0.00  0.91  0.00  0.00  0.00  0.00  0.00
  18389                   1.00   1.00  0.00  0.00  0.00  0.00  0.00  0.00  0.00  0.00
  18423                   1.00   1.00  0.00  0.00  0.00  0.00  0.00  0.00  0.00  0.00
  18530                   1.00   0.95  0.00  0.00  0.05  0.00  0.00  0.00  0.00  0.00
  19043                   1.00   0.14  0.00  0.00  0.86  0.00  0.00  0.00  0.01  0.00
  19132                   1.00   0.00  0.00  0.00  1.00  0.00  0.00  0.00  0.01  0.00
  19193                   1.00   0.14  0.00  0.00  0.85  0.00  0.00  0.00  0.00  0.00
  19227                   1.00   0.00  0.00  0.00  0.99  0.00  0.00  0.01  0.00  0.00
  19440                   1.00   1.00  0.00  0.00  0.00  0.00  0.00  0.00  0.00  0.00
  19717                   1.00   0.00  0.00  0.00  1.00  0.00  0.00  0.00  0.00  0.00
  19838                   1.00   0.00  0.00  0.00  1.00  0.00  0.00  0.00  0.00  0.00
  19850                   1.00   0.00  0.00  0.00  1.00  0.00  0.00  0.00  0.00  0.00
  19910                   1.00   1.00  0.00  0.00  0.00  0.00  0.00  0.00  0.00  0.00
  20466                   1.00   1.00  0.00  0.00  0.00  0.00  0.00  0.00  0.00  0.00
  20474                   1.00   0.00  0.00  0.00  1.00  0.00  0.00  0.00  0.98  0.00
  20518                   1.00   0.01  0.00  0.00  0.99  0.00  0.00  0.00  0.97  0.00
  20519                   1.00   1.00  0.00  0.00  0.00  0.00  0.00  0.00  0.00  0.00
  20520                   1.00   0.01  0.00  0.00  0.97  0.01  0.00  0.00  0.97  0.00
  20521                   1.00   1.00  0.00  0.00  0.00  0.00  0.00  0.00  0.00  0.00
  20529                   1.00   1.00  0.00  0.00  0.00  0.00  0.00  0.00  0.00  0.00
  20530                   1.00   0.01  0.00  0.00  0.99  0.00  0.00  0.00  0.00  0.00
  20531                   1.00   0.01  0.00  0.00  0.99  0.00  0.00  0.00  0.97  0.00
  20532                   1.00   0.02  0.00  0.00  0.00  0.98  0.00  0.00  0.00  0.00
  20534                   1.00   0.01  0.00  0.00  0.99  0.00  0.00  0.00  0.00  0.00
  20535                   1.00   1.00  0.00  0.00  0.00  0.00  0.00  0.00  0.00  0.00
  20536                   1.00   1.00  0.00  0.00  0.00  0.00  0.00  0.00  0.00  0.00
  20538                   1.00   0.01  0.00  0.00  0.02  0.00  0.00  0.97  0.00  0.00
  20539                   1.00   0.01  0.00  0.00  0.00  0.00  0.00  0.99  0.00  0.00
  20540                   1.00   1.00  0.00  0.00  0.00  0.00  0.00  0.00  0.00  0.00
  20541                   1.00   1.00  0.00  0.00  0.00  0.00  0.00  0.00  0.00  0.00
  20542                   1.00   1.00  0.00  0.00  0.00  0.00  0.00  0.00  0.00  0.00
  20543                   1.00   0.01  0.00  0.00  0.00  0.00  0.00  0.99  0.00  0.00
  20544                   1.00   1.00  0.00  0.00  0.00  0.00  0.00  0.00  0.00  0.00
  20545                   1.00   0.01  0.00  0.00  0.00  0.00  0.00  0.99  0.00  0.00
  20546                   1.00   0.01  0.99  0.00  0.00  0.00  0.00  0.00  0.00  0.00
  20547                   1.00   1.00  0.00  0.00  0.00  0.00  0.00  0.00  0.00  0.00
  20548                   1.00   0.01  0.00  0.00  0.99  0.00  0.00  0.00  0.00  0.00
  20549                   1.00   0.01  0.00  0.00  0.00  0.99  0.00  0.00  0.02  0.00
  20550                   1.00   0.01  0.00  0.00  0.99  0.00  0.00  0.00  0.00  0.00
  20560                   1.00   0.01  0.00  0.00  0.98  0.00  0.00  0.00  0.00  0.00
  20569                   1.00   0.01  0.00  0.00  0.98  0.00  0.00  0.00  0.97  0.00
  20570                   1.00   0.01  0.00  0.00  0.00  0.00  0.99  0.00  0.00  0.00
  20571                   1.00   0.02  0.00  0.00  0.98  0.00  0.00  0.00  0.00  0.00
  20573                   1.00   0.02  0.00  0.00  0.98  0.00  0.00  0.00  0.00  0.00
  20577                   1.00   0.05  0.02  0.00  0.93  0.00  0.00  0.00  0.00  0.00
  20578                   1.00   0.03  0.00  0.00  0.02  0.00  0.00  0.94  0.02  0.00
  20579                   1.00   0.03  0.00  0.00  0.00  0.00  0.00  0.97  0.00  0.00
  20582                   1.00   1.00  0.00  0.00  0.00  0.00  0.00  0.00  0.00  0.00
  20584                   1.00   0.03  0.00  0.00  0.97  0.00  0.00  0.00  0.97  0.00
  20592                   1.00   0.02  0.00  0.00  0.98  0.00  0.00  0.00  0.00  0.00
  20594                   1.00   0.03  0.02  0.00  0.94  0.00  0.00  0.00  0.00  0.00
  20605                   1.00   0.02  0.00  0.00  0.01  0.00  0.00  0.97  0.00  0.00
  20606                   1.00   0.02  0.00  0.00  0.98  0.00  0.00  0.00  0.00  0.00
  20609                   1.00   1.00  0.00  0.00  0.00  0.00  0.00  0.00  0.00  0.00
  20611                   1.00   0.03  0.00  0.00  0.00  0.00  0.00  0.97  0.00  0.00
  20613                   1.00   0.03  0.00  0.00  0.95  0.02  0.00  0.00  0.97  0.00
  20615                   1.00   0.03  0.00  0.00  0.94  0.02  0.00  0.00  0.97  0.00
  20616                   1.00   0.03  0.00  0.00  0.00  0.97  0.00  0.00  0.00  0.00
  20618                   1.00   0.03  0.00  0.00  0.97  0.00  0.00  0.00  0.97  0.00
  20619                   1.00   0.03  0.00  0.00  0.97  0.00  0.00  0.00  0.97  0.00
  20622                   1.00   0.01  0.00  0.00  0.99  0.00  0.00  0.00  0.00  0.00
  20623                   1.00   0.02  0.00  0.00  0.00  0.97  0.00  0.00  0.03  0.00
  20624                   1.00   0.02  0.00  0.00  0.98  0.00  0.00  0.00  0.00  0.00
  20627                   1.00   0.02  0.00  0.00  0.98  0.00  0.00  0.00  0.00  0.00
  20628                   1.00   0.02  0.00  0.00  0.98  0.00  0.00  0.00  0.96  0.00
  20636                   1.00   1.00  0.00  0.00  0.00  0.00  0.00  0.00  0.00  0.00
  20637                   1.00   0.01  0.00  0.00  0.99  0.00  0.00  0.00  0.00  0.00
  20638                   1.00   0.01  0.00  0.00  0.99  0.00  0.00  0.00  0.00  0.00
  20639                   1.00   0.01  0.00  0.00  0.99  0.00  0.00  0.00  0.00  0.00
  20640                   1.00   0.01  0.11  0.00  0.88  0.00  0.00  0.00  0.00  0.00
  20641                   1.00   1.00  0.00  0.00  0.00  0.00  0.00  0.00  0.00  0.00
  20643                   1.00   1.00  0.00  0.00  0.00  0.00  0.00  0.00  0.00  0.00
  20644                   1.00   1.00  0.00  0.00  0.00  0.00  0.00  0.00  0.00  0.00
  20645                   1.00   0.13  0.00  0.00  0.83  0.04  0.00  0.00  0.83  0.00
  20646                   1.00   1.00  0.00  0.00  0.00  0.00  0.00  0.00  0.00  0.00
  20647                   1.00   0.00  0.00  0.00  1.00  0.00  0.00  0.00  0.01  0.00
  20648                   1.00   0.00  0.00  0.00  1.00  0.00  0.00  0.00  0.01  0.00
  20655                   1.00   1.00  0.00  0.00  0.00  0.00  0.00  0.00  0.00  0.00
  20683                   1.00   1.00  0.00  0.00  0.00  0.00  0.00  0.00  0.00  0.00
  20777                   1.00   0.02  0.00  0.00  0.94  0.04  0.00  0.00  0.94  0.00
  20821                   1.00   1.00  0.00  0.00  0.00  0.00  0.00  0.00  0.00  0.00
  20913                   1.00   1.00  0.00  0.00  0.00  0.00  0.00  0.00  0.00  0.00
  20942                   1.00   0.00  0.13  0.00  0.87  0.00  0.00  0.00  0.00  0.00
  20944                   1.00   1.00  0.00  0.00  0.00  0.00  0.00  0.00  0.00  0.00
  20945                   1.00   0.00  0.13  0.00  0.13  0.75  0.00  0.00  0.08  0.00
  20946                   1.00   0.03  0.00  0.00  0.97  0.00  0.00  0.00  0.00  0.00
  20953                   1.00   1.00  0.00  0.00  0.00  0.00  0.00  0.00  0.00  0.00
  20954                   1.00   1.00  0.00  0.00  0.00  0.00  0.00  0.00  0.00  0.00
  20956                   1.00   0.12  0.01  0.00  0.88  0.00  0.00  0.00  0.00  0.00
  20962                   1.00   1.00  0.00  0.00  0.00  0.00  0.00  0.00  0.00  0.00
  20992                   1.00   1.00  0.00  0.00  0.00  0.00  0.00  0.00  0.00  0.00
  20993                   1.00   1.00  0.00  0.00  0.00  0.00  0.00  0.00  0.00  0.00
  21040                   1.00   1.00  0.00  0.00  0.00  0.00  0.00  0.00  0.00  0.00
  21712                   1.00   0.01  0.00  0.00  0.99  0.00  0.00  0.00  0.00  0.00
  21714                   1.00   0.01  0.00  0.00  0.98  0.00  0.00  0.00  0.00  0.00
  21715                   1.00   1.00  0.00  0.00  0.00  0.00  0.00  0.00  0.00  0.00
  21742                   1.00   0.01  0.00  0.00  0.99  0.00  0.00  0.00  0.01  0.00
  21744                   1.00   0.01  0.00  0.00  0.99  0.00  0.00  0.00  0.00  0.00
  21746                   1.00   0.13  0.69  0.00  0.15  0.02  0.00  0.00  0.85  0.00
  21747                   1.00   0.13  0.72  0.00  0.00  0.00  0.14  0.00  0.00  0.00
  21748                   1.00   0.13  0.00  0.00  0.87  0.00  0.00  0.00  0.00  0.00
  21749                   1.00   0.13  0.00  0.00  0.87  0.00  0.00  0.00  0.00  0.00
  21750                   1.00   0.13  0.00  0.00  0.87  0.00  0.00  0.00  0.00  0.00
  21754                   1.00   0.13  0.00  0.00  0.87  0.00  0.00  0.00  0.00  0.00
  21757                   1.00   0.01  0.99  0.00  0.00  0.00  0.00  0.00  0.00  0.00
  21759                   1.00   0.13  0.00  0.00  0.87  0.00  0.00  0.00  0.00  0.00
  21760                   1.00   0.13  0.00  0.00  0.04  0.00  0.83  0.00  0.00  0.00
  21762                   1.00   0.01  0.00  0.00  0.99  0.00  0.00  0.00  0.00  0.00
  21763                   1.00   1.00  0.00  0.00  0.00  0.00  0.00  0.00  0.00  0.00
  21764                   1.00   1.00  0.00  0.00  0.00  0.00  0.00  0.00  0.00  0.00
  21765                   1.00   1.00  0.00  0.00  0.00  0.00  0.00  0.00  0.00  0.00
  21766                   1.00   0.04  0.05  0.00  0.91  0.00  0.00  0.00  0.00  0.00
  21767                   1.00   0.09  0.91  0.00  0.00  0.00  0.00  0.00  0.00  0.00
  21769                   1.00   0.01  0.00  0.00  0.99  0.00  0.00  0.00  0.00  0.00
  21770                   1.00   0.95  0.02  0.00  0.03  0.00  0.00  0.00  0.83  0.00
  21771                   1.00   0.01  0.00  0.00  0.99  0.00  0.00  0.00  0.01  0.00
  21772                   1.00   1.00  0.00  0.00  0.00  0.00  0.00  0.00  0.00  0.00
  21773                   1.00   1.00  0.00  0.00  0.00  0.00  0.00  0.00  0.00  0.00
  21774                   1.00   1.00  0.00  0.00  0.00  0.00  0.00  0.00  0.00  0.00
  21778                   1.00   1.00  0.00  0.00  0.00  0.00  0.00  0.00  0.00  0.00
  21780                   1.00   0.14  0.00  0.00  0.86  0.00  0.00  0.00  0.00  0.00
  21781                   1.00   1.00  0.00  0.00  0.00  0.00  0.00  0.00  0.00  0.00
  21784                   1.00   1.00  0.00  0.00  0.00  0.00  0.00  0.00  0.00  0.00
  21786                   1.00   1.00  0.00  0.00  0.00  0.00  0.00  0.00  0.00  0.00
  21787                   1.00   0.13  0.83  0.00  0.00  0.00  0.04  0.00  0.00  0.00
  21788                   1.00   0.00  0.00  0.00  1.00  0.00  0.00  0.00  0.01  0.00
  21789                   1.00   0.01  0.00  0.00  0.99  0.00  0.00  0.00  0.00  0.00
  21792                   1.00   0.00  0.00  0.00  1.00  0.00  0.00  0.00  0.01  0.00
  21793                   1.00   1.00  0.00  0.00  0.00  0.00  0.00  0.00  0.00  0.00
  21796                   1.00   0.00  0.00  0.00  1.00  0.00  0.00  0.00  0.01  0.00
  21799                   1.00   0.13  0.00  0.00  0.05  0.00  0.82  0.00  0.00  0.00
  21800                   1.00   0.10  0.85  0.00  0.04  0.00  0.00  0.00  0.83  0.00
  21803                   1.00   0.00  0.00  0.00  1.00  0.00  0.00  0.00  0.06  0.00
  21805                   1.00   0.00  0.00  0.00  1.00  0.00  0.00  0.00  0.03  0.00
  21806                   1.00   0.00  0.00  0.00  1.00  0.00  0.00  0.00  0.01  0.00
  21812                   1.00   1.00  0.00  0.00  0.00  0.00  0.00  0.00  0.00  0.00
  21814                   1.00   1.00  0.00  0.00  0.00  0.00  0.00  0.00  0.00  0.00
  21815                   1.00   0.00  0.00  0.00  1.00  0.00  0.00  0.00  0.93  0.00
  21817                   1.00   1.00  0.00  0.00  0.00  0.00  0.00  0.00  0.00  0.00
  21820                   1.00   0.05  0.01  0.00  0.94  0.00  0.00  0.00  0.00  0.00
  21821                   1.00   0.05  0.00  0.00  0.95  0.00  0.00  0.00  0.00  0.00
  21822                   1.00   0.00  0.00  0.00  1.00  0.00  0.00  0.00  0.02  0.00
  21823                   1.00   0.00  0.00  0.00  1.00  0.00  0.00  0.00  0.02  0.00
  21824                   1.00   1.00  0.00  0.00  0.00  0.00  0.00  0.00  0.00  0.00
  21826                   1.00   0.01  0.00  0.00  0.98  0.00  0.00  0.00  0.00  0.00
  21827                   1.00   0.10  0.01  0.00  0.89  0.00  0.00  0.00  0.00  0.00
  21828                   1.00   0.01  0.00  0.00  0.90  0.00  0.09  0.00  0.00  0.00
  21829                   1.00   0.00  0.00  0.00  1.00  0.00  0.00  0.00  0.98  0.00
  21830                   1.00   0.00  0.00  0.00  1.00  0.00  0.00  0.00  0.97  0.00
  21832                   1.00   0.10  0.00  0.00  0.90  0.00  0.00  0.00  0.00  0.00
  21833                   1.00   0.10  0.00  0.00  0.90  0.00  0.00  0.00  0.00  0.00
  21835                   1.00   1.00  0.00  0.00  0.00  0.00  0.00  0.00  0.00  0.00
  21836                   1.00   1.00  0.00  0.00  0.00  0.00  0.00  0.00  0.00  0.00
  21838                   1.00   1.00  0.00  0.00  0.00  0.00  0.00  0.00  0.00  0.00
  21839                   1.00   1.00  0.00  0.00  0.00  0.00  0.00  0.00  0.00  0.00
  21840                   1.00   0.97  0.00  0.00  0.02  0.00  0.00  0.00  0.85  0.00
  21841                   1.00   0.98  0.02  0.00  0.00  0.00  0.00  0.00  0.00  0.00
  21844                   1.00   1.00  0.00  0.00  0.00  0.00  0.00  0.00  0.00  0.00
  21845                   1.00   0.00  0.00  0.00  0.02  0.97  0.00  0.00  0.00  0.00
  21846                   1.00   0.00  0.00  0.00  1.00  0.00  0.00  0.00  0.00  0.00
  21847                   1.00   0.00  0.00  0.00  1.00  0.00  0.00  0.00  0.97  0.00
  21848                   1.00   0.00  0.00  0.00  1.00  0.00  0.00  0.00  0.00  0.00
  21851                   1.00   1.00  0.00  0.00  0.00  0.00  0.00  0.00  0.00  0.00
  21852                   1.00   1.00  0.00  0.00  0.00  0.00  0.00  0.00  0.00  0.00
  21854                   1.00   0.13  0.79  0.00  0.08  0.00  0.00  0.00  0.80  0.00
  21858                   1.00   0.06  0.07  0.00  0.00  0.00  0.87  0.00  0.00  0.00
  21859                   1.00   0.05  0.00  0.00  0.91  0.03  0.00  0.00  0.95  0.00
  21862                   1.00   0.00  0.00  0.00  0.04  0.00  0.00  0.96  0.02  0.00
  21864                   1.00   0.00  1.00  0.00  0.00  0.00  0.00  0.00  0.00  0.00
  21866                   1.00   0.00  0.00  0.00  1.00  0.00  0.00  0.00  0.00  0.00
  22116                   1.00   1.00  0.00  0.00  0.00  0.00  0.00  0.00  0.00  0.00
  22117                   1.00   1.00  0.00  0.00  0.00  0.00  0.00  0.00  0.00  0.00
  22282                   1.00   1.00  0.00  0.00  0.00  0.00  0.00  0.00  0.00  0.00
  22575                   1.00   1.00  0.00  0.00  0.00  0.00  0.00  0.00  0.00  0.00
  22576                   1.00   1.00  0.00  0.00  0.00  0.00  0.00  0.00  0.00  0.00
  22580                   1.00   0.98  0.02  0.00  0.00  0.00  0.00  0.00  0.00  0.00
  22581                   1.00   1.00  0.00  0.00  0.00  0.00  0.00  0.00  0.00  0.00
  22582                   1.00   0.01  0.00  0.00  0.98  0.01  0.00  0.00  0.96  0.00
  22583                   1.00   1.00  0.00  0.00  0.00  0.00  0.00  0.00  0.00  0.00
  22585                   1.00   1.00  0.00  0.00  0.00  0.00  0.00  0.00  0.00  0.00
  22586                   1.00   0.14  0.00  0.00  0.02  0.00  0.00  0.85  0.00  0.00
  22587                   1.00   0.14  0.00  0.00  0.86  0.00  0.00  0.00  0.00  0.00
  22588                   1.00   0.14  0.00  0.00  0.03  0.00  0.83  0.00  0.00  0.00
  22589                   1.00   0.14  0.53  0.00  0.02  0.00  0.30  0.00  0.00  0.00
  22590                   1.00   0.60  0.37  0.00  0.03  0.00  0.00  0.00  0.83  0.00
  22591                   1.00   0.15  0.00  0.00  0.01  0.00  0.00  0.84  0.00  0.00
  22592                   1.00   0.15  0.85  0.00  0.00  0.00  0.00  0.00  0.00  0.00
  22596                   1.00   1.00  0.00  0.00  0.00  0.00  0.00  0.00  0.00  0.00
  22597                   1.00   1.00  0.00  0.00  0.00  0.00  0.00  0.00  0.00  0.00
  22598                   1.00   1.00  0.00  0.00  0.00  0.00  0.00  0.00  0.00  0.00
  22599                   1.00   1.00  0.00  0.00  0.00  0.00  0.00  0.00  0.00  0.00
  22601                   1.00   1.00  0.00  0.00  0.00  0.00  0.00  0.00  0.00  0.00
  22605                   1.00   0.16  0.65  0.00  0.19  0.00  0.00  0.00  0.01  0.00
  22606                   1.00   0.16  0.00  0.00  0.84  0.00  0.00  0.00  0.00  0.00
  22607                   1.00   0.16  0.00  0.00  0.84  0.00  0.00  0.00  0.00  0.00
  22608                   1.00   1.00  0.00  0.00  0.00  0.00  0.00  0.00  0.00  0.00
  22609                   1.00   1.00  0.00  0.00  0.00  0.00  0.00  0.00  0.00  0.00
  22611                   1.00   0.98  0.02  0.00  0.00  0.00  0.00  0.00  0.00  0.00
  22612                   1.00   0.14  0.84  0.00  0.01  0.00  0.02  0.00  0.00  0.00
  22613                   1.00   1.00  0.00  0.00  0.00  0.00  0.00  0.00  0.00  0.00
  22614                   1.00   0.10  0.85  0.00  0.05  0.00  0.00  0.00  0.82  0.00
  22616                   1.00   0.00  0.00  0.00  1.00  0.00  0.00  0.00  0.00  0.00
  22617                   1.00   1.00  0.00  0.00  0.00  0.00  0.00  0.00  0.00  0.00
  22618                   1.00   1.00  0.00  0.00  0.00  0.00  0.00  0.00  0.00  0.00
  22621                   1.00   1.00  0.00  0.00  0.00  0.00  0.00  0.00  0.00  0.00
  22640                   1.00   1.00  0.00  0.00  0.00  0.00  0.00  0.00  0.00  0.00
  22643                   1.00   1.00  0.00  0.00  0.00  0.00  0.00  0.00  0.00  0.00
  22653                   1.00   1.00  0.00  0.00  0.00  0.00  0.00  0.00  0.00  0.00
  22654                   1.00   1.00  0.00  0.00  0.00  0.00  0.00  0.00  0.00  0.00
  22656                   1.00   1.00  0.00  0.00  0.00  0.00  0.00  0.00  0.00  0.00
  22658                   1.00   1.00  0.00  0.00  0.00  0.00  0.00  0.00  0.00  0.00
  22659                   1.00   1.00  0.00  0.00  0.00  0.00  0.00  0.00  0.00  0.00
  22660                   1.00   0.00  0.00  0.00  1.00  0.00  0.00  0.00  0.02  0.00
  22789                   1.00   1.00  0.00  0.00  0.00  0.00  0.00  0.00  0.00  0.00
  22790                   1.00   1.00  0.00  0.00  0.00  0.00  0.00  0.00  0.00  0.00
  22794                   1.00   1.00  0.00  0.00  0.00  0.00  0.00  0.00  0.00  0.00
  22795                   1.00   1.00  0.00  0.00  0.00  0.00  0.00  0.00  0.00  0.00
  22796                   1.00   1.00  0.00  0.00  0.00  0.00  0.00  0.00  0.00  0.00
  22797                   1.00   1.00  0.00  0.00  0.00  0.00  0.00  0.00  0.00  0.00
  22798                   1.00   0.01  0.00  0.00  0.00  0.00  0.99  0.00  0.00  0.00
  22799                   1.00   0.01  0.00  0.00  0.99  0.00  0.00  0.00  0.00  0.00
  22800                   1.00   1.00  0.00  0.00  0.00  0.00  0.00  0.00  0.00  0.00
  22801                   1.00   1.00  0.00  0.00  0.00  0.00  0.00  0.00  0.00  0.00
  22802                   1.00   1.00  0.00  0.00  0.00  0.00  0.00  0.00  0.00  0.00
  22804                   1.00   1.00  0.00  0.00  0.00  0.00  0.00  0.00  0.00  0.00
  22805                   1.00   1.00  0.00  0.00  0.00  0.00  0.00  0.00  0.00  0.00
  22810                   1.00   1.00  0.00  0.00  0.00  0.00  0.00  0.00  0.00  0.00
  22811                   1.00   1.00  0.00  0.00  0.00  0.00  0.00  0.00  0.00  0.00
  22812                   1.00   1.00  0.00  0.00  0.00  0.00  0.00  0.00  0.00  0.00
  22818                   1.00   1.00  0.00  0.00  0.00  0.00  0.00  0.00  0.00  0.00
  22819                   1.00   0.01  0.99  0.00  0.00  0.00  0.00  0.00  0.00  0.00
  22827                   1.00   1.00  0.00  0.00  0.00  0.00  0.00  0.00  0.00  0.00
  22837                   1.00   1.00  0.00  0.00  0.00  0.00  0.00  0.00  0.00  0.00
  22839                   1.00   1.00  0.00  0.00  0.00  0.00  0.00  0.00  0.00  0.00
  22840                   1.00   1.00  0.00  0.00  0.00  0.00  0.00  0.00  0.00  0.00
  22850                   1.00   1.00  0.00  0.00  0.00  0.00  0.00  0.00  0.00  0.00
  22852                   1.00   1.00  0.00  0.00  0.00  0.00  0.00  0.00  0.00  0.00
  22865                   1.00   0.15  0.82  0.00  0.02  0.00  0.00  0.00  0.84  0.00
  22866                   1.00   0.15  0.78  0.00  0.07  0.00  0.00  0.00  0.78  0.00
  23050                   1.00   0.13  0.00  0.00  0.87  0.00  0.00  0.00  0.84  0.00
  23053                   1.00   0.13  0.00  0.00  0.84  0.03  0.00  0.00  0.00  0.00
  23054                   1.00   0.13  0.00  0.00  0.87  0.00  0.00  0.00  0.82  0.00
  23059                   1.00   0.13  0.00  0.00  0.85  0.02  0.00  0.00  0.83  0.00
  23060                   1.00   0.13  0.00  0.00  0.83  0.04  0.00  0.00  0.00  0.00
  23062                   1.00   0.13  0.00  0.00  0.82  0.05  0.00  0.00  0.84  0.00
  23063                   1.00   0.13  0.00  0.00  0.00  0.00  0.87  0.00  0.00  0.00
  23064                   1.00   0.12  0.00  0.00  0.88  0.00  0.00  0.00  0.00  0.00
  23066                   1.00   0.11  0.00  0.00  0.04  0.00  0.00  0.84  0.00  0.00
  23071                   1.00   1.00  0.00  0.00  0.00  0.00  0.00  0.00  0.00  0.00
  23073                   1.00   0.13  0.00  0.00  0.82  0.05  0.00  0.00  0.83  0.00
  23075                   1.00   0.13  0.00  0.00  0.83  0.04  0.00  0.00  0.00  0.00
  23077                   1.00   0.02  0.01  0.00  0.97  0.00  0.00  0.00  0.00  0.00
  23078                   1.00   0.13  0.00  0.00  0.87  0.00  0.00  0.00  0.00  0.00
  23079                   1.00   0.12  0.00  0.00  0.88  0.00  0.00  0.00  0.83  0.00
  23081                   1.00   1.00  0.00  0.00  0.00  0.00  0.00  0.00  0.00  0.00
  23082                   1.00   0.00  0.00  0.00  1.00  0.00  0.00  0.00  0.00  0.00
  23083                   1.00   0.00  0.00  0.00  1.00  0.00  0.00  0.00  0.01  0.00
  23084                   1.00   1.00  0.00  0.00  0.00  0.00  0.00  0.00  0.00  0.00
  23085                   1.00   0.00  0.02  0.00  0.97  0.00  0.00  0.00  0.00  0.00
  23087                   1.00   1.00  0.00  0.00  0.00  0.00  0.00  0.00  0.00  0.00
  23088                   1.00   1.00  0.00  0.00  0.00  0.00  0.00  0.00  0.00  0.00
  23090                   1.00   1.00  0.00  0.00  0.00  0.00  0.00  0.00  0.00  0.00
  23092                   1.00   1.00  0.00  0.00  0.00  0.00  0.00  0.00  0.00  0.00
  23093                   1.00   1.00  0.00  0.00  0.00  0.00  0.00  0.00  0.00  0.00
  23094                   1.00   0.00  0.00  0.00  0.99  0.00  0.00  0.00  0.97  0.00
  23095                   1.00   0.00  0.00  0.00  0.00  0.00  0.00  1.00  0.00  0.00
  23097                   1.00   0.03  0.00  0.00  0.05  0.00  0.93  0.00  0.00  0.00
  23098                   1.00   1.00  0.00  0.00  0.00  0.00  0.00  0.00  0.00  0.00
  23099                   1.00   0.03  0.01  0.00  0.97  0.00  0.00  0.00  0.00  0.00
  23102                   1.00   1.00  0.00  0.00  0.00  0.00  0.00  0.00  0.00  0.00
  23110                   1.00   0.13  0.87  0.00  0.00  0.00  0.00  0.00  0.00  0.00
  23112                   1.00   1.00  0.00  0.00  0.00  0.00  0.00  0.00  0.00  0.00
  23113                   1.00   1.00  0.00  0.00  0.00  0.00  0.00  0.00  0.00  0.00
  23114                   1.00   1.00  0.00  0.00  0.00  0.00  0.00  0.00  0.00  0.00
  23115                   1.00   0.01  0.01  0.00  0.98  0.00  0.00  0.00  0.00  0.00
  23116                   1.00   0.13  0.00  0.00  0.87  0.00  0.00  0.00  0.82  0.00
  23117                   1.00   0.13  0.00  0.00  0.87  0.00  0.00  0.00  0.83  0.00
  23119                   1.00   0.13  0.00  0.00  0.87  0.00  0.00  0.00  0.82  0.00
  23120                   1.00   0.13  0.00  0.00  0.85  0.02  0.00  0.00  0.01  0.00
  23122                   1.00   0.13  0.00  0.00  0.02  0.00  0.00  0.85  0.00  0.00
  23123                   1.00   0.13  0.00  0.00  0.87  0.00  0.00  0.00  0.00  0.00
  23147                   1.00   0.00  0.00  0.00  1.00  0.00  0.00  0.00  0.00  0.00
  23148                   1.00   1.00  0.00  0.00  0.00  0.00  0.00  0.00  0.00  0.00
  23150                   1.00   0.13  0.00  0.00  0.00  0.00  0.00  0.87  0.00  0.00
  23152                   1.00   1.00  0.00  0.00  0.00  0.00  0.00  0.00  0.00  0.00
  23158                   1.00   0.02  0.00  0.00  0.98  0.00  0.00  0.00  0.94  0.00
  23159                   1.00   0.02  0.00  0.00  0.00  0.98  0.00  0.00  0.96  0.00
  23163                   1.00   0.13  0.00  0.00  0.82  0.05  0.00  0.00  0.87  0.00
  23164                   1.00   0.13  0.00  0.00  0.87  0.00  0.00  0.00  0.00  0.00
  23165                   1.00   0.13  0.82  0.00  0.05  0.00  0.00  0.00  0.84  0.00
  23167                   1.00   0.13  0.00  0.00  0.83  0.04  0.00  0.00  0.87  0.00
  23171                   1.00   0.13  0.69  0.00  0.04  0.00  0.14  0.00  0.00  0.00
  23172                   1.00   0.02  0.00  0.00  0.98  0.00  0.00  0.00  0.00  0.00
  23190                   1.00   0.05  0.90  0.00  0.04  0.00  0.00  0.00  0.82  0.00
  23191                   1.00   0.40  0.01  0.00  0.59  0.00  0.00  0.00  0.83  0.00
  23192                   1.00   0.41  0.56  0.00  0.03  0.00  0.00  0.00  0.83  0.00
  23193                   1.00   0.14  0.55  0.00  0.01  0.00  0.29  0.00  0.00  0.00
  23199                   1.00   0.95  0.01  0.00  0.03  0.00  0.00  0.00  0.84  0.00
  23200                   1.00   0.00  0.97  0.00  0.03  0.00  0.00  0.00  0.00  0.00
  23204                   1.00   0.13  0.00  0.00  0.03  0.00  0.84  0.00  0.00  0.00
  23207                   1.00   0.05  0.00  0.00  0.95  0.00  0.00  0.00  0.00  0.00
  23478                   1.00   0.98  0.02  0.00  0.00  0.00  0.00  0.00  0.00  0.00
  23524                   1.00   1.00  0.00  0.00  0.00  0.00  0.00  0.00  0.00  0.00
  25966                   1.00   1.00  0.00  0.00  0.00  0.00  0.00  0.00  0.00  0.00
  26838                   1.00   0.01  0.00  0.00  0.99  0.00  0.00  0.00  0.00  0.00
  26852                   1.00   1.00  0.00  0.00  0.00  0.00  0.00  0.00  0.00  0.00
  26855                   1.00   1.00  0.00  0.00  0.00  0.00  0.00  0.00  0.00  0.00
  27342                   1.00   0.00  0.00  0.00  1.00  0.00  0.00  0.00  0.00  0.00
  31188                   1.00   0.13  0.00  0.00  0.87  0.00  0.00  0.00  0.83  0.00
  31937                   1.00   0.12  0.00  0.00  0.00  0.02  0.00  0.85  0.02  0.00
  32535                   1.00   1.00  0.00  0.00  0.00  0.00  0.00  0.00  0.00  0.00
  34331                   1.00   1.00  0.00  0.00  0.00  0.00  0.00  0.00  0.00  0.00
  36494                   1.00   0.00  0.00  0.00  1.00  0.00  0.00  0.00  0.00  0.00
  38189                   1.00   0.01  0.00  0.00  0.99  0.00  0.00  0.00  0.00  0.00
  38190                   1.00   0.96  0.00  0.00  0.04  0.00  0.00  0.00  0.82  0.00
  38193                   1.00   0.13  0.00  0.00  0.86  0.00  0.00  0.00  0.83  0.00
  38250                   1.00   0.97  0.03  0.00  0.00  0.00  0.00  0.00  0.00  0.00
  38555                   1.00   0.00  0.00  0.00  1.00  0.00  0.00  0.00  0.00  0.00
  38575                   1.00   1.00  0.00  0.00  0.00  0.00  0.00  0.00  0.00  0.00
  38710                   1.00   0.99  0.01  0.00  0.00  0.00  0.00  0.00  0.00  0.00
  38711                   1.00   0.01  0.00  0.00  0.99  0.00  0.00  0.00  0.00  0.00
  38712                   1.00   0.01  0.00  0.00  0.98  0.00  0.00  0.00  0.00  0.00
  38869                   1.00   1.00  0.00  0.00  0.00  0.00  0.00  0.00  0.00  0.00
  38870                   1.00   1.00  0.00  0.00  0.00  0.00  0.00  0.00  0.00  0.00
  38873                   1.00   1.00  0.00  0.00  0.00  0.00  0.00  0.00  0.00  0.00
  38889                   1.00   1.00  0.00  0.00  0.00  0.00  0.00  0.00  0.00  0.00
  39004                   1.00   0.01  0.00  0.00  0.99  0.00  0.00  0.00  0.00  0.00
  39117                   1.00   0.13  0.00  0.00  0.02  0.00  0.00  0.85  0.00  0.00
  39149                   1.00   1.00  0.00  0.00  0.00  0.00  0.00  0.00  0.00  0.00
  39247                   1.00   0.02  0.00  0.00  0.00  0.04  0.00  0.93  0.03  0.00
  39284                   1.00   1.00  0.00  0.00  0.00  0.00  0.00  0.00  0.00  0.00
  39378                   1.00   1.00  0.00  0.00  0.00  0.00  0.00  0.00  0.00  0.00
  39379                   1.00   1.00  0.00  0.00  0.00  0.00  0.00  0.00  0.00  0.00
  39419                   1.00   0.13  0.85  0.00  0.01  0.01  0.00  0.00  0.85  0.00
  39469                   1.00   1.00  0.00  0.00  0.00  0.00  0.00  0.00  0.00  0.00
  39514                   1.00   1.00  0.00  0.00  0.00  0.00  0.00  0.00  0.00  0.00
  39537                   1.00   0.12  0.00  0.00  0.88  0.00  0.00  0.00  0.00  0.00
  39563                   1.00   0.00  0.00  0.00  1.00  0.00  0.00  0.00  1.00  0.00
  39936                   1.00   1.00  0.00  0.00  0.00  0.00  0.00  0.00  0.00  0.00
  39937                   1.00   0.04  0.11  0.00  0.85  0.00  0.00  0.00  0.02  0.00
  40173                   1.00   0.05  0.00  0.00  0.94  0.00  0.00  0.00  0.01  0.00
  40224                   1.00   0.00  0.00  0.00  1.00  0.00  0.00  0.00  0.00  0.00
  40244                   1.00   0.10  0.00  0.00  0.90  0.00  0.00  0.00  0.00  0.00
  40245                   1.00   0.11  0.00  0.00  0.02  0.00  0.00  0.88  0.00  0.00
  40248                   1.00   1.00  0.00  0.00  0.00  0.00  0.00  0.00  0.00  0.00
  40249                   1.00   1.00  0.00  0.00  0.00  0.00  0.00  0.00  0.00  0.00
  40372                   1.00   1.00  0.00  0.00  0.00  0.00  0.00  0.00  0.00  0.00
  40373                   1.00   0.00  0.00  0.00  0.06  0.00  0.00  0.94  0.00  0.00
  40386                   1.00   0.00  0.97  0.00  0.03  0.00  0.00  0.00  0.85  0.00
  40388                   1.00   1.00  0.00  0.00  0.00  0.00  0.00  0.00  0.00  0.00
  40448                   1.00   0.99  0.01  0.00  0.00  0.00  0.00  0.00  0.00  0.00
  40679                   1.00   1.00  0.00  0.00  0.00  0.00  0.00  0.00  0.00  0.00
  40680                   1.00   1.00  0.00  0.00  0.00  0.00  0.00  0.00  0.00  0.00
  40713                   1.00   1.00  0.00  0.00  0.00  0.00  0.00  0.00  0.00  0.00
  40793                   1.00   0.01  0.00  0.00  0.00  0.99  0.00  0.00  0.02  0.00
  41025                   1.00   0.13  0.00  0.00  0.87  0.00  0.00  0.00  0.00  0.00
  41038                   1.00   0.12  0.00  0.00  0.88  0.00  0.00  0.00  0.00  0.00
  41039                   1.00   0.11  0.00  0.00  0.88  0.00  0.00  0.00  0.83  0.00
  41097                   1.00   1.00  0.00  0.00  0.00  0.00  0.00  0.00  0.00  0.00
  41114                   1.00   0.01  0.00  0.00  0.99  0.00  0.00  0.00  0.01  0.00
  41149                   1.00   1.00  0.00  0.00  0.00  0.00  0.00  0.00  0.00  0.00
  41181                   1.00   1.00  0.00  0.00  0.00  0.00  0.00  0.00  0.00  0.00
  41182                   1.00   1.00  0.00  0.00  0.00  0.00  0.00  0.00  0.00  0.00
  41183                   1.00   1.00  0.00  0.00  0.00  0.00  0.00  0.00  0.00  0.00
  41204                   1.00   1.00  0.00  0.00  0.00  0.00  0.00  0.00  0.00  0.00
  41367                   1.00   1.00  0.00  0.00  0.00  0.00  0.00  0.00  0.00  0.00
  41543                   1.00   0.01  0.00  0.00  0.99  0.00  0.00  0.00  0.95  0.00
  41557                   1.00   1.00  0.00  0.00  0.00  0.00  0.00  0.00  0.00  0.00
  41561                   1.00   0.15  0.00  0.00  0.85  0.00  0.00  0.00  0.00  0.00
  41562                   1.00   0.00  0.00  0.00  0.00  0.00  0.00  1.00  0.00  0.00
  41661                   1.00   0.14  0.00  0.00  0.85  0.00  0.00  0.00  0.00  0.00
  41712                   1.00   0.00  0.00  0.00  0.00  0.00  0.00  1.00  0.00  0.00
  42042                   1.00   1.00  0.00  0.00  0.00  0.00  0.00  0.00  0.00  0.00
  42043                   1.00   1.00  0.00  0.00  0.00  0.00  0.00  0.00  0.00  0.00
  42079                   1.00   1.00  0.00  0.00  0.00  0.00  0.00  0.00  0.00  0.00
  42080                   1.00   1.00  0.00  0.00  0.00  0.00  0.00  0.00  0.00  0.00
  42081                   1.00   0.13  0.00  0.00  0.83  0.04  0.00  0.00  0.00  0.00
  42082                   1.00   0.13  0.00  0.00  0.87  0.00  0.00  0.00  0.83  0.00
  42085                   1.00   0.13  0.73  0.00  0.13  0.00  0.00  0.00  0.80  0.00
  42514                   1.00   1.00  0.00  0.00  0.00  0.00  0.00  0.00  0.00  0.00
  42515                   1.00   0.02  0.00  0.00  0.05  0.94  0.00  0.00  0.98  0.00
  42541                   1.00   1.00  0.00  0.00  0.00  0.00  0.00  0.00  0.00  0.00
  42568                   1.00   0.15  0.00  0.00  0.85  0.00  0.00  0.00  0.00  0.00
  42610                   1.00   0.00  0.00  0.00  0.00  0.00  1.00  0.00  0.00  0.00
  42644                   1.00   1.00  0.00  0.00  0.00  0.00  0.00  0.00  0.00  0.00
  42711                   1.00   0.13  0.00  0.00  0.87  0.00  0.00  0.00  0.00  0.00
  42712                   1.00   0.14  0.86  0.00  0.00  0.00  0.00  0.00  0.00  0.00
  42713                   1.00   0.13  0.69  0.00  0.17  0.01  0.00  0.00  0.86  0.00
  42714                   1.00   0.00  0.00  0.00  1.00  0.00  0.00  0.00  0.02  0.00
  42715                   1.00   0.13  0.00  0.00  0.83  0.04  0.00  0.00  0.00  0.00
  42716                   1.00   0.00  0.00  0.00  0.00  1.00  0.00  0.00  1.00  0.00
  42717                   1.00   0.00  0.00  0.00  1.00  0.00  0.00  0.00  1.00  0.00
  42718                   1.00   0.02  0.00  0.00  0.00  0.98  0.00  0.00  0.93  0.00
  42719                   1.00   0.02  0.00  0.00  0.00  0.98  0.00  0.00  0.04  0.00
  42720                   1.00   1.00  0.00  0.00  0.00  0.00  0.00  0.00  0.00  0.00
  42721                   1.00   0.02  0.00  0.00  0.97  0.01  0.00  0.00  0.01  0.00
  42722                   1.00   0.00  0.01  0.00  0.99  0.00  0.00  0.00  0.99  0.00
  42723                   1.00   0.02  0.00  0.00  0.98  0.00  0.00  0.00  0.00  0.00
  42724                   1.00   0.91  0.07  0.00  0.02  0.00  0.00  0.00  0.82  0.00
  42725                   1.00   0.15  0.85  0.00  0.00  0.00  0.00  0.00  0.00  0.00
  42726                   1.00   0.98  0.02  0.00  0.00  0.00  0.00  0.00  0.00  0.00
  42727                   1.00   0.14  0.00  0.00  0.85  0.00  0.00  0.00  0.00  0.00
  42728                   1.00   0.01  0.00  0.00  0.99  0.00  0.00  0.00  0.96  0.00
  42730                   1.00   0.12  0.00  0.00  0.88  0.00  0.00  0.00  0.00  0.00
  42731                   1.00   1.00  0.00  0.00  0.00  0.00  0.00  0.00  0.00  0.00
  42732                   1.00   0.01  0.00  0.00  0.99  0.00  0.00  0.00  0.99  0.00
  42733                   1.00   0.01  0.00  0.00  0.99  0.00  0.00  0.00  0.00  0.00
  42734                   1.00   0.05  0.00  0.00  0.95  0.00  0.00  0.00  0.00  0.00
  42735                   1.00   0.00  0.00  0.00  0.02  0.98  0.00  0.00  0.97  0.00
  42736                   1.00   0.00  0.00  0.00  1.00  0.00  0.00  0.00  0.01  0.00
  42737                   1.00   0.92  0.08  0.00  0.00  0.00  0.00  0.00  0.00  0.00
  42738                   1.00   0.13  0.00  0.00  0.87  0.00  0.00  0.00  0.00  0.00
  42739                   1.00   0.02  0.00  0.00  0.98  0.00  0.00  0.00  0.00  0.00
  42740                   1.00   0.02  0.00  0.00  0.00  0.01  0.00  0.96  0.01  0.00
  42742                   1.00   0.00  0.01  0.00  0.99  0.00  0.00  0.00  0.00  0.00
  
  
  *************************
  Conduit Surcharge Summary
  *************************
  
  ----------------------------------------------------------------------------
                                                           Hours        Hours 
                         --------- Hours Full --------   Above Full   Capacity
  Conduit                Both Ends  Upstream  Dnstream   Normal Flow   Limited
  ----------------------------------------------------------------------------
  325                         0.21      0.21      1.86      0.01         0.01
  1612                        0.01      0.01      0.21      0.01         0.01
  2487                        1.66      1.66      1.69      0.01         0.01
  2488                        1.67      1.67      1.69      0.01         0.01
  3101                        5.50      5.50      6.13      0.01         0.01
  3369                        0.01      0.01      1.08      0.01         0.01
  3578                       95.45     95.45     95.53      0.01         0.01
  3832                        2.23      2.23      4.45      0.01         0.01
  5734                        0.01      0.01      0.14      0.01         0.01
  6198                        1.39      1.39      1.70      0.01         0.01
  7035                        1.86      1.86      1.87      1.87         1.86
  8063                        0.01      0.01      0.36      0.01         0.01
  8894                        0.01      0.01      1.48      0.01         0.01
  9700                        1.67      1.67      1.91      0.01         0.01
  10138                       0.01      0.01      2.51      0.01         0.01
  10264                       0.01      0.01      0.74      0.01         0.01
  10845                       0.01      3.41      0.01      3.52         0.01
  12611                       3.88      3.88      4.19      0.01         0.01
  12637                       0.01      0.01      0.23      0.01         0.01
  12650                      86.99     86.99     87.16      0.01         0.01
  12652                      86.40     86.40     86.40      0.01         0.05
  12664                       0.01      0.01      3.21      0.01         0.01
  12665                       0.01      0.01      1.43      0.01         0.01
  12668                       1.66      1.66      1.69      1.24         0.01
  12682                       0.23      0.23      0.36      0.01         0.01
  12683                       0.01      0.01      0.23      0.01         0.01
  12687                       0.01      0.01      0.55      0.01         0.01
  12688                       0.73      0.73      1.02      0.01         0.01
  12698                       0.01      0.01      1.17      0.01         0.01
  12760                       2.21      2.21      2.34      2.34         2.21
  12761                       3.60      4.20      3.72      3.66         3.01
  12897                       0.01      0.01      0.50      0.01         0.01
  12978                       0.01      0.01      1.94      0.01         0.01
  12980                       0.01      0.01      0.01      0.09         0.01
  12993                       1.55      1.55      1.89      0.01         0.01
  12994                       1.55      1.55      2.20      0.01         0.01
  12998                       1.24      1.24      2.41      0.01         0.01
  13000                       0.69      0.69      1.17      1.14         0.01
  13298                       5.22      5.22      5.76      0.01         0.01
  13512                      86.68     86.68     87.16      0.01         0.01
  13513                      86.04     86.04     86.26      0.01         0.01
  13802                       4.27      4.27     85.14      0.01         0.01
  13937                       0.01      0.01      0.01      0.69         0.01
  14080                       0.01      0.01      0.01      0.28         0.01
  14141                       1.61      1.61      1.76      0.01         0.01
  14208                       0.01      0.01      0.48      0.01         0.01
  15171                      95.29     95.29     95.46      0.01         0.01
  15362                       1.82      1.83      1.84      1.68         1.61
  16476                       3.45      3.45     85.13      0.01         0.01
  16654                       0.21      0.21      1.07      0.01         0.01
  17571                       4.28      4.28      4.72      0.01         0.01
  17580                       0.01      0.01     85.71      0.01         0.01
  17953                       0.78      0.78      1.00      0.01         0.01
  18387                      84.86     84.86     86.12      0.01         0.01
  19132                       0.01      0.01     95.69      0.01         0.01
  19193                       0.01      0.01      1.08      0.01         0.01
  19717                       1.72      1.72      1.77      0.01         0.01
  19838                      95.36     95.36     95.40      0.01         0.01
  20474                       1.57      1.57      1.70      0.01         0.01
  20577                       2.61      2.61      2.82      0.01         0.01
  20592                       0.01      0.01     94.10      0.01         0.01
  20594                       0.01      0.01      1.71      0.01         0.01
  20637                       0.01      0.01      0.91      0.01         0.01
  20640                       2.26      2.26     84.85      0.01         0.01
  20648                       0.64      0.64      1.29      0.01         0.01
  20942                       0.01      0.01     83.69      0.01         0.01
  20945                       0.01      0.01      7.72      0.01         0.01
  21712                       6.75      6.75     83.27      0.01         0.01
  21714                      86.61     86.61     86.68      0.01         0.01
  21742                       4.72      4.72      5.22      0.01         0.01
  21744                       5.76      5.76      6.75      0.01         0.01
  21759                       0.01      0.01      0.67      0.01         0.01
  21760                       0.36      0.91      0.36      1.82         0.36
  21762                       1.60      1.60      1.86      0.01         0.01
  21766                       0.01      0.01      2.51      0.01         0.01
  21769                       2.09      2.09      2.15      0.01         0.01
  21770                       0.01      0.01      1.07      0.01         0.01
  21771                       1.86      1.86      2.09      0.01         0.01
  21788                       1.07      1.07      1.60      0.01         0.01
  21789                      86.40     86.40     86.83      0.01         0.01
  21796                       0.01      0.01      0.24      0.01         0.01
  21800                       0.01      0.01      3.74      0.01         0.01
  21803                       0.24      0.24      1.06      0.01         0.01
  21805                       1.06      1.06      1.61      0.01         0.01
  21806                       0.01      0.01      0.21      0.01         0.01
  21820                       6.05      6.05      8.39      0.01         0.01
  21821                      83.77     83.77     87.98      0.01         0.01
  21822                       0.01      0.01      0.64      0.01         0.01
  21826                      86.04     86.04     86.12      0.01         0.01
  21828                       0.01      0.01      1.81      0.01         0.01
  21829                       1.66      1.66      1.83      0.01         0.01
  21830                       1.71      1.71      1.77      0.01         0.01
  21832                       0.01      0.01      0.30      0.01         0.01
  21845                       1.67      1.67      1.67      1.78         1.67
  21846                       1.70      1.70      1.76      0.01         0.01
  21847                       1.72      1.72      1.78      0.72         0.72
  21848                       1.70      1.70      1.86      0.01         0.01
  22587                       0.59      0.59      0.79      0.01         0.01
  22588                       0.03      0.03      1.24      0.01         0.01
  22589                       0.01      0.01      0.79      0.01         0.01
  22590                       0.01      0.01      1.10      0.01         0.01
  22616                       2.29      2.29      2.71      0.01         0.01
  22660                       1.86      1.86      2.29      0.01         0.01
  22865                       0.01      0.01     80.37      0.01         0.01
  23050                       0.01      0.01      3.93      0.01         0.01
  23053                       0.01      0.01      0.01      3.04         0.01
  23063                       0.01      0.01      0.01      3.59         0.01
  23077                       4.27      4.27     85.33      0.01         0.01
  23078                       0.01      0.01      0.01      0.01         0.01
  23095                       1.90      1.90      1.91      1.91         1.90
  23119                       0.01      0.01      0.56      0.01         0.01
  23122                       0.01      0.01      0.01      4.06         0.01
  23123                       0.01      0.01      4.53      0.01         0.01
  23164                       0.01      0.01      0.01      2.27         0.01
  23190                       0.90      0.90      1.74      0.01         0.01
  23191                       0.81      0.81      0.90      0.17         0.17
  23192                       0.69      0.69      0.81      0.01         0.01
  23199                       1.45      1.45      2.09      0.01         0.01
  23204                       1.67      1.67      1.93      0.01         0.01
  23207                       1.33      1.33      2.02      0.82         0.01
  26838                      86.61     86.61     86.91      0.01         0.01
  39117                       1.43      1.43      1.53      0.01         0.01
  39937                       0.01      0.01      1.52      0.01         0.01
  40224                      95.27     95.27     95.72      0.01         0.01
  40245                       0.01      0.01      0.01      1.40         0.01
  40373                       1.99      1.99      2.16      0.01         0.01
  41025                       0.98      0.98      1.02      0.01         0.01
  41543                       0.01      0.01      0.91      0.01         0.01
  41561                       1.12      1.12      1.20      0.01         0.01
  41661                       0.75      0.75      1.20      0.01         0.01
  42081                       0.01      0.01      0.01      0.75         0.01
  42085                       1.17      1.17      1.99      0.01         0.01
  42568                       0.78      0.78      1.39      0.01         0.01
  42711                       0.67      0.67      1.17      0.01         0.01
  42713                       0.01      0.01      2.23      0.01         0.01
  42722                       0.01      0.01      3.48      0.01         0.01
  42723                       0.01      0.01      0.01      4.06         0.01
  42727                       0.59      0.59      0.75      0.01         0.01
  42734                       1.74      1.74      2.02      0.01         0.01
  42735                       1.80      1.80      1.85      1.68         1.68
  42742                       0.01      0.01     95.15      0.01         0.01
  
  
  ***************
  Pumping Summary
  ***************
  
  ---------------------------------------------------------------------------------------------------------
                                                  Min       Avg       Max     Total     Power    % Time Off
                        Percent   Number of      Flow      Flow      Flow    Volume     Usage    Pump Curve
  Pump                 Utilized   Start-Ups       LPS       LPS       LPS  10^6 ltr     Kw-hr    Low   High
  ---------------------------------------------------------------------------------------------------------
  P1                       3.50           1      0.00      6.10      7.50     0.073      0.53    0.0    0.0
  P2                      99.21          60      0.00     16.28     51.00     5.159     21.98    0.0    0.0
  

  Analysis begun on:  Sat Jun  6 02:15:38 2026
  Analysis ended on:  Sat Jun  6 02:20:38 2026
  Total elapsed time: 00:05:00