
  EPA STORM WATER MANAGEMENT MODEL - VERSION 5.2 (Build 5.2.4)
  ------------------------------------------------------------

  INP file created on 2026/5/10 16:06:32 by admini with inpPINS version 0.0.3.0 
  Title/Notes: 
  Dry baseline correction: duplicate dry-weather inflow at J03262121 was removed because this flow had already been represented at J03260047. 
  WARNING 04: minimum elevation drop used for Conduit 95
  WARNING 04: minimum elevation drop used for Conduit 842
  WARNING 04: minimum elevation drop used for Conduit 3755
  WARNING 04: minimum elevation drop used for Conduit 5796
  WARNING 04: minimum elevation drop used for Conduit 10024
  WARNING 04: minimum elevation drop used for Conduit 10405
  WARNING 04: minimum elevation drop used for Conduit 12638
  WARNING 04: minimum elevation drop used for Conduit 12652
  WARNING 04: minimum elevation drop used for Conduit 16887
  WARNING 04: minimum elevation drop used for Conduit 18383
  WARNING 04: minimum elevation drop used for Conduit 20636
  WARNING 04: minimum elevation drop used for Conduit 21760
  WARNING 04: minimum elevation drop used for Conduit 21799
  WARNING 04: minimum elevation drop used for Conduit 21833
  WARNING 04: minimum elevation drop used for Conduit 22658
  WARNING 04: minimum elevation drop used for Conduit 23122
  WARNING 04: minimum elevation drop used for Conduit 23164
  WARNING 04: minimum elevation drop used for Conduit 38889
  WARNING 04: minimum elevation drop used for Conduit 42723
  WARNING 02: maximum depth increased for Node J03010003
  WARNING 02: maximum depth increased for Node J03190001
  WARNING 02: maximum depth increased for Node J03190120
  WARNING 02: maximum depth increased for Node J03190124
  WARNING 02: maximum depth increased for Node J03190130
  WARNING 02: maximum depth increased for Node J03190134
  WARNING 02: maximum depth increased for Node J03260026
  WARNING 02: maximum depth increased for Node J03260029
  WARNING 02: maximum depth increased for Node J03260033
  WARNING 02: maximum depth increased for Node J03260048
  WARNING 02: maximum depth increased for Node J03260051
  WARNING 02: maximum depth increased for Node J03260054
  WARNING 02: maximum depth increased for Node J03260075
  WARNING 02: maximum depth increased for Node J03262031
  
  ****************
  Analysis Options
  ****************
  Flow Units ............... LPS
  Process Models:
    Rainfall/Runoff ........ YES
    RDII ................... NO
    Snowmelt ............... NO
    Groundwater ............ NO
    Flow Routing ........... YES
    Ponding Allowed ........ YES
    Water Quality .......... NO
  Infiltration Method ...... HORTON
  Flow Routing Method ...... DYNWAVE
  Surcharge Method ......... EXTRAN
  Starting Date ............ 05/10/2026 00:00:00
  Ending Date .............. 05/11/2026 00:00:00
  Antecedent Dry Days ...... 0.0
  Report Time Step ......... 00:10:00
  Wet Time Step ............ 00:02:00
  Dry Time Step ............ 01:00:00
  Routing Time Step ........ 1.00 sec
  Variable Time Step ....... YES
  Maximum Trials ........... 12
  Number of Threads ........ 1
  Head Tolerance ........... 0.001500 m
  
  
  **************************        Volume         Depth
  Runoff Quantity Continuity     hectare-m            mm
  **************************     ---------       -------
  Total Precipitation ......         1.717        23.958
  Evaporation Loss .........         0.000         0.000
  Infiltration Loss ........         0.122         1.695
  Surface Runoff ...........         1.592        22.212
  Final Storage ............         0.003         0.036
  Continuity Error (%) .....         0.061
  
  
  **************************        Volume        Volume
  Flow Routing Continuity        hectare-m      10^6 ltr
  **************************     ---------     ---------
  Dry Weather Inflow .......         0.321         3.214
  Wet Weather Inflow .......         1.593        15.932
  Groundwater Inflow .......         0.000         0.000
  RDII Inflow ..............         0.000         0.000
  External Inflow ..........         0.000         0.000
  External Outflow .........         1.794        17.939
  Flooding Loss ............         0.000         0.000
  Evaporation Loss .........         0.000         0.000
  Exfiltration Loss ........         0.000         0.000
  Initial Stored Volume ....         0.000         0.000
  Final Stored Volume ......         0.119         1.188
  Continuity Error (%) .....         0.100
  
  
  *************************
  Highest Continuity Errors
  *************************
  Node J03260559 (15.71%)
  Node J03352038 (15.00%)
  Node J03351041 (14.39%)
  Node J03352036 (11.93%)
  Node J03191001 (11.00%)
  
  
  ***************************
  Time-Step Critical Elements
  ***************************
  Link 12876 (59.62%)
  Link 12611 (14.75%)
  Link 22588 (5.23%)
  Link 3147 (4.85%)
  Link 12888 (4.58%)
  
  
  ********************************
  Highest Flow Instability Indexes
  ********************************
  Link 12652 (106)
  Link 12650 (92)
  Link 13513 (91)
  Link 21714 (90)
  Link 26838 (86)
  
  
  *********************************
  Most Frequent Nonconverging Nodes
  *********************************
  Node J03260010 (7.24%)
  Node J03411080 (1.71%)
  Node J03260151 (0.99%)
  Node J03193117 (0.91%)
  Node J03411079 (0.60%)
  
  
  *************************
  Routing Time Step Summary
  *************************
  Minimum Time Step           :     0.02 sec
  Average Time Step           :     0.50 sec
  Maximum Time Step           :     1.00 sec
  % of Time in Steady State   :     0.00
  Average Iterations per Step :     6.14
  % of Steps Not Converging   :     7.24
  Time Step Frequencies       :
      1.000 -  0.871 sec      :     0.01 %
      0.871 -  0.758 sec      :     0.08 %
      0.758 -  0.660 sec      :     0.40 %
      0.660 -  0.574 sec      :     0.69 %
      0.574 -  0.500 sec      :    98.82 %
  
  
  ***************************
  Subcatchment Runoff Summary
  ***************************
  
  ------------------------------------------------------------------------------------------------------------------------------
                            Total      Total      Total      Total     Imperv       Perv      Total       Total     Peak  Runoff
                           Precip      Runon       Evap      Infil     Runoff     Runoff     Runoff      Runoff   Runoff   Coeff
  Subcatchment                 mm         mm         mm         mm         mm         mm         mm    10^6 ltr      LPS
  ------------------------------------------------------------------------------------------------------------------------------
  S1                        23.96       0.00       0.00       1.01      17.91       4.98      22.89        3.73   549.50   0.955
  S2                        23.96       0.00       0.00       2.17      14.33       7.41      21.74        4.94   698.20   0.907
  S3                        23.96       0.00       0.00       2.31      13.14       8.47      21.61        3.77   538.63   0.902
  S4                        23.96       0.00       0.00       1.06      15.54       7.32      22.86        1.07   159.84   0.954
  S5                        23.96       0.00       0.00       0.88      16.74       6.30      23.04        1.12   166.09   0.962
  S6                        23.96       0.00       0.00       1.12      15.54       7.26      22.80        1.29   193.10   0.952
  
  
  ******************
  Node Depth Summary
  ******************
  
  ---------------------------------------------------------------------------------
                                 Average  Maximum  Maximum  Time of Max    Reported
                                   Depth    Depth      HGL   Occurrence   Max Depth
  Node                 Type       Meters   Meters   Meters  days hr:min      Meters
  ---------------------------------------------------------------------------------
  G03160065            JUNCTION     0.04     0.20    30.55     0  02:00        0.20
  G03160066            JUNCTION     0.02     0.10    31.18     0  02:00        0.10
  G03160068            JUNCTION     0.00     0.00    30.03     0  00:00        0.00
  G03160069            JUNCTION     0.00     0.00    30.15     0  00:00        0.00
  G03160070            JUNCTION     0.47     0.70    29.77     0  01:59        0.70
  G03160073            JUNCTION     0.32     0.55    29.77     0  01:59        0.54
  J03010003            JUNCTION     0.10     0.25    27.75     0  02:03        0.25
  J03160546            JUNCTION     0.00     0.00    29.75     0  00:00        0.00
  J03160705            JUNCTION     0.00     0.00    29.67     0  00:00        0.00
  J03165846            JUNCTION     0.04     0.16    33.71     0  03:17        0.16
  J03166590            JUNCTION     0.00     0.00    29.98     0  00:00        0.00
  J03166604            JUNCTION     0.05     0.24    29.46     0  02:01        0.24
  J03166622            JUNCTION     0.00     0.00    31.62     0  00:00        0.00
  J03166623            JUNCTION     0.00     0.00    31.60     0  00:00        0.00
  J03176807            JUNCTION     0.64     1.41    33.36     0  02:10        1.12
  J03176811            JUNCTION     0.07     0.24    33.25     0  03:16        0.24
  J03176902            JUNCTION     0.33     1.48    31.57     0  02:59        1.46
  J03180001            JUNCTION     0.95     2.21    31.51     0  02:50        2.21
  J03180002            JUNCTION     0.36     1.63    31.54     0  02:51        1.61
  J03180003            JUNCTION     0.87     2.14    31.52     0  02:50        2.14
  J03180004            JUNCTION     0.52     1.80    31.53     0  02:57        1.79
  J03180005            JUNCTION     0.26     1.32    31.56     0  02:55        1.30
  J03180006            JUNCTION     0.62     1.93    31.56     0  02:51        1.91
  J03180007            JUNCTION     0.27     1.35    31.56     0  02:55        1.33
  J03180008            JUNCTION     0.32     1.50    31.56     0  02:47        1.49
  J03180009            JUNCTION     0.18     1.06    31.57     0  02:55        1.04
  J03180010            JUNCTION     0.34     1.50    31.58     0  02:50        1.47
  J03180011            JUNCTION     0.16     1.00    31.58     0  02:53        0.98
  J03180015            JUNCTION     0.22     1.18    31.58     0  02:47        1.16
  J03180019            JUNCTION     0.16     1.40    32.09     0  01:38        0.88
  J03180020            JUNCTION     0.14     1.39    32.21     0  01:42        0.76
  J03180022            JUNCTION     0.10     0.64    31.60     0  02:55        0.63
  J03180025            JUNCTION     0.03     0.13    31.61     0  03:18        0.13
  J03180026            JUNCTION     0.11     0.22    31.84     0  03:18        0.21
  J03180030            JUNCTION     0.07     0.20    32.10     0  03:18        0.20
  J03180031            JUNCTION     0.00     0.00    32.40     0  00:00        0.00
  J03180032            JUNCTION     0.00     0.00    32.35     0  00:00        0.00
  J03180034            JUNCTION     0.10     0.24    32.27     0  03:17        0.24
  J03180037            JUNCTION     0.00     0.00    32.64     0  00:00        0.00
  J03180039            JUNCTION     0.06     0.16    32.79     0  03:17        0.16
  J03180043            JUNCTION     0.07     0.23    32.89     0  03:17        0.23
  J03180046            JUNCTION     0.08     0.19    33.19     0  03:17        0.19
  J03180049            JUNCTION     0.07     0.24    33.26     0  03:16        0.24
  J03180052            JUNCTION     0.07     0.27    33.31     0  03:16        0.27
  J03180056            JUNCTION     0.13     0.34    33.37     0  03:15        0.34
  J03180060            JUNCTION     0.12     0.34    33.38     0  03:14        0.34
  J03180062            JUNCTION     0.00     0.00    33.50     0  00:00        0.00
  J03180063            JUNCTION     0.11     0.34    33.39     0  03:14        0.34
  J03180074            JUNCTION     0.14     0.36    33.49     0  03:16        0.36
  J03180075            JUNCTION     0.00     0.00    33.76     0  00:00        0.00
  J03180077            JUNCTION     0.00     0.00    33.70     0  00:00        0.00
  J03180079            JUNCTION     0.00     0.00    34.08     0  00:00        0.00
  J03180080            JUNCTION     0.12     0.39    33.54     0  03:06        0.38
  J03180081            JUNCTION     0.00     0.00    33.63     0  00:00        0.00
  J03180082            JUNCTION     0.00     0.00    34.06     0  00:00        0.00
  J03180083            JUNCTION     0.09     0.40    33.58     0  03:16        0.39
  J03180084            JUNCTION     0.00     0.00    34.16     0  00:00        0.00
  J03180086            JUNCTION     0.00     0.00    34.23     0  00:00        0.00
  J03180087            JUNCTION     0.09     0.39    33.62     0  03:06        0.39
  J03180088            JUNCTION     0.00     0.00    34.06     0  00:00        0.00
  J03180090            JUNCTION     0.00     0.00    33.88     0  00:00        0.00
  J03180092            JUNCTION     0.09     0.40    33.67     0  03:14        0.39
  J03180093            JUNCTION     0.00     0.00    33.93     0  00:00        0.00
  J03180094            JUNCTION     0.00     0.00    34.33     0  00:00        0.00
  J03180097            JUNCTION     0.00     0.00    33.88     0  00:00        0.00
  J03180098            JUNCTION     0.00     0.00    34.14     0  00:00        0.00
  J03180100            JUNCTION     0.09     0.52    33.81     0  03:13        0.41
  J03180102            JUNCTION     0.00     0.00    34.19     0  00:00        0.00
  J03180103            JUNCTION     0.00     0.00    34.17     0  00:00        0.00
  J03180105            JUNCTION     0.09     0.44    33.73     0  03:14        0.42
  J03180106            JUNCTION     0.00     0.00    33.90     0  00:00        0.00
  J03180107            JUNCTION     0.00     0.00    33.92     0  00:00        0.00
  J03180109            JUNCTION     0.10     0.50    33.79     0  02:24        0.44
  J03180111            JUNCTION     0.10     0.48    33.78     0  02:24        0.44
  J03180113            JUNCTION     0.00     0.00    34.18     0  00:00        0.00
  J03180114            JUNCTION     0.08     0.42    33.86     0  02:35        0.37
  J03180116            JUNCTION     0.08     0.45    33.95     0  03:12        0.41
  J03180118            JUNCTION     0.21     0.62    33.81     0  02:35        0.56
  J03180119            JUNCTION     0.00     0.00    33.96     0  00:00        0.00
  J03180120            JUNCTION     0.00     0.00    34.40     0  00:00        0.00
  J03180124            JUNCTION     0.12     0.73    34.24     0  03:13        0.70
  J03189802            JUNCTION     0.12     0.37    32.87     0  02:08        0.37
  J03189803            JUNCTION     0.32     0.62    32.93     0  03:20        0.62
  J03189833            JUNCTION     0.02     0.24    34.03     0  03:16        0.24
  J03189834            JUNCTION     0.01     0.23    34.03     0  03:17        0.23
  J03189835            JUNCTION     0.17     0.91    34.04     0  03:11        0.90
  J03189836            JUNCTION     0.04     0.31    34.10     0  03:15        0.30
  J03189837            JUNCTION     0.08     0.35    34.09     0  03:15        0.35
  J03189838            JUNCTION     0.13     0.85    34.09     0  03:12        0.84
  J03189839            JUNCTION     0.05     0.54    34.11     0  03:17        0.53
  J03189840            JUNCTION     0.01     0.17    34.13     0  03:15        0.17
  J03189841            JUNCTION     0.02     0.29    34.13     0  03:15        0.29
  J03189842            JUNCTION     0.17     0.84    34.13     0  03:15        0.84
  J03189843            JUNCTION     0.02     0.32    34.19     0  03:15        0.32
  J03189844            JUNCTION     0.02     0.26    34.19     0  03:15        0.26
  J03189845            JUNCTION     0.00     0.00    34.30     0  00:00        0.00
  J03189846            JUNCTION     0.00     0.00    34.35     0  00:00        0.00
  J03189847            JUNCTION     0.00     0.00    34.36     0  00:00        0.00
  J03189848            JUNCTION     0.04     0.45    34.24     0  03:15        0.45
  J03190001            JUNCTION     0.56     1.99    31.13     0  03:44        1.99
  J03190002            JUNCTION     0.02     0.12    31.13     0  03:44        0.11
  J03190004            JUNCTION     0.04     0.39    31.13     0  03:44        0.38
  J03190007            JUNCTION     0.06     0.49    31.13     0  03:39        0.49
  J03190008            JUNCTION     0.57     2.02    31.12     0  03:45        2.02
  J03190010            JUNCTION     0.58     2.04    31.12     0  03:44        2.04
  J03190012            JUNCTION     0.05     0.47    31.13     0  03:42        0.46
  J03190013            JUNCTION     0.12     0.76    31.13     0  03:42        0.75
  J03190014            JUNCTION     0.59     2.08    31.12     0  03:44        2.08
  J03190015            JUNCTION     0.07     0.57    31.13     0  03:42        0.56
  J03190022            JUNCTION     0.21     0.76    31.12     0  03:43        0.75
  J03190025            JUNCTION     0.62     2.11    31.10     0  03:43        2.11
  J03190026            JUNCTION     0.07     0.55    31.12     0  03:39        0.54
  J03190027            JUNCTION     0.09     0.61    31.08     0  03:42        0.61
  J03190028            JUNCTION     0.63     2.13    31.07     0  03:44        2.13
  J03190029            JUNCTION     0.12     0.75    31.08     0  03:38        0.75
  J03190030            JUNCTION     0.20     1.02    31.05     0  03:42        1.01
  J03190031            JUNCTION     0.64     2.15    31.04     0  03:45        2.15
  J03190032            JUNCTION     0.13     0.77    31.05     0  03:46        0.77
  J03190034            JUNCTION     0.65     2.16    31.02     0  03:46        2.16
  J03190039            JUNCTION     0.66     2.17    30.99     0  03:46        2.17
  J03190042            JUNCTION     0.67     2.21    30.98     0  03:48        2.21
  J03190044            JUNCTION     0.13     0.74    30.98     0  03:52        0.73
  J03190045            JUNCTION     0.69     2.25    30.97     0  03:48        2.25
  J03190048            JUNCTION     0.70     2.28    30.96     0  03:48        2.28
  J03190051            JUNCTION     0.72     2.32    30.95     0  03:50        2.32
  J03190055            JUNCTION     0.73     2.36    30.94     0  03:50        2.36
  J03190059            JUNCTION     0.74     2.37    30.94     0  03:50        2.37
  J03190061            JUNCTION     0.75     2.40    30.94     0  03:50        2.40
  J03190064            JUNCTION     0.77     2.45    30.93     0  03:52        2.45
  J03190067            JUNCTION     0.79     2.50    30.93     0  03:52        2.50
  J03190070            JUNCTION     0.81     2.54    30.92     0  03:52        2.54
  J03190078            JUNCTION     0.82     2.56    30.92     0  03:52        2.56
  J03190083            JUNCTION     0.83     2.59    30.92     0  03:51        2.59
  J03190084            JUNCTION     0.83     2.59    30.92     0  03:51        2.59
  J03190085            JUNCTION     0.21     0.99    30.94     0  03:48        0.97
  J03190088            JUNCTION     0.84     2.62    30.91     0  03:54        2.62
  J03190089            JUNCTION     0.26     1.11    30.92     0  03:58        1.10
  J03190091            JUNCTION     0.86     2.67    30.91     0  03:54        2.67
  J03190092            JUNCTION     0.22     1.00    30.92     0  03:58        0.99
  J03190094            JUNCTION     0.88     2.71    30.90     0  03:55        2.71
  J03190096            JUNCTION     0.38     1.56    30.92     0  03:51        1.55
  J03190102            JUNCTION     0.90     2.75    30.90     0  03:52        2.75
  J03190106            JUNCTION     0.91     2.79    30.90     0  03:56        2.79
  J03190107            JUNCTION     0.93     2.84    30.89     0  03:56        2.83
  J03190111            JUNCTION     0.96     2.88    30.89     0  03:54        2.88
  J03190114            JUNCTION     0.99     2.92    30.88     0  03:54        2.92
  J03190117            JUNCTION     0.20     0.37    28.29     0  03:51        0.37
  J03190120            JUNCTION     0.20     0.37    28.24     0  03:51        0.37
  J03190121            JUNCTION     0.00     0.00    30.01     0  00:00        0.00
  J03190123            JUNCTION     0.00     0.00    29.70     0  00:00        0.00
  J03190124            JUNCTION     0.20     0.36    28.19     0  04:02        0.36
  J03190128            JUNCTION     0.19     0.35    28.13     0  04:02        0.35
  J03190129            JUNCTION     0.00     0.00    29.93     0  00:00        0.00
  J03190130            JUNCTION     0.18     0.33    28.07     0  02:01        0.33
  J03190133            JUNCTION     0.00     0.00    30.07     0  00:00        0.00
  J03190134            JUNCTION     0.15     0.29    27.98     0  02:01        0.29
  J03190138            JUNCTION     0.17     0.33    27.88     0  02:01        0.32
  J03190142            JUNCTION     1.09     1.26    28.95     0  02:04        1.26
  J03190145            JUNCTION     0.94     1.12    28.97     0  00:48        1.11
  J03190147            JUNCTION     0.82     1.01    28.98     0  00:50        0.98
  J03190149            JUNCTION     0.12     0.70    30.95     0  03:48        0.68
  J03190150            JUNCTION     0.10     0.72    31.07     0  04:40        0.52
  J03190155            JUNCTION     0.21     0.63    30.88     0  02:08        0.61
  J03190159            JUNCTION     0.54     0.97    30.88     0  02:12        0.95
  J03190161            JUNCTION     1.15     1.59    30.88     0  02:11        1.57
  J03190162            JUNCTION     0.41     0.83    30.87     0  02:12        0.82
  J03190164            JUNCTION     1.13     1.58    30.89     0  02:08        1.55
  J03190167            JUNCTION     0.16     0.67    30.98     0  04:44        0.54
  J03190839            JUNCTION     0.08     0.19    30.02     0  02:11        0.18
  J03190840            JUNCTION     0.00     0.05    29.99     0  02:11        0.05
  J03191001            JUNCTION     0.62     0.80    28.97     0  00:50        0.78
  J03191002            JUNCTION     0.55     2.03    30.92     0  03:53        2.03
  J03191003            JUNCTION     0.22     1.03    30.94     0  03:42        1.02
  J03191004            JUNCTION     0.26     1.05    30.94     0  03:40        1.03
  J03191005            JUNCTION     0.26     1.05    30.94     0  03:54        1.04
  J03191007            JUNCTION     0.57     1.94    30.94     0  03:36        1.93
  J03191008            JUNCTION     0.14     0.75    30.94     0  03:39        0.73
  J03191010            JUNCTION     0.24     1.11    30.94     0  03:49        1.09
  J03191015            JUNCTION     0.18     0.80    30.94     0  03:54        0.78
  J03191016            JUNCTION     0.13     0.67    30.94     0  03:55        0.66
  J03191017            JUNCTION     0.10     0.61    30.93     0  03:44        0.61
  J03191019            JUNCTION     0.20     0.95    30.93     0  03:58        0.94
  J03191021            JUNCTION     0.44     1.73    30.94     0  03:50        1.71
  J03191023            JUNCTION     0.16     0.77    30.94     0  03:20        0.76
  J03191100            JUNCTION     1.08     1.51    30.87     0  02:08        1.50
  J03191101            JUNCTION     0.23     0.76    30.94     0  03:38        0.75
  J03191102            JUNCTION     0.07     0.45    30.93     0  03:47        0.44
  J03191103            JUNCTION     0.39     1.59    30.95     0  03:41        1.58
  J03191950            JUNCTION     0.59     2.12    30.92     0  03:53        2.12
  J03191951            JUNCTION     0.17     0.87    30.94     0  03:57        0.85
  J03191952            JUNCTION     0.14     0.75    30.93     0  03:55        0.74
  J03191956            JUNCTION     0.05     0.36    30.87     0  02:12        0.34
  J03191983            JUNCTION     0.53     2.01    31.02     0  02:00        2.01
  J03192002            JUNCTION     0.55     1.75    30.95     0  03:56        1.74
  J03192077            JUNCTION     0.21     0.99    30.94     0  03:47        0.97
  J03193034            JUNCTION     0.33     1.41    30.94     0  03:54        1.40
  J03193036            JUNCTION     0.21     1.02    31.17     0  01:59        1.02
  J03193037            JUNCTION     0.25     2.00    31.87     0  07:18        1.26
  J03193038            JUNCTION     0.22     1.17    31.17     0  01:57        1.15
  J03193045            JUNCTION     0.15     0.93    31.17     0  01:59        0.92
  J03193051            JUNCTION     0.34     1.12    31.18     0  01:57        1.10
  J03193057            JUNCTION     0.36     1.16    31.20     0  01:58        1.15
  J03193062            JUNCTION     0.32     1.12    31.20     0  01:59        1.11
  J03193063            JUNCTION     0.30     1.10    31.20     0  01:59        1.08
  J03193064            JUNCTION     0.18     1.00    31.22     0  01:58        0.99
  J03193078            JUNCTION     0.32     1.17    31.25     0  01:59        1.16
  J03193080            JUNCTION     0.43     1.29    31.26     0  01:59        1.27
  J03193081            JUNCTION     0.35     1.23    31.29     0  01:58        1.21
  J03193083            JUNCTION     0.38     1.30    31.33     0  01:58        1.28
  J03193085            JUNCTION     0.34     1.25    31.32     0  01:59        1.23
  J03193093            JUNCTION     0.04     0.17    31.01     0  02:00        0.17
  J03193094            JUNCTION     0.14     0.39    30.98     0  02:00        0.39
  J03193097            JUNCTION     0.04     0.21    30.86     0  02:00        0.21
  J03193099            JUNCTION     0.00     0.00    31.17     0  00:00        0.00
  J03193100            JUNCTION     0.04     0.18    30.83     0  02:00        0.18
  J03193103            JUNCTION     0.14     0.43    30.83     0  01:38        0.43
  J03193104            JUNCTION     0.23     0.48    30.80     0  01:29        0.47
  J03193105            JUNCTION     0.06     0.33    30.81     0  01:29        0.32
  J03193110            JUNCTION     0.08     0.44    30.89     0  00:23        0.36
  J03193113            JUNCTION     0.06     0.30    30.77     0  01:57        0.29
  J03193114            JUNCTION     0.18     0.47    30.82     0  01:56        0.47
  J03193117            JUNCTION     0.35     1.32    31.50     0  00:22        1.00
  J03193121            JUNCTION     0.04     0.22    30.68     0  01:40        0.21
  J03193123            JUNCTION     0.17     1.10    31.37     0  01:59        1.09
  J03193126            JUNCTION     0.12     0.92    31.38     0  02:00        0.89
  J03193127            JUNCTION     0.09     0.89    31.38     0  01:59        0.89
  J03193128            JUNCTION     0.28     1.19    31.38     0  02:00        1.18
  J03193130            JUNCTION     0.30     1.22    31.39     0  01:59        1.21
  J03193131            JUNCTION     0.29     1.21    31.39     0  01:59        1.19
  J03193137            JUNCTION     0.24     1.15    31.38     0  01:58        1.14
  J03193141            JUNCTION     0.17     1.07    31.38     0  01:59        1.07
  J03193142            JUNCTION     0.34     1.25    31.39     0  01:59        1.23
  J03193143            JUNCTION     0.32     1.23    31.39     0  01:59        1.21
  J03193145            JUNCTION     0.26     1.16    31.38     0  01:59        1.15
  J03193146            JUNCTION     0.29     1.20    31.39     0  01:59        1.17
  J03193149            JUNCTION     0.20     0.32    30.47     0  01:59        0.32
  J03193150            JUNCTION     0.01     0.30    31.37     0  02:00        0.30
  J03193152            JUNCTION     0.31     1.21    31.38     0  01:58        1.20
  J03193154            JUNCTION     0.15     0.96    31.38     0  01:59        0.95
  J03193155            JUNCTION     0.10     0.91    31.38     0  01:58        0.90
  J03193162            JUNCTION     0.00     0.00    30.40     0  00:00        0.00
  J03193164            JUNCTION     0.00     0.06    29.89     0  02:00        0.06
  J03193167            JUNCTION     0.00     0.07    30.23     0  02:00        0.07
  J03193169            JUNCTION     0.04     0.13    30.45     0  02:00        0.13
  J03193170            JUNCTION     0.34     0.47    30.47     0  02:00        0.47
  J03193173            JUNCTION     0.00     0.00    30.69     0  00:00        0.00
  J03195537            JUNCTION     0.28     0.67    30.86     0  02:09        0.67
  J03195666            JUNCTION     0.39     1.31    31.33     0  01:59        1.30
  J03195750            JUNCTION     0.11     0.26    30.85     0  02:00        0.26
  J03195943            JUNCTION     1.09     1.53    30.88     0  02:09        1.52
  J03195944            JUNCTION     0.74     2.38    30.94     0  03:50        2.38
  J03195988            JUNCTION     1.05     1.50    30.89     0  02:16        1.49
  J03195991            JUNCTION     0.89     2.54    30.91     0  03:54        2.54
  J03196571            JUNCTION     0.00     0.03    30.86     0  02:10        0.03
  J03196573            JUNCTION     0.04     0.24    30.86     0  02:10        0.24
  J03196577            JUNCTION     0.00     0.00    30.11     0  00:00        0.00
  J03196579            JUNCTION     0.28     0.50    29.49     0  02:02        0.50
  J03198004            JUNCTION     0.69     2.34    30.91     0  03:54        2.34
  J03198005            JUNCTION     0.67     2.12    30.92     0  02:02        2.11
  J03233000            JUNCTION     0.71     1.65    34.68     0  03:11        1.63
  J03235001            JUNCTION     0.62     1.35    34.45     0  03:19        1.35
  J03235002            JUNCTION     1.36     2.44    34.84     0  03:12        2.44
  J03235003            JUNCTION     1.46     2.54    34.84     0  03:11        2.54
  J03235004            JUNCTION     0.00     0.00    34.46     0  00:00        0.00
  J03235006            JUNCTION     0.97     1.70    34.45     0  03:12        1.69
  J03235007            JUNCTION     0.76     2.11    35.15     0  03:07        2.11
  J03235013            JUNCTION     0.88     2.23    35.15     0  03:07        2.23
  J03235014            JUNCTION     0.00     0.00    34.45     0  00:00        0.00
  J03235018            JUNCTION     0.33     1.06    34.45     0  03:14        1.05
  J03235019            JUNCTION     0.48     2.05    35.40     0  03:01        2.05
  J03235024            JUNCTION     0.14     1.29    35.42     0  03:04        1.27
  J03235029            JUNCTION     0.12     1.24    35.41     0  03:04        1.24
  J03235031            JUNCTION     0.54     2.80    36.18     0  02:48        2.80
  J03235032            JUNCTION     0.17     2.00    36.43     0  03:39        1.75
  J03235041            JUNCTION     0.22     0.96    34.46     0  03:17        0.95
  J03235042            JUNCTION     0.02     0.35    34.46     0  03:12        0.34
  J03235045            JUNCTION     0.29     2.15    36.45     0  02:43        2.14
  J03235046            JUNCTION     0.24     2.30    36.45     0  02:43        2.29
  J03235049            JUNCTION     0.54     3.04    36.45     0  02:43        3.03
  J03235051            JUNCTION     0.13     0.87    34.45     0  03:16        0.86
  J03235052            JUNCTION     0.01     0.19    34.45     0  03:14        0.18
  J03235056            JUNCTION     0.27     2.57    36.75     0  02:34        2.56
  J03235058            JUNCTION     0.40     3.16    36.75     0  02:34        3.15
  J03235068            JUNCTION     0.00     0.06    34.45     0  03:12        0.06
  J03235069            JUNCTION     0.14     0.83    34.45     0  03:12        0.83
  J03235075            JUNCTION     0.51     3.51    37.10     0  02:21        3.51
  J03235080            JUNCTION     1.12     7.74    41.72     0  02:08        7.74
  J03235081            JUNCTION     0.03     0.03    34.55     0  00:00        0.03
  J03235088            JUNCTION     1.16     8.75    42.77     0  02:03        8.68
  J03260024            JUNCTION     1.46     2.90    31.30     0  03:49        2.90
  J03260025            JUNCTION     0.21     1.14    31.31     0  03:49        1.13
  J03260026            JUNCTION     1.71     3.15    31.29     0  03:49        3.15
  J03260027            JUNCTION     0.24     1.24    31.31     0  03:51        1.23
  J03260028            JUNCTION     0.26     1.30    31.31     0  03:49        1.29
  J03260029            JUNCTION     1.71     3.16    31.29     0  03:50        3.16
  J03260030            JUNCTION     0.25     1.25    31.30     0  03:52        1.25
  J03260031            JUNCTION     0.26     1.27    31.30     0  03:52        1.26
  J03260032            JUNCTION     0.70     2.11    31.28     0  03:50        2.11
  J03260033            JUNCTION     1.80     3.24    31.28     0  03:50        3.24
  J03260034            JUNCTION     0.26     1.29    31.29     0  03:48        1.28
  J03260038            JUNCTION     1.79     3.22    31.27     0  03:51        3.22
  J03260041            JUNCTION     2.00     3.44    31.27     0  03:50        3.44
  J03260047            JUNCTION     0.22     0.94    31.27     0  03:45        0.92
  J03260048            JUNCTION     2.12     3.56    31.26     0  03:50        3.56
  J03260049            JUNCTION     0.18     0.97    31.27     0  03:45        0.97
  J03260050            JUNCTION     0.16     0.94    31.26     0  03:47        0.93
  J03260051            JUNCTION     2.22     3.65    31.25     0  03:49        3.65
  J03260052            JUNCTION     0.12     0.74    31.26     0  03:48        0.73
  J03260054            JUNCTION     2.32     3.74    31.24     0  03:48        3.74
  J03260055            JUNCTION     0.16     0.58    31.26     0  03:45        0.56
  J03260058            JUNCTION     0.07     0.57    31.25     0  03:47        0.55
  J03260059            JUNCTION     0.51     1.89    31.24     0  03:44        1.89
  J03260060            JUNCTION     0.09     0.64    31.25     0  03:43        0.61
  J03260061            JUNCTION     0.29     1.40    31.25     0  03:41        1.38
  J03260062            JUNCTION     0.08     0.62    31.22     0  03:46        0.61
  J03260063            JUNCTION     0.52     1.91    31.21     0  03:48        1.90
  J03260064            JUNCTION     0.05     0.42    31.22     0  03:43        0.41
  J03260065            JUNCTION     0.53     1.94    31.20     0  03:47        1.93
  J03260066            JUNCTION     0.53     1.93    31.18     0  03:45        1.93
  J03260067            JUNCTION     0.04     0.41    31.19     0  03:45        0.40
  J03260075            JUNCTION     0.55     1.96    31.13     0  03:44        1.96
  J03260076            JUNCTION     0.00     0.00    31.19     0  00:00        0.00
  J03260077            JUNCTION     0.00     0.00    31.33     0  00:00        0.00
  J03260079            JUNCTION     0.00     0.00    31.32     0  00:00        0.00
  J03260080            JUNCTION     0.00     0.00    31.37     0  00:00        0.00
  J03260081            JUNCTION     0.00     0.00    31.30     0  00:00        0.00
  J03260082            JUNCTION     0.00     0.08    31.25     0  02:10        0.08
  J03260085            JUNCTION     0.01     0.13    31.25     0  02:10        0.13
  J03260086            JUNCTION     0.06     0.55    31.25     0  02:10        0.55
  J03260087            JUNCTION     0.00     0.00    31.62     0  00:00        0.00
  J03260088            JUNCTION     0.25     1.13    31.26     0  02:09        1.12
  J03260090            JUNCTION     0.22     0.97    31.33     0  02:10        0.95
  J03260093            JUNCTION     0.18     0.94    31.39     0  02:09        0.93
  J03260095            JUNCTION     0.22     1.01    31.46     0  02:10        0.99
  J03260097            JUNCTION     0.13     0.83    31.52     0  02:09        0.82
  J03260099            JUNCTION     0.10     0.64    31.58     0  02:09        0.63
  J03260147            JUNCTION     0.98     2.24    31.51     0  02:51        2.24
  J03260148            JUNCTION     0.32     1.34    31.53     0  02:47        1.32
  J03260149            JUNCTION     1.19     2.45    31.51     0  02:50        2.45
  J03260150            JUNCTION     1.05     2.31    31.51     0  02:50        2.31
  J03260151            JUNCTION     1.00     2.28    31.53     0  02:36        2.28
  J03260154            JUNCTION     1.08     2.39    31.57     0  02:23        2.39
  J03260156            JUNCTION     1.02     2.35    31.59     0  02:20        2.35
  J03260157            JUNCTION     0.89     2.23    31.61     0  02:18        2.23
  J03260159            JUNCTION     0.86     2.23    31.64     0  02:16        2.22
  J03260160            JUNCTION     0.35     1.63    31.65     0  02:17        1.61
  J03260161            JUNCTION     0.84     2.21    31.64     0  02:15        2.21
  J03260162            JUNCTION     0.89     2.31    31.70     0  02:11        2.31
  J03260164            JUNCTION     1.04     2.52    31.76     0  02:09        2.52
  J03260166            JUNCTION     1.01     2.54    31.82     0  02:06        2.54
  J03260167            JUNCTION     0.82     2.35    31.82     0  02:06        2.35
  J03260170            JUNCTION     0.90     2.50    31.89     0  02:04        2.49
  J03260171            JUNCTION     1.10     2.83    32.03     0  02:01        2.82
  J03260172            JUNCTION     0.78     2.54    32.07     0  02:01        2.54
  J03260174            JUNCTION     1.01     2.77    32.07     0  02:01        2.77
  J03260401            JUNCTION     0.06     0.51    31.60     0  02:10        0.50
  J03260403            JUNCTION     0.06     0.52    31.59     0  02:10        0.52
  J03260404            JUNCTION     0.03     0.39    31.59     0  02:10        0.39
  J03260405            JUNCTION     0.02     0.19    31.56     0  01:58        0.19
  J03260406            JUNCTION     0.00     0.00    32.36     0  00:00        0.00
  J03260407            JUNCTION     0.05     0.19    31.80     0  02:03        0.19
  J03260408            JUNCTION     0.06     0.25    31.86     0  02:03        0.25
  J03260409            JUNCTION     0.00     0.00    32.57     0  00:00        0.00
  J03260410            JUNCTION     0.03     0.22    31.93     0  02:02        0.22
  J03260411            JUNCTION     0.00     0.00    32.75     0  00:00        0.00
  J03260412            JUNCTION     0.02     0.18    32.07     0  02:02        0.18
  J03260413            JUNCTION     0.00     0.00    32.79     0  00:00        0.00
  J03260414            JUNCTION     0.03     0.24    32.20     0  02:02        0.24
  J03260415            JUNCTION     0.00     0.00    32.79     0  00:00        0.00
  J03260416            JUNCTION     0.02     0.17    32.22     0  02:02        0.17
  J03260417            JUNCTION     0.02     0.16    32.24     0  02:02        0.16
  J03260418            JUNCTION     0.04     0.20    32.39     0  02:02        0.20
  J03260419            JUNCTION     0.00     0.00    32.19     0  00:00        0.00
  J03260421            JUNCTION     0.02     0.19    32.55     0  02:01        0.19
  J03260422            JUNCTION     0.14     0.40    32.65     0  02:01        0.40
  J03260424            JUNCTION     0.07     0.35    32.66     0  02:01        0.35
  J03260425            JUNCTION     0.05     0.32    32.70     0  02:11        0.31
  J03260426            JUNCTION     0.11     0.54    32.94     0  02:00        0.54
  J03260427            JUNCTION     0.09     0.46    32.94     0  02:01        0.46
  J03260429            JUNCTION     0.69     1.46    33.35     0  02:10        1.17
  J03260431            JUNCTION     0.16     2.29    36.12     0  02:00        2.29
  J03260532            JUNCTION     0.10     0.39    32.82     0  03:19        0.39
  J03260533            JUNCTION     0.09     0.38    32.82     0  03:19        0.38
  J03260534            JUNCTION     0.00     0.00    33.13     0  00:00        0.00
  J03260536            JUNCTION     0.11     0.39    32.66     0  02:01        0.39
  J03260538            JUNCTION     0.10     0.34    32.53     0  02:01        0.34
  J03260539            JUNCTION     0.00     0.00    32.59     0  00:00        0.00
  J03260541            JUNCTION     0.09     0.30    32.46     0  02:01        0.30
  J03260542            JUNCTION     0.18     0.42    32.37     0  02:02        0.42
  J03260544            JUNCTION     0.00     0.00    32.47     0  00:00        0.00
  J03260546            JUNCTION     0.12     0.29    32.28     0  02:02        0.29
  J03260547            JUNCTION     0.00     0.00    32.99     0  00:00        0.00
  J03260548            JUNCTION     0.09     0.30    32.07     0  02:02        0.29
  J03260550            JUNCTION     0.00     0.00    32.05     0  00:00        0.00
  J03260551            JUNCTION     0.09     0.31    31.90     0  02:04        0.31
  J03260555            JUNCTION     0.00     0.00    32.86     0  00:00        0.00
  J03260558            JUNCTION     0.67     0.94    31.87     0  02:06        0.93
  J03260559            JUNCTION     1.08     1.35    31.86     0  02:05        1.35
  J03260560            JUNCTION     0.50     0.76    31.86     0  02:05        0.76
  J03260561            JUNCTION     0.16     0.44    31.83     0  02:05        0.44
  J03260562            JUNCTION     0.00     0.00    32.23     0  00:00        0.00
  J03260564            JUNCTION     0.17     0.40    31.77     0  02:06        0.39
  J03260566            JUNCTION     0.10     0.42    31.70     0  02:09        0.41
  J03260567            JUNCTION     0.00     0.00    32.46     0  00:00        0.00
  J03260568            JUNCTION     0.12     0.52    31.69     0  02:09        0.52
  J03260569            JUNCTION     0.00     0.00    32.47     0  00:00        0.00
  J03260571            JUNCTION     0.10     0.59    31.68     0  02:09        0.59
  J03260572            JUNCTION     0.00     0.00    32.44     0  00:00        0.00
  J03260574            JUNCTION     0.33     0.82    31.66     0  02:10        0.80
  J03260575            JUNCTION     0.00     0.00    32.09     0  00:00        0.00
  J03260577            JUNCTION     0.23     0.68    31.61     0  02:09        0.68
  J03260578            JUNCTION     0.00     0.00    31.72     0  00:00        0.00
  J03261001            JUNCTION     0.00     0.00    28.36     0  00:00        0.00
  J03261009            JUNCTION     1.79     3.24    31.30     0  03:48        3.24
  J03261010            JUNCTION     0.39     1.70    31.31     0  03:50        1.70
  J03261011            JUNCTION     1.46     2.91    31.30     0  03:47        2.91
  J03261012            JUNCTION     0.26     1.31    31.31     0  03:42        1.30
  J03261013            JUNCTION     0.38     1.67    31.31     0  03:48        1.67
  J03261014            JUNCTION     1.81     3.26    31.30     0  03:48        3.26
  J03261015            JUNCTION     0.47     1.90    31.31     0  03:52        1.89
  J03262001            JUNCTION     2.25     3.69    31.26     0  03:50        3.69
  J03262003            JUNCTION     0.00     0.00    28.28     0  00:00        0.00
  J03262004            JUNCTION     0.00     0.00    27.85     0  00:00        0.00
  J03262008            JUNCTION     0.00     0.00    28.22     0  00:00        0.00
  J03262029            JUNCTION     0.18     1.00    31.27     0  03:51        0.98
  J03262030            JUNCTION     0.20     1.09    31.27     0  03:51        1.08
  J03262031            JUNCTION     2.15     3.59    31.26     0  03:50        3.59
  J03262068            JUNCTION     0.00     0.00    28.90     0  00:00        0.00
  J03262069            JUNCTION     0.00     0.00    28.90     0  00:00        0.00
  J03262070            JUNCTION     0.00     0.00    28.93     0  00:00        0.00
  J03262073            JUNCTION     0.00     0.00    29.91     0  00:00        0.00
  J03262074            JUNCTION     0.00     0.00    29.72     0  00:00        0.00
  J03262075            JUNCTION     0.00     0.00    29.91     0  00:00        0.00
  J03262076            JUNCTION     0.00     0.00    29.80     0  00:00        0.00
  J03262078            JUNCTION     0.00     0.00    29.17     0  00:00        0.00
  J03262079            JUNCTION     0.00     0.00    30.51     0  00:00        0.00
  J03262080            JUNCTION     0.00     0.00    30.57     0  00:00        0.00
  J03262083            JUNCTION     0.00     0.00    29.98     0  00:00        0.00
  J03262093            JUNCTION     0.00     0.00    30.07     0  00:00        0.00
  J03262094            JUNCTION     0.00     0.00    29.93     0  00:00        0.00
  J03262095            JUNCTION     0.00     0.00    30.49     0  00:00        0.00
  J03262096            JUNCTION     0.00     0.00    29.75     0  00:00        0.00
  J03262097            JUNCTION     0.00     0.00    30.48     0  00:00        0.00
  J03262098            JUNCTION     0.00     0.00    30.45     0  00:00        0.00
  J03262099            JUNCTION     0.00     0.00    29.72     0  00:00        0.00
  J03262100            JUNCTION     0.00     0.00    29.61     0  00:00        0.00
  J03262101            JUNCTION     0.00     0.00    30.16     0  00:00        0.00
  J03262102            JUNCTION     0.00     0.00    29.88     0  00:00        0.00
  J03262106            JUNCTION     0.00     0.00    30.39     0  00:00        0.00
  J03262113            JUNCTION     0.00     0.00    30.12     0  00:00        0.00
  J03262114            JUNCTION     0.00     0.00    29.85     0  00:00        0.00
  J03262119            JUNCTION     0.00     0.00    30.17     0  00:00        0.00
  J03262120            JUNCTION     0.00     0.00    30.17     0  00:00        0.00
  J03262121            JUNCTION     0.00     0.00    30.44     0  00:00        0.00
  J03262126            JUNCTION     0.00     0.00    29.75     0  00:00        0.00
  J03262127            JUNCTION     0.00     0.00    30.41     0  00:00        0.00
  J03262128            JUNCTION     0.00     0.00    29.22     0  00:00        0.00
  J03262795            JUNCTION     0.41     1.65    31.36     0  03:34        1.64
  J03263001            JUNCTION     0.48     1.91    31.32     0  03:44        1.90
  J03263002            JUNCTION     0.45     1.80    31.35     0  03:49        1.79
  J03263004            JUNCTION     1.15     2.59    31.30     0  03:49        2.59
  J03263005            JUNCTION     0.53     1.96    31.32     0  03:39        1.95
  J03263007            JUNCTION     0.57     1.92    31.37     0  03:34        1.91
  J03263010            JUNCTION     0.52     1.87    31.39     0  03:28        1.86
  J03263011            JUNCTION     0.40     1.74    31.32     0  03:45        1.72
  J03263012            JUNCTION     0.37     1.65    31.34     0  03:42        1.64
  J03263015            JUNCTION     0.54     1.77    31.34     0  03:39        1.76
  J03263016            JUNCTION     1.34     2.78    31.30     0  03:48        2.78
  J03263017            JUNCTION     0.61     1.99    31.43     0  03:05        1.98
  J03263018            JUNCTION     0.43     1.75    31.46     0  03:05        1.74
  J03263024            JUNCTION     0.38     1.61    31.47     0  03:04        1.60
  J03263039            JUNCTION     1.59     2.83    31.46     0  03:01        2.83
  J03263049            JUNCTION     0.49     1.75    31.38     0  03:20        1.74
  J03263052            JUNCTION     1.64     2.88    31.46     0  03:02        2.88
  J03263053            JUNCTION     0.55     1.83    31.41     0  03:16        1.81
  J03263054            JUNCTION     0.43     1.70    31.40     0  03:24        1.69
  J03263057            JUNCTION     0.32     1.49    31.47     0  03:04        1.49
  J03263058            JUNCTION     1.55     2.79    31.46     0  03:02        2.79
  J03263061            JUNCTION     0.36     1.64    31.43     0  03:37        1.62
  J03263063            JUNCTION     0.45     1.73    31.42     0  03:26        1.71
  J03263075            JUNCTION     1.22     2.45    31.46     0  03:01        2.45
  J03263078            JUNCTION     0.53     1.75    31.46     0  02:59        1.73
  J03263079            JUNCTION     0.33     1.53    31.44     0  03:08        1.52
  J03263080            JUNCTION     1.09     2.34    31.49     0  02:56        2.34
  J03263081            JUNCTION     0.14     0.89    31.50     0  02:56        0.89
  J03263082            JUNCTION     0.46     1.71    31.50     0  02:53        1.69
  J03264861            JUNCTION     0.03     0.44    34.44     0  03:08        0.42
  J03264862            JUNCTION     0.03     0.37    34.44     0  03:15        0.36
  J03264872            JUNCTION     0.09     0.83    33.88     0  03:19        0.83
  J03264875            JUNCTION     0.02     0.27    33.71     0  03:15        0.27
  J03264876            JUNCTION     0.09     0.78    33.73     0  03:14        0.76
  J03264882            JUNCTION     0.13     0.72    33.41     0  03:19        0.70
  J03264883            JUNCTION     0.08     0.66    33.39     0  03:11        0.65
  J03264891            JUNCTION     0.26     0.73    33.02     0  00:36        0.70
  J03264892            JUNCTION     0.51     0.99    33.02     0  00:36        0.96
  J03264894            JUNCTION     0.23     0.60    32.91     0  03:12        0.59
  J03264900            JUNCTION     0.16     0.98    31.58     0  02:21        0.97
  J03264960            JUNCTION     0.95     2.21    31.51     0  02:53        2.21
  J03264964            JUNCTION     0.89     2.15    31.51     0  02:51        2.15
  J03265000            JUNCTION     0.00     0.00    32.37     0  00:00        0.00
  J03265001            JUNCTION     0.00     0.00    32.31     0  00:00        0.00
  J03266226            JUNCTION     0.42     1.40    31.45     0  03:06        1.38
  J03266227            JUNCTION     0.23     1.19    31.44     0  02:58        1.18
  J03266669            JUNCTION     0.76     2.02    31.51     0  02:52        2.02
  J03266670            JUNCTION     0.81     2.07    31.51     0  02:51        2.07
  J03266695            JUNCTION     0.00     0.00    31.54     0  00:00        0.00
  J03266696            JUNCTION     0.00     0.00    32.05     0  00:00        0.00
  J03266698            JUNCTION     0.00     0.00    32.53     0  00:00        0.00
  J03266706            JUNCTION     0.00     0.00    32.41     0  00:00        0.00
  J03266707            JUNCTION     0.09     0.33    32.76     0  02:03        0.33
  J03351040            JUNCTION     0.12     0.92    34.46     0  03:17        0.89
  J03351041            JUNCTION     0.04     0.16    34.43     0  03:15        0.16
  J03351042            JUNCTION     0.12     0.89    34.43     0  03:15        0.89
  J03351044            JUNCTION     0.24     1.01    34.36     0  03:16        0.99
  J03351046            JUNCTION     0.10     0.96    34.28     0  03:11        0.95
  J03351047            JUNCTION     0.01     0.24    34.27     0  03:12        0.24
  J03351048            JUNCTION     0.01     0.18    34.27     0  03:17        0.18
  J03351049            JUNCTION     0.10     0.96    34.21     0  03:10        0.94
  J03351051            JUNCTION     0.11     0.97    34.12     0  03:15        0.96
  J03351053            JUNCTION     0.04     0.48    34.11     0  03:15        0.48
  J03351056            JUNCTION     0.20     1.15    34.10     0  00:33        1.00
  J03351058            JUNCTION     0.12     0.87    33.89     0  03:12        0.85
  J03351067            JUNCTION     0.09     0.80    33.81     0  03:05        0.78
  J03351068            JUNCTION     0.10     0.77    33.71     0  03:17        0.77
  J03351070            JUNCTION     0.08     0.33    33.71     0  03:11        0.33
  J03351071            JUNCTION     0.03     0.15    33.71     0  03:18        0.15
  J03351072            JUNCTION     0.10     0.83    33.65     0  03:06        0.82
  J03351075            JUNCTION     0.14     0.87    33.57     0  03:09        0.86
  J03351076            JUNCTION     0.28     0.95    33.49     0  03:20        0.93
  J03351078            JUNCTION     0.09     0.69    33.40     0  03:15        0.68
  J03351080            JUNCTION     0.11     0.68    33.32     0  03:19        0.66
  J03351083            JUNCTION     0.07     0.56    33.23     0  03:16        0.56
  J03351085            JUNCTION     0.02     0.18    33.23     0  03:18        0.17
  J03351086            JUNCTION     0.01     0.15    33.23     0  03:17        0.15
  J03351087            JUNCTION     0.07     0.61    33.16     0  02:59        0.59
  J03351089            JUNCTION     0.13     1.73    34.16     0  00:36        0.64
  J03351092            JUNCTION     1.08     1.56    33.01     0  03:23        1.54
  J03351093            JUNCTION     0.44     0.92    33.02     0  00:36        0.89
  J03351094            JUNCTION     0.27     0.63    32.90     0  03:19        0.63
  J03351095            JUNCTION     0.00     0.00    32.91     0  00:00        0.00
  J03351097            JUNCTION     0.29     0.58    32.82     0  03:19        0.58
  J03352001            JUNCTION     0.13     0.38    32.83     0  02:07        0.38
  J03352003            JUNCTION     0.22     0.50    32.90     0  03:20        0.50
  J03352004            JUNCTION     0.18     0.48    32.93     0  03:17        0.48
  J03352005            JUNCTION     0.23     0.53    32.93     0  03:17        0.53
  J03352007            JUNCTION     0.15     0.54    33.03     0  03:21        0.54
  J03352009            JUNCTION     0.13     0.51    33.12     0  03:17        0.51
  J03352010            JUNCTION     0.00     0.00    33.32     0  00:00        0.00
  J03352011            JUNCTION     0.18     0.59    33.21     0  03:17        0.57
  J03352013            JUNCTION     0.00     0.00    33.43     0  00:00        0.00
  J03352014            JUNCTION     0.16     0.57    33.28     0  03:17        0.57
  J03352015            JUNCTION     0.00     0.00    33.50     0  00:00        0.00
  J03352016            JUNCTION     0.14     0.53    33.34     0  03:18        0.53
  J03352017            JUNCTION     0.24     0.68    33.42     0  03:18        0.68
  J03352018            JUNCTION     0.00     0.00    33.54     0  00:00        0.00
  J03352026            JUNCTION     0.18     0.84    33.80     0  03:16        0.84
  J03352027            JUNCTION     0.04     0.11    33.81     0  03:16        0.10
  J03352028            JUNCTION     0.22     0.93    33.88     0  03:16        0.92
  J03352029            JUNCTION     0.16     0.86    33.89     0  03:16        0.86
  J03352030            JUNCTION     0.00     0.07    33.89     0  03:16        0.07
  J03352031            JUNCTION     0.20     0.89    33.97     0  03:16        0.89
  J03352032            JUNCTION     0.04     0.09    33.98     0  16:20        0.08
  J03352033            JUNCTION     0.21     0.93    34.03     0  03:15        0.93
  J03352034            JUNCTION     0.00     0.06    34.03     0  03:16        0.06
  J03352035            JUNCTION     0.15     0.81    34.09     0  03:15        0.81
  J03352036            JUNCTION     0.04     0.19    34.10     0  03:15        0.18
  J03352037            JUNCTION     0.23     0.90    34.13     0  03:15        0.90
  J03352038            JUNCTION     0.04     0.10    34.13     0  03:15        0.10
  J03352039            JUNCTION     0.04     0.49    34.17     0  03:12        0.48
  J03352041            JUNCTION     0.16     0.80    34.19     0  03:15        0.80
  J03352042            JUNCTION     0.00     0.00    34.30     0  00:00        0.00
  J03352043            JUNCTION     0.13     0.72    34.28     0  03:15        0.71
  J03352045            JUNCTION     0.12     0.72    34.24     0  03:14        0.72
  J03352046            JUNCTION     0.00     0.02    34.24     0  03:15        0.02
  J03352144            JUNCTION     0.13     0.82    34.17     0  03:10        0.81
  J03355147            JUNCTION     0.10     0.95    34.31     0  03:15        0.94
  J03380002            JUNCTION     0.17     0.29    29.38     0  02:03        0.29
  J03380007            JUNCTION     0.16     0.31    29.41     0  02:02        0.31
  J03380010            JUNCTION     0.23     0.43    29.46     0  02:02        0.42
  J03380014            JUNCTION     0.21     0.40    29.46     0  02:02        0.40
  J03380016            JUNCTION     0.11     0.29    29.45     0  02:02        0.29
  J03380018            JUNCTION     0.00     0.00    30.22     0  00:00        0.00
  J03380025            JUNCTION     0.18     0.40    29.49     0  02:02        0.39
  J03380029            JUNCTION     0.19     0.42    29.51     0  02:01        0.42
  J03380032            JUNCTION     0.11     0.34    29.51     0  02:01        0.34
  J03380033            JUNCTION     0.00     0.00    30.41     0  00:00        0.00
  J03380034            JUNCTION     0.00     0.00    30.51     0  00:00        0.00
  J03380037            JUNCTION     0.04     0.25    30.56     0  01:41        0.23
  J03380040            JUNCTION     0.03     0.16    29.59     0  02:01        0.16
  J03380042            JUNCTION     0.08     0.24    29.65     0  02:01        0.24
  J03380046            JUNCTION     0.00     0.00    30.13     0  00:00        0.00
  J03380047            JUNCTION     0.05     0.21    29.68     0  02:00        0.21
  J03380053            JUNCTION     0.08     0.28    29.74     0  02:00        0.28
  J03380055            JUNCTION     0.00     0.00    30.26     0  00:00        0.00
  J03380056            JUNCTION     0.36     0.78    29.97     0  01:57        0.77
  J03380057            JUNCTION     0.23     0.58    29.89     0  01:59        0.51
  J03380058            JUNCTION     0.04     0.14    30.25     0  02:10        0.14
  J03380060            JUNCTION     0.11     0.37    30.55     0  02:10        0.37
  J03380065            JUNCTION     0.21     0.54    30.66     0  02:10        0.54
  J03380071            JUNCTION     0.15     0.50    30.68     0  02:10        0.50
  J03380073            JUNCTION     0.25     0.63    30.72     0  02:09        0.63
  J03380075            JUNCTION     0.13     0.51    30.73     0  02:09        0.51
  J03380076            JUNCTION     0.12     0.50    30.73     0  02:09        0.49
  J03380077            JUNCTION     0.18     0.55    30.74     0  02:09        0.55
  J03380079            JUNCTION     0.30     0.70    30.78     0  02:09        0.70
  J03380081            JUNCTION     0.24     0.67    30.81     0  02:09        0.67
  J03380083            JUNCTION     0.14     0.59    30.83     0  02:09        0.59
  J03380085            JUNCTION     0.14     0.56    30.86     0  02:09        0.56
  J03380088            JUNCTION     0.81     1.23    30.86     0  02:09        1.23
  J03380089            JUNCTION     0.24     0.64    30.93     0  02:08        0.64
  J03380092            JUNCTION     0.30     0.75    30.98     0  02:08        0.74
  J03380095            JUNCTION     0.14     0.64    31.03     0  02:07        0.62
  J03380096            JUNCTION     0.36     0.91    31.09     0  02:06        0.87
  J03380098            JUNCTION     0.18     0.76    31.12     0  02:05        0.74
  J03380100            JUNCTION     0.16     0.74    31.17     0  02:05        0.72
  J03380102            JUNCTION     0.15     0.77    31.22     0  02:05        0.74
  J03380104            JUNCTION     0.17     0.77    31.27     0  02:05        0.74
  J03380106            JUNCTION     0.24     0.91    31.34     0  02:05        0.85
  J03380109            JUNCTION     0.09     0.77    31.36     0  02:04        0.72
  J03380113            JUNCTION     0.10     0.75    31.38     0  02:05        0.72
  J03380117            JUNCTION     0.12     0.73    31.39     0  02:05        0.70
  J03380120            JUNCTION     0.65     1.31    31.44     0  02:04        1.25
  J03380124            JUNCTION     0.11     0.67    31.47     0  02:05        0.63
  J03380127            JUNCTION     0.14     0.74    31.53     0  02:04        0.69
  J03380129            JUNCTION     0.13     0.73    31.53     0  02:04        0.68
  J03380131            JUNCTION     0.12     0.72    31.56     0  02:05        0.68
  J03380136            JUNCTION     0.08     0.63    31.61     0  02:05        0.58
  J03380137            JUNCTION     0.10     0.64    31.64     0  02:05        0.59
  J03380142            JUNCTION     0.12     0.66    31.66     0  02:05        0.61
  J03380145            JUNCTION     0.11     0.62    31.70     0  02:05        0.55
  J03380148            JUNCTION     0.09     0.60    31.75     0  02:05        0.52
  J03380152            JUNCTION     0.08     0.50    31.78     0  02:04        0.44
  J03380155            JUNCTION     0.07     0.37    31.83     0  02:03        0.36
  J03380159            JUNCTION     0.06     0.31    32.00     0  01:30        0.30
  J03380162            JUNCTION     0.08     0.32    32.20     0  01:30        0.32
  J03380165            JUNCTION     0.12     0.38    32.23     0  01:25        0.38
  J03380166            JUNCTION     0.08     0.34    32.37     0  01:29        0.33
  J03380170            JUNCTION     0.15     0.46    32.44     0  01:25        0.46
  J03380173            JUNCTION     0.06     0.28    32.67     0  01:20        0.27
  J03380175            JUNCTION     0.03     0.03    31.95     0  00:11        0.03
  J03380177            JUNCTION     0.02     0.02    31.74     0  07:14        0.02
  J03380178            JUNCTION     0.21     0.21    31.69     0  08:51        0.21
  J03380180            JUNCTION     0.00     0.00    32.07     0  00:00        0.00
  J03380182            JUNCTION     0.02     0.02    31.67     0  08:51        0.02
  J03380184            JUNCTION     0.03     0.03    31.39     0  08:51        0.03
  J03380186            JUNCTION     0.03     0.03    31.24     0  08:51        0.03
  J03380188            JUNCTION     0.03     0.03    31.14     0  07:47        0.03
  J03380190            JUNCTION     0.03     0.03    30.96     0  07:46        0.03
  J03380195            JUNCTION     0.09     0.09    30.90     0  02:38        0.09
  J03380197            JUNCTION     0.02     0.02    30.88     0  06:42        0.02
  J03380198            JUNCTION     0.00     0.00    31.48     0  00:00        0.00
  J03380199            JUNCTION     0.15     0.26    30.86     0  02:09        0.26
  J03380200            JUNCTION     0.00     0.00    31.36     0  00:00        0.00
  J03380201            JUNCTION     0.04     0.15    30.86     0  02:09        0.15
  J03380203            JUNCTION     0.00     0.00    31.75     0  00:00        0.00
  J03380204            JUNCTION     0.00     0.00    31.95     0  00:00        0.00
  J03380206            JUNCTION     0.00     0.00    31.42     0  00:00        0.00
  J03380207            JUNCTION     0.05     0.21    30.87     0  02:10        0.20
  J03380209            JUNCTION     0.13     0.31    30.89     0  02:13        0.29
  J03380210            JUNCTION     0.00     0.00    30.88     0  02:13        0.00
  J03380211            JUNCTION     0.08     0.23    30.86     0  02:11        0.23
  J03380212            JUNCTION     0.00     0.00    30.90     0  00:00        0.00
  J03380213            JUNCTION     0.10     0.26    30.86     0  02:10        0.26
  J03380215            JUNCTION     0.04     0.20    30.86     0  02:10        0.20
  J03380218            JUNCTION     0.12     0.43    30.86     0  02:10        0.43
  J03380219            JUNCTION     0.09     0.47    30.87     0  02:10        0.46
  J03380221            JUNCTION     0.12     0.52    30.87     0  02:09        0.52
  J03380223            JUNCTION     0.54     0.96    30.87     0  02:10        0.95
  J03380224            JUNCTION     0.12     0.54    30.88     0  02:09        0.52
  J03380225            JUNCTION     0.21     0.63    30.87     0  02:09        0.62
  J03380227            JUNCTION     0.24     0.66    30.87     0  02:09        0.65
  J03380228            JUNCTION     0.37     0.80    30.88     0  02:10        0.78
  J03380230            JUNCTION     0.20     0.61    30.87     0  02:09        0.60
  J03380231            JUNCTION     0.00     0.00    30.87     0  00:00        0.00
  J03380232            JUNCTION     0.46     0.89    30.88     0  02:08        0.87
  J03380235            JUNCTION     1.00     1.43    30.87     0  02:09        1.42
  J03380236            JUNCTION     0.23     0.65    30.88     0  02:09        0.63
  J03380237            JUNCTION     1.05     1.49    30.88     0  02:09        1.47
  J03380238            JUNCTION     1.12     1.56    30.88     0  02:08        1.55
  J03380239            JUNCTION     0.24     0.65    30.86     0  02:09        0.65
  J03380240            JUNCTION     0.07     0.46    30.86     0  02:09        0.46
  J03380241            JUNCTION     0.05     0.36    30.86     0  02:09        0.36
  J03380243            JUNCTION     0.33     0.74    30.86     0  02:09        0.74
  J03380245            JUNCTION     0.30     0.71    30.86     0  02:09        0.71
  J03380248            JUNCTION     0.00     0.05    30.85     0  02:09        0.05
  J03380252            JUNCTION     0.02     0.09    30.17     0  02:10        0.09
  J03380254            JUNCTION     0.02     0.13    30.18     0  02:10        0.13
  J03380255            JUNCTION     0.00     0.00    30.99     0  00:00        0.00
  J03380256            JUNCTION     0.02     0.11    30.16     0  02:10        0.11
  J03380258            JUNCTION     0.07     0.15    30.12     0  02:10        0.15
  J03380260            JUNCTION     0.05     0.11    30.11     0  02:11        0.10
  J03380262            JUNCTION     0.03     0.12    30.01     0  02:11        0.12
  J03380264            JUNCTION     0.00     0.05    29.91     0  02:11        0.05
  J03380265            JUNCTION     0.01     0.14    29.77     0  02:01        0.13
  J03380266            JUNCTION     0.35     0.61    29.81     0  02:00        0.58
  J03380267            JUNCTION     0.01     0.09    29.77     0  02:00        0.08
  J03380272            JUNCTION     0.00     0.00    30.30     0  00:00        0.00
  J03380280            JUNCTION     0.00     0.00    29.51     0  00:00        0.00
  J03380281            JUNCTION     0.00     0.00    30.18     0  00:00        0.00
  J03380282            JUNCTION     0.20     0.61    29.95     0  01:59        0.59
  J03380284            JUNCTION     0.01     0.13    29.78     0  01:59        0.12
  J03380286            JUNCTION     0.00     0.00    30.73     0  00:00        0.00
  J03380287            JUNCTION     0.00     0.00    30.05     0  00:00        0.00
  J03380288            JUNCTION     0.00     0.00    30.35     0  00:00        0.00
  J03380289            JUNCTION     0.00     0.00    30.10     0  00:00        0.00
  J03380290            JUNCTION     0.00     0.00    30.27     0  00:00        0.00
  J03380291            JUNCTION     0.00     0.00    30.24     0  00:00        0.00
  J03380292            JUNCTION     0.00     0.00    30.01     0  00:00        0.00
  J03380293            JUNCTION     0.00     0.00    30.16     0  00:00        0.00
  J03380295            JUNCTION     0.00     0.00    30.19     0  00:00        0.00
  J03380299            JUNCTION     0.00     0.00    30.10     0  00:00        0.00
  J03380301            JUNCTION     0.00     0.00    29.72     0  00:00        0.00
  J03380302            JUNCTION     0.00     0.00    29.72     0  00:00        0.00
  J03380305            JUNCTION     0.00     0.00    29.70     0  00:00        0.00
  J03380307            JUNCTION     0.00     0.00    29.67     0  00:00        0.00
  J03380310            JUNCTION     0.00     0.00    29.90     0  00:00        0.00
  J03380316            JUNCTION     0.00     0.00    29.65     0  00:00        0.00
  J03380318            JUNCTION     0.00     0.00    29.81     0  00:00        0.00
  J03380322            JUNCTION     0.00     0.00    29.70     0  00:00        0.00
  J03380323            JUNCTION     0.00     0.00    30.66     0  00:00        0.00
  J03380325            JUNCTION     0.00     0.00    31.08     0  00:00        0.00
  J03380327            JUNCTION     0.00     0.00    29.54     0  00:00        0.00
  J03380328            JUNCTION     0.00     0.00    29.75     0  00:00        0.00
  J03380331            JUNCTION     0.00     0.00    31.06     0  00:00        0.00
  J03380332            JUNCTION     0.00     0.00    29.63     0  00:00        0.00
  J03380335            JUNCTION     0.00     0.00    29.72     0  00:00        0.00
  J03380346            JUNCTION     0.00     0.00    29.57     0  00:00        0.00
  J03380349            JUNCTION     0.00     0.00    29.65     0  00:00        0.00
  J03380352            JUNCTION     0.00     0.00    29.47     0  00:00        0.00
  J03380356            JUNCTION     0.01     0.05    29.28     0  02:03        0.05
  J03388007            JUNCTION     0.72     0.89    28.96     0  00:50        0.88
  J03411012            JUNCTION     0.77     2.03    31.51     0  02:51        2.03
  J03411013            JUNCTION     0.17     1.01    31.52     0  02:52        1.00
  J03411014            JUNCTION     1.05     2.32    31.51     0  02:50        2.32
  J03411015            JUNCTION     0.27     1.34    31.52     0  02:51        1.33
  J03411016            JUNCTION     0.71     1.98    31.52     0  02:49        1.96
  J03411017            JUNCTION     0.25     1.29    31.52     0  02:53        1.28
  J03411018            JUNCTION     0.74     2.00    31.51     0  02:43        1.99
  J03411019            JUNCTION     0.23     1.21    31.52     0  02:53        1.20
  J03411020            JUNCTION     1.42     2.68    31.50     0  02:53        2.68
  J03411021            JUNCTION     0.62     1.89    31.51     0  02:52        1.88
  J03411079            JUNCTION     1.10     2.36    31.50     0  02:54        2.36
  J03411080            JUNCTION     1.58     2.84    31.50     0  02:52        2.84
  J03411081            JUNCTION     1.12     2.38    31.50     0  02:52        2.38
  J03411083            JUNCTION     1.16     2.42    31.51     0  02:51        2.42
  J03464880            JUNCTION     0.09     0.55    31.59     0  02:09        0.54
  J06103061            JUNCTION     1.06     2.32    31.50     0  02:55        2.32
  J06103062            JUNCTION     0.70     1.96    31.52     0  02:52        1.95
  J03260010            OUTFALL      0.10     0.25    25.78     0  02:03        0.25
  
  
  *******************
  Node Inflow Summary
  *******************
  
  -------------------------------------------------------------------------------------------------
                                  Maximum  Maximum                  Lateral       Total        Flow
                                  Lateral    Total  Time of Max      Inflow      Inflow     Balance
                                   Inflow   Inflow   Occurrence      Volume      Volume       Error
  Node                 Type           LPS      LPS  days hr:min    10^6 ltr    10^6 ltr     Percent
  -------------------------------------------------------------------------------------------------
  G03160065            JUNCTION      0.00   162.24     0  02:00           0        1.28       0.003
  G03160066            JUNCTION    162.24   162.24     0  02:00        1.28        1.28       0.001
  G03160068            JUNCTION      0.00     0.00     0  00:00           0           0       0.000 ltr
  G03160069            JUNCTION      0.00     0.00     0  00:00           0           0       0.000 ltr
  G03160070            JUNCTION      0.00   326.00     0  05:49           0        1.69       0.379
  G03160073            JUNCTION      0.00   259.33     0  05:49           0        1.51       0.168
  J03010003            JUNCTION      0.00   979.34     0  02:01           0        17.9       0.003
  J03160546            JUNCTION      0.00     0.00     0  00:00           0           0       0.000 ltr
  J03160705            JUNCTION      0.00     0.00     0  00:00           0           0       0.000 ltr
  J03165846            JUNCTION      0.00     0.92     0  02:38           0     0.00143       3.367
  J03166590            JUNCTION      0.00     0.00     0  00:00           0           0       0.000 ltr
  J03166604            JUNCTION      0.00   611.21     0  02:01           0        7.08       0.006
  J03166622            JUNCTION      0.00     0.00     0  00:00           0           0       0.000 ltr
  J03166623            JUNCTION      0.00     0.00     0  00:00           0           0       0.000 ltr
  J03176807            JUNCTION      0.00   526.37     0  02:00           0         4.3       0.018
  J03176811            JUNCTION      0.00   116.98     0  03:17           0         1.4       0.004
  J03176902            JUNCTION      0.00   117.99     0  03:21           0         1.4       0.052
  J03180001            JUNCTION      0.00    29.60     0  00:22           0       0.028      -0.013
  J03180002            JUNCTION      0.00    21.85     0  00:32           0      0.0259       0.340
  J03180003            JUNCTION      0.00   118.15     0  03:18           0           2       0.218
  J03180004            JUNCTION      0.00    11.14     0  15:03           0      0.0825       0.325
  J03180005            JUNCTION      0.00    11.01     0  00:35           0     0.00137      -1.496
  J03180006            JUNCTION      0.00   117.70     0  03:20           0        1.69       0.113
  J03180007            JUNCTION      0.00    13.25     0  00:33           0     0.00139      -0.177
  J03180008            JUNCTION      0.00   117.74     0  03:22           0         1.4      -0.016
  J03180009            JUNCTION      0.00    16.42     0  00:36           0     0.00133       0.819
  J03180010            JUNCTION      0.00   117.53     0  03:18           0        1.41      -0.020
  J03180011            JUNCTION      0.00    13.22     0  01:25           0     0.00286       3.685
  J03180015            JUNCTION      0.00   117.62     0  03:18           0        1.41      -0.046
  J03180019            JUNCTION      0.00   215.88     0  01:25           0        1.42      -0.073
  J03180020            JUNCTION      0.00   170.97     0  01:42           0        1.42      -0.036
  J03180022            JUNCTION      0.00   117.09     0  03:18           0        1.41       0.013
  J03180025            JUNCTION      0.00   117.10     0  03:18           0         1.4      -0.002
  J03180026            JUNCTION      0.00   117.06     0  03:18           0         1.4       0.033
  J03180030            JUNCTION      0.00   117.16     0  03:17           0         1.4       0.012
  J03180031            JUNCTION      0.00     0.00     0  00:00           0           0       0.000 ltr
  J03180032            JUNCTION      0.00     0.00     0  00:00           0           0       0.000 ltr
  J03180034            JUNCTION      0.00   117.14     0  03:17           0         1.4       0.016
  J03180037            JUNCTION      0.00     0.00     0  00:00           0           0       0.000 ltr
  J03180039            JUNCTION      0.00   117.20     0  03:17           0         1.4       0.011
  J03180043            JUNCTION      0.00   117.03     0  03:17           0         1.4      -0.007
  J03180046            JUNCTION      0.00   117.08     0  03:17           0         1.4       0.023
  J03180049            JUNCTION      0.00   117.02     0  03:16           0         1.4       0.010
  J03180052            JUNCTION      0.00   117.09     0  03:15           0         1.4      -0.010
  J03180056            JUNCTION      0.00   117.21     0  03:15           0         1.4       0.052
  J03180060            JUNCTION      0.00   117.13     0  03:16           0         1.4       0.018
  J03180062            JUNCTION      0.00     0.00     0  00:00           0           0       0.000 ltr
  J03180063            JUNCTION      0.00   117.12     0  03:16           0         1.4       0.006
  J03180074            JUNCTION      0.00   118.06     0  03:18           0        1.41       0.035
  J03180075            JUNCTION      0.00     0.00     0  00:00           0           0       0.000 ltr
  J03180077            JUNCTION      0.00     0.00     0  00:00           0           0       0.000 ltr
  J03180079            JUNCTION      0.00     0.00     0  00:00           0           0       0.000 ltr
  J03180080            JUNCTION      0.00   118.02     0  03:18           0         1.4      -0.015
  J03180081            JUNCTION      0.00     0.00     0  00:00           0           0       0.000 ltr
  J03180082            JUNCTION      0.00     0.00     0  00:00           0           0       0.000 ltr
  J03180083            JUNCTION      0.00   118.38     0  03:16           0        1.41       0.021
  J03180084            JUNCTION      0.00     0.00     0  00:00           0           0       0.000 ltr
  J03180086            JUNCTION      0.00     0.00     0  00:00           0           0       0.000 ltr
  J03180087            JUNCTION      0.00   118.79     0  03:18           0        1.41       0.037
  J03180088            JUNCTION      0.00     0.00     0  00:00           0           0       0.000 ltr
  J03180090            JUNCTION      0.00     0.00     0  00:00           0           0       0.000 ltr
  J03180092            JUNCTION      0.00   127.41     0  03:22           0        1.41       0.027
  J03180093            JUNCTION      0.00     0.00     0  00:00           0           0       0.000 ltr
  J03180094            JUNCTION      0.00     0.00     0  00:00           0           0       0.000 ltr
  J03180097            JUNCTION      0.00     0.00     0  00:00           0           0       0.000 ltr
  J03180098            JUNCTION      0.00     0.00     0  00:00           0           0       0.000 ltr
  J03180100            JUNCTION      0.00   127.58     0  03:24           0        1.41      -0.009
  J03180102            JUNCTION      0.00     0.00     0  00:00           0           0       0.000 ltr
  J03180103            JUNCTION      0.00     0.00     0  00:00           0           0       0.000 ltr
  J03180105            JUNCTION      0.00   118.73     0  02:22           0        1.41       0.003
  J03180106            JUNCTION      0.00     0.00     0  00:00           0           0       0.000 ltr
  J03180107            JUNCTION      0.00     0.00     0  00:00           0           0       0.000 ltr
  J03180109            JUNCTION      0.00   118.16     0  03:13           0        1.41      -0.007
  J03180111            JUNCTION      0.00   117.91     0  03:13           0        1.41      -0.000
  J03180113            JUNCTION      0.00     0.00     0  00:00           0           0       0.000 ltr
  J03180114            JUNCTION      0.00   117.71     0  03:13           0        1.41      -0.001
  J03180116            JUNCTION      0.00   117.72     0  03:14           0        1.41       0.004
  J03180118            JUNCTION      0.00   117.94     0  03:11           0        1.41       0.008
  J03180119            JUNCTION      0.00     0.00     0  00:00           0           0       0.000 ltr
  J03180120            JUNCTION      0.00     0.00     0  00:00           0           0       0.000 ltr
  J03180124            JUNCTION      0.00   117.76     0  03:09           0        1.41       0.004
  J03189802            JUNCTION      0.00   157.21     0  03:20           0         2.8       0.006
  J03189803            JUNCTION      0.00   157.21     0  03:21           0        2.81       0.127
  J03189833            JUNCTION      0.00     0.89     0  02:55           0    0.000457       0.025
  J03189834            JUNCTION      0.00     0.52     0  02:56           0    0.000393       0.018
  J03189835            JUNCTION      0.00   158.70     0  02:55           0        2.82       0.009
  J03189836            JUNCTION      0.00     0.68     0  02:33           0    0.000703       3.439
  J03189837            JUNCTION      0.00     1.15     0  02:56           0    0.000899       8.442
  J03189838            JUNCTION      0.00   157.72     0  02:55           0        2.82       0.017
  J03189839            JUNCTION      0.00     4.03     0  00:29           0     0.00257      -0.811
  J03189840            JUNCTION      0.00     0.52     0  03:41           0    0.000283       0.039
  J03189841            JUNCTION      0.00     0.55     0  02:26           0    0.000442       0.014
  J03189842            JUNCTION      0.00   157.73     0  02:56           0        2.82       0.034
  J03189843            JUNCTION      0.00     1.36     0  02:40           0    0.000684       0.006
  J03189844            JUNCTION      0.00     0.73     0  02:40           0    0.000491       0.012
  J03189845            JUNCTION      0.00     0.00     0  00:00           0           0       0.000 ltr
  J03189846            JUNCTION      0.00     0.00     0  00:00           0           0       0.000 ltr
  J03189847            JUNCTION      0.00     0.00     0  00:00           0           0       0.000 ltr
  J03189848            JUNCTION      0.00     2.21     0  02:25           0     0.00139       0.004
  J03190001            JUNCTION      0.00   287.42     0  01:03           0        5.63       0.015
  J03190002            JUNCTION      0.00     1.09     0  03:56           0    0.000511       4.794
  J03190004            JUNCTION      0.00     3.03     0  04:03           0     0.00182       0.004
  J03190007            JUNCTION      0.00     1.84     0  01:58           0     0.00135       0.022
  J03190008            JUNCTION      0.00   277.54     0  01:03           0        5.65       0.013
  J03190010            JUNCTION      0.00   270.26     0  04:59           0        5.67       0.013
  J03190012            JUNCTION      0.00     2.22     0  02:01           0     0.00166       0.249
  J03190013            JUNCTION      0.00     1.39     0  01:18           0     0.00231       0.156
  J03190014            JUNCTION      0.00   270.05     0  05:05           0        5.69       0.018
  J03190015            JUNCTION      0.00     1.64     0  06:27           0     0.00151      -0.068
  J03190022            JUNCTION      0.00    24.81     0  10:58           0      0.0349       0.511
  J03190025            JUNCTION      0.00   589.19     0  01:03           0        10.7      -0.071
  J03190026            JUNCTION      0.00     2.06     0  01:54           0     0.00133      -4.029
  J03190027            JUNCTION      0.00     3.32     0  05:30           0     0.00283      -0.670
  J03190028            JUNCTION      0.00   580.45     0  01:04           0        10.6       0.017
  J03190029            JUNCTION      0.00     2.73     0  01:30           0     0.00195       0.101
  J03190030            JUNCTION      0.00     7.75     0  01:08           0     0.00301      -0.423
  J03190031            JUNCTION      0.00   566.27     0  01:03           0        10.6       0.013
  J03190032            JUNCTION      0.00     2.62     0  01:23           0     0.00148      -0.100
  J03190034            JUNCTION      0.00   554.93     0  01:03           0        10.6       0.011
  J03190039            JUNCTION      0.00   542.55     0  01:03           0        10.6       0.011
  J03190042            JUNCTION      0.00   522.67     0  01:03           0        10.6       0.012
  J03190044            JUNCTION      0.00     3.27     0  01:20           0     0.00237       0.077
  J03190045            JUNCTION      0.00   490.79     0  01:02           0        10.6       0.013
  J03190048            JUNCTION      0.00   472.15     0  03:40           0        10.6       0.011
  J03190051            JUNCTION      0.00   471.74     0  03:43           0        10.6       0.012
  J03190055            JUNCTION      0.00   471.47     0  03:45           0        10.6       0.008
  J03190059            JUNCTION      0.00   471.26     0  03:45           0        10.6       0.003
  J03190061            JUNCTION      0.00   470.81     0  03:45           0        10.6       0.008
  J03190064            JUNCTION      0.00   470.56     0  03:48           0        10.6       0.017
  J03190067            JUNCTION      0.00   470.22     0  03:47           0        10.6       0.012
  J03190070            JUNCTION      0.00   469.96     0  03:50           0        10.6       0.008
  J03190078            JUNCTION      0.00   470.07     0  03:50           0        11.2       0.005
  J03190083            JUNCTION      0.00   442.91     0  01:11           0        9.68       0.002
  J03190084            JUNCTION      0.00   442.82     0  01:11           0        9.69       0.010
  J03190085            JUNCTION      0.00    23.79     0  01:09           0     0.00353      -0.938
  J03190088            JUNCTION      0.00   604.86     0  01:11           0        10.8       0.003
  J03190089            JUNCTION      0.00    12.02     0  01:07           0     0.00122       2.544
  J03190091            JUNCTION      0.00   638.50     0  01:11           0        10.8       0.020
  J03190092            JUNCTION      0.00    20.82     0  01:09           0      0.0027       2.451
  J03190094            JUNCTION      0.00   571.73     0  01:10           0        10.8       0.012
  J03190096            JUNCTION      0.00    48.67     0  01:06           0     0.00287      -1.403
  J03190102            JUNCTION      0.00   571.81     0  01:10           0        10.8       0.014
  J03190106            JUNCTION      0.00   571.75     0  01:10           0        10.8       0.014
  J03190107            JUNCTION      0.00   573.25     0  01:10           0        10.8       0.016
  J03190111            JUNCTION      0.00   491.00     0  01:09           0        10.8       0.018
  J03190114            JUNCTION      0.00   387.44     0  01:08           0        10.8       0.020
  J03190117            JUNCTION      0.00   319.85     0  03:54           0        10.8       0.012
  J03190120            JUNCTION      0.00   319.85     0  03:54           0        10.8       0.017
  J03190121            JUNCTION      0.00     0.00     0  00:00           0           0       0.000 ltr
  J03190123            JUNCTION      0.00     0.00     0  00:00           0           0       0.000 ltr
  J03190124            JUNCTION      0.00   319.85     0  03:55           0        10.8       0.017
  J03190128            JUNCTION      0.00   319.89     0  03:52           0        10.8       0.015
  J03190129            JUNCTION      0.00     0.00     0  00:00           0           0       0.000 ltr
  J03190130            JUNCTION      0.00   319.95     0  04:04           0        10.8       0.016
  J03190133            JUNCTION      0.00     0.00     0  00:00           0           0       0.000 ltr
  J03190134            JUNCTION      0.00   344.41     0  02:00           0        11.2       0.040
  J03190138            JUNCTION      0.00   345.52     0  02:00           0        11.2       0.015
  J03190142            JUNCTION      0.00   778.18     0  00:48           0        6.89       1.127
  J03190145            JUNCTION      0.00   734.87     0  00:48           0        6.97       1.079
  J03190147            JUNCTION      0.00   809.18     0  00:45           0           7       0.888
  J03190149            JUNCTION      0.00    11.13     0  05:27           0      0.0141       0.743
  J03190150            JUNCTION      0.00   148.82     0  04:00           0         2.1       0.035
  J03190155            JUNCTION      0.00    66.94     0  05:23           0       0.059      -0.273
  J03190159            JUNCTION      0.00    43.68     0  00:30           0     0.00381      10.272
  J03190161            JUNCTION      0.00   156.31     0  05:01           0        2.14       0.332
  J03190162            JUNCTION      0.00   177.71     0  04:37           0        2.11       0.019
  J03190164            JUNCTION      0.00   155.76     0  05:01           0        2.13       0.000
  J03190167            JUNCTION      0.00   150.23     0  04:34           0         2.1      -0.065
  J03190839            JUNCTION      0.00    17.97     0  02:11           0      0.0179       0.984
  J03190840            JUNCTION      0.00    17.98     0  02:11           0      0.0178      -0.032
  J03191001            JUNCTION      0.00   126.07     0  00:46           0       0.061      12.354
  J03191002            JUNCTION      0.00   297.95     0  01:05           0        2.18      -0.055
  J03191003            JUNCTION      0.00    29.89     0  01:08           0     0.00283      -0.518
  J03191004            JUNCTION      0.00   196.04     0  01:17           0       0.291      -0.056
  J03191005            JUNCTION      0.00   154.62     0  01:17           0       0.123       0.098
  J03191007            JUNCTION      0.00   174.09     0  01:06           0        1.95       0.101
  J03191008            JUNCTION      0.00   148.46     0  01:25           0       0.198       0.137
  J03191010            JUNCTION      0.00   112.35     0  01:25           0       0.415      -0.064
  J03191015            JUNCTION      0.00    62.09     0  01:23           0       0.366       0.027
  J03191016            JUNCTION      0.00    59.61     0  01:35           0       0.359      -0.001
  J03191017            JUNCTION      0.00    60.60     0  01:35           0       0.361      -0.036
  J03191019            JUNCTION      0.00   149.49     0  04:00           0         2.1      -0.046
  J03191021            JUNCTION      0.00   284.49     0  01:07           0        1.77      -0.014
  J03191023            JUNCTION      0.00    11.33     0  05:27           0      0.0159       0.404
  J03191100            JUNCTION      0.00   156.29     0  05:01           0        2.15       0.066
  J03191101            JUNCTION      0.00    10.57     0  05:28           0      0.0107       1.258
  J03191102            JUNCTION      0.00    12.27     0  05:27           0      0.0043       0.155
  J03191103            JUNCTION      0.00   196.00     0  01:06           0      0.0282       0.286
  J03191950            JUNCTION      0.00   320.17     0  01:05           0         2.2      -0.027
  J03191951            JUNCTION      0.00   104.91     0  01:25           0       0.197      -0.044
  J03191952            JUNCTION      0.00    95.52     0  01:23           0        0.37       0.057
  J03191956            JUNCTION      0.00   175.99     0  04:34           0        2.11       0.085
  J03191983            JUNCTION      0.00   182.82     0  01:15           0        1.18      -0.008
  J03192002            JUNCTION      0.00    73.95     0  01:06           0     0.00704       7.487
  J03192077            JUNCTION      0.00   155.85     0  01:17           0       0.124      -0.021
  J03193034            JUNCTION      0.00    31.69     0  01:06           0     0.00251      -0.904
  J03193036            JUNCTION      0.00   192.79     0  01:12           0        1.18       0.002
  J03193037            JUNCTION      0.00   183.01     0  01:15           0         1.2      -0.065
  J03193038            JUNCTION      0.00   191.43     0  01:08           0         1.2       0.019
  J03193045            JUNCTION      0.00   186.14     0  01:12           0        1.18      -0.024
  J03193051            JUNCTION      0.00   184.55     0  00:44           0        1.18      -0.023
  J03193057            JUNCTION      0.00   294.53     0  00:34           0         1.2      -0.272
  J03193062            JUNCTION      0.00   297.53     0  00:26           0        1.23      -0.005
  J03193063            JUNCTION      0.00   204.51     0  00:22           0         1.2      -0.242
  J03193064            JUNCTION      0.00   182.99     0  01:15           0        1.17       0.017
  J03193078            JUNCTION      0.00   183.08     0  01:15           0        1.18       0.051
  J03193080            JUNCTION      0.00   182.96     0  01:15           0        1.18       0.194
  J03193081            JUNCTION      0.00   182.99     0  01:15           0        1.18       0.187
  J03193083            JUNCTION      0.00   183.17     0  01:15           0        1.19       0.138
  J03193085            JUNCTION      0.00   183.63     0  01:15           0        1.18       0.002
  J03193093            JUNCTION    168.49   168.49     0  02:00        1.33        1.33       0.001
  J03193094            JUNCTION      0.00   168.49     0  02:00           0        1.33       0.045
  J03193097            JUNCTION      0.00   168.49     0  02:00           0        1.34       0.017
  J03193099            JUNCTION      0.00     0.00     0  00:00           0           0       0.000 ltr
  J03193100            JUNCTION      0.00   168.49     0  02:00           0        1.32       0.005
  J03193103            JUNCTION      0.00   176.76     0  00:28           0        1.32       0.011
  J03193104            JUNCTION      0.00   168.49     0  02:00           0        1.32       0.081
  J03193105            JUNCTION      0.00   172.73     0  00:28           0        1.32       0.002
  J03193110            JUNCTION      0.00   238.95     0  00:23           0        1.52       0.318
  J03193113            JUNCTION      0.00   195.08     0  01:40           0        1.35      -0.028
  J03193114            JUNCTION      0.00   173.82     0  01:51           0        1.32       0.062
  J03193117            JUNCTION      0.00   328.15     0  00:28           0        1.51      -1.859
  J03193121            JUNCTION      0.00   207.34     0  01:41           0        1.35       0.007
  J03193123            JUNCTION      0.00   183.23     0  01:15           0        1.18       0.017
  J03193126            JUNCTION      0.00   183.40     0  01:15           0        1.19       0.005
  J03193127            JUNCTION      0.00   184.35     0  01:15           0        1.19      -0.006
  J03193128            JUNCTION      0.00   184.55     0  01:09           0        1.19       0.014
  J03193130            JUNCTION    195.80   195.80     0  02:00        1.53        1.58      -0.171
  J03193131            JUNCTION      0.00    55.21     0  00:13           0      0.0828       0.681
  J03193137            JUNCTION      0.00    63.74     0  00:14           0      0.0782       0.712
  J03193141            JUNCTION      0.00   163.90     0  00:14           0      0.0783      -0.030
  J03193142            JUNCTION      0.00   156.39     0  00:14           0      0.0806      -0.076
  J03193143            JUNCTION      0.00   168.16     0  00:14           0      0.0757       1.873
  J03193145            JUNCTION      0.00   177.72     0  00:13           0      0.0768       1.855
  J03193146            JUNCTION      0.00   172.75     0  00:13           0      0.0726      -0.838
  J03193149            JUNCTION      0.00    26.50     0  02:00           0      0.0513       1.395
  J03193150            JUNCTION      0.00    27.23     0  01:57           0      0.0471       0.004
  J03193152            JUNCTION      0.00    33.84     0  00:14           0      0.0582       1.106
  J03193154            JUNCTION      0.00    11.62     0  00:14           0     0.00577       0.010
  J03193155            JUNCTION      0.00     5.84     0  00:14           0     0.00303       0.617
  J03193162            JUNCTION      0.00     0.00     0  00:00           0           0       0.000 ltr
  J03193164            JUNCTION      0.00    26.38     0  02:00           0      0.0445       0.007
  J03193167            JUNCTION      0.00    26.38     0  02:00           0      0.0445      -0.009
  J03193169            JUNCTION      0.00    26.42     0  02:00           0      0.0463       0.225
  J03193170            JUNCTION      0.00    26.54     0  02:00           0      0.0523       3.480
  J03193173            JUNCTION      0.00     0.00     0  00:00           0           0       0.000 ltr
  J03195537            JUNCTION      0.00    43.22     0  00:36           0       0.264       0.260
  J03195666            JUNCTION      0.00   183.98     0  01:00           0        1.19      -0.007
  J03195750            JUNCTION      0.00   168.49     0  02:00           0        1.34      -0.003
  J03195943            JUNCTION      0.00   156.24     0  05:01           0        2.14       0.243
  J03195944            JUNCTION      0.00   471.03     0  03:45           0        10.6       0.003
  J03195988            JUNCTION      0.00   150.72     0  03:59           0        2.17       0.526
  J03195991            JUNCTION      0.00   182.80     0  01:15           0        1.15       0.042
  J03196571            JUNCTION      0.00     0.86     0  01:59           0    0.000181       0.021
  J03196573            JUNCTION      0.00    27.25     0  02:57           0       0.214       0.055
  J03196577            JUNCTION      0.00     0.00     0  00:00           0           0       0.000 ltr
  J03196579            JUNCTION      0.00   610.81     0  02:02           0        7.07       0.095
  J03198004            JUNCTION      0.00   182.92     0  01:15           0        1.14       0.040
  J03198005            JUNCTION      0.00   182.79     0  01:15           0        1.17       0.042
  J03233000            JUNCTION      0.00   419.02     0  03:08           0        5.42       0.013
  J03235001            JUNCTION      0.00   424.58     0  03:11           0        5.89       0.048
  J03235002            JUNCTION      0.00   420.81     0  02:53           0        5.42       0.029
  J03235003            JUNCTION      0.00   424.42     0  02:22           0        5.42       0.039
  J03235004            JUNCTION      0.00     0.00     0  00:00           0           0       0.000 ltr
  J03235006            JUNCTION      0.00    54.21     0  03:43           0       0.478       0.809
  J03235007            JUNCTION      0.00    14.52     0  03:39           0      0.0248       2.677
  J03235013            JUNCTION      0.00   443.23     0  02:20           0        5.45       0.030
  J03235014            JUNCTION      0.00     0.00     0  00:00           0           0       0.000 ltr
  J03235018            JUNCTION      0.00    45.34     0  03:43           0       0.472       0.278
  J03235019            JUNCTION      0.00   439.50     0  02:36           0        5.43       0.013
  J03235024            JUNCTION      0.00     3.21     0  00:27           0    0.000795       0.415
  J03235029            JUNCTION      0.00     4.36     0  00:30           0     0.00113       0.665
  J03235031            JUNCTION      0.00   449.01     0  02:14           0        5.43      -0.008
  J03235032            JUNCTION      0.00    42.83     0  03:39           0     0.00091      -1.090
  J03235041            JUNCTION      0.00    68.47     0  03:51           0       0.558      -0.008
  J03235042            JUNCTION      0.00     1.35     0  02:55           0    0.000848       6.328
  J03235045            JUNCTION      0.00    54.85     0  03:39           0      0.0166       0.267
  J03235046            JUNCTION      0.00    91.30     0  03:39           0      0.0636       0.063
  J03235049            JUNCTION      0.00   491.61     0  02:16           0        5.47      -0.029
  J03235051            JUNCTION      0.00    66.01     0  03:51           0       0.558       0.206
  J03235052            JUNCTION      0.00     1.05     0  03:17           0     0.00052       0.103
  J03235056            JUNCTION      0.00    28.85     0  02:01           0      0.0579      -0.036
  J03235058            JUNCTION      0.00   533.78     0  02:08           0        5.48      -0.007
  J03235068            JUNCTION      0.00     0.25     0  03:16           0    0.000136       0.152
  J03235069            JUNCTION      0.00    10.06     0  00:16           0       0.467      -0.017
  J03235075            JUNCTION      0.00   561.16     0  02:05           0        5.42       0.015
  J03235080            JUNCTION      0.00   622.88     0  02:00           0        5.42       0.010
  J03235081            JUNCTION      5.40     5.40     0  00:00       0.467       0.467       0.008
  J03235088            JUNCTION    703.70   703.70     0  02:00        5.42        5.42       0.007
  J03260024            JUNCTION      0.00   662.35     0  00:50           0        5.99       0.479
  J03260025            JUNCTION      0.00     1.18     0  07:29           0     0.00269      -0.857
  J03260026            JUNCTION      0.00   464.40     0  00:40           0        5.43       0.596
  J03260027            JUNCTION      0.00     2.07     0  01:17           0     0.00353      -1.055
  J03260028            JUNCTION      0.00     3.23     0  01:15           0     0.00152      -0.499
  J03260029            JUNCTION      0.00   457.29     0  00:41           0        5.45       0.551
  J03260030            JUNCTION      0.00     3.09     0  01:17           0     0.00275      -0.805
  J03260031            JUNCTION      0.00     3.08     0  01:13           0     0.00106       1.422
  J03260032            JUNCTION      0.00    22.85     0  00:52           0      0.0387       0.747
  J03260033            JUNCTION      0.00   450.71     0  00:43           0        5.42       0.775
  J03260034            JUNCTION      0.00     1.85     0  08:11           0     0.00341      -1.175
  J03260038            JUNCTION      0.00   449.13     0  00:43           0        5.27       0.513
  J03260041            JUNCTION      0.00   473.15     0  00:44           0        5.24       0.578
  J03260047            JUNCTION      2.80     2.80     0  00:00       0.242       0.242       0.041
  J03260048            JUNCTION      0.00   394.53     0  00:43           0        6.21       0.640
  J03260049            JUNCTION      0.00     8.22     0  01:21           0      0.0032       2.603
  J03260050            JUNCTION      0.00     4.32     0  07:26           0     0.00255       0.021
  J03260051            JUNCTION      0.00   340.33     0  00:42           0        6.39       0.594
  J03260052            JUNCTION      0.00     4.05     0  01:37           0     0.00296      -1.197
  J03260054            JUNCTION      0.00   316.14     0  01:03           0        9.04       0.372
  J03260055            JUNCTION      0.00    20.53     0  20:59           0      0.0331       0.497
  J03260058            JUNCTION      0.00     3.71     0  01:58           0     0.00158      -1.312
  J03260059            JUNCTION      0.00   311.86     0  01:02           0        8.37       0.014
  J03260060            JUNCTION      0.00     4.47     0  01:58           0     0.00297      -3.537
  J03260061            JUNCTION      0.00     9.22     0  08:18           0     0.00665      -0.972
  J03260062            JUNCTION      0.00     0.82     0  06:35           0     0.00202      -0.607
  J03260063            JUNCTION      0.00   305.96     0  01:03           0        5.36       0.036
  J03260064            JUNCTION      0.00     2.02     0  02:05           0     0.00124      -0.737
  J03260065            JUNCTION      0.00   301.66     0  01:03           0        5.36       0.008
  J03260066            JUNCTION      0.00   298.72     0  01:03           0        5.37       0.027
  J03260067            JUNCTION      0.00     1.21     0  05:08           0      0.0015      -0.302
  J03260075            JUNCTION      2.80   296.84     0  01:03       0.242        5.62       0.013
  J03260076            JUNCTION      0.00     0.00     0  00:00           0           0       0.000 ltr
  J03260077            JUNCTION      0.00     0.00     0  00:00           0           0       0.000 ltr
  J03260079            JUNCTION      0.00     0.00     0  00:00           0           0       0.000 ltr
  J03260080            JUNCTION      0.00     0.00     0  00:00           0           0       0.000 ltr
  J03260081            JUNCTION      0.00     0.00     0  00:00           0           0       0.000 ltr
  J03260082            JUNCTION      0.00     0.65     0  02:09           0     0.00032       0.368
  J03260085            JUNCTION      0.00     1.67     0  01:59           0     0.00134      -0.163
  J03260086            JUNCTION      0.00    12.93     0  01:26           0     0.00639       0.088
  J03260087            JUNCTION      0.00     0.00     0  00:00           0           0       0.000 ltr
  J03260088            JUNCTION      0.00   413.57     0  02:05           0        5.13       0.119
  J03260090            JUNCTION      0.00   413.50     0  02:05           0        5.13       0.021
  J03260093            JUNCTION      0.00   413.54     0  02:05           0        5.11       0.009
  J03260095            JUNCTION      0.00   413.53     0  02:05           0        5.11       0.017
  J03260097            JUNCTION      0.00   413.54     0  02:05           0        5.11       0.005
  J03260099            JUNCTION      0.00   415.63     0  02:03           0        5.11       0.003
  J03260147            JUNCTION      0.00    48.71     0  00:31           0       0.223       0.840
  J03260148            JUNCTION      0.00    30.02     0  00:34           0    0.000996      12.100
  J03260149            JUNCTION      0.00   507.81     0  01:06           0        6.44       0.182
  J03260150            JUNCTION      0.00   547.97     0  00:30           0         6.4      -0.012
  J03260151            JUNCTION      0.00   417.10     0  01:05           0        4.26       0.113
  J03260154            JUNCTION      0.00   419.31     0  01:21           0        4.31       0.161
  J03260156            JUNCTION      0.00   418.66     0  01:25           0        4.35       0.080
  J03260157            JUNCTION      0.00   427.15     0  02:03           0        4.32       0.042
  J03260159            JUNCTION      0.00   438.92     0  02:03           0        4.25       0.019
  J03260160            JUNCTION      0.00    25.36     0  00:32           0     0.00213       7.024
  J03260161            JUNCTION      0.00   450.48     0  02:03           0         4.3       0.062
  J03260162            JUNCTION      0.00   462.60     0  02:02           0        4.45       0.117
  J03260164            JUNCTION      0.00   475.05     0  02:01           0        4.48       0.088
  J03260166            JUNCTION      0.00   500.31     0  02:01           0        4.49       0.138
  J03260167            JUNCTION      0.00    23.17     0  00:16           0       0.051       0.969
  J03260170            JUNCTION      0.00   513.71     0  02:00           0        4.46       0.138
  J03260171            JUNCTION      0.00   527.51     0  02:00           0        4.51       0.186
  J03260172            JUNCTION      0.00   541.07     0  02:00           0        4.34       0.146
  J03260174            JUNCTION    554.50   554.50     0  02:00        4.16        4.17      -0.222
  J03260401            JUNCTION      0.00     9.23     0  00:38           0     0.00977       0.282
  J03260403            JUNCTION      0.00   122.56     0  02:05           0       0.983      -0.010
  J03260404            JUNCTION      0.00   125.00     0  02:03           0       0.983       0.013
  J03260405            JUNCTION      0.00   124.15     0  02:03           0       0.983      -0.001
  J03260406            JUNCTION      0.00     0.00     0  00:00           0           0       0.000 ltr
  J03260407            JUNCTION      0.00   124.16     0  02:03           0       0.983       0.008
  J03260408            JUNCTION      0.00   124.15     0  02:02           0       0.983       0.001
  J03260409            JUNCTION      0.00     0.00     0  00:00           0           0       0.000 ltr
  J03260410            JUNCTION      0.00   124.15     0  02:02           0       0.983       0.007
  J03260411            JUNCTION      0.00     0.00     0  00:00           0           0       0.000 ltr
  J03260412            JUNCTION      0.00   124.14     0  02:02           0       0.983      -0.002
  J03260413            JUNCTION      0.00     0.00     0  00:00           0           0       0.000 ltr
  J03260414            JUNCTION      0.00   124.15     0  02:02           0       0.983      -0.001
  J03260415            JUNCTION      0.00     0.00     0  00:00           0           0       0.000 ltr
  J03260416            JUNCTION      0.00   124.15     0  02:02           0       0.983      -0.000
  J03260417            JUNCTION      0.00   124.15     0  02:02           0       0.983       0.001
  J03260418            JUNCTION      0.00   124.17     0  02:01           0       0.983       0.006
  J03260419            JUNCTION      0.00     0.00     0  00:00           0           0       0.000 ltr
  J03260421            JUNCTION      0.00   124.15     0  02:01           0       0.983      -0.003
  J03260422            JUNCTION      0.00   124.22     0  02:01           0       0.984       0.060
  J03260424            JUNCTION      0.00   213.34     0  02:11           0        1.36      -0.010
  J03260425            JUNCTION      0.00   153.12     0  02:11           0       0.989       0.083
  J03260426            JUNCTION      0.00   534.95     0  02:08           0        4.29       0.011
  J03260427            JUNCTION      0.00   527.53     0  02:00           0        4.29      -0.001
  J03260429            JUNCTION      0.00   529.31     0  02:01           0        4.29       0.081
  J03260431            JUNCTION    544.63   544.63     0  02:00        4.29        4.29       0.005
  J03260532            JUNCTION      0.00    23.71     0  00:35           0     0.00371       1.591
  J03260533            JUNCTION      0.00    42.96     0  00:35           0     0.00725      -0.414
  J03260534            JUNCTION      0.00     0.00     0  00:00           0           0       0.000 ltr
  J03260536            JUNCTION      0.00   307.12     0  03:19           0        4.64       0.007
  J03260538            JUNCTION      0.00   312.98     0  02:01           0        4.14       0.005
  J03260539            JUNCTION      0.00     0.00     0  00:00           0           0       0.000 ltr
  J03260541            JUNCTION      0.00   307.99     0  02:01           0        4.14       0.006
  J03260542            JUNCTION      0.00   303.41     0  02:01           0        4.14       0.014
  J03260544            JUNCTION      0.00     0.00     0  00:00           0           0       0.000 ltr
  J03260546            JUNCTION      0.00   303.06     0  02:02           0        4.14       0.012
  J03260547            JUNCTION      0.00     0.00     0  00:00           0           0       0.000 ltr
  J03260548            JUNCTION      0.00   303.06     0  02:02           0        4.14       0.007
  J03260550            JUNCTION      0.00     0.00     0  00:00           0           0       0.000 ltr
  J03260551            JUNCTION      0.00   303.04     0  02:02           0        4.14       0.008
  J03260555            JUNCTION      0.00     0.00     0  00:00           0           0       0.000 ltr
  J03260558            JUNCTION      0.00    17.43     0  00:17           0     0.00493      15.697
  J03260559            JUNCTION      0.00    32.04     0  00:18           0     0.00972      18.642
  J03260560            JUNCTION      0.00   304.05     0  02:03           0        4.14       0.019
  J03260561            JUNCTION      0.00   303.00     0  02:02           0        4.14       0.014
  J03260562            JUNCTION      0.00     0.00     0  00:00           0           0       0.000 ltr
  J03260564            JUNCTION      0.00   302.75     0  02:02           0        4.14       0.018
  J03260566            JUNCTION      0.00   302.27     0  02:02           0        4.14       0.009
  J03260567            JUNCTION      0.00     0.00     0  00:00           0           0       0.000 ltr
  J03260568            JUNCTION      0.00   301.49     0  02:00           0        4.14       0.011
  J03260569            JUNCTION      0.00     0.00     0  00:00           0           0       0.000 ltr
  J03260571            JUNCTION      0.00   299.84     0  02:00           0        4.14       0.006
  J03260572            JUNCTION      0.00     0.00     0  00:00           0           0       0.000 ltr
  J03260574            JUNCTION      0.00   298.24     0  01:58           0        4.13       0.069
  J03260575            JUNCTION      0.00     0.00     0  00:00           0           0       0.000 ltr
  J03260577            JUNCTION      0.00   298.23     0  01:58           0        4.13       0.037
  J03260578            JUNCTION      0.00     0.00     0  00:00           0           0       0.000 ltr
  J03261001            JUNCTION      0.00     0.00     0  00:00           0           0       0.000 ltr
  J03261009            JUNCTION      0.00   352.54     0  00:48           0        0.98       2.623
  J03261010            JUNCTION      0.00    54.76     0  00:54           0     0.00483      -1.386
  J03261011            JUNCTION      0.00    62.13     0  00:54           0       0.115       1.024
  J03261012            JUNCTION      0.00    10.59     0  08:10           0      0.0036      -0.360
  J03261013            JUNCTION      0.00    37.98     0  00:54           0     0.00339      -2.059
  J03261014            JUNCTION      0.00   260.68     0  00:51           0       0.362       5.146
  J03261015            JUNCTION      0.00    77.78     0  00:51           0      0.0451      -0.054
  J03262001            JUNCTION      0.00   437.62     0  00:44           0        5.23       0.705
  J03262003            JUNCTION      0.00     0.00     0  00:00           0           0       0.000 ltr
  J03262004            JUNCTION      0.00     0.00     0  00:00           0           0       0.000 ltr
  J03262008            JUNCTION      0.00     0.00     0  00:00           0           0       0.000 ltr
  J03262029            JUNCTION      0.00     3.68     0  07:39           0     0.00227      -0.252
  J03262030            JUNCTION      0.00     2.10     0  07:50           0     0.00305      -1.012
  J03262031            JUNCTION      0.00   421.50     0  00:43           0        5.65       0.691
  J03262068            JUNCTION      0.00     0.00     0  00:00           0           0       0.000 ltr
  J03262069            JUNCTION      0.00     0.00     0  00:00           0           0       0.000 ltr
  J03262070            JUNCTION      0.00     0.00     0  00:00           0           0       0.000 ltr
  J03262073            JUNCTION      0.00     0.00     0  00:00           0           0       0.000 ltr
  J03262074            JUNCTION      0.00     0.00     0  00:00           0           0       0.000 ltr
  J03262075            JUNCTION      0.00     0.00     0  00:00           0           0       0.000 ltr
  J03262076            JUNCTION      0.00     0.00     0  00:00           0           0       0.000 ltr
  J03262078            JUNCTION      0.00     0.00     0  00:00           0           0       0.000 ltr
  J03262079            JUNCTION      0.00     0.00     0  00:00           0           0       0.000 ltr
  J03262080            JUNCTION      0.00     0.00     0  00:00           0           0       0.000 ltr
  J03262083            JUNCTION      0.00     0.00     0  00:00           0           0       0.000 ltr
  J03262093            JUNCTION      0.00     0.00     0  00:00           0           0       0.000 ltr
  J03262094            JUNCTION      0.00     0.00     0  00:00           0           0       0.000 ltr
  J03262095            JUNCTION      0.00     0.00     0  00:00           0           0       0.000 ltr
  J03262096            JUNCTION      0.00     0.00     0  00:00           0           0       0.000 ltr
  J03262097            JUNCTION      0.00     0.00     0  00:00           0           0       0.000 ltr
  J03262098            JUNCTION      0.00     0.00     0  00:00           0           0       0.000 ltr
  J03262099            JUNCTION      0.00     0.00     0  00:00           0           0       0.000 ltr
  J03262100            JUNCTION      0.00     0.00     0  00:00           0           0       0.000 ltr
  J03262101            JUNCTION      0.00     0.00     0  00:00           0           0       0.000 ltr
  J03262102            JUNCTION      0.00     0.00     0  00:00           0           0       0.000 ltr
  J03262106            JUNCTION      0.00     0.00     0  00:00           0           0       0.000 ltr
  J03262113            JUNCTION      0.00     0.00     0  00:00           0           0       0.000 ltr
  J03262114            JUNCTION      0.00     0.00     0  00:00           0           0       0.000 ltr
  J03262119            JUNCTION      0.00     0.00     0  00:00           0           0       0.000 ltr
  J03262120            JUNCTION      0.00     0.00     0  00:00           0           0       0.000 ltr
  J03262121            JUNCTION      0.00     0.00     0  00:00           0           0       0.000 ltr
  J03262126            JUNCTION      0.00     0.00     0  00:00           0           0       0.000 ltr
  J03262127            JUNCTION      0.00     0.00     0  00:00           0           0       0.000 ltr
  J03262128            JUNCTION      0.00     0.00     0  00:00           0           0       0.000 ltr
  J03262795            JUNCTION      0.00   159.96     0  00:57           0        1.75       0.014
  J03263001            JUNCTION      0.00   343.81     0  00:53           0        3.75       0.027
  J03263002            JUNCTION      0.00   332.04     0  00:53           0        3.74       0.000
  J03263004            JUNCTION      0.00   361.58     0  00:49           0        2.02       0.580
  J03263005            JUNCTION      0.00   162.68     0  00:58           0        1.78      -0.013
  J03263007            JUNCTION      0.00   332.01     0  00:53           0        3.74       0.008
  J03263010            JUNCTION      0.00   331.93     0  00:53           0        3.74       0.004
  J03263011            JUNCTION      0.00   119.55     0  00:54           0      0.0234       0.001
  J03263012            JUNCTION      0.00   173.13     0  00:39           0        1.74       0.014
  J03263015            JUNCTION      0.00   160.00     0  00:57           0        1.75       0.050
  J03263016            JUNCTION      0.00   687.22     0  00:50           0         5.7       0.264
  J03263017            JUNCTION      0.00   332.02     0  00:53           0        3.74       0.006
  J03263018            JUNCTION      0.00   332.02     0  00:53           0        3.74      -0.011
  J03263024            JUNCTION      0.00   332.37     0  00:53           0        3.74       0.005
  J03263039            JUNCTION      0.00   343.38     0  00:28           0        3.76       0.295
  J03263049            JUNCTION      0.00   159.94     0  00:57           0        1.75       0.047
  J03263052            JUNCTION      0.00   348.51     0  00:28           0        3.79       0.544
  J03263053            JUNCTION      0.00   160.14     0  00:57           0        1.75       0.031
  J03263054            JUNCTION      0.00   160.08     0  00:57           0        1.75       0.009
  J03263057            JUNCTION      0.00    14.80     0  00:33           0     0.00118      -0.724
  J03263058            JUNCTION      0.00   335.73     0  00:54           0        3.81       0.683
  J03263061            JUNCTION      0.00   160.03     0  00:57           0        1.75      -0.025
  J03263063            JUNCTION      0.00   160.09     0  00:57           0        1.75       0.011
  J03263075            JUNCTION      0.00   479.02     0  00:54           0        5.76       0.237
  J03263078            JUNCTION      0.00   160.94     0  00:57           0        1.83       0.014
  J03263079            JUNCTION      0.00   161.80     0  00:58           0        1.75       0.017
  J03263080            JUNCTION      0.00   479.17     0  00:55           0        6.71       0.049
  J03263081            JUNCTION      0.00     6.88     0  06:42           0      0.0017       0.458
  J03263082            JUNCTION      0.00    49.73     0  00:32           0       0.411      -1.184
  J03264861            JUNCTION      0.00     7.79     0  01:34           0     0.00142      -0.335
  J03264862            JUNCTION      0.00     4.12     0  01:37           0    0.000691       1.471
  J03264872            JUNCTION      0.00   149.92     0  03:17           0        1.65      -0.066
  J03264875            JUNCTION      0.00     2.41     0  03:43           0     0.00318       0.003
  J03264876            JUNCTION      0.00   149.97     0  03:17           0        1.65      -0.001
  J03264882            JUNCTION      0.00   149.96     0  03:16           0        1.66       0.009
  J03264883            JUNCTION      0.00   151.67     0  02:36           0        1.65       0.001
  J03264891            JUNCTION      0.00    39.99     0  00:35           0     0.00238       9.300
  J03264892            JUNCTION      0.00     5.01     0  00:33           0     0.00205      20.613
  J03264894            JUNCTION      0.00   152.79     0  03:14           0        1.66       0.035
  J03264900            JUNCTION      0.00    24.70     0  00:36           0     0.00413      -0.111
  J03264960            JUNCTION      0.00   276.43     0  00:29           0        4.68      -0.064
  J03264964            JUNCTION      0.00   300.47     0  00:31           0      0.0836       0.042
  J03265000            JUNCTION      0.00     0.00     0  00:00           0           0       0.000 ltr
  J03265001            JUNCTION      0.00     0.00     0  00:00           0           0       0.000 ltr
  J03266226            JUNCTION      0.00   162.22     0  00:57           0        1.75       0.010
  J03266227            JUNCTION      0.00   160.88     0  00:57           0        1.75       0.002
  J03266669            JUNCTION      0.00   714.23     0  00:33           0        10.5       0.039
  J03266670            JUNCTION      0.00   147.46     0  00:29           0       0.856       0.384
  J03266695            JUNCTION      0.00     0.00     0  00:00           0           0       0.000 ltr
  J03266696            JUNCTION      0.00     0.00     0  00:00           0           0       0.000 ltr
  J03266698            JUNCTION      0.00     0.00     0  00:00           0           0       0.000 ltr
  J03266706            JUNCTION      0.00     0.00     0  00:00           0           0       0.000 ltr
  J03266707            JUNCTION      0.00   307.05     0  03:19           0        4.45       0.011
  J03351040            JUNCTION      0.00   183.13     0  01:33           0        1.65      -0.101
  J03351041            JUNCTION      0.00     0.84     0  02:21           0    0.000325      16.805
  J03351042            JUNCTION      0.00   172.79     0  01:34           0        1.65       0.000
  J03351044            JUNCTION      0.00   149.98     0  03:09           0        1.65       0.031
  J03351046            JUNCTION      0.00   150.02     0  03:14           0        1.65      -0.000
  J03351047            JUNCTION      0.00     1.29     0  03:39           0    0.000991       0.085
  J03351048            JUNCTION      0.00     0.50     0  02:49           0    0.000392       0.015
  J03351049            JUNCTION      0.00   149.97     0  03:17           0        1.65      -0.002
  J03351051            JUNCTION      0.00   150.78     0  03:17           0        1.65      -0.010
  J03351053            JUNCTION      0.00     1.17     0  00:40           0    0.000971       0.017
  J03351056            JUNCTION      0.00   149.91     0  03:15           0        1.65       0.061
  J03351058            JUNCTION      0.00   250.17     0  00:39           0        1.66      -0.032
  J03351067            JUNCTION      0.00   149.98     0  03:17           0        1.65      -0.038
  J03351068            JUNCTION      0.00   151.48     0  03:10           0        1.65       0.022
  J03351070            JUNCTION      0.00     1.43     0  02:36           0     0.00211       3.937
  J03351071            JUNCTION      0.00     1.03     0  02:39           0     0.00212       1.680
  J03351072            JUNCTION      0.00   149.93     0  03:16           0        1.65       0.020
  J03351075            JUNCTION      0.00   149.90     0  03:15           0        1.66      -0.002
  J03351076            JUNCTION      0.00   149.90     0  03:16           0        1.67       0.068
  J03351078            JUNCTION      0.00   150.37     0  03:16           0        1.65       0.014
  J03351080            JUNCTION      0.00   149.93     0  03:15           0        1.65       0.009
  J03351083            JUNCTION      0.00   150.79     0  03:18           0        1.65       0.035
  J03351085            JUNCTION      0.00    12.76     0  03:44           0     0.00206       0.009
  J03351086            JUNCTION      0.00     0.39     0  02:43           0    0.000646       0.008
  J03351087            JUNCTION      0.00   149.95     0  03:15           0        1.65       0.010
  J03351089            JUNCTION      0.00   149.96     0  03:15           0        1.65      -0.026
  J03351092            JUNCTION      0.00   150.96     0  03:17           0        1.66       0.488
  J03351093            JUNCTION      0.00    23.20     0  00:34           0     0.00226      24.072
  J03351094            JUNCTION      0.00   150.22     0  03:17           0        1.66       0.060
  J03351095            JUNCTION      0.00     0.00     0  00:00           0           0       0.000 ltr
  J03351097            JUNCTION      0.00   150.03     0  03:19           0        1.66       0.044
  J03352001            JUNCTION      0.00   157.21     0  03:20           0         2.8       0.012
  J03352003            JUNCTION      0.00   157.20     0  03:19           0         2.8       0.013
  J03352004            JUNCTION      0.00   157.22     0  03:18           0        2.81       0.052
  J03352005            JUNCTION      0.00   157.22     0  03:18           0        2.81       0.063
  J03352007            JUNCTION      0.00   157.22     0  03:18           0        2.81       0.018
  J03352009            JUNCTION      0.00   157.22     0  03:17           0        2.81      -0.003
  J03352010            JUNCTION      0.00     0.00     0  00:00           0           0       0.000 ltr
  J03352011            JUNCTION      0.00   157.22     0  03:18           0        2.81       0.025
  J03352013            JUNCTION      0.00     0.00     0  00:00           0           0       0.000 ltr
  J03352014            JUNCTION      0.00   157.20     0  03:17           0        2.81       0.031
  J03352015            JUNCTION      0.00     0.00     0  00:00           0           0       0.000 ltr
  J03352016            JUNCTION      0.00   157.19     0  03:17           0        2.81       0.013
  J03352017            JUNCTION      0.00   157.21     0  03:16           0        2.81       0.129
  J03352018            JUNCTION      0.00     0.00     0  00:00           0           0       0.000 ltr
  J03352026            JUNCTION      0.00   157.70     0  02:55           0        2.82       0.031
  J03352027            JUNCTION      0.00     2.81     0  04:31           0    0.000574       8.862
  J03352028            JUNCTION      0.00   157.57     0  02:55           0        2.82       0.012
  J03352029            JUNCTION      0.00   157.72     0  02:54           0        2.82       0.006
  J03352030            JUNCTION      0.00     0.79     0  02:52           0    0.000229       0.032
  J03352031            JUNCTION      0.00   160.11     0  02:55           0        2.82       0.013
  J03352032            JUNCTION      0.00     2.79     0  16:20           0    0.000537       9.551
  J03352033            JUNCTION      0.00   158.24     0  02:55           0        2.82       0.004
  J03352034            JUNCTION      0.00     0.98     0  02:56           0     0.00026       0.368
  J03352035            JUNCTION      0.00   159.79     0  02:56           0        2.82      -0.007
  J03352036            JUNCTION      0.00     1.01     0  02:04           0    0.000297      13.547
  J03352037            JUNCTION      0.00   158.10     0  03:03           0        2.82       0.011
  J03352038            JUNCTION      0.00     2.85     0  05:49           0    0.000311      17.645
  J03352039            JUNCTION      0.00     3.60     0  02:25           0     0.00227      12.146
  J03352041            JUNCTION      0.00   162.54     0  00:29           0        2.82       0.007
  J03352042            JUNCTION      0.00     0.00     0  00:00           0           0       0.000 ltr
  J03352043            JUNCTION      0.00   274.58     0  03:06           0        4.23       0.011
  J03352045            JUNCTION      0.00   118.04     0  03:16           0        1.41      -0.016
  J03352046            JUNCTION      0.00     0.51     0  03:16           0    0.000155       0.485
  J03352144            JUNCTION      0.00   159.31     0  02:56           0        2.82       0.010
  J03355147            JUNCTION      0.00   150.02     0  03:09           0        1.65       0.001
  J03380002            JUNCTION      0.00   610.29     0  02:02           0        7.04       0.089
  J03380007            JUNCTION      0.00   610.63     0  02:02           0        7.04       0.103
  J03380010            JUNCTION      0.00   610.71     0  02:02           0        7.05       0.164
  J03380014            JUNCTION      0.00   610.67     0  02:02           0        7.06       0.136
  J03380016            JUNCTION      0.00   610.58     0  02:02           0        7.07       0.031
  J03380018            JUNCTION      0.00     0.00     0  00:00           0           0       0.000 ltr
  J03380025            JUNCTION      0.00   611.80     0  02:01           0        7.08       0.103
  J03380029            JUNCTION      0.00   611.70     0  02:01           0        7.09       0.062
  J03380032            JUNCTION      0.00   613.86     0  02:01           0        7.09       0.058
  J03380033            JUNCTION      0.00     0.00     0  00:00           0           0       0.000 ltr
  J03380034            JUNCTION      0.00     0.00     0  00:00           0           0       0.000 ltr
  J03380037            JUNCTION      0.00   182.72     0  01:40           0        1.35       0.003
  J03380040            JUNCTION      0.00   615.18     0  02:01           0        7.09       0.011
  J03380042            JUNCTION      0.00   442.94     0  02:01           0        5.75       0.046
  J03380046            JUNCTION      0.00     0.00     0  00:00           0           0       0.000 ltr
  J03380047            JUNCTION      0.00   445.35     0  02:00           0        5.75      -0.030
  J03380053            JUNCTION      0.00   492.89     0  02:00           0        5.75      -0.051
  J03380055            JUNCTION      0.00     0.00     0  00:00           0           0       0.000 ltr
  J03380056            JUNCTION      0.00  1317.94     0  01:58           0        9.51       0.066
  J03380057            JUNCTION      0.00  1416.26     0  01:59           0        10.3       0.915
  J03380058            JUNCTION      0.00   311.17     0  02:10           0        4.57       0.006
  J03380060            JUNCTION      0.00   295.17     0  02:10           0        4.57       0.013
  J03380065            JUNCTION      0.00   295.16     0  02:10           0        4.57       0.030
  J03380071            JUNCTION      0.00   295.60     0  02:10           0        4.57       0.008
  J03380073            JUNCTION      0.00   295.56     0  02:09           0        4.57       0.015
  J03380075            JUNCTION      0.00   295.50     0  02:09           0        4.57       0.006
  J03380076            JUNCTION      0.00   295.46     0  02:09           0        4.57       0.001
  J03380077            JUNCTION      0.00   295.33     0  02:09           0        4.57       0.004
  J03380079            JUNCTION      0.00   295.34     0  02:09           0        4.57       0.048
  J03380081            JUNCTION      0.00   295.33     0  02:09           0        4.57       0.017
  J03380083            JUNCTION      0.00   295.55     0  02:09           0        4.57      -0.009
  J03380085            JUNCTION      0.00   295.78     0  02:09           0        4.57       0.018
  J03380088            JUNCTION      0.00   386.04     0  01:28           0        5.31       0.062
  J03380089            JUNCTION      0.00   385.65     0  01:28           0        3.58       0.053
  J03380092            JUNCTION      0.00   385.65     0  01:28           0        3.58       0.057
  J03380095            JUNCTION      0.00   385.63     0  01:28           0        3.58       0.023
  J03380096            JUNCTION      0.00   385.62     0  01:28           0        3.58       0.056
  J03380098            JUNCTION      0.00   385.57     0  01:28           0        3.58      -0.006
  J03380100            JUNCTION      0.00   385.55     0  01:28           0        3.58       0.036
  J03380102            JUNCTION      0.00   385.53     0  01:28           0        3.59       0.009
  J03380104            JUNCTION      0.00   385.76     0  01:27           0        3.59       0.013
  J03380106            JUNCTION      0.00   385.71     0  01:27           0        3.59       0.026
  J03380109            JUNCTION      0.00   386.93     0  01:27           0        3.59       0.005
  J03380113            JUNCTION      0.00   386.14     0  01:27           0        3.59      -0.003
  J03380117            JUNCTION      0.00   385.66     0  01:27           0        3.59       0.014
  J03380120            JUNCTION      0.00   385.69     0  01:27           0        3.59       0.117
  J03380124            JUNCTION      0.00   387.60     0  01:30           0        3.59       0.013
  J03380127            JUNCTION      0.00   398.00     0  01:30           0        3.67       0.025
  J03380129            JUNCTION      0.00   387.86     0  01:30           0        3.67       0.024
  J03380131            JUNCTION      0.00   387.53     0  01:30           0        3.59       0.008
  J03380136            JUNCTION      0.00   407.48     0  01:06           0        3.59       0.002
  J03380137            JUNCTION      0.00   405.04     0  01:07           0        3.59       0.002
  J03380142            JUNCTION      0.00   389.25     0  01:29           0        3.59       0.006
  J03380145            JUNCTION      0.00   388.93     0  01:30           0        3.59       0.007
  J03380148            JUNCTION      0.00   389.49     0  01:25           0        3.59      -0.009
  J03380152            JUNCTION      0.00   389.84     0  01:25           0        3.59       0.019
  J03380155            JUNCTION      0.00   391.00     0  01:30           0         3.6       0.004
  J03380159            JUNCTION      0.00   389.83     0  01:25           0         3.6       0.001
  J03380162            JUNCTION      0.00   390.64     0  01:25           0         3.6       0.003
  J03380165            JUNCTION      0.00   389.92     0  01:25           0         3.6       0.009
  J03380166            JUNCTION      0.00   391.36     0  01:25           0         3.6       0.004
  J03380170            JUNCTION      0.00   393.41     0  01:24           0         3.6       0.026
  J03380173            JUNCTION      0.00   526.85     0  02:01           0        4.42       0.005
  J03380175            JUNCTION      2.20     2.20     0  00:00        0.19        0.19       0.038
  J03380177            JUNCTION      0.00     2.20     0  00:11           0        0.19       0.018
  J03380178            JUNCTION      0.00     2.20     0  00:10           0        0.19       0.447
  J03380180            JUNCTION      0.00     0.00     0  00:00           0           0       0.000 ltr
  J03380182            JUNCTION      0.00     2.20     0  08:41           0       0.189       0.039
  J03380184            JUNCTION      0.00     2.20     0  00:56           0       0.189       0.069
  J03380186            JUNCTION      0.00     2.20     0  08:51           0       0.189       0.057
  J03380188            JUNCTION      0.00     2.20     0  08:51           0       0.189       0.023
  J03380190            JUNCTION      0.00     2.20     0  00:46           0       0.189       0.087
  J03380195            JUNCTION      0.00     2.20     0  00:50           0       0.189       0.331
  J03380197            JUNCTION      0.00     2.20     0  06:42           0       0.188       0.042
  J03380198            JUNCTION      0.00     0.00     0  00:00           0           0       0.000 ltr
  J03380199            JUNCTION      0.00     4.76     0  02:37           0       0.188       0.445
  J03380200            JUNCTION      0.00     0.00     0  00:00           0           0       0.000 ltr
  J03380201            JUNCTION      0.00     6.13     0  02:41           0       0.187       0.054
  J03380203            JUNCTION      0.00     0.00     0  00:00           0           0       0.000 ltr
  J03380204            JUNCTION      0.00     0.00     0  00:00           0           0       0.000 ltr
  J03380206            JUNCTION      0.00     0.00     0  00:00           0           0       0.000 ltr
  J03380207            JUNCTION      0.00    49.00     0  02:13           0       0.306       0.327
  J03380209            JUNCTION      0.00    54.17     0  02:13           0       0.306       0.154
  J03380210            JUNCTION      0.00     0.27     0  02:13           0    1.04e-06       0.035 ltr
  J03380211            JUNCTION      0.00    10.56     0  02:41           0       0.188       0.226
  J03380212            JUNCTION      0.00     0.00     0  00:00           0           0       0.000 ltr
  J03380213            JUNCTION      0.00    11.32     0  02:58           0       0.192       0.101
  J03380215            JUNCTION      0.00    31.59     0  02:59           0       0.217       0.172
  J03380218            JUNCTION      0.00    22.48     0  00:36           0       0.198       0.026
  J03380219            JUNCTION      0.00    42.94     0  00:44           0       0.234       0.044
  J03380221            JUNCTION      0.00    61.99     0  00:36           0       0.248      -0.079
  J03380223            JUNCTION      0.00    98.45     0  00:36           0       0.247       1.132
  J03380224            JUNCTION      0.00     9.69     0  00:37           0     0.00693       0.614
  J03380225            JUNCTION      0.00   102.39     0  00:35           0        0.36       0.283
  J03380227            JUNCTION      0.00   114.83     0  00:35           0       0.502       0.238
  J03380228            JUNCTION      0.00   130.55     0  00:35           0       0.391       0.555
  J03380230            JUNCTION      0.00   128.91     0  00:35           0       0.257       0.031
  J03380231            JUNCTION      0.00     0.00     0  00:00           0           0       0.000 ltr
  J03380232            JUNCTION      0.00   142.19     0  00:35           0       0.269       1.324
  J03380235            JUNCTION      0.00   186.23     0  00:34           0         2.5       0.768
  J03380236            JUNCTION      0.00    29.60     0  00:32           0     0.00511       3.984
  J03380237            JUNCTION      0.00   151.54     0  04:01           0        2.19       0.536
  J03380238            JUNCTION      0.00   153.28     0  05:01           0        2.21       0.568
  J03380239            JUNCTION      0.00    99.80     0  00:33           0      0.0907       0.822
  J03380240            JUNCTION      0.00    19.98     0  00:34           0     0.00768       0.002
  J03380241            JUNCTION      0.00    11.10     0  05:23           0     0.00979      -0.013
  J03380243            JUNCTION      0.00    89.86     0  00:34           0      0.0614       2.890
  J03380245            JUNCTION      0.00    71.80     0  00:33           0      0.0385       4.485
  J03380248            JUNCTION      0.00    18.83     0  02:09           0      0.0185      -0.030
  J03380252            JUNCTION      0.00    18.79     0  02:09           0      0.0185       0.187
  J03380254            JUNCTION      0.00    18.66     0  02:10           0      0.0184       0.091
  J03380255            JUNCTION      0.00     0.00     0  00:00           0           0       0.000 ltr
  J03380256            JUNCTION      0.00    18.66     0  02:10           0      0.0184       0.471
  J03380258            JUNCTION      0.00    18.29     0  02:10           0      0.0183       2.210
  J03380260            JUNCTION      0.00    17.98     0  02:11           0      0.0179       0.794
  J03380262            JUNCTION      0.00    17.91     0  02:11           0      0.0177       0.170
  J03380264            JUNCTION      0.00    17.85     0  02:11           0      0.0176       0.010
  J03380265            JUNCTION      0.00    77.10     0  02:11           0       0.117       0.513
  J03380266            JUNCTION      0.00   934.97     0  02:00           0        6.63       0.114
  J03380267            JUNCTION      0.00    17.85     0  02:11           0      0.0194      -0.046
  J03380272            JUNCTION      0.00     0.00     0  00:00           0           0       0.000 ltr
  J03380280            JUNCTION      0.00     0.00     0  00:00           0           0       0.000 ltr
  J03380281            JUNCTION      0.00     0.00     0  00:00           0           0       0.000 ltr
  J03380282            JUNCTION      0.00  1580.81     0  01:58           0        13.1      -0.001
  J03380284            JUNCTION      0.00    47.48     0  01:59           0      0.0837       4.376
  J03380286            JUNCTION      0.00     0.00     0  00:00           0           0       0.000 ltr
  J03380287            JUNCTION      0.00     0.00     0  00:00           0           0       0.000 ltr
  J03380288            JUNCTION      0.00     0.00     0  00:00           0           0       0.000 ltr
  J03380289            JUNCTION      0.00     0.00     0  00:00           0           0       0.000 ltr
  J03380290            JUNCTION      0.00     0.00     0  00:00           0           0       0.000 ltr
  J03380291            JUNCTION      0.00     0.00     0  00:00           0           0       0.000 ltr
  J03380292            JUNCTION      0.00     0.00     0  00:00           0           0       0.000 ltr
  J03380293            JUNCTION      0.00     0.00     0  00:00           0           0       0.000 ltr
  J03380295            JUNCTION      0.00     0.00     0  00:00           0           0       0.000 ltr
  J03380299            JUNCTION      0.00     0.00     0  00:00           0           0       0.000 ltr
  J03380301            JUNCTION      0.00     0.00     0  00:00           0           0       0.000 ltr
  J03380302            JUNCTION      0.00     0.00     0  00:00           0           0       0.000 ltr
  J03380305            JUNCTION      0.00     0.00     0  00:00           0           0       0.000 ltr
  J03380307            JUNCTION      0.00     0.00     0  00:00           0           0       0.000 ltr
  J03380310            JUNCTION      0.00     0.00     0  00:00           0           0       0.000 ltr
  J03380316            JUNCTION      0.00     0.00     0  00:00           0           0       0.000 ltr
  J03380318            JUNCTION      0.00     0.00     0  00:00           0           0       0.000 ltr
  J03380322            JUNCTION      0.00     0.00     0  00:00           0           0       0.000 ltr
  J03380323            JUNCTION      0.00     0.00     0  00:00           0           0       0.000 ltr
  J03380325            JUNCTION      0.00     0.00     0  00:00           0           0       0.000 ltr
  J03380327            JUNCTION      0.00     0.00     0  00:00           0           0       0.000 ltr
  J03380328            JUNCTION      0.00     0.00     0  00:00           0           0       0.000 ltr
  J03380331            JUNCTION      0.00     0.00     0  00:00           0           0       0.000 ltr
  J03380332            JUNCTION      0.00     0.00     0  00:00           0           0       0.000 ltr
  J03380335            JUNCTION      0.00     0.00     0  00:00           0           0       0.000 ltr
  J03380346            JUNCTION      0.00     0.00     0  00:00           0           0       0.000 ltr
  J03380349            JUNCTION      0.00     0.00     0  00:00           0           0       0.000 ltr
  J03380352            JUNCTION      0.00     0.00     0  00:00           0           0       0.000 ltr
  J03380356            JUNCTION      0.00   611.08     0  02:03           0        7.03       0.001
  J03388007            JUNCTION      0.00   612.18     0  02:03           0        7.09       0.447
  J03411012            JUNCTION      0.00    59.85     0  00:32           0       0.426       0.670
  J03411013            JUNCTION      0.00    20.60     0  00:36           0     0.00123      -0.172
  J03411014            JUNCTION      0.00   751.70     0  00:29           0        9.52       0.097
  J03411015            JUNCTION      0.00    19.00     0  00:34           0     0.00161      -1.944
  J03411016            JUNCTION      0.00   684.93     0  00:33           0        10.5       0.059
  J03411017            JUNCTION      0.00    22.75     0  00:34           0       0.002      10.933
  J03411018            JUNCTION      0.00   354.99     0  01:05           0        7.35       0.066
  J03411019            JUNCTION      0.00    14.90     0  00:35           0     0.00178      -2.756
  J03411020            JUNCTION      0.00   469.25     0  09:03           0        13.1      -0.103
  J03411021            JUNCTION      0.00   288.57     0  00:55           0        7.59       0.556
  J03411079            JUNCTION      0.00   311.89     0  00:33           0        6.27       0.089
  J03411080            JUNCTION      0.00   497.40     0  09:08           0        12.1      -0.928
  J03411081            JUNCTION      0.00   340.37     0  09:03           0        1.99       0.017
  J03411083            JUNCTION      0.00   845.53     0  00:29           0        4.84       0.000
  J03464880            JUNCTION      0.00   419.75     0  01:56           0        5.12       0.005
  J06103061            JUNCTION      0.00   480.45     0  00:55           0        10.3      -0.052
  J06103062            JUNCTION      0.00   289.19     0  00:55           0        6.77       0.222
  J03260010            OUTFALL       0.00   965.37     0  02:03           0        17.9       0.000
  
  
  **********************
  Node Surcharge Summary
  **********************
  
  Surcharging occurs when water rises above the top of the highest conduit.
  ---------------------------------------------------------------------
                                               Max. Height   Min. Depth
                                   Hours       Above Crown    Below Rim
  Node                 Type      Surcharged         Meters       Meters
  ---------------------------------------------------------------------
  J03176902            JUNCTION        6.32          0.984        0.638
  J03180001            JUNCTION       23.62          1.913        0.000
  J03180002            JUNCTION        7.12          1.225        0.375
  J03180003            JUNCTION        7.67          1.491        0.000
  J03180004            JUNCTION        7.73          1.554        0.196
  J03180005            JUNCTION        6.62          1.067        0.683
  J03180006            JUNCTION        7.45          1.398        0.072
  J03180007            JUNCTION        6.87          1.147        0.653
  J03180008            JUNCTION        6.34          0.983        0.500
  J03180009            JUNCTION        6.06          0.898        0.942
  J03180010            JUNCTION        6.31          0.986        0.504
  J03180011            JUNCTION        4.90          0.696        1.004
  J03180015            JUNCTION        4.64          0.647        0.823
  J03180019            JUNCTION        3.46          0.887        0.603
  J03180020            JUNCTION        2.63          0.867        0.613
  J03180022            JUNCTION        1.58          0.128        1.362
  J03180031            JUNCTION       24.00          0.000        2.000
  J03180032            JUNCTION       24.00          0.000        2.000
  J03180100            JUNCTION        0.07          0.108        1.995
  J03180109            JUNCTION        1.07          0.087        2.059
  J03180111            JUNCTION        1.31          0.078        2.113
  J03180114            JUNCTION        1.59          0.118        2.151
  J03180116            JUNCTION        3.19          0.200        2.275
  J03180118            JUNCTION        1.36          0.098        1.843
  J03180124            JUNCTION        2.88          0.328        1.913
  J03189835            JUNCTION        3.28          0.411        1.089
  J03189838            JUNCTION        3.29          0.447        1.153
  J03189839            JUNCTION        1.60          0.144        1.456
  J03189842            JUNCTION        1.61          0.138        1.162
  J03190007            JUNCTION        2.61          0.193        1.507
  J03190008            JUNCTION        2.90          0.220        0.000
  J03190010            JUNCTION        2.80          0.207        0.000
  J03190012            JUNCTION        2.41          0.170        1.530
  J03190013            JUNCTION        4.52          0.459        1.241
  J03190014            JUNCTION        3.69          0.326        0.000
  J03190015            JUNCTION        3.16          0.269        1.431
  J03190022            JUNCTION        4.53          0.461        1.239
  J03190025            JUNCTION        2.99          0.235        0.000
  J03190026            JUNCTION        2.99          0.250        1.450
  J03190027            JUNCTION        3.63          0.314        1.386
  J03190028            JUNCTION        5.06          0.501        0.000
  J03190029            JUNCTION        4.67          0.454        1.246
  J03190030            JUNCTION        6.17          0.723        0.977
  J03190031            JUNCTION        5.77          0.609        0.000
  J03190032            JUNCTION        4.94          0.472        1.228
  J03190034            JUNCTION        7.46          1.358        0.000
  J03190039            JUNCTION        7.19          1.173        0.000
  J03190042            JUNCTION        7.27          1.209        0.000
  J03190044            JUNCTION        5.08          0.443        1.257
  J03190045            JUNCTION        5.99          0.599        0.000
  J03190048            JUNCTION        7.42          1.283        0.000
  J03190051            JUNCTION        7.48          1.320        0.000
  J03190055            JUNCTION        7.56          1.357        0.000
  J03190059            JUNCTION        7.26          1.169        0.000
  J03190061            JUNCTION        7.31          1.197        0.000
  J03190064            JUNCTION        7.41          1.255        0.000
  J03190067            JUNCTION        7.48          1.297        0.000
  J03190070            JUNCTION        7.56          1.339        0.000
  J03190078            JUNCTION        7.60          1.364        0.000
  J03190083            JUNCTION        7.48          1.292        0.000
  J03190084            JUNCTION        6.54          0.732        0.000
  J03190085            JUNCTION        6.38          0.685        1.015
  J03190088            JUNCTION        6.24          0.623        0.000
  J03190089            JUNCTION        6.73          0.815        0.885
  J03190091            JUNCTION        6.39          0.668        0.000
  J03190092            JUNCTION        6.44          0.705        0.995
  J03190094            JUNCTION        7.23          1.135        0.000
  J03190096            JUNCTION        7.08          1.058        0.442
  J03190102            JUNCTION        8.32          1.752        0.000
  J03190106            JUNCTION        8.40          1.789        0.000
  J03190107            JUNCTION        8.49          1.835        0.000
  J03190111            JUNCTION        8.58          1.877        0.000
  J03190114            JUNCTION        8.65          1.917        0.000
  J03190149            JUNCTION        4.09          0.298        1.302
  J03190150            JUNCTION        2.61          0.294        1.276
  J03190155            JUNCTION        2.52          0.125        1.375
  J03190159            JUNCTION       23.47          0.673        1.027
  J03190161            JUNCTION       23.47          0.639        0.411
  J03190162            JUNCTION        1.24          0.058        1.172
  J03190164            JUNCTION       23.47          0.656        0.424
  J03190167            JUNCTION        2.54          0.210        1.330
  J03191002            JUNCTION        6.21          0.622        0.000
  J03191003            JUNCTION        6.50          0.726        0.974
  J03191004            JUNCTION        5.75          0.526        0.954
  J03191005            JUNCTION        6.24          0.650        0.950
  J03191007            JUNCTION        6.70          0.808        0.062
  J03191008            JUNCTION        4.55          0.336        1.254
  J03191010            JUNCTION        5.14          0.420        0.890
  J03191015            JUNCTION        4.72          0.358        1.202
  J03191016            JUNCTION        3.68          0.247        1.333
  J03191017            JUNCTION        3.47          0.215        1.385
  J03191019            JUNCTION        3.47          0.213        1.047
  J03191021            JUNCTION        5.26          0.439        0.271
  J03191023            JUNCTION        4.80          0.373        1.227
  J03191100            JUNCTION       23.48          0.712        0.488
  J03191101            JUNCTION        3.55          0.230        1.240
  J03191102            JUNCTION        1.87          0.054        1.546
  J03191103            JUNCTION        6.64          0.786        0.414
  J03191950            JUNCTION        7.20          1.122        0.000
  J03191951            JUNCTION        5.44          0.467        1.133
  J03191952            JUNCTION        4.72          0.354        1.246
  J03191983            JUNCTION        7.95          1.609        0.000
  J03192002            JUNCTION        6.90          0.948        0.252
  J03192077            JUNCTION        6.02          0.586        1.014
  J03193034            JUNCTION        6.98          1.005        0.595
  J03193036            JUNCTION        4.21          0.473        0.977
  J03193037            JUNCTION        6.16          1.500        0.000
  J03193038            JUNCTION        5.57          0.660        0.830
  J03193045            JUNCTION        3.88          0.424        1.066
  J03193051            JUNCTION        3.92          0.439        0.881
  J03193057            JUNCTION        4.65          0.560        0.840
  J03193062            JUNCTION        5.16          0.616        0.884
  J03193063            JUNCTION        4.99          0.602        0.898
  J03193064            JUNCTION        4.05          0.486        1.004
  J03193078            JUNCTION        4.50          0.587        0.833
  J03193080            JUNCTION        6.56          0.786        0.714
  J03193081            JUNCTION        6.00          0.730        0.770
  J03193083            JUNCTION        5.78          0.742        0.698
  J03193085            JUNCTION        4.81          0.645        0.745
  J03193117            JUNCTION        0.25          0.683        0.677
  J03193123            JUNCTION        3.66          0.575        0.905
  J03193126            JUNCTION        0.91          0.375        1.075
  J03193127            JUNCTION        0.92          0.392        1.108
  J03193128            JUNCTION        0.92          0.393        0.807
  J03193130            JUNCTION        5.23          0.709        0.781
  J03193131            JUNCTION        5.23          0.708        0.792
  J03193137            JUNCTION        4.66          0.654        0.846
  J03193141            JUNCTION        3.29          0.543        0.927
  J03193142            JUNCTION        5.39          0.726        0.754
  J03193143            JUNCTION        5.39          0.731        0.769
  J03193145            JUNCTION        3.43          0.559        0.841
  J03193146            JUNCTION        3.66          0.595        0.805
  J03193152            JUNCTION        5.30          0.708        0.792
  J03193154            JUNCTION        3.80          0.613        1.037
  J03193155            JUNCTION        3.79          0.609        1.091
  J03195537            JUNCTION        1.15          0.073        1.327
  J03195666            JUNCTION        6.29          0.809        0.691
  J03195943            JUNCTION       23.48          0.728        0.472
  J03195944            JUNCTION        7.28          1.181        0.000
  J03195988            JUNCTION       23.47          0.701        0.499
  J03195991            JUNCTION        9.26          2.059        0.000
  J03198004            JUNCTION        8.44          1.819        0.000
  J03198005            JUNCTION        8.10          1.608        0.000
  J03233000            JUNCTION       23.79          1.201        0.349
  J03235001            JUNCTION        1.74          0.214        0.646
  J03235002            JUNCTION        3.31          0.844        0.000
  J03235003            JUNCTION        3.41          0.945        0.000
  J03235006            JUNCTION        1.62          0.177        0.303
  J03235007            JUNCTION        3.18          0.772        0.000
  J03235013            JUNCTION        3.23          0.893        0.000
  J03235019            JUNCTION        3.17          0.931        0.000
  J03235024            JUNCTION        3.19          0.986        0.714
  J03235029            JUNCTION        3.17          0.944        0.756
  J03235031            JUNCTION        3.26          1.740        0.000
  J03235032            JUNCTION        3.18          1.800        0.000
  J03235041            JUNCTION        1.23          0.109        1.041
  J03235042            JUNCTION        0.77          0.049        1.651
  J03235045            JUNCTION        3.21          1.847        0.000
  J03235046            JUNCTION        3.19          1.767        0.000
  J03235049            JUNCTION        3.31          2.087        0.000
  J03235056            JUNCTION        3.28          2.267        0.000
  J03235058            JUNCTION        3.29          2.297        0.000
  J03235075            JUNCTION        3.29          2.630        0.000
  J03235080            JUNCTION        3.43          7.124        0.000
  J03235088            JUNCTION       23.96          8.452        0.000
  J03260024            JUNCTION        6.18          0.899        0.000
  J03260025            JUNCTION        5.90          0.842        0.858
  J03260026            JUNCTION        6.39          0.963        0.000
  J03260027            JUNCTION        6.27          0.935        0.765
  J03260028            JUNCTION        6.44          0.996        0.704
  J03260029            JUNCTION        6.32          0.936        0.000
  J03260030            JUNCTION        6.32          0.950        0.750
  J03260031            JUNCTION        6.38          0.972        0.728
  J03260032            JUNCTION        7.67          1.611        0.000
  J03260033            JUNCTION        6.95          1.181        0.000
  J03260034            JUNCTION        6.46          0.994        0.706
  J03260038            JUNCTION       23.20          2.384        0.000
  J03260041            JUNCTION       23.21          2.437        0.000
  J03260047            JUNCTION        5.19          0.642        1.058
  J03260048            JUNCTION        5.05          0.597        0.000
  J03260049            JUNCTION        5.32          0.672        1.028
  J03260050            JUNCTION        5.21          0.643        1.057
  J03260051            JUNCTION        4.16          0.420        0.000
  J03260052            JUNCTION        4.20          0.445        1.255
  J03260054            JUNCTION        2.53          0.154        0.000
  J03260055            JUNCTION        3.33          0.279        1.421
  J03260058            JUNCTION        3.25          0.270        1.430
  J03260059            JUNCTION        3.83          0.362        0.108
  J03260060            JUNCTION        3.67          0.340        1.360
  J03260061            JUNCTION        5.93          0.798        0.602
  J03260062            JUNCTION        3.58          0.320        1.380
  J03260063            JUNCTION        3.46          0.289        0.091
  J03260064            JUNCTION        1.96          0.121        1.579
  J03260065            JUNCTION        7.24          1.340        0.060
  J03260066            JUNCTION        2.28          0.139        0.072
  J03260067            JUNCTION        1.85          0.111        1.589
  J03260087            JUNCTION       24.00          0.000        2.000
  J03260088            JUNCTION        4.20          0.525        0.865
  J03260090            JUNCTION        2.48          0.318        1.032
  J03260093            JUNCTION        2.37          0.340        1.060
  J03260095            JUNCTION        2.44          0.409        0.991
  J03260097            JUNCTION        2.08          0.232        1.168
  J03260099            JUNCTION        0.13          0.038        1.362
  J03260147            JUNCTION        6.87          1.103        0.000
  J03260148            JUNCTION        7.06          1.188        0.662
  J03260149            JUNCTION        7.43          1.343        0.000
  J03260150            JUNCTION        7.71          1.512        0.000
  J03260151            JUNCTION       23.39          1.670        0.000
  J03260154            JUNCTION        5.96          0.871        0.000
  J03260156            JUNCTION       23.49          1.752        0.000
  J03260157            JUNCTION        7.74          1.633        0.000
  J03260159            JUNCTION        7.10          1.306        0.000
  J03260160            JUNCTION        7.11          1.332        0.368
  J03260161            JUNCTION        7.69          1.611        0.000
  J03260162            JUNCTION        7.73          1.707        0.000
  J03260164            JUNCTION       22.84          1.876        0.000
  J03260166            JUNCTION        7.83          1.882        0.000
  J03260167            JUNCTION       23.37          1.952        0.000
  J03260170            JUNCTION        7.75          1.905        0.000
  J03260171            JUNCTION       23.62          2.189        0.000
  J03260172            JUNCTION        5.18          1.132        0.000
  J03260174            JUNCTION        6.10          1.402        0.000
  J03260401            JUNCTION        0.20          0.108        1.492
  J03260406            JUNCTION       24.00          0.000        2.000
  J03260409            JUNCTION       24.00          0.000        2.000
  J03260411            JUNCTION       24.00          0.000        2.000
  J03260413            JUNCTION       24.00          0.000        2.000
  J03260415            JUNCTION       24.00          0.000        2.000
  J03260429            JUNCTION        4.05          0.757        0.543
  J03260431            JUNCTION        2.01          1.991        0.000
  J03260534            JUNCTION       24.00          0.000        2.000
  J03260550            JUNCTION       24.00          0.000        2.000
  J03260555            JUNCTION       24.00          0.000        2.000
  J03260558            JUNCTION        3.31          0.139        1.061
  J03260567            JUNCTION       24.00          0.000        2.000
  J03260569            JUNCTION       24.00          0.000        2.000
  J03260572            JUNCTION       24.00          0.000        2.000
  J03260574            JUNCTION        1.26          0.207        1.183
  J03260575            JUNCTION       24.00          0.000        2.000
  J03260577            JUNCTION        0.22          0.084        1.316
  J03260578            JUNCTION       24.00          0.000        2.000
  J03261009            JUNCTION        7.55          1.529        0.000
  J03261010            JUNCTION        7.38          1.403        0.297
  J03261011            JUNCTION        7.06          1.209        0.000
  J03261012            JUNCTION        6.47          1.012        0.688
  J03261013            JUNCTION        7.35          1.373        0.327
  J03261014            JUNCTION        7.51          1.489        0.000
  J03261015            JUNCTION        7.62          1.603        0.097
  J03262001            JUNCTION       23.23          2.694        0.000
  J03262029            JUNCTION        5.44          0.701        0.999
  J03262030            JUNCTION        5.83          0.791        0.909
  J03262031            JUNCTION        5.75          0.758        0.000
  J03262795            JUNCTION        7.15          1.254        0.346
  J03263001            JUNCTION        7.24          1.310        0.090
  J03263002            JUNCTION        7.38          1.402        0.198
  J03263004            JUNCTION        7.60          1.582        0.000
  J03263005            JUNCTION        7.47          1.473        0.037
  J03263007            JUNCTION        7.75          1.481        0.079
  J03263010            JUNCTION        7.64          1.401        0.129
  J03263011            JUNCTION        5.47          0.735        0.265
  J03263012            JUNCTION        6.94          1.168        0.352
  J03263015            JUNCTION        7.30          1.351        0.229
  J03263016            JUNCTION        7.93          1.782        0.000
  J03263017            JUNCTION        7.76          1.525        0.005
  J03263018            JUNCTION        7.53          1.346        0.254
  J03263024            JUNCTION        6.66          1.008        0.392
  J03263039            JUNCTION       23.51          1.828        0.000
  J03263049            JUNCTION        7.55          1.351        0.249
  J03263052            JUNCTION       23.51          1.809        0.000
  J03263053            JUNCTION        7.57          1.379        0.171
  J03263054            JUNCTION        7.32          1.297        0.303
  J03263057            JUNCTION        7.39          1.293        0.507
  J03263058            JUNCTION        7.54          1.349        0.000
  J03263061            JUNCTION        7.01          1.216        0.364
  J03263063            JUNCTION        7.48          1.327        0.273
  J03263075            JUNCTION        7.67          1.440        0.000
  J03263078            JUNCTION        7.54          1.349        0.251
  J03263079            JUNCTION        5.80          0.850        0.470
  J03263080            JUNCTION        7.60          1.408        0.000
  J03263081            JUNCTION        3.88          0.421        1.109
  J03263082            JUNCTION        7.23          1.245        0.285
  J03264861            JUNCTION        1.40          0.141        1.559
  J03264862            JUNCTION        1.76          0.225        1.625
  J03264872            JUNCTION        3.00          0.334        1.166
  J03264876            JUNCTION        2.98          0.280        1.220
  J03264882            JUNCTION        3.01          0.207        1.283
  J03264883            JUNCTION        2.70          0.165        1.335
  J03264891            JUNCTION        3.36          0.426        1.274
  J03264892            JUNCTION       23.45          0.686        1.014
  J03264894            JUNCTION        3.17          0.103        1.397
  J03264900            JUNCTION        4.63          0.585        1.015
  J03264960            JUNCTION        9.51          1.577        0.000
  J03264964            JUNCTION        7.76          1.550        0.000
  J03265001            JUNCTION       24.00          0.000        2.000
  J03266226            JUNCTION        5.77          0.845        0.605
  J03266227            JUNCTION        5.59          0.804        0.806
  J03266669            JUNCTION        6.86          1.096        0.000
  J03266670            JUNCTION        7.04          1.160        0.000
  J03266695            JUNCTION       24.00          0.000        2.000
  J03266696            JUNCTION       24.00          0.000        2.000
  J03266698            JUNCTION       24.00          0.000        2.000
  J03351040            JUNCTION        1.97          0.255        1.085
  J03351044            JUNCTION        2.99          0.462        0.988
  J03351046            JUNCTION        2.60          0.342        1.038
  J03351049            JUNCTION        3.10          0.557        1.043
  J03351051            JUNCTION        1.85          0.192        1.028
  J03351056            JUNCTION        3.22          0.748        0.852
  J03351058            JUNCTION        3.04          0.373        1.127
  J03351067            JUNCTION        3.06          0.366        1.204
  J03351072            JUNCTION        3.13          0.390        1.170
  J03351075            JUNCTION        3.13          0.361        1.129
  J03351076            JUNCTION        3.25          0.507        1.053
  J03351078            JUNCTION        2.61          0.162        1.308
  J03351080            JUNCTION        3.14          0.281        1.319
  J03351087            JUNCTION        3.12          0.186        1.394
  J03351089            JUNCTION        3.21          1.317        0.273
  J03351092            JUNCTION        5.35          0.509        0.441
  J03351093            JUNCTION        4.15          0.496        1.084
  J03352007            JUNCTION        3.36          0.145        1.455
  J03352011            JUNCTION        3.30          0.181        1.409
  J03352028            JUNCTION        3.42          0.531        1.069
  J03352036            JUNCTION        0.73          0.026        1.814
  J03352039            JUNCTION        1.24          0.094        1.506
  J03352144            JUNCTION        1.54          0.145        1.175
  J03355147            JUNCTION        3.07          0.555        1.045
  J03380079            JUNCTION        3.13          0.097        1.303
  J03380081            JUNCTION        1.28          0.057        1.333
  J03380089            JUNCTION        0.15          0.013        1.357
  J03380092            JUNCTION        1.83          0.130        1.250
  J03380095            JUNCTION        0.26          0.037        1.363
  J03380096            JUNCTION        2.52          0.280        1.090
  J03380098            JUNCTION        0.95          0.095        1.235
  J03380100            JUNCTION        1.02          0.102        1.258
  J03380102            JUNCTION        1.14          0.140        1.230
  J03380104            JUNCTION        0.82          0.099        1.231
  J03380106            JUNCTION        1.44          0.299        1.091
  J03380109            JUNCTION        1.10          0.172        1.228
  J03380113            JUNCTION        0.90          0.118        1.252
  J03380117            JUNCTION        1.01          0.135        1.265
  J03380120            JUNCTION        3.64          0.595        0.695
  J03380124            JUNCTION        0.11          0.017        1.333
  J03380127            JUNCTION        0.67          0.141        1.259
  J03380129            JUNCTION        0.62          0.134        1.266
  J03380131            JUNCTION        0.47          0.100        1.280
  J03380136            JUNCTION        0.12          0.027        1.373
  J03380137            JUNCTION        0.14          0.035        1.365
  J03380142            JUNCTION        0.14          0.040        1.340
  J03380223            JUNCTION        2.76          0.125        1.045
  J03380224            JUNCTION        3.83          0.236        1.464
  J03380227            JUNCTION        0.86          0.058        1.342
  J03380228            JUNCTION        3.22          0.176        1.204
  J03380232            JUNCTION        3.56          0.217        1.113
  J03380235            JUNCTION        2.08          0.106        0.574
  J03380236            JUNCTION        5.83          0.454        1.346
  J03380237            JUNCTION       23.46          0.564        0.506
  J03380238            JUNCTION       23.47          0.616        0.444
  J03380241            JUNCTION        1.01          0.063        1.637
  J03380243            JUNCTION        2.17          0.102        1.258
  J03380245            JUNCTION        2.18          0.102        1.288
  J03380255            JUNCTION       24.00          0.000        2.000
  J03411012            JUNCTION        6.27          0.911        0.000
  J03411013            JUNCTION        6.16          0.894        0.986
  J03411014            JUNCTION        7.31          1.287        0.000
  J03411015            JUNCTION        6.95          1.145        0.655
  J03411016            JUNCTION        7.06          1.180        0.020
  J03411017            JUNCTION        6.79          1.090        0.710
  J03411018            JUNCTION        6.66          1.040        0.000
  J03411019            JUNCTION        6.58          1.023        0.787
  J03411020            JUNCTION        7.21          1.233        0.000
  J03411021            JUNCTION        6.73          1.065        0.105
  J03411079            JUNCTION       23.50          1.761        0.000
  J03411080            JUNCTION       14.59          1.603        0.000
  J03411081            JUNCTION        7.53          1.382        0.000
  J03411083            JUNCTION       22.29          1.620        0.000
  J06103061            JUNCTION        7.19          1.220        0.000
  J06103062            JUNCTION        7.01          1.157        0.043
  
  
  *********************
  Node Flooding Summary
  *********************
  
  Flooding refers to all water that overflows a node, whether it ponds or not.
  --------------------------------------------------------------------------
                                                             Total   Maximum
                                 Maximum   Time of Max       Flood    Ponded
                        Hours       Rate    Occurrence      Volume     Depth
  Node                 Flooded       LPS   days hr:min    10^6 ltr    Meters
  --------------------------------------------------------------------------
  J03180001               2.80     14.87      0  01:56       0.021     0.213
  J03180003               2.21     13.33      0  02:08       0.015     0.141
  J03190008               0.91      6.73      0  03:56       0.003     0.024
  J03190010               1.24      8.19      0  03:58       0.005     0.045
  J03190014               1.67      7.77      0  04:03       0.009     0.079
  J03190025               2.02      9.60      0  02:13       0.014     0.111
  J03190028               2.32     15.49      0  02:08       0.015     0.129
  J03190031               2.56     15.19      0  02:05       0.016     0.146
  J03190034               2.73     18.28      0  02:03       0.017     0.158
  J03190039               2.96     17.59      0  02:01       0.020     0.173
  J03190042               3.29     21.78      0  01:55       0.025     0.209
  J03190045               3.66     22.10      0  01:56       0.029     0.246
  J03190048               4.00     24.75      0  01:47       0.033     0.283
  J03190051               4.37     31.62      0  01:43       0.038     0.320
  J03190055               4.73     27.60      0  01:38       0.040     0.357
  J03190059               4.84     30.61      0  01:38       0.039     0.369
  J03190061               5.05     31.58      0  01:35       0.046     0.397
  J03190064               5.42     41.05      0  01:33       0.057     0.455
  J03190067               5.66     38.15      0  01:29       0.061     0.497
  J03190070               5.88     38.07      0  01:26       0.066     0.539
  J03190078               6.00     47.20      0  01:24       0.070     0.564
  J03190083               6.10     51.33      0  01:19       0.064     0.588
  J03190084               6.13     50.03      0  01:20       0.064     0.595
  J03190088               6.24     52.95      0  01:18       0.077     0.623
  J03190091               6.39     54.22      0  01:17       0.083     0.668
  J03190094               6.51     74.18      0  01:13       0.083     0.710
  J03190102               6.62     88.19      0  01:12       0.086     0.752
  J03190106               6.70     85.36      0  01:11       0.091     0.789
  J03190107               6.79    153.97      0  01:10       0.097     0.835
  J03190111               6.86    164.21      0  01:09       0.102     0.877
  J03190114               6.92    125.04      0  01:08       0.101     0.917
  J03191002               1.71      7.89      0  02:41       0.005     0.032
  J03191950               2.81     19.52      0  02:04       0.015     0.122
  J03191983               0.10      7.02      0  02:00       0.001     0.009
  J03195944               4.94     35.12      0  01:37       0.040     0.381
  J03195991               5.97     25.96      0  01:23       0.056     0.539
  J03198004               4.75     18.78      0  01:38       0.035     0.339
  J03198005               3.08     14.57      0  01:55       0.020     0.118
  J03235002               2.49     23.00      0  03:41       0.045     0.444
  J03235003               2.97     45.31      0  03:42       0.055     0.545
  J03235007               1.13     11.00      0  02:25       0.011     0.112
  J03235013               1.59     15.70      0  02:20       0.024     0.233
  J03235019               0.81      5.17      0  02:38       0.005     0.051
  J03235031               2.46     42.96      0  03:38       0.083     0.800
  J03235032               0.01     22.12      0  03:39       0.000     0.000
  J03235045               1.02     21.91      0  03:14       0.015     0.147
  J03235046               1.32     24.34      0  02:02       0.030     0.297
  J03235049               2.82     29.62      0  03:39       0.106     1.037
  J03235056               1.68     28.85      0  02:01       0.057     0.567
  J03235058               2.82     30.13      0  01:40       0.118     1.157
  J03235075               3.08     44.45      0  03:37       0.153     1.510
  J03235080               2.59     90.62      0  00:47       0.376     3.744
  J03235088               2.26     96.86      0  01:35       0.376     3.752
  J03260024               6.18     53.55      0  01:25       0.103     0.899
  J03260026               6.39     79.54      0  01:16       0.111     0.963
  J03260029               6.32     90.21      0  01:17       0.107     0.936
  J03260032               2.16      7.91      0  02:37       0.011     0.111
  J03260033               6.95    110.58      0  01:13       0.136     1.181
  J03260038               7.06    114.34      0  01:12       0.142     1.224
  J03260041               7.46    126.65      0  01:11       0.172     1.437
  J03260048               5.05     31.45      0  01:43       0.069     0.597
  J03260051               4.16     24.58      0  01:55       0.048     0.420
  J03260054               2.53      9.56      0  02:25       0.017     0.154
  J03260147               3.01     16.10      0  01:51       0.025     0.243
  J03260149               4.10     41.30      0  01:27       0.050     0.453
  J03260150               3.46     21.34      0  01:40       0.032     0.312
  J03260151               3.35     13.73      0  01:36       0.030     0.280
  J03260154               3.89     22.31      0  01:21       0.042     0.391
  J03260156               3.62     17.79      0  01:34       0.036     0.352
  J03260157               2.75     12.24      0  01:36       0.024     0.233
  J03260159               2.59     14.17      0  01:37       0.023     0.226
  J03260161               2.41     12.09      0  01:57       0.022     0.211
  J03260162               2.87     17.38      0  01:34       0.032     0.307
  J03260164               3.98     19.51      0  01:18       0.054     0.516
  J03260166               3.85     23.41      0  01:01       0.057     0.542
  J03260167               2.47     18.59      0  01:21       0.035     0.352
  J03260170               3.25     19.18      0  01:18       0.054     0.505
  J03260171               4.50     31.34      0  00:58       0.088     0.829
  J03260172               2.07     25.60      0  01:03       0.055     0.542
  J03260174               3.98     32.92      0  00:58       0.078     0.772
  J03260431               0.71     32.72      0  02:08       0.031     0.291
  J03261009               7.15     88.73      0  01:14       0.141     1.239
  J03261011               6.23     52.17      0  01:21       0.093     0.909
  J03261014               7.21     89.98      0  01:15       0.136     1.259
  J03262001               7.85    196.49      0  00:55       0.202     1.694
  J03262031               5.75     42.52      0  01:30       0.087     0.758
  J03263004               4.90     32.71      0  01:38       0.064     0.592
  J03263016               5.72     45.36      0  01:24       0.085     0.782
  J03263039               5.82     95.85      0  00:29       0.088     0.828
  J03263052               6.06     33.23      0  00:55       0.097     0.879
  J03263058               5.65     29.78      0  01:17       0.088     0.789
  J03263075               4.06     23.32      0  01:32       0.049     0.450
  J03263080               3.57     12.61      0  01:56       0.035     0.338
  J03264960               2.76     16.60      0  01:59       0.023     0.207
  J03264964               2.32     15.06      0  02:06       0.015     0.150
  J03266669               0.80      6.78      0  02:36       0.002     0.016
  J03266670               1.60     13.02      0  02:21       0.007     0.070
  J03411012               1.06      9.15      0  02:30       0.003     0.031
  J03411014               3.39     16.34      0  02:06       0.033     0.300
  J03411018               0.01      0.69      0  02:56       0.000     0.000
  J03411020               5.14     30.37      0  01:05       0.074     0.683
  J03411079               3.69     21.07      0  01:36       0.037     0.361
  J03411080               6.09     29.09      0  00:58       0.097     0.843
  J03411081               3.79     23.84      0  01:33       0.041     0.382
  J03411083               3.96     25.21      0  01:28       0.044     0.420
  J06103061               3.49     13.33      0  01:55       0.033     0.320
  
  
  ***********************
  Outfall Loading Summary
  ***********************
  
  -----------------------------------------------------------
                         Flow       Avg       Max       Total
                         Freq      Flow      Flow      Volume
  Outfall Node           Pcnt       LPS       LPS    10^6 ltr
  -----------------------------------------------------------
  J03260010             99.60    208.43    965.37      17.939
  -----------------------------------------------------------
  System                99.60    208.43    965.37      17.939
  
  
  ********************
  Link Flow Summary
  ********************
  
  -----------------------------------------------------------------------------
                                 Maximum  Time of Max   Maximum    Max/    Max/
                                  |Flow|   Occurrence   |Veloc|    Full    Full
  Link                 Type          LPS  days hr:min     m/sec    Flow   Depth
  -----------------------------------------------------------------------------
  34                   CONDUIT      0.00     0  00:00      0.00    0.00    0.00
  63                   CONDUIT      0.00     0  00:00      0.00    0.00    0.00
  95                   CONDUIT    154.80     0  01:17      1.23    4.63    1.00
  100                  CONDUIT      0.00     0  00:00      0.00    0.00    0.00
  129                  CONDUIT    385.65     0  01:28      1.37    0.59    1.00
  325                  CONDUIT    345.52     0  02:00      1.71    0.16    0.31
  783                  CONDUIT      0.00     0  00:00      0.00    0.00    0.00
  832                  CONDUIT    470.81     0  03:45      1.11    0.27    1.00
  841                  CONDUIT    450.71     0  00:43      1.46    0.56    1.00
  842                  CONDUIT      3.09     0  01:17      0.34    0.20    1.00
  1612                 CONDUIT    320.18     0  04:04      1.59    0.30    0.31
  1806                 CONDUIT      0.00     0  00:00      0.00    0.00    0.00
  1941                 CONDUIT      0.66     0  03:16      0.20    0.02    0.25
  2487                 CONDUIT    168.49     0  02:00      1.84    0.15    0.36
  2488                 CONDUIT    168.49     0  02:00      1.69    0.11    0.38
  2543                 CONDUIT    289.19     0  00:55      0.91    0.11    1.00
  2627                 CONDUIT    442.94     0  02:01      1.08    0.09    0.18
  2628                 CONDUIT      0.00     0  00:00      0.00    0.00    0.00
  2629                 CONDUIT      0.00     0  00:00      0.00    0.00    0.00
  2630                 CONDUIT      0.00     0  00:00      0.00    0.00    0.00
  2631                 CONDUIT      0.00     0  00:00      0.00    0.00    0.00
  2632                 CONDUIT      0.00     0  00:00      0.00    0.00    0.00
  2649                 CONDUIT     30.02     0  00:34      2.16    0.53    1.00
  2941                 CONDUIT     19.33     0  03:42      1.46    0.09    1.00
  3101                 CONDUIT    438.50     0  01:11      0.89    0.76    1.00
  3137                 CONDUIT      0.00     0  00:00      0.00    0.00    0.00
  3147                 CONDUIT    295.50     0  02:09      1.38    0.43    0.83
  3166                 CONDUIT    610.67     0  02:02      0.98    0.09    0.27
  3332                 CONDUIT      4.88     0  03:44      0.16    0.01    0.98
  3334                 CONDUIT     27.61     0  00:35      0.67    0.16    0.96
  3335                 CONDUIT    117.33     0  03:15      0.93    1.39    1.00
  3336                 CONDUIT      0.00     0  00:00      0.00    0.00    0.11
  3339                 CONDUIT     23.11     0  03:44      0.60    0.02    0.54
  3369                 CONDUIT    143.39     0  02:11      0.88    0.07    0.61
  3370                 CONDUIT    905.80     0  01:58      0.85    0.28    0.52
  3372                 CONDUIT      0.00     0  00:00      0.00    0.00    0.00
  3424                 CONDUIT      8.56     0  02:13      0.19    0.15    0.57
  3459                 CONDUIT      1.25     0  03:44      0.17    0.01    0.32
  3553                 CONDUIT      0.00     0  00:00      0.00    0.00    0.00
  3572                 CONDUIT      0.43     0  03:31      0.05    0.00    0.32
  3578                 CONDUIT    419.15     0  03:08      5.93    1.67    1.00
  3580                 CONDUIT      2.79     0  16:20      0.51    0.08    0.43
  3586                 CONDUIT      0.00     0  00:00      0.00    0.00    0.00
  3590                 CONDUIT      0.00     0  00:00      0.00    0.00    0.00
  3591                 CONDUIT      0.00     0  00:00      0.00    0.00    0.00
  3596                 CONDUIT      1.56     0  02:11      0.13    0.01    0.24
  3673                 CONDUIT     41.19     0  00:35      0.44    0.08    0.98
  3679                 CONDUIT    413.50     0  02:05      2.05    0.86    1.00
  3716                 CONDUIT      2.20     0  00:50      0.42    0.02    0.15
  3755                 CONDUIT      0.00     0  00:00      0.00    0.00    0.00
  3774                 CONDUIT      2.20     0  00:46      0.58    0.01    0.08
  3781                 CONDUIT    166.86     0  00:58      1.36    0.16    0.50
  3808                 CONDUIT    448.69     0  00:44      1.62    0.82    1.00
  3826                 CONDUIT    287.42     0  01:03      0.84    0.49    1.00
  3827                 CONDUIT    294.04     0  01:03      1.13    1.09    1.00
  3832                 CONDUIT    182.79     0  01:15      1.62    0.86    1.00
  3864                 CONDUIT    149.96     0  03:15      1.29    0.84    1.00
  3904                 CONDUIT      3.23     0  01:15      0.28    0.04    1.00
  4236                 CONDUIT      1.64     0  06:27      0.12    0.01    1.00
  4245                 CONDUIT     12.02     0  01:07      1.15    0.11    1.00
  4268                 CONDUIT      1.40     0  03:57      0.42    0.01    0.35
  4271                 CONDUIT      8.22     0  01:21      0.88    0.06    1.00
  4273                 CONDUIT    303.04     0  02:02      2.12    0.47    0.51
  4291                 CONDUIT    303.06     0  02:02      2.42    0.35    0.46
  4292                 CONDUIT    303.41     0  02:01      2.06    0.44    0.52
  4293                 CONDUIT      0.00     0  00:00      0.00    0.00    0.04
  4294                 CONDUIT    307.99     0  02:01      2.02    0.61    0.53
  4476                 CONDUIT    389.49     0  01:25      1.93    0.79    0.87
  4486                 CONDUIT      0.00     0  00:00      0.00    0.00    0.28
  4518                 CONDUIT    117.91     0  03:13      0.94    1.39    1.00
  4520                 CONDUIT      0.00     0  00:00      0.00    0.00    0.00
  4533                 CONDUIT    160.09     0  00:57      1.63    0.53    1.00
  4617                 CONDUIT      0.00     0  00:00      0.00    0.00    0.11
  4644                 CONDUIT    215.88     0  01:25      2.38    0.34    1.00
  4680                 CONDUIT    157.21     0  03:20      1.45    1.02    0.94
  4691                 CONDUIT     24.70     0  00:36      0.36    0.04    1.00
  4714                 CONDUIT    331.93     0  00:53      2.64    1.60    1.00
  4783                 CONDUIT    288.57     0  00:55      1.17    0.14    1.00
  4983                 CONDUIT     26.69     0  02:58      0.83    0.17    0.75
  5044                 CONDUIT    464.40     0  00:40      1.66    0.36    1.00
  5066                 CONDUIT      1.85     0  01:57      0.12    0.02    1.00
  5183                 CONDUIT      2.20     0  00:11      0.60    0.01    0.07
  5262                 CONDUIT      0.00     0  00:00      0.00    0.00    0.00
  5289                 CONDUIT     14.80     0  00:33      0.54    0.24    1.00
  5327                 CONDUIT     41.59     0  00:36      0.71    0.03    0.88
  5328                 CONDUIT      0.00     0  00:00      0.00    0.00    0.00
  5329                 CONDUIT      2.20     0  06:42      0.20    0.02    0.14
  5372                 CONDUIT    124.15     0  02:02      1.93    0.13    0.28
  5379                 CONDUIT      0.00     0  00:00      0.00    0.00    0.50
  5383                 CONDUIT    124.22     0  02:01      0.74    0.30    0.58
  5564                 CONDUIT    534.95     0  02:08      2.44    0.33    0.70
  5646                 CONDUIT      0.00     0  00:00      0.00    0.00    0.00
  5734                 CONDUIT     33.84     0  00:14      0.61    0.14    1.00
  5754                 CONDUIT     17.91     0  02:11      0.31    0.03    0.26
  5796                 CONDUIT    104.19     0  01:24      1.47    5.42    1.00
  5799                 CONDUIT      2.85     0  05:49      0.56    0.07    0.50
  5884                 CONDUIT      0.00     0  00:00      0.00    0.00    0.50
  5963                 CONDUIT    809.18     0  00:45      1.14    0.12    0.58
  6198                 CONDUIT    162.24     0  02:00      6.31    0.15    0.26
  6200                 CONDUIT    122.56     0  02:05      1.16    0.22    0.75
  6935                 CONDUIT    175.99     0  04:34      1.86    0.36    0.94
  7035                 CONDUIT    162.24     0  02:00      3.30    0.77    0.66
  7084                 CONDUIT    303.00     0  02:02      1.58    0.45    0.65
  7105                 CONDUIT    149.95     0  03:15      1.35    0.91    1.00
  7282                 CONDUIT     11.26     0  05:27      0.85    0.12    1.00
  7373                 CONDUIT    149.90     0  03:15      1.19    2.83    1.00
  7495                 CONDUIT      2.81     0  04:31      0.56    0.07    0.53
  7498                 CONDUIT      2.27     0  03:39      0.14    0.02    1.00
  8063                 CONDUIT     44.60     0  00:14      0.37    0.14    1.00
  8274                 CONDUIT    150.23     0  04:34      1.21    0.81    1.00
  8293                 CONDUIT      0.00     0  00:00      0.00    0.00    0.00
  8294                 CONDUIT      0.00     0  00:00      0.00    0.00    0.00
  8295                 CONDUIT      0.00     0  00:00      0.00    0.00    0.00
  8305                 CONDUIT    126.07     0  00:46      0.18    0.01    0.53
  8423                 CONDUIT    152.79     0  03:14      1.23    0.19    1.00
  8614                 CONDUIT     19.33     0  03:43      0.82    0.15    1.00
  8670                 CONDUIT    118.73     0  02:22      0.96    1.42    1.00
  8894                 CONDUIT    385.62     0  01:28      1.36    0.57    1.00
  9134                 CONDUIT    125.00     0  02:03      1.55    0.19    0.48
  9700                 CONDUIT    195.08     0  01:40      0.91    0.17    0.75
  9703                 CONDUIT    157.21     0  03:21      1.05    0.21    0.78
  9704                 CONDUIT    157.22     0  03:18      0.97    0.17    0.71
  9736                 CONDUIT      1.27     0  03:40      0.05    0.01    0.70
  10024                CONDUIT    167.32     0  01:33      1.72    6.94    1.00
  10072                CONDUIT     50.60     0  03:42      0.10    0.01    1.00
  10076                CONDUIT    439.81     0  02:30      3.50    1.96    1.00
  10117                CONDUIT      0.00     0  00:00      0.00    0.00    0.00
  10119                CONDUIT     39.99     0  00:35      0.70    0.10    1.00
  10124                CONDUIT    610.58     0  02:02      0.85    0.02    0.40
  10130                CONDUIT      5.01     0  00:33      0.32    0.04    1.00
  10138                CONDUIT    118.75     0  03:19      0.60    0.19    1.00
  10144                CONDUIT     12.70     0  23:39      0.59    0.10    1.00
  10146                CONDUIT    610.81     0  02:02      0.76    0.09    0.36
  10148                CONDUIT     11.01     0  00:35      0.45    0.04    1.00
  10158                CONDUIT     13.25     0  00:33      0.66    0.06    1.00
  10159                CONDUIT    150.02     0  03:15      1.19    0.29    1.00
  10161                CONDUIT     18.10     0  03:42      1.03    0.20    1.00
  10162                CONDUIT     23.20     0  00:34      0.45    0.14    1.00
  10164                CONDUIT    610.71     0  02:02      0.86    0.16    0.33
  10211                CONDUIT    611.80     0  02:01      1.07    0.08    0.26
  10242                CONDUIT    611.70     0  02:01      0.89    0.10    0.31
  10264                CONDUIT    385.76     0  01:27      1.36    0.87    1.00
  10284                CONDUIT      0.00     0  00:00      0.00    0.00    0.00
  10363                CONDUIT      0.00     0  00:00      0.00    0.00    0.02
  10405                CONDUIT     14.17     0  03:42      0.88    1.02    1.00
  10464                CONDUIT      0.00     0  00:00      0.00    0.00    0.00
  10601                CONDUIT    301.66     0  01:03      1.16    1.12    1.00
  10602                CONDUIT      1.30     0  05:08      0.12    0.01    1.00
  10605                CONDUIT      0.00     0  00:00      0.00    0.00    0.21
  10607                CONDUIT    256.82     0  05:49      0.78    0.09    0.62
  10608                CONDUIT    160.14     0  00:57      1.27    0.66    1.00
  10671                CONDUIT    149.88     0  03:19      1.38    1.38    0.80
  10690                CONDUIT     32.04     0  00:18      1.00    0.02    0.97
  10691                CONDUIT    303.05     0  02:02      1.92    0.41    0.55
  10744                CONDUIT    157.64     0  02:55      1.19    0.66    1.00
  10746                CONDUIT    157.72     0  02:55      1.85    0.73    1.00
  10833                CONDUIT    303.06     0  02:02      1.75    0.95    0.59
  10845                CONDUIT    526.37     0  02:00      5.94    2.67    1.00
  10879                CONDUIT      0.00     0  00:00      0.00    0.00    0.00
  11139                CONDUIT     12.93     0  01:26      0.08    0.00    0.96
  11172                CONDUIT      3.14     0  02:11      0.04    0.01    0.61
  11209                CONDUIT      0.00     0  00:00      0.00    0.00    0.00
  12024                CONDUIT      0.00     0  00:00      0.00    0.00    0.00
  12611                CONDUIT    529.31     0  02:01      1.38    0.20    1.00
  12612                CONDUIT      0.00     0  00:00      0.00    0.00    0.00
  12613                CONDUIT      0.00     0  00:00      0.00    0.00    0.00
  12615                CONDUIT      0.00     0  00:00      0.00    0.00    0.00
  12620                CONDUIT      0.00     0  00:00      0.00    0.00    0.50
  12621                CONDUIT      0.00     0  00:00      0.00    0.00    0.45
  12622                CONDUIT      0.00     0  00:00      0.00    0.00    0.00
  12633                CONDUIT    182.97     0  01:15      1.22    0.42    1.00
  12636                CONDUIT    297.32     0  01:05      1.80    0.07    1.00
  12637                CONDUIT     38.84     0  00:14      0.42    0.14    1.00
  12638                CONDUIT     26.50     0  02:00      2.79   24.79    1.00
  12643                CONDUIT     26.38     0  02:00      1.88    0.04    0.12
  12644                CONDUIT     26.38     0  02:00      1.03    0.08    0.19
  12649                CONDUIT    124.17     0  02:01      1.54    0.21    0.33
  12650                CONDUIT    156.09     0  05:01      0.43    0.16    1.00
  12652                CONDUIT    151.54     0  04:01      1.28    0.58    1.00
  12653                CONDUIT    124.15     0  02:02      1.43    0.10    0.35
  12654                CONDUIT    301.49     0  02:00      1.72    0.57    0.79
  12656                CONDUIT    269.11     0  05:05      0.70    0.66    1.00
  12660                CONDUIT    580.45     0  01:04      1.41    0.99    1.00
  12661                CONDUIT      3.56     0  05:30      0.06    0.01    1.00
  12662                CONDUIT      2.73     0  01:30      0.17    0.02    1.00
  12663                CONDUIT      7.75     0  01:08      0.44    0.04    1.00
  12664                CONDUIT    128.91     0  00:35      0.72    0.13    0.97
  12665                CONDUIT    130.55     0  00:35      1.48    0.18    1.00
  12668                CONDUIT    168.49     0  02:00      1.16    0.37    0.51
  12673                CONDUIT     18.83     0  02:09      0.12    0.01    0.54
  12676                CONDUIT      0.00     0  00:00      0.00    0.00    0.12
  12678                CONDUIT    319.85     0  03:54      1.21    0.30    0.37
  12679                CONDUIT    319.85     0  03:54      4.52    7.51    1.00
  12681                CONDUIT     74.86     0  00:14      0.70    0.14    1.00
  12682                CONDUIT    168.16     0  00:14      0.93    0.40    1.00
  12683                CONDUIT    156.39     0  00:14      1.17    0.14    1.00
  12685                CONDUIT    183.01     0  01:15      3.07    0.21    1.00
  12686                CONDUIT    191.43     0  01:08      3.10    0.26    1.00
  12687                CONDUIT    183.17     0  01:15      1.03    0.44    1.00
  12688                CONDUIT    183.63     0  01:15      0.94    0.31    1.00
  12690                CONDUIT    270.09     0  04:59      0.70    0.46    1.00
  12691                CONDUIT    183.40     0  01:15      1.78    0.56    1.00
  12692                CONDUIT    184.35     0  01:15      1.84    0.25    1.00
  12694                CONDUIT    734.87     0  00:48      1.15    0.11    0.65
  12697                CONDUIT     13.36     0  02:58      0.37    0.11    0.78
  12698                CONDUIT    183.08     0  01:15      0.93    0.37    1.00
  12699                CONDUIT    196.00     0  01:06      1.54    0.16    1.00
  12700                CONDUIT     73.95     0  01:06      0.86    0.04    1.00
  12760                CONDUIT    561.16     0  02:05     17.86    6.53    1.00
  12761                CONDUIT    622.88     0  02:00      8.81    5.41    1.00
  12865                CONDUIT    449.13     0  00:43      1.44    1.86    1.00
  12866                CONDUIT    289.16     0  00:55      1.88    0.18    1.00
  12870                CONDUIT    332.04     0  00:53      2.66    1.08    1.00
  12871                CONDUIT    169.82     0  00:52      2.73    0.80    1.00
  12872                CONDUIT    119.55     0  00:54      0.23    0.02    1.00
  12873                CONDUIT    845.53     0  00:29      2.03    0.22    1.00
  12874                CONDUIT    124.73     0  00:29      1.38    0.10    1.00
  12875                CONDUIT    348.98     0  01:06      0.69    0.33    1.00
  12876                CONDUIT    714.22     0  00:33      1.70    0.20    1.00
  12877                CONDUIT     22.75     0  00:34      1.41    0.42    1.00
  12878                CONDUIT     11.17     0  08:18      0.11    0.01    1.00
  12880                CONDUIT      3.98     0  07:39      0.29    0.03    1.00
  12884                CONDUIT    298.72     0  01:03      1.15    1.09    1.00
  12888                CONDUIT    162.22     0  00:57      3.10    0.25    1.00
  12889                CONDUIT    159.94     0  00:57      1.54    0.99    1.00
  12890                CONDUIT    160.08     0  00:57      1.27    0.60    1.00
  12892                CONDUIT      0.00     0  00:00      0.00    0.00    0.00
  12893                CONDUIT      0.00     0  00:00      0.00    0.00    0.00
  12894                CONDUIT      0.00     0  00:00      0.00    0.00    0.00
  12895                CONDUIT      0.00     0  00:00      0.00    0.00    0.00
  12897                CONDUIT    391.73     0  00:43      1.15    0.54    1.00
  12903                CONDUIT      0.00     0  00:00      0.00    0.00    0.00
  12904                CONDUIT      0.00     0  00:00      0.00    0.00    0.00
  12907                CONDUIT    118.16     0  03:13      0.94    1.37    1.00
  12940                CONDUIT    158.70     0  02:55      0.79    0.44    1.00
  12942                CONDUIT      4.55     0  03:43      0.55    0.03    0.59
  12978                CONDUIT    385.63     0  01:28      1.37    0.49    1.00
  12979                CONDUIT      0.00     0  00:00      0.00    0.00    0.00
  12980                CONDUIT    385.57     0  01:28      1.36    1.11    1.00
  12982                CONDUIT    295.78     0  02:09      1.34    0.65    0.90
  12983                CONDUIT    386.04     0  01:28      1.69    0.52    0.87
  12986                CONDUIT      0.00     0  00:00      0.00    0.00    0.00
  12987                CONDUIT      0.00     0  00:00      0.00    0.00    0.00
  12988                CONDUIT      0.00     0  00:00      0.00    0.00    0.00
  12989                CONDUIT      0.00     0  00:00      0.00    0.00    0.00
  12990                CONDUIT      0.00     0  00:00      0.00    0.00    0.00
  12991                CONDUIT      0.00     0  00:00      0.00    0.00    0.00
  12993                CONDUIT    500.31     0  02:01      1.77    0.88    1.00
  12994                CONDUIT    513.71     0  02:00      1.82    0.87    1.00
  12995                CONDUIT    508.84     0  01:06      1.22    0.94    1.00
  12996                CONDUIT    547.97     0  00:30      1.68    0.15    1.00
  12998                CONDUIT    417.00     0  01:05      1.47    0.66    1.00
  13000                CONDUIT    450.48     0  02:03      1.59    1.35    1.00
  13298                CONDUIT    571.75     0  01:10      0.97    0.54    1.00
  13357                CONDUIT    117.61     0  03:22      0.83    0.26    1.00
  13491                CONDUIT      0.00     0  00:00      0.00    0.00    0.50
  13492                CONDUIT    117.12     0  03:16      1.27    1.37    0.69
  13493                CONDUIT    117.99     0  03:21      1.24    0.77    1.00
  13494                CONDUIT    117.20     0  03:17      1.64    0.75    0.39
  13496                CONDUIT     11.13     0  05:27      0.21    0.07    1.00
  13512                CONDUIT    156.24     0  05:01      0.81    0.15    1.00
  13513                CONDUIT     43.68     0  00:30      1.85    0.26    1.00
  13524                CONDUIT      0.00     0  00:00      0.00    0.00    0.00
  13525                CONDUIT    302.75     0  02:02      1.47    1.35    0.71
  13560                CONDUIT      0.00     0  00:00      0.00    0.00    0.00
  13562                CONDUIT      0.00     0  00:00      0.00    0.00    0.00
  13569                CONDUIT    160.94     0  00:57      2.28    2.41    1.00
  13643                CONDUIT    150.84     0  03:11      1.42    0.51    1.00
  13801                CONDUIT    299.84     0  02:00      1.98    0.60    0.91
  13802                CONDUIT     29.60     0  00:32      1.20    0.30    1.00
  13820                CONDUIT    157.96     0  03:05      1.14    0.76    1.00
  13821                CONDUIT      3.81     0  02:24      0.12    0.01    1.00
  13936                CONDUIT      0.00     0  00:00      0.00    0.00    0.00
  13937                CONDUIT    148.82     0  04:00      1.40    1.46    1.00
  14073                CONDUIT      0.00     0  00:00      0.00    0.00    0.13
  14080                CONDUIT    405.04     0  01:07      1.85    1.19    1.00
  14101                CONDUIT    277.54     0  01:03      0.77    0.48    1.00
  14137                CONDUIT    471.03     0  03:45      1.12    0.27    1.00
  14141                CONDUIT    471.26     0  03:45      1.24    0.45    1.00
  14208                CONDUIT     11.62     0  00:14      0.31    0.09    1.00
  14270                CONDUIT    391.00     0  01:30      2.54    0.47    0.56
  14272                CONDUIT    389.83     0  01:25      2.72    0.53    0.52
  14472                CONDUIT    295.60     0  02:10      1.09    0.57    0.92
  14475                CONDUIT      1.06     0  02:55      0.29    0.03    0.46
  14478                CONDUIT    298.23     0  01:58      1.07    0.66    1.00
  14574                CONDUIT    389.92     0  01:25      2.30    0.50    0.58
  14707                CONDUIT      0.00     0  00:00      0.00    0.00    0.00
  14739                CONDUIT    611.08     0  02:03      1.99    0.06    0.13
  14745                CONDUIT    162.12     0  01:07      0.83    0.06    1.00
  14749                CONDUIT     20.47     0  00:36      0.43    0.04    0.72
  14765                CONDUIT      2.20     0  08:51      0.44    0.02    0.08
  14950                CONDUIT     64.01     0  03:38      3.91    0.21    1.00
  15152                CONDUIT    149.96     0  03:16      1.19    0.74    1.00
  15171                CONDUIT    424.42     0  02:22      3.38    1.87    1.00
  15187                CONDUIT     17.97     0  02:11      0.75    0.02    0.20
  15242                CONDUIT    311.17     0  02:10      2.75    0.77    0.42
  15277                CONDUIT    438.90     0  02:36      3.49    4.49    1.00
  15281                CONDUIT    302.27     0  02:02      1.92    0.46    0.62
  15332                CONDUIT    162.54     0  00:29      1.60    0.73    1.00
  15333                CONDUIT      0.00     0  00:00      0.00    0.00    0.00
  15362                CONDUIT    475.05     0  02:01      1.68    1.94    1.00
  15806                CONDUIT    319.95     0  04:04      1.37    0.30    0.34
  16419                CONDUIT    631.07     0  01:11      1.00    0.09    1.00
  16476                CONDUIT    182.80     0  01:15      1.60    0.66    1.00
  16575                CONDUIT      0.00     0  00:00      0.00    0.00    0.00
  16654                CONDUIT    470.22     0  03:47      0.99    0.27    1.00
  16672                CONDUIT    457.29     0  00:41      1.31    1.86    1.00
  16865                CONDUIT      0.00     0  00:00      0.00    0.00    0.00
  16887                CONDUIT      0.00     0  00:00      0.00    0.00    0.00
  16908                CONDUIT      0.00     0  00:00      0.00    0.00    0.00
  16909                CONDUIT     20.60     0  00:36      1.53    0.88    1.00
  17523                CONDUIT    138.57     0  01:22      2.02    0.54    1.00
  17571                CONDUIT    571.73     0  01:10      1.03    0.54    1.00
  17580                CONDUIT     66.94     0  05:23      0.40    0.03    1.00
  17703                CONDUIT     12.27     0  05:27      0.11    0.02    1.00
  17714                CONDUIT    448.99     0  02:14      3.57    3.06    1.00
  17715                CONDUIT     68.47     0  03:51      1.37    0.14    1.00
  17766                CONDUIT     63.61     0  03:13      1.27    0.54    1.00
  17896                CONDUIT    117.53     0  03:18      1.40    0.15    1.00
  17908                CONDUIT    533.78     0  02:08      4.25    2.67    1.00
  17926                CONDUIT      0.00     0  00:00      0.00    0.00    0.00
  17953                CONDUIT    184.55     0  01:09      0.94    0.37    1.00
  18020                CONDUIT      0.00     0  00:00      0.00    0.00    0.00
  18084                CONDUIT    151.39     0  01:09      0.80    0.07    1.00
  18113                CONDUIT    149.98     0  03:09      1.31    0.62    1.00
  18330                CONDUIT    177.71     0  04:37      3.06    0.37    0.94
  18338                CONDUIT    319.89     0  03:52      1.28    0.30    0.35
  18383                CONDUIT     18.66     0  02:10      0.46    0.58    0.20
  18387                CONDUIT    155.76     0  05:01      2.20    0.60    1.00
  18389                CONDUIT    159.96     0  00:57      1.27    0.99    1.00
  18423                CONDUIT      3.24     0  07:54      0.33    0.01    1.00
  18530                CONDUIT    319.85     0  03:55      1.23    0.30    0.37
  19043                CONDUIT      5.84     0  00:14      0.36    0.05    1.00
  19132                CONDUIT     54.21     0  03:43      1.24    0.10    1.00
  19193                CONDUIT    335.73     0  00:54      1.29    0.10    1.00
  19227                CONDUIT     45.34     0  03:43      0.62    0.27    1.00
  19440                CONDUIT      0.84     0  02:21      0.59    0.03    0.87
  19717                CONDUIT    172.73     0  00:28      1.35    0.08    0.63
  19838                CONDUIT    419.02     0  03:08      3.33    2.98    1.00
  19850                CONDUIT    420.81     0  02:53      0.53    0.06    1.00
  19910                CONDUIT      0.00     0  00:00      0.00    0.00    0.17
  20466                CONDUIT     42.83     0  03:39      1.61    1.09    1.00
  20474                CONDUIT    168.49     0  02:00      1.30    0.18    0.47
  20518                CONDUIT    157.22     0  03:18      1.25    0.88    1.00
  20519                CONDUIT      0.00     0  00:00      0.00    0.00    0.00
  20520                CONDUIT    157.20     0  03:17      1.39    0.65    1.00
  20521                CONDUIT      0.00     0  00:00      0.00    0.00    0.00
  20529                CONDUIT      0.79     0  02:52      0.06    0.01    0.66
  20530                CONDUIT    157.48     0  02:55      1.37    2.49    1.00
  20531                CONDUIT    157.57     0  02:55      1.25    0.51    1.00
  20532                CONDUIT    157.21     0  03:18      2.00    1.92    0.89
  20534                CONDUIT    127.58     0  03:24      1.02    1.48    1.00
  20535                CONDUIT      0.00     0  00:00      0.00    0.00    0.50
  20536                CONDUIT      0.00     0  00:00      0.00    0.00    0.41
  20538                CONDUIT    118.38     0  03:16      0.96    1.38    0.95
  20539                CONDUIT    118.79     0  03:18      0.98    1.39    0.93
  20540                CONDUIT      0.00     0  00:00      0.00    0.00    0.50
  20541                CONDUIT      0.00     0  00:00      0.00    0.00    0.50
  20542                CONDUIT      0.00     0  00:00      0.00    0.00    0.42
  20543                CONDUIT    117.94     0  03:11      2.40    5.38    1.00
  20544                CONDUIT      0.00     0  00:00      0.00    0.00    0.50
  20545                CONDUIT    117.71     0  03:13      2.40    5.01    1.00
  20546                CONDUIT      0.00     0  00:00      0.00    0.00    0.50
  20547                CONDUIT      0.00     0  00:00      0.00    0.00    0.00
  20548                CONDUIT    117.72     0  03:14      2.40    4.73    1.00
  20549                CONDUIT    157.72     0  02:54      1.38    0.97    1.00
  20550                CONDUIT    158.48     0  02:55      1.26    1.05    1.00
  20560                CONDUIT    157.20     0  03:19      0.75    0.20    0.88
  20569                CONDUIT    157.22     0  03:18      1.40    0.91    1.00
  20570                CONDUIT    157.22     0  03:17      1.25    2.80    1.00
  20571                CONDUIT    157.21     0  03:20      0.95    0.23    0.73
  20573                CONDUIT    117.13     0  03:16      0.84    0.75    0.67
  20577                CONDUIT     29.60     0  00:22      0.42    0.11    1.00
  20578                CONDUIT    117.64     0  03:20      2.61    0.11    1.00
  20579                CONDUIT    117.74     0  03:22      1.03    0.74    1.00
  20582                CONDUIT      0.00     0  00:00      0.00    0.00    0.00
  20584                CONDUIT    117.14     0  03:17      1.75    0.15    0.37
  20592                CONDUIT     17.43     0  00:17      0.10    0.00    1.00
  20594                CONDUIT     48.71     0  00:31      0.23    0.04    1.00
  20605                CONDUIT    117.09     0  03:15      1.11    0.75    0.53
  20606                CONDUIT    117.21     0  03:15      0.83    0.75    0.68
  20609                CONDUIT     13.22     0  01:25      0.22    0.04    1.00
  20611                CONDUIT    117.40     0  03:18      1.66    0.26    1.00
  20613                CONDUIT    170.97     0  01:42      1.87    0.32    1.00
  20615                CONDUIT    117.09     0  03:18      2.20    0.14    0.63
  20616                CONDUIT    117.10     0  03:18      2.88    0.16    0.26
  20618                CONDUIT    117.06     0  03:18      1.70    0.24    0.38
  20619                CONDUIT    117.16     0  03:17      1.66    0.31    0.39
  20622                CONDUIT    157.19     0  03:17      1.25    1.10    1.00
  20623                CONDUIT    117.03     0  03:17      1.74    0.21    0.38
  20624                CONDUIT    117.08     0  03:17      1.45    0.76    0.43
  20627                CONDUIT    116.98     0  03:17      1.27    0.78    0.48
  20628                CONDUIT    117.02     0  03:16      1.16    0.75    0.51
  20636                CONDUIT     60.60     0  01:35      0.97    1.81    1.00
  20637                CONDUIT    114.83     0  00:35      0.66    0.15    1.00
  20638                CONDUIT    102.39     0  00:35      0.88    0.22    1.00
  20639                CONDUIT     98.45     0  00:36      1.21    0.15    0.99
  20640                CONDUIT      9.69     0  00:37      0.17    0.02    1.00
  20641                CONDUIT      0.00     0  00:00      0.00    0.00    0.00
  20643                CONDUIT      0.00     0  00:00      0.00    0.00    0.00
  20644                CONDUIT      0.00     0  00:00      0.00    0.00    0.00
  20645                CONDUIT    124.15     0  02:02      1.84    0.20    0.29
  20646                CONDUIT      0.00     0  00:00      0.00    0.00    0.05
  20647                CONDUIT    522.67     0  01:03      1.19    0.50    1.00
  20648                CONDUIT    542.55     0  01:03      1.41    0.93    1.00
  20655                CONDUIT    154.62     0  01:17      2.29    0.27    1.00
  20683                CONDUIT      0.00     0  00:00      0.00    0.00    0.00
  20777                CONDUIT    413.53     0  02:05      1.83    0.53    1.00
  20821                CONDUIT    160.03     0  00:57      1.84    0.68    1.00
  20913                CONDUIT    160.00     0  00:57      1.34    0.81    1.00
  20942                CONDUIT    527.53     0  02:00      2.01    0.42    0.88
  20944                CONDUIT     11.33     0  05:27      0.17    0.03    1.00
  20945                CONDUIT    965.37     0  02:03      5.67    0.09    0.21
  20946                CONDUIT    610.29     0  02:02      1.12    0.27    0.24
  20953                CONDUIT    343.81     0  00:53      3.88    1.23    1.00
  20954                CONDUIT      0.00     0  00:00      0.00    0.00    0.00
  20956                CONDUIT    295.33     0  02:09      1.08    0.44    0.93
  20962                CONDUIT    332.02     0  00:53      2.64    0.74    1.00
  20992                CONDUIT    149.97     0  03:17      1.37    0.88    1.00
  20993                CONDUIT      1.01     0  02:04      0.53    0.03    0.98
  21040                CONDUIT    332.02     0  00:53      2.64    0.71    1.00
  21712                CONDUIT    491.00     0  01:09      0.92    0.46    1.00
  21714                CONDUIT    156.29     0  05:01      1.11    0.13    1.00
  21715                CONDUIT      1.39     0  01:18      0.15    0.01    1.00
  21742                CONDUIT    571.81     0  01:10      0.97    0.54    1.00
  21744                CONDUIT    573.25     0  01:10      0.96    0.54    1.00
  21746                CONDUIT    192.79     0  01:12      2.41    0.27    1.00
  21747                CONDUIT    186.14     0  01:12      1.45    0.81    1.00
  21748                CONDUIT    184.55     0  00:44      0.97    0.51    1.00
  21749                CONDUIT    294.53     0  00:34      1.67    0.39    1.00
  21750                CONDUIT    297.53     0  00:26      1.86    0.50    1.00
  21754                CONDUIT    182.99     0  01:15      1.08    0.76    1.00
  21757                CONDUIT    387.44     0  01:08      0.82    0.37    1.00
  21759                CONDUIT    182.99     0  01:15      1.25    0.62    1.00
  21760                CONDUIT     55.21     0  00:13      0.40    2.31    1.00
  21762                CONDUIT    470.07     0  03:50      0.77    0.27    1.00
  21763                CONDUIT     61.03     0  01:23      0.80    0.16    1.00
  21764                CONDUIT     29.89     0  01:08      2.08    0.25    1.00
  21765                CONDUIT    197.32     0  01:17      1.69    0.34    1.00
  21766                CONDUIT    153.26     0  01:09      0.74    0.06    1.00
  21767                CONDUIT    155.85     0  01:17      1.30    0.10    1.00
  21769                CONDUIT    442.82     0  01:11      0.75    0.25    1.00
  21770                CONDUIT     31.69     0  01:06      0.30    0.12    1.00
  21771                CONDUIT    442.88     0  01:11      0.82    0.26    1.00
  21772                CONDUIT     24.44     0  01:09      0.67    0.14    1.00
  21773                CONDUIT    103.26     0  01:24      0.84    0.27    1.00
  21774                CONDUIT    104.91     0  01:25      1.12    0.30    1.00
  21778                CONDUIT      0.00     0  00:00      0.00    0.00    0.00
  21780                CONDUIT    170.92     0  00:13      0.90    0.11    1.00
  21781                CONDUIT     26.42     0  02:00      0.32    0.06    0.44
  21784                CONDUIT     26.54     0  02:00      0.66    0.06    0.78
  21786                CONDUIT      0.00     0  00:00      0.00    0.00    0.00
  21787                CONDUIT    124.15     0  02:01      0.89    0.22    0.50
  21788                CONDUIT    469.96     0  03:50      0.86    0.28    1.00
  21789                CONDUIT    150.72     0  03:59      0.81    0.23    1.00
  21792                CONDUIT    490.79     0  01:02      1.20    0.46    1.00
  21793                CONDUIT      3.27     0  01:20      0.06    0.01    1.00
  21796                CONDUIT    472.15     0  03:40      1.20    0.45    1.00
  21799                CONDUIT     19.98     0  00:34      1.04    1.11    0.93
  21800                CONDUIT     11.12     0  05:23      0.26    0.03    1.00
  21803                CONDUIT    471.74     0  03:43      1.19    0.45    1.00
  21805                CONDUIT    471.47     0  03:45      1.21    0.45    1.00
  21806                CONDUIT    470.56     0  03:48      1.08    0.27    1.00
  21812                CONDUIT      3.25     0  03:59      0.04    0.00    0.77
  21814                CONDUIT      2.22     0  02:01      0.12    0.02    1.00
  21815                CONDUIT    269.68     0  05:05      0.53    0.26    1.00
  21817                CONDUIT     24.81     0  10:58      0.99    0.09    1.00
  21820                CONDUIT    182.91     0  01:15      1.72    0.54    1.00
  21821                CONDUIT    182.92     0  01:15      1.51    0.33    1.00
  21822                CONDUIT    554.93     0  01:03      1.39    0.95    1.00
  21823                CONDUIT    566.27     0  01:03      1.40    0.97    1.00
  21824                CONDUIT      2.62     0  01:23      0.08    0.01    1.00
  21826                CONDUIT    150.81     0  03:58      0.94    0.57    1.00
  21827                CONDUIT     99.80     0  00:33      0.99    0.14    1.00
  21828                CONDUIT    142.19     0  00:35      1.33    0.18    1.00
  21829                CONDUIT    168.49     0  02:00      1.08    0.19    0.55
  21830                CONDUIT    176.76     0  00:28      1.19    0.12    0.60
  21832                CONDUIT     89.86     0  00:34      1.10    0.17    1.00
  21833                CONDUIT     71.80     0  00:33      0.74    2.37    1.00
  21835                CONDUIT     18.29     0  02:10      0.49    0.05    0.19
  21836                CONDUIT     17.98     0  02:11      0.40    0.06    0.22
  21838                CONDUIT     17.98     0  02:11      1.36    0.02    0.09
  21839                CONDUIT     17.85     0  02:11      0.71    0.05    0.14
  21840                CONDUIT     19.09     0  02:11      0.77    0.04    0.18
  21841                CONDUIT      0.00     0  00:00      0.00    0.00    0.15
  21844                CONDUIT      0.00     0  00:00      0.00    0.00    0.00
  21845                CONDUIT    207.34     0  01:41      1.83    0.70    0.43
  21846                CONDUIT    200.75     0  01:58      1.19    0.23    0.70
  21847                CONDUIT    173.82     0  01:51      0.89    0.33    0.66
  21848                CONDUIT    328.15     0  00:28      1.64    0.19    0.77
  21851                CONDUIT     18.66     0  02:10      0.65    0.02    0.16
  21852                CONDUIT     18.79     0  02:09      1.10    0.01    0.11
  21854                CONDUIT    376.75     0  02:01      2.22    0.20    0.24
  21858                CONDUIT    610.60     0  02:04      0.56    0.03    0.43
  21859                CONDUIT    611.07     0  02:03      2.62    0.01    0.37
  21862                CONDUIT     10.62     0  02:58      0.61    0.01    0.51
  21864                CONDUIT      0.86     0  01:59      0.02    0.00    0.56
  21866                CONDUIT     54.17     0  02:13      0.83    0.12    0.56
  22116                CONDUIT    141.29     0  03:38      1.16    0.21    1.00
  22117                CONDUIT      1.67     0  03:39      0.17    0.01    0.76
  22282                CONDUIT      1.29     0  03:39      0.13    0.01    0.56
  22575                CONDUIT      0.00     0  00:00      0.00    0.00    0.00
  22576                CONDUIT     20.53     0  20:59      0.99    0.07    1.00
  22580                CONDUIT     22.85     0  00:52      0.19    0.02    1.00
  22581                CONDUIT      3.51     0  08:12      0.14    0.01    1.00
  22582                CONDUIT    305.96     0  01:03      1.17    1.13    1.00
  22583                CONDUIT      3.97     0  06:22      0.25    0.02    1.00
  22585                CONDUIT     14.90     0  00:35      0.81    0.19    1.00
  22586                CONDUIT    355.38     0  01:05      1.16    0.30    1.00
  22587                CONDUIT    312.05     0  00:33      1.34    0.31    1.00
  22588                CONDUIT    497.40     0  09:08      1.99    0.11    1.00
  22589                CONDUIT    311.89     0  00:33      1.48    0.32    1.00
  22590                CONDUIT    340.37     0  09:03      0.38    0.03    1.00
  22591                CONDUIT     49.73     0  00:32      1.87    0.55    1.00
  22592                CONDUIT      7.13     0  06:42      0.09    0.01    1.00
  22596                CONDUIT    332.01     0  00:53      2.64    1.13    1.00
  22597                CONDUIT    162.68     0  00:58      2.90    0.50    1.00
  22598                CONDUIT    173.13     0  00:39      2.19    0.28    1.00
  22599                CONDUIT     16.56     0  08:10      0.50    0.04    1.00
  22601                CONDUIT     37.98     0  00:54      0.70    0.18    1.00
  22605                CONDUIT    346.30     0  00:48      1.08    0.61    1.00
  22606                CONDUIT     62.13     0  00:54      0.48    0.05    1.00
  22607                CONDUIT    260.68     0  00:51      0.83    0.36    1.00
  22608                CONDUIT     54.76     0  00:54      0.78    0.16    1.00
  22609                CONDUIT     77.78     0  00:51      2.77    0.39    1.00
  22611                CONDUIT    358.26     0  00:50      0.99    0.13    1.00
  22612                CONDUIT    354.93     0  01:05      0.71    0.45    1.00
  22613                CONDUIT     19.00     0  00:34      0.50    0.29    1.00
  22614                CONDUIT    300.47     0  00:31      1.40    0.24    1.00
  22616                CONDUIT    316.14     0  01:03      0.76    0.38    1.00
  22617                CONDUIT      4.05     0  01:37      0.66    0.04    1.00
  22618                CONDUIT      4.32     0  07:26      0.30    0.04    1.00
  22621                CONDUIT      4.47     0  01:58      0.46    0.02    1.00
  22640                CONDUIT      0.00     0  00:00      0.00    0.00    0.00
  22643                CONDUIT      0.00     0  00:00      0.00    0.00    0.00
  22653                CONDUIT    161.80     0  00:58      1.57    0.91    1.00
  22654                CONDUIT    160.88     0  00:57      2.30    0.31    1.00
  22656                CONDUIT      0.00     0  00:00      0.00    0.00    0.00
  22658                CONDUIT      0.00     0  00:00      0.00    0.00    0.00
  22659                CONDUIT      0.00     0  00:00      0.00    0.00    0.00
  22660                CONDUIT    340.33     0  00:42      1.29    0.44    1.00
  22789                CONDUIT    150.37     0  03:16      1.15    0.34    1.00
  22790                CONDUIT    151.67     0  02:36      1.22    0.49    1.00
  22794                CONDUIT      2.07     0  03:43      0.33    0.03    0.74
  22795                CONDUIT      2.33     0  03:43      0.28    0.01    0.81
  22796                CONDUIT      4.03     0  00:29      0.10    0.01    1.00
  22797                CONDUIT      4.12     0  01:37      0.35    0.18    1.00
  22798                CONDUIT    157.73     0  02:56      1.28    1.82    1.00
  22799                CONDUIT    157.73     0  02:56      0.80    0.20    1.00
  22800                CONDUIT      4.59     0  03:42      0.12    0.00    0.78
  22801                CONDUIT      6.69     0  03:42      0.54    0.02    0.75
  22802                CONDUIT    149.97     0  03:17      1.35    1.05    1.00
  22804                CONDUIT    150.02     0  03:09      1.34    0.89    1.00
  22805                CONDUIT    150.02     0  03:09      1.55    0.57    1.00
  22810                CONDUIT    250.17     0  00:39      1.81    0.31    1.00
  22811                CONDUIT    149.92     0  03:17      1.19    0.88    1.00
  22812                CONDUIT    149.93     0  03:15      1.19    0.91    1.00
  22818                CONDUIT      0.00     0  00:00      0.00    0.00    0.18
  22819                CONDUIT      5.51     0  03:42      0.05    0.00    0.95
  22827                CONDUIT      3.06     0  03:43      0.34    0.01    0.55
  22837                CONDUIT    149.97     0  03:17      1.28    1.16    1.00
  22839                CONDUIT      9.66     0  03:43      0.59    0.03    0.82
  22840                CONDUIT      2.41     0  03:43      0.46    0.04    0.92
  22850                CONDUIT    149.93     0  03:16      1.24    0.93    1.00
  22852                CONDUIT    149.90     0  03:16      1.19    0.84    1.00
  22865                CONDUIT    150.22     0  03:17      1.25    0.32    1.00
  22866                CONDUIT    150.03     0  03:19      1.19    1.06    1.00
  23050                CONDUIT    385.69     0  01:27      2.03    0.27    1.00
  23053                CONDUIT    387.60     0  01:30      2.00    2.25    1.00
  23054                CONDUIT    387.86     0  01:30      1.69    0.83    1.00
  23059                CONDUIT    387.53     0  01:30      1.78    0.60    1.00
  23060                CONDUIT    391.36     0  01:25      2.01    0.92    0.66
  23062                CONDUIT    393.41     0  01:24      2.44    0.40    0.56
  23063                CONDUIT    526.85     0  02:01      2.01    2.93    0.95
  23064                CONDUIT    295.46     0  02:09      1.14    0.36    0.87
  23066                CONDUIT    295.55     0  02:09      1.24    0.85    0.94
  23071                CONDUIT      0.00     0  00:00      0.00    0.00    0.00
  23073                CONDUIT    389.84     0  01:25      2.11    0.53    0.72
  23075                CONDUIT    390.64     0  01:25      2.30    0.62    0.58
  23077                CONDUIT    186.13     0  00:32      1.56    0.12    1.00
  23078                CONDUIT    385.65     0  01:28      1.38    0.74    1.00
  23079                CONDUIT    295.56     0  02:09      1.11    0.52    0.90
  23081                CONDUIT      0.00     0  00:00      0.00    0.00    0.00
  23082                CONDUIT   1567.87     0  01:58      2.60    0.10    0.45
  23083                CONDUIT   1282.99     0  01:58      1.61    0.06    0.49
  23084                CONDUIT      0.00     0  00:00      0.00    0.00    0.00
  23085                CONDUIT    492.89     0  02:00      0.65    0.04    0.35
  23087                CONDUIT      0.00     0  00:00      0.00    0.00    0.00
  23088                CONDUIT      0.00     0  00:00      0.00    0.00    0.00
  23090                CONDUIT      0.00     0  00:00      0.00    0.00    0.00
  23092                CONDUIT      0.00     0  00:00      0.00    0.00    0.00
  23093                CONDUIT      0.00     0  00:00      0.00    0.00    0.00
  23094                CONDUIT    613.86     0  02:01      1.37    0.06    0.20
  23095                CONDUIT    180.67     0  01:49      3.05    0.98    0.81
  23097                CONDUIT    445.35     0  02:00      1.03    0.15    0.19
  23098                CONDUIT      0.00     0  00:00      0.00    0.00    0.00
  23099                CONDUIT    610.63     0  02:02      0.92    0.11    0.29
  23102                CONDUIT      0.00     0  00:00      0.00    0.00    0.00
  23110                CONDUIT      0.00     0  00:00      0.00    0.00    0.38
  23112                CONDUIT      0.00     0  00:00      0.00    0.00    0.00
  23113                CONDUIT      0.00     0  00:00      0.00    0.00    0.00
  23114                CONDUIT      0.00     0  00:00      0.00    0.00    0.00
  23115                CONDUIT    611.21     0  02:01      1.02    0.02    0.27
  23116                CONDUIT    385.55     0  01:28      1.36    0.99    1.00
  23117                CONDUIT    385.53     0  01:28      1.38    0.64    1.00
  23119                CONDUIT    385.71     0  01:27      1.36    0.43    1.00
  23120                CONDUIT    386.93     0  01:27      1.67    0.75    1.00
  23122                CONDUIT    386.14     0  01:27      1.67    8.40    1.00
  23123                CONDUIT    385.66     0  01:27      1.36    0.26    1.00
  23147                CONDUIT    253.21     0  01:35      0.64    0.09    0.62
  23148                CONDUIT      0.00     0  00:00      0.00    0.00    0.00
  23150                CONDUIT    124.14     0  02:02      1.22    0.37    0.39
  23152                CONDUIT      0.00     0  00:00      0.00    0.00    0.03
  23158                CONDUIT    298.24     0  01:58      1.23    0.37    0.99
  23159                CONDUIT    413.54     0  02:05      2.49    0.52    1.00
  23163                CONDUIT    124.15     0  02:03      1.91    0.16    0.29
  23164                CONDUIT    124.16     0  02:03      1.33    4.46    0.36
  23165                CONDUIT    124.15     0  02:02      1.26    0.26    0.38
  23167                CONDUIT    124.15     0  02:02      1.52    0.18    0.33
  23171                CONDUIT      9.23     0  00:38      0.62    0.03    1.00
  23172                CONDUIT    125.77     0  02:11      0.93    0.37    0.89
  23190                CONDUIT    418.66     0  01:25      1.48    0.46    1.00
  23191                CONDUIT    427.15     0  02:03      1.62    1.00    1.00
  23192                CONDUIT    438.69     0  02:03      1.64    0.55    1.00
  23193                CONDUIT     25.36     0  00:32      1.83    0.30    1.00
  23199                CONDUIT    527.51     0  02:00      1.87    0.40    1.00
  23200                CONDUIT    541.07     0  02:00      0.85    0.04    1.00
  23204                CONDUIT     23.17     0  00:16      1.19    0.04    1.00
  23207                CONDUIT    417.10     0  01:05      1.48    1.12    1.00
  23478                CONDUIT     17.85     0  02:11      0.99    0.02    0.12
  23524                CONDUIT     59.61     0  01:35      0.80    0.25    1.00
  25966                CONDUIT      0.00     0  00:00      0.00    0.00    0.00
  26838                CONDUIT    153.28     0  05:01      0.83    0.10    1.00
  26852                CONDUIT      0.00     0  00:00      0.00    0.00    0.00
  26855                CONDUIT      0.27     0  02:13      0.03    0.00    0.18
  27342                CONDUIT      6.13     0  02:41      0.12    0.03    0.52
  31188                CONDUIT    388.93     0  01:30      1.73    0.85    1.00
  31937                CONDUIT    298.72     0  02:10      5.94    0.12    0.39
  32535                CONDUIT      0.00     0  00:00      0.00    0.00    0.00
  34331                CONDUIT      0.00     0  00:00      0.00    0.00    0.00
  36494                CONDUIT     10.56     0  02:41      0.15    0.08    0.66
  38189                CONDUIT     43.22     0  00:36      0.63    0.04    0.93
  38190                CONDUIT     48.67     0  01:06      0.25    0.13    1.00
  38193                CONDUIT     59.85     0  00:32      0.27    0.08    1.00
  38250                CONDUIT     21.85     0  00:32      0.28    0.02    1.00
  38555                CONDUIT      2.20     0  08:41      0.22    0.02    0.13
  38575                CONDUIT      1.41     0  03:41      0.13    0.01    0.68
  38710                CONDUIT      0.00     0  00:00      0.00    0.00    0.39
  38711                CONDUIT    118.06     0  03:18      0.97    1.39    0.93
  38712                CONDUIT    118.02     0  03:18      0.95    1.38    0.96
  38869                CONDUIT      0.00     0  00:00      0.00    0.00    0.41
  38870                CONDUIT     57.91     0  01:34      0.56    0.31    1.00
  38873                CONDUIT      1.01     0  02:38      0.06    0.00    0.24
  38889                CONDUIT      2.06     0  01:54      0.38    0.19    1.00
  39004                CONDUIT    127.41     0  03:22      1.02    1.49    1.00
  39117                CONDUIT      0.00     0  00:00      0.00    0.00    0.00
  39149                CONDUIT      3.08     0  01:13      0.36    0.05    1.00
  39247                CONDUIT    413.57     0  02:05      2.79    0.48    1.00
  39284                CONDUIT      0.00     0  00:00      0.00    0.00    0.00
  39378                CONDUIT      0.00     0  00:00      0.00    0.00    0.00
  39379                CONDUIT      0.00     0  00:00      0.00    0.00    0.00
  39419                CONDUIT    183.23     0  01:15      1.80    0.31    1.00
  39469                CONDUIT      3.45     0  03:42      0.44    0.01    1.00
  39514                CONDUIT      2.15     0  07:39      0.30    0.01    1.00
  39537                CONDUIT    295.16     0  02:10      1.36    0.64    0.86
  39563                CONDUIT      2.20     0  00:10      0.70    0.01    0.30
  39936                CONDUIT      0.00     0  00:00      0.00    0.00    0.00
  39937                CONDUIT    437.62     0  00:44      1.12    0.21    1.00
  40173                CONDUIT    778.18     0  00:48      0.98    0.09    0.74
  40224                CONDUIT     62.09     0  03:42      0.49    0.16    1.00
  40244                CONDUIT    276.43     0  00:29      1.09    0.85    1.00
  40245                CONDUIT    227.56     0  00:29      1.32    1.14    1.00
  40248                CONDUIT      0.00     0  00:00      0.00    0.00    0.00
  40249                CONDUIT      0.00     0  00:00      0.00    0.00    0.00
  40372                CONDUIT      0.00     0  00:00      0.00    0.00    0.00
  40373                CONDUIT    421.50     0  00:43      1.12    0.82    1.00
  40386                CONDUIT     47.48     0  01:59      0.38    0.03    0.58
  40388                CONDUIT      0.00     0  00:00      0.00    0.00    0.00
  40448                CONDUIT      0.00     0  00:00      0.00    0.00    0.50
  40679                CONDUIT      0.00     0  00:00      0.00    0.00    0.00
  40680                CONDUIT      0.00     0  00:00      0.00    0.00    0.00
  40713                CONDUIT      2.84     0  03:43      0.30    0.01    0.81
  40793                CONDUIT    158.35     0  00:29      1.49    0.80    1.00
  41025                CONDUIT    183.98     0  01:00      0.98    0.44    1.00
  41038                CONDUIT    295.34     0  02:09      1.04    0.69    1.00
  41039                CONDUIT    295.33     0  02:09      1.05    0.57    1.00
  41097                CONDUIT     20.82     0  01:09      1.28    0.22    1.00
  41114                CONDUIT    491.61     0  02:16      3.91    1.81    1.00
  41149                CONDUIT    183.13     0  01:33      2.89    0.46    1.00
  41181                CONDUIT      1.22     0  06:40      0.21    0.01    1.00
  41182                CONDUIT      2.02     0  02:05      0.03    0.01    1.00
  41183                CONDUIT      0.00     0  00:00      0.00    0.00    0.00
  41204                CONDUIT      0.00     0  00:00      0.00    0.00    0.00
  41367                CONDUIT    149.98     0  03:17      1.20    1.98    1.00
  41543                CONDUIT     61.99     0  00:36      0.42    0.07    0.91
  41557                CONDUIT      1.60     0  07:56      0.19    0.01    1.00
  41561                CONDUIT    343.38     0  00:28      0.89    0.37    1.00
  41562                CONDUIT      5.91     0  00:00      1.45    0.02    0.35
  41661                CONDUIT    479.02     0  00:54      1.71    0.91    1.00
  41712                CONDUIT      2.20     0  08:51      0.52    0.01    0.07
  42042                CONDUIT     58.28     0  01:34      0.82    0.33    1.00
  42043                CONDUIT    148.46     0  01:25      1.86    0.24    1.00
  42079                CONDUIT      0.00     0  00:00      0.00    0.00    0.00
  42080                CONDUIT      0.00     0  00:00      0.00    0.00    0.00
  42081                CONDUIT    407.48     0  01:06      2.01    1.27    1.00
  42082                CONDUIT    389.25     0  01:29      1.71    0.64    0.99
  42085                CONDUIT    462.60     0  02:02      1.64    0.69    1.00
  42514                CONDUIT      0.00     0  00:00      0.00    0.00    0.00
  42515                CONDUIT    307.12     0  03:19      2.86    0.90    0.90
  42541                CONDUIT      0.00     0  00:00      0.00    0.00    0.00
  42568                CONDUIT    335.75     0  00:54      1.05    0.14    1.00
  42610                CONDUIT      4.10     0  07:21      0.30    0.04    1.00
  42644                CONDUIT     16.42     0  00:36      1.06    0.18    1.00
  42711                CONDUIT    182.96     0  01:15      0.94    0.67    1.00
  42712                CONDUIT     27.23     0  01:57      0.16    0.01    0.80
  42713                CONDUIT    182.82     0  01:15      2.34    0.44    1.00
  42714                CONDUIT      8.19     0  02:12      0.53    0.07    0.45
  42715                CONDUIT    139.93     0  02:00      1.29    0.66    0.47
  42716                CONDUIT      2.20     0  00:56      0.67    0.01    0.07
  42717                CONDUIT      2.20     0  01:35      0.52    0.01    0.36
  42718                CONDUIT    415.63     0  02:03      2.79    0.48    0.96
  42719                CONDUIT    312.98     0  02:01      2.06    1.10    0.72
  42720                CONDUIT    149.94     0  03:15      1.19    1.61    1.00
  42721                CONDUIT     81.68     0  03:24      1.07    0.68    0.92
  42722                CONDUIT    248.61     0  01:02      0.90    0.13    1.00
  42723                CONDUIT    413.54     0  02:05      1.70   14.82    1.00
  42724                CONDUIT    662.35     0  00:50      2.41    0.52    1.00
  42725                CONDUIT    332.37     0  00:53      1.18    0.12    1.00
  42726                CONDUIT    344.43     0  00:54      3.81    0.13    1.00
  42727                CONDUIT    479.17     0  00:55      1.82    1.21    1.00
  42728                CONDUIT    117.76     0  03:09      0.94    1.35    1.00
  42730                CONDUIT    295.17     0  02:10      1.28    0.98    0.76
  42731                CONDUIT    149.91     0  03:15      1.19    0.90    1.00
  42732                CONDUIT    157.21     0  03:16      1.25    1.32    1.00
  42733                CONDUIT    157.22     0  03:18      1.37    0.97    1.00
  42734                CONDUIT    418.96     0  01:21      1.48    0.71    1.00
  42735                CONDUIT    182.72     0  01:40      2.56    0.54    0.57
  42736                CONDUIT    443.32     0  02:01      1.25    0.14    0.16
  42737                CONDUIT     26.36     0  02:00      0.44    0.03    0.35
  42738                CONDUIT    398.00     0  01:30      1.66    0.61    1.00
  42739                CONDUIT    298.41     0  01:58      1.69    0.48    0.96
  42740                CONDUIT    412.84     0  01:57      2.38    0.62    1.00
  42742                CONDUIT    274.58     0  03:06      2.19    0.61    1.00
  P1                   PUMP         8.00     0  01:10              1.00
  P2                   PUMP        63.25     0  00:49              1.00
  
  
  ***************************
  Flow Classification Summary
  ***************************
  
  -------------------------------------------------------------------------------------
                      Adjusted    ---------- Fraction of Time in Flow Class ---------- 
                       /Actual         Up    Down  Sub   Sup   Up    Down  Norm  Inlet 
  Conduit               Length    Dry  Dry   Dry   Crit  Crit  Crit  Crit  Ltd   Ctrl  
  -------------------------------------------------------------------------------------
  34                      1.00   1.00  0.00  0.00  0.00  0.00  0.00  0.00  0.00  0.00
  63                      1.00   1.00  0.00  0.00  0.00  0.00  0.00  0.00  0.00  0.00
  95                      1.00   0.05  0.00  0.00  0.95  0.00  0.00  0.00  0.00  0.00
  100                     1.00   1.00  0.00  0.00  0.00  0.00  0.00  0.00  0.00  0.00
  129                     1.00   0.01  0.00  0.00  0.98  0.00  0.00  0.00  0.00  0.00
  325                     1.00   0.00  0.00  0.00  0.02  0.98  0.00  0.00  0.55  0.00
  783                     1.00   1.00  0.00  0.00  0.00  0.00  0.00  0.00  0.00  0.00
  832                     1.00   0.02  0.00  0.00  0.98  0.00  0.00  0.00  0.00  0.00
  841                     1.00   0.02  0.00  0.00  0.98  0.00  0.00  0.00  0.00  0.00
  842                     1.00   0.04  0.00  0.00  0.30  0.00  0.00  0.66  0.00  0.00
  1612                    1.00   0.00  0.02  0.00  0.57  0.41  0.00  0.00  0.00  0.00
  1806                    1.00   1.00  0.00  0.00  0.00  0.00  0.00  0.00  0.00  0.00
  1941                    1.00   0.10  0.01  0.00  0.03  0.00  0.00  0.85  0.01  0.00
  2487                    1.00   0.00  0.00  0.00  0.90  0.09  0.00  0.00  0.00  0.00
  2488                    1.00   0.00  0.00  0.00  0.91  0.09  0.00  0.00  0.21  0.00
  2543                    1.00   0.02  0.00  0.00  0.98  0.00  0.00  0.00  0.00  0.00
  2627                    1.00   0.01  0.00  0.00  0.99  0.00  0.00  0.00  0.76  0.00
  2628                    1.00   1.00  0.00  0.00  0.00  0.00  0.00  0.00  0.00  0.00
  2629                    1.00   1.00  0.00  0.00  0.00  0.00  0.00  0.00  0.00  0.00
  2630                    1.00   1.00  0.00  0.00  0.00  0.00  0.00  0.00  0.00  0.00
  2631                    1.00   1.00  0.00  0.00  0.00  0.00  0.00  0.00  0.00  0.00
  2632                    1.00   1.00  0.00  0.00  0.00  0.00  0.00  0.00  0.00  0.00
  2649                    1.00   0.02  0.65  0.00  0.30  0.00  0.02  0.00  0.00  0.00
  2941                    1.00   0.03  0.00  0.00  0.12  0.00  0.00  0.84  0.00  0.00
  3101                    1.00   0.01  0.00  0.00  0.98  0.00  0.00  0.00  0.00  0.00
  3137                    1.00   1.00  0.00  0.00  0.00  0.00  0.00  0.00  0.00  0.00
  3147                    1.00   0.02  0.00  0.00  0.25  0.73  0.00  0.00  0.00  0.00
  3166                    1.00   0.01  0.00  0.00  0.98  0.00  0.00  0.00  0.00  0.00
  3332                    1.00   0.02  0.00  0.00  0.13  0.00  0.00  0.84  0.00  0.00
  3334                    1.00   0.02  0.00  0.00  0.98  0.00  0.00  0.00  0.00  0.00
  3335                    1.00   0.01  0.00  0.00  0.15  0.00  0.00  0.84  0.00  0.00
  3336                    1.00   0.96  0.04  0.00  0.00  0.00  0.00  0.00  0.00  0.00
  3339                    1.00   0.85  0.00  0.00  0.13  0.00  0.00  0.02  0.00  0.00
  3369                    1.00   0.01  0.75  0.00  0.24  0.00  0.00  0.00  0.81  0.00
  3370                    1.00   0.01  0.00  0.00  0.99  0.00  0.00  0.00  0.00  0.00
  3372                    1.00   1.00  0.00  0.00  0.00  0.00  0.00  0.00  0.00  0.00
  3424                    1.00   0.02  0.00  0.00  0.98  0.00  0.00  0.00  0.00  0.00
  3459                    1.00   0.03  0.00  0.00  0.97  0.00  0.00  0.00  0.00  0.00
  3553                    1.00   1.00  0.00  0.00  0.00  0.00  0.00  0.00  0.00  0.00
  3572                    1.00   0.09  0.02  0.00  0.04  0.00  0.00  0.85  0.85  0.00
  3578                    1.00   0.00  0.00  0.00  0.99  0.00  0.00  0.00  0.00  0.00
  3580                    1.00   0.11  0.00  0.00  0.04  0.00  0.85  0.00  0.00  0.00
  3586                    1.00   1.00  0.00  0.00  0.00  0.00  0.00  0.00  0.00  0.00
  3590                    1.00   1.00  0.00  0.00  0.00  0.00  0.00  0.00  0.00  0.00
  3591                    1.00   1.00  0.00  0.00  0.00  0.00  0.00  0.00  0.00  0.00
  3596                    1.00   0.08  0.00  0.00  0.08  0.00  0.00  0.84  0.00  0.00
  3673                    1.00   0.02  0.00  0.00  0.98  0.00  0.00  0.00  0.00  0.00
  3679                    1.00   0.02  0.00  0.00  0.94  0.04  0.00  0.00  0.76  0.00
  3716                    1.00   0.01  0.00  0.00  0.99  0.00  0.00  0.00  0.99  0.00
  3755                    1.00   1.00  0.00  0.00  0.00  0.00  0.00  0.00  0.00  0.00
  3774                    1.00   0.00  0.00  0.00  0.00  0.99  0.00  0.00  0.99  0.00
  3781                    1.00   0.01  0.00  0.00  0.98  0.01  0.00  0.00  0.83  0.00
  3808                    1.00   0.02  0.00  0.00  0.97  0.00  0.00  0.01  0.00  0.00
  3826                    1.00   0.00  0.00  0.00  1.00  0.00  0.00  0.00  0.15  0.00
  3827                    1.00   0.00  0.02  0.00  0.98  0.00  0.00  0.00  0.46  0.00
  3832                    1.00   0.01  0.06  0.00  0.93  0.00  0.00  0.00  0.61  0.00
  3864                    1.00   0.02  0.16  0.00  0.82  0.00  0.00  0.00  0.84  0.00
  3904                    1.00   0.04  0.00  0.00  0.30  0.00  0.00  0.66  0.00  0.00
  4236                    1.00   0.06  0.00  0.00  0.23  0.00  0.00  0.71  0.72  0.00
  4245                    1.00   0.05  0.00  0.00  0.30  0.00  0.66  0.00  0.00  0.00
  4268                    1.00   0.10  0.00  0.00  0.07  0.00  0.83  0.00  0.00  0.00
  4271                    1.00   0.05  0.00  0.00  0.26  0.00  0.68  0.00  0.00  0.00
  4273                    1.00   0.01  0.00  0.00  0.00  0.99  0.00  0.00  0.02  0.00
  4291                    1.00   0.01  0.00  0.00  0.00  0.99  0.00  0.00  0.85  0.00
  4292                    1.00   0.01  0.00  0.00  0.00  0.36  0.00  0.63  0.12  0.00
  4293                    1.00   0.96  0.04  0.00  0.00  0.00  0.00  0.00  0.00  0.00
  4294                    1.00   0.01  0.00  0.00  0.00  0.99  0.00  0.00  0.99  0.00
  4476                    1.00   0.01  0.00  0.00  0.02  0.00  0.00  0.97  0.00  0.00
  4486                    1.00   0.89  0.11  0.00  0.00  0.00  0.00  0.00  0.00  0.00
  4518                    1.00   0.01  0.00  0.00  0.99  0.00  0.00  0.00  0.00  0.00
  4520                    1.00   1.00  0.00  0.00  0.00  0.00  0.00  0.00  0.00  0.00
  4533                    1.00   0.02  0.64  0.00  0.34  0.00  0.00  0.00  0.65  0.00
  4617                    1.00   0.75  0.25  0.00  0.00  0.00  0.00  0.00  0.00  0.00
  4644                    1.00   0.02  0.00  0.00  0.22  0.76  0.00  0.00  0.75  0.00
  4680                    1.00   0.02  0.00  0.00  0.98  0.00  0.00  0.00  0.00  0.00
  4691                    1.00   0.70  0.03  0.00  0.26  0.00  0.00  0.00  0.71  0.00
  4714                    1.00   0.02  0.00  0.00  0.98  0.00  0.00  0.00  0.00  0.00
  4783                    1.00   0.02  0.00  0.00  0.98  0.00  0.00  0.00  0.05  0.00
  4983                    1.00   0.02  0.00  0.00  0.15  0.83  0.00  0.00  0.02  0.00
  5044                    1.00   0.02  0.00  0.00  0.98  0.00  0.00  0.00  0.00  0.00
  5066                    1.00   0.06  0.00  0.00  0.21  0.00  0.00  0.73  0.01  0.00
  5183                    1.00   0.00  0.00  0.00  0.00  0.00  0.00  1.00  0.00  0.00
  5262                    1.00   1.00  0.00  0.00  0.00  0.00  0.00  0.00  0.00  0.00
  5289                    1.00   0.02  0.00  0.00  0.33  0.00  0.00  0.65  0.66  0.00
  5327                    1.00   0.02  0.00  0.00  0.98  0.00  0.00  0.00  0.74  0.00
  5328                    1.00   1.00  0.00  0.00  0.00  0.00  0.00  0.00  0.00  0.00
  5329                    1.00   0.01  0.00  0.00  0.99  0.00  0.00  0.00  0.00  0.00
  5372                    1.00   0.01  0.00  0.00  0.75  0.23  0.00  0.00  0.04  0.00
  5379                    1.00   0.87  0.13  0.00  0.00  0.00  0.00  0.00  0.00  0.00
  5383                    1.00   0.01  0.00  0.00  0.32  0.00  0.68  0.00  0.00  0.00
  5564                    1.00   0.01  0.00  0.00  0.73  0.27  0.00  0.00  0.75  0.00
  5646                    1.00   1.00  0.00  0.00  0.00  0.00  0.00  0.00  0.00  0.00
  5734                    1.00   0.01  0.00  0.00  0.99  0.00  0.00  0.00  0.00  0.00
  5754                    1.00   0.09  0.00  0.00  0.91  0.00  0.00  0.00  0.00  0.00
  5796                    1.00   0.05  0.00  0.00  0.30  0.00  0.66  0.00  0.00  0.00
  5799                    1.00   0.10  0.00  0.00  0.04  0.00  0.85  0.00  0.00  0.00
  5884                    1.00   0.70  0.30  0.00  0.00  0.00  0.00  0.00  0.00  0.00
  5963                    1.00   0.02  0.00  0.00  0.98  0.00  0.00  0.00  0.00  0.00
  6198                    1.00   0.00  0.00  0.00  0.00  0.00  0.00  1.00  0.00  0.00
  6200                    1.00   0.02  0.70  0.00  0.28  0.00  0.00  0.00  0.87  0.00
  6935                    1.00   0.02  0.71  0.00  0.23  0.03  0.00  0.00  0.72  0.00
  7035                    1.00   0.00  0.00  0.00  0.00  0.00  0.00  1.00  0.00  0.00
  7084                    1.00   0.01  0.00  0.00  0.99  0.00  0.00  0.00  0.79  0.00
  7105                    1.00   0.02  0.00  0.00  0.14  0.00  0.00  0.84  0.00  0.00
  7282                    1.00   0.05  0.00  0.00  0.27  0.00  0.68  0.00  0.00  0.00
  7373                    1.00   0.02  0.00  0.00  0.14  0.00  0.00  0.84  0.00  0.00
  7495                    1.00   0.10  0.00  0.00  0.05  0.00  0.85  0.00  0.00  0.00
  7498                    1.00   0.03  0.04  0.00  0.09  0.00  0.00  0.84  0.01  0.00
  8063                    1.00   0.00  0.00  0.00  1.00  0.00  0.00  0.00  0.00  0.00
  8274                    1.00   0.02  0.00  0.00  0.27  0.00  0.70  0.00  0.00  0.00
  8293                    1.00   1.00  0.00  0.00  0.00  0.00  0.00  0.00  0.00  0.00
  8294                    1.00   1.00  0.00  0.00  0.00  0.00  0.00  0.00  0.00  0.00
  8295                    1.00   1.00  0.00  0.00  0.00  0.00  0.00  0.00  0.00  0.00
  8305                    1.00   0.02  0.00  0.00  0.98  0.00  0.00  0.00  0.00  0.00
  8423                    1.00   0.02  0.00  0.00  0.98  0.00  0.00  0.00  0.00  0.00
  8614                    1.00   0.00  0.00  0.00  0.31  0.69  0.00  0.00  0.03  0.00
  8670                    1.00   0.01  0.00  0.00  0.99  0.00  0.00  0.00  0.00  0.00
  8894                    1.00   0.01  0.00  0.00  0.99  0.00  0.00  0.00  0.00  0.00
  9134                    1.00   0.01  0.00  0.00  0.78  0.21  0.00  0.00  0.89  0.00
  9700                    1.00   0.01  0.00  0.00  0.99  0.00  0.00  0.00  0.00  0.00
  9703                    1.00   0.02  0.00  0.00  0.98  0.00  0.00  0.00  0.00  0.00
  9704                    1.00   0.01  0.00  0.00  0.98  0.00  0.00  0.00  0.00  0.00
  9736                    1.00   0.03  0.86  0.00  0.11  0.00  0.00  0.00  0.85  0.00
  10024                   1.00   0.01  0.00  0.00  0.98  0.00  0.00  0.00  0.00  0.00
  10072                   1.00   0.00  0.00  0.00  1.00  0.00  0.00  0.00  0.00  0.00
  10076                   1.00   0.00  0.00  0.00  0.99  0.00  0.00  0.00  0.00  0.00
  10117                   1.00   1.00  0.00  0.00  0.00  0.00  0.00  0.00  0.00  0.00
  10119                   1.00   0.02  0.00  0.00  0.98  0.00  0.00  0.00  0.00  0.00
  10124                   1.00   0.01  0.00  0.00  0.99  0.00  0.00  0.00  0.00  0.00
  10130                   1.00   0.02  0.00  0.00  0.98  0.00  0.00  0.00  0.00  0.00
  10138                   1.00   0.01  0.00  0.00  0.99  0.00  0.00  0.00  0.00  0.00
  10144                   1.00   0.02  0.00  0.00  0.98  0.00  0.00  0.00  0.00  0.00
  10146                   1.00   0.01  0.00  0.00  0.99  0.00  0.00  0.00  0.00  0.00
  10148                   1.00   0.02  0.67  0.00  0.31  0.00  0.00  0.00  0.67  0.00
  10158                   1.00   0.13  0.57  0.00  0.31  0.00  0.00  0.00  0.67  0.00
  10159                   1.00   0.02  0.00  0.00  0.98  0.00  0.00  0.00  0.00  0.00
  10161                   1.00   0.02  0.00  0.00  0.14  0.00  0.85  0.00  0.00  0.00
  10162                   1.00   0.02  0.00  0.00  0.98  0.00  0.00  0.00  0.00  0.00
  10164                   1.00   0.01  0.00  0.00  0.99  0.00  0.00  0.00  0.00  0.00
  10211                   1.00   0.01  0.00  0.00  0.99  0.00  0.00  0.00  0.01  0.00
  10242                   1.00   0.01  0.00  0.00  0.99  0.00  0.00  0.00  0.00  0.00
  10264                   1.00   0.01  0.00  0.00  0.99  0.00  0.00  0.00  0.00  0.00
  10284                   1.00   1.00  0.00  0.00  0.00  0.00  0.00  0.00  0.00  0.00
  10363                   1.00   1.00  0.00  0.00  0.00  0.00  0.00  0.00  0.00  0.00
  10405                   1.00   0.02  0.00  0.00  0.14  0.00  0.00  0.85  0.00  0.00
  10464                   1.00   1.00  0.00  0.00  0.00  0.00  0.00  0.00  0.00  0.00
  10601                   1.00   0.03  0.00  0.00  0.97  0.00  0.00  0.00  0.16  0.00
  10602                   1.00   0.07  0.00  0.00  0.18  0.00  0.00  0.75  0.76  0.00
  10605                   1.00   0.86  0.14  0.00  0.00  0.00  0.00  0.00  0.00  0.00
  10607                   1.00   0.00  0.00  0.00  1.00  0.00  0.00  0.00  0.01  0.00
  10608                   1.00   0.02  0.00  0.00  0.97  0.00  0.00  0.00  0.00  0.00
  10671                   1.00   0.02  0.22  0.00  0.22  0.00  0.53  0.01  0.00  0.00
  10690                   1.00   0.01  0.00  0.00  0.99  0.00  0.00  0.00  0.00  0.00
  10691                   1.00   0.01  0.00  0.00  0.00  0.99  0.00  0.00  0.66  0.00
  10744                   1.00   0.01  0.00  0.00  0.99  0.00  0.00  0.00  0.80  0.00
  10746                   1.00   0.01  0.00  0.00  0.14  0.85  0.00  0.00  0.84  0.00
  10833                   1.00   0.01  0.00  0.00  0.92  0.08  0.00  0.00  0.00  0.00
  10845                   1.00   0.00  0.00  0.00  0.00  0.00  0.00  1.00  0.00  0.00
  10879                   1.00   1.00  0.00  0.00  0.00  0.00  0.00  0.00  0.00  0.00
  11139                   1.00   0.02  0.79  0.00  0.19  0.00  0.00  0.00  0.76  0.00
  11172                   1.00   0.87  0.03  0.00  0.11  0.00  0.00  0.00  0.84  0.00
  11209                   1.00   1.00  0.00  0.00  0.00  0.00  0.00  0.00  0.00  0.00
  12024                   1.00   1.00  0.00  0.00  0.00  0.00  0.00  0.00  0.00  0.00
  12611                   1.00   0.00  0.00  0.00  1.00  0.00  0.00  0.00  0.00  0.00
  12612                   1.00   1.00  0.00  0.00  0.00  0.00  0.00  0.00  0.00  0.00
  12613                   1.00   1.00  0.00  0.00  0.00  0.00  0.00  0.00  0.00  0.00
  12615                   1.00   1.00  0.00  0.00  0.00  0.00  0.00  0.00  0.00  0.00
  12620                   1.00   0.01  0.99  0.00  0.00  0.00  0.00  0.00  0.00  0.00
  12621                   1.00   0.86  0.14  0.00  0.00  0.00  0.00  0.00  0.00  0.00
  12622                   1.00   1.00  0.00  0.00  0.00  0.00  0.00  0.00  0.00  0.00
  12633                   1.00   0.01  0.00  0.00  0.99  0.00  0.00  0.00  0.00  0.00
  12636                   1.00   0.03  0.35  0.00  0.61  0.01  0.00  0.00  0.60  0.00
  12637                   1.00   0.01  0.00  0.00  0.99  0.00  0.00  0.00  0.00  0.00
  12638                   1.00   0.96  0.00  0.00  0.00  0.00  0.00  0.04  0.00  0.00
  12643                   1.00   0.06  0.00  0.00  0.76  0.18  0.00  0.00  0.00  0.00
  12644                   1.00   0.36  0.00  0.00  0.00  0.00  0.00  0.64  0.00  0.00
  12649                   1.00   0.01  0.75  0.00  0.09  0.15  0.00  0.00  0.85  0.00
  12650                   1.00   0.02  0.00  0.00  0.98  0.00  0.00  0.00  0.00  0.00
  12652                   1.00   0.02  0.00  0.00  0.98  0.00  0.00  0.00  0.00  0.00
  12653                   1.00   0.01  0.74  0.00  0.06  0.19  0.00  0.00  0.84  0.00
  12654                   1.00   0.01  0.00  0.00  0.83  0.16  0.00  0.00  0.73  0.00
  12656                   1.00   0.00  0.00  0.00  1.00  0.00  0.00  0.00  0.03  0.00
  12660                   1.00   0.00  0.00  0.00  1.00  0.00  0.00  0.00  0.36  0.00
  12661                   1.00   0.73  0.03  0.00  0.24  0.00  0.00  0.00  0.71  0.00
  12662                   1.00   0.05  0.00  0.00  0.26  0.00  0.00  0.68  0.01  0.00
  12663                   1.00   0.05  0.00  0.00  0.29  0.00  0.00  0.66  0.00  0.00
  12664                   1.00   0.02  0.00  0.00  0.98  0.00  0.00  0.00  0.00  0.00
  12665                   1.00   0.02  0.00  0.00  0.98  0.00  0.00  0.00  0.00  0.00
  12668                   1.00   0.00  0.00  0.00  0.00  0.00  1.00  0.00  0.00  0.00
  12673                   1.00   0.02  0.94  0.00  0.00  0.00  0.04  0.00  0.00  0.00
  12676                   1.00   0.76  0.24  0.00  0.00  0.00  0.00  0.00  0.00  0.00
  12678                   1.00   0.02  0.00  0.00  0.98  0.00  0.00  0.00  0.50  0.00
  12679                   1.00   0.02  0.00  0.00  0.94  0.04  0.00  0.00  0.00  0.00
  12681                   1.00   0.00  0.45  0.00  0.54  0.00  0.00  0.00  0.67  0.00
  12682                   1.00   0.01  0.00  0.00  0.99  0.00  0.00  0.00  0.00  0.00
  12683                   1.00   0.01  0.00  0.00  0.99  0.00  0.00  0.00  0.00  0.00
  12685                   1.00   0.01  0.07  0.00  0.59  0.32  0.00  0.00  0.66  0.00
  12686                   1.00   0.01  0.15  0.00  0.80  0.03  0.00  0.00  0.69  0.00
  12687                   1.00   0.01  0.65  0.00  0.34  0.00  0.00  0.00  0.69  0.00
  12688                   1.00   0.01  0.00  0.00  0.99  0.00  0.00  0.00  0.00  0.00
  12690                   1.00   0.00  0.00  0.00  1.00  0.00  0.00  0.00  0.00  0.00
  12691                   1.00   0.01  0.72  0.00  0.23  0.04  0.00  0.00  0.03  0.00
  12692                   1.00   0.71  0.01  0.00  0.23  0.04  0.00  0.00  0.00  0.00
  12694                   1.00   0.02  0.00  0.00  0.98  0.00  0.00  0.00  0.00  0.00
  12697                   1.00   0.02  0.00  0.00  0.98  0.00  0.00  0.00  0.00  0.00
  12698                   1.00   0.01  0.00  0.00  0.99  0.00  0.00  0.00  0.00  0.00
  12699                   1.00   0.04  0.32  0.00  0.33  0.00  0.31  0.00  0.00  0.00
  12700                   1.00   0.04  0.00  0.00  0.96  0.00  0.00  0.00  0.00  0.00
  12760                   1.00   0.00  0.00  0.00  0.14  0.00  0.00  0.86  0.00  0.00
  12761                   1.00   0.00  0.00  0.00  1.00  0.00  0.00  0.00  0.00  0.00
  12865                   1.00   0.02  0.00  0.00  0.97  0.00  0.00  0.00  0.00  0.00
  12866                   1.00   0.02  0.00  0.00  0.94  0.04  0.00  0.00  0.00  0.00
  12870                   1.00   0.02  0.00  0.00  0.98  0.00  0.00  0.00  0.00  0.00
  12871                   1.00   0.03  0.00  0.00  0.96  0.00  0.01  0.00  0.00  0.00
  12872                   1.00   0.02  0.64  0.00  0.33  0.00  0.00  0.00  0.64  0.00
  12873                   1.00   0.01  0.00  0.00  0.99  0.00  0.00  0.00  0.00  0.00
  12874                   1.00   0.01  0.00  0.00  0.99  0.00  0.00  0.00  0.00  0.00
  12875                   1.00   0.01  0.00  0.00  0.99  0.00  0.00  0.00  0.00  0.00
  12876                   1.00   0.01  0.00  0.00  0.98  0.00  0.00  0.00  0.00  0.00
  12877                   1.00   0.02  0.00  0.00  0.31  0.00  0.00  0.67  0.00  0.00
  12878                   1.00   0.67  0.02  0.00  0.31  0.00  0.00  0.00  0.65  0.00
  12880                   1.00   0.05  0.00  0.00  0.28  0.00  0.00  0.67  0.68  0.00
  12884                   1.00   0.02  0.00  0.00  0.97  0.00  0.00  0.00  0.04  0.00
  12888                   1.00   0.02  0.68  0.00  0.27  0.02  0.00  0.00  0.69  0.00
  12889                   1.00   0.03  0.00  0.00  0.97  0.00  0.00  0.00  0.00  0.00
  12890                   1.00   0.03  0.00  0.00  0.97  0.00  0.00  0.00  0.00  0.00
  12892                   1.00   1.00  0.00  0.00  0.00  0.00  0.00  0.00  0.00  0.00
  12893                   1.00   1.00  0.00  0.00  0.00  0.00  0.00  0.00  0.00  0.00
  12894                   1.00   1.00  0.00  0.00  0.00  0.00  0.00  0.00  0.00  0.00
  12895                   1.00   1.00  0.00  0.00  0.00  0.00  0.00  0.00  0.00  0.00
  12897                   1.00   0.00  0.00  0.00  1.00  0.00  0.00  0.00  0.00  0.00
  12903                   1.00   1.00  0.00  0.00  0.00  0.00  0.00  0.00  0.00  0.00
  12904                   1.00   1.00  0.00  0.00  0.00  0.00  0.00  0.00  0.00  0.00
  12907                   1.00   0.01  0.00  0.00  0.99  0.00  0.00  0.00  0.00  0.00
  12940                   1.00   0.01  0.00  0.00  0.99  0.00  0.00  0.00  0.00  0.00
  12942                   1.00   0.02  0.03  0.00  0.10  0.00  0.00  0.84  0.00  0.00
  12978                   1.00   0.01  0.00  0.00  0.99  0.00  0.00  0.00  0.00  0.00
  12979                   1.00   1.00  0.00  0.00  0.00  0.00  0.00  0.00  0.00  0.00
  12980                   1.00   0.01  0.00  0.00  0.23  0.00  0.00  0.76  0.00  0.00
  12982                   1.00   0.02  0.00  0.00  0.24  0.01  0.00  0.73  0.00  0.00
  12983                   1.00   0.01  0.00  0.00  0.22  0.00  0.77  0.00  0.00  0.00
  12986                   1.00   1.00  0.00  0.00  0.00  0.00  0.00  0.00  0.00  0.00
  12987                   1.00   1.00  0.00  0.00  0.00  0.00  0.00  0.00  0.00  0.00
  12988                   1.00   1.00  0.00  0.00  0.00  0.00  0.00  0.00  0.00  0.00
  12989                   1.00   1.00  0.00  0.00  0.00  0.00  0.00  0.00  0.00  0.00
  12990                   1.00   1.00  0.00  0.00  0.00  0.00  0.00  0.00  0.00  0.00
  12991                   1.00   1.00  0.00  0.00  0.00  0.00  0.00  0.00  0.00  0.00
  12993                   1.00   0.00  0.00  0.00  0.99  0.00  0.00  0.00  0.00  0.00
  12994                   1.00   0.00  0.00  0.00  1.00  0.00  0.00  0.00  0.00  0.00
  12995                   1.00   0.01  0.00  0.00  0.99  0.00  0.00  0.00  0.00  0.00
  12996                   1.00   0.01  0.00  0.00  0.99  0.00  0.00  0.00  0.00  0.00
  12998                   1.00   0.01  0.00  0.00  0.99  0.00  0.00  0.00  0.00  0.00
  13000                   1.00   0.01  0.00  0.00  0.99  0.00  0.00  0.00  0.00  0.00
  13298                   1.00   0.02  0.00  0.00  0.98  0.00  0.00  0.00  0.16  0.00
  13357                   1.00   0.01  0.01  0.00  0.98  0.00  0.00  0.00  0.00  0.00
  13491                   1.00   0.01  0.99  0.00  0.00  0.00  0.00  0.00  0.00  0.00
  13492                   1.00   0.01  0.00  0.00  0.00  0.00  0.00  0.99  0.00  0.00
  13493                   1.00   0.02  0.00  0.00  0.98  0.00  0.00  0.00  0.00  0.00
  13494                   1.00   0.02  0.00  0.00  0.84  0.14  0.00  0.00  0.73  0.00
  13496                   1.00   0.05  0.00  0.00  0.94  0.00  0.00  0.00  0.01  0.00
  13512                   1.00   0.02  0.00  0.00  0.98  0.00  0.00  0.00  0.00  0.00
  13513                   1.00   0.02  0.00  0.00  0.98  0.00  0.00  0.00  0.00  0.00
  13524                   1.00   1.00  0.00  0.00  0.00  0.00  0.00  0.00  0.00  0.00
  13525                   1.00   0.01  0.00  0.00  0.99  0.00  0.00  0.00  0.00  0.00
  13560                   1.00   1.00  0.00  0.00  0.00  0.00  0.00  0.00  0.00  0.00
  13562                   1.00   1.00  0.00  0.00  0.00  0.00  0.00  0.00  0.00  0.00
  13569                   1.00   0.02  0.00  0.00  0.98  0.00  0.00  0.00  0.00  0.00
  13643                   1.00   0.02  0.00  0.00  0.98  0.00  0.00  0.00  0.00  0.00
  13801                   1.00   0.01  0.00  0.00  0.08  0.90  0.00  0.00  0.14  0.00
  13802                   1.00   0.02  0.00  0.00  0.98  0.00  0.00  0.00  0.00  0.00
  13820                   1.00   0.01  0.00  0.00  0.99  0.00  0.00  0.00  0.72  0.00
  13821                   1.00   0.86  0.00  0.00  0.14  0.00  0.00  0.00  0.00  0.00
  13936                   1.00   1.00  0.00  0.00  0.00  0.00  0.00  0.00  0.00  0.00
  13937                   1.00   0.03  0.00  0.00  0.24  0.00  0.00  0.73  0.00  0.00
  14073                   1.00   0.06  0.94  0.00  0.00  0.00  0.00  0.00  0.00  0.00
  14080                   1.00   0.01  0.00  0.00  0.99  0.00  0.00  0.00  0.00  0.00
  14101                   1.00   0.00  0.00  0.00  1.00  0.00  0.00  0.00  0.02  0.00
  14137                   1.00   0.01  0.00  0.00  0.99  0.00  0.00  0.00  0.00  0.00
  14141                   1.00   0.01  0.00  0.00  0.99  0.00  0.00  0.00  0.00  0.00
  14208                   1.00   0.01  0.68  0.00  0.31  0.00  0.00  0.00  0.72  0.00
  14270                   1.00   0.01  0.00  0.00  0.00  0.99  0.00  0.00  0.86  0.00
  14272                   1.00   0.01  0.00  0.00  0.00  0.00  0.00  0.99  0.00  0.00
  14472                   1.00   0.02  0.00  0.00  0.97  0.00  0.00  0.00  0.00  0.00
  14475                   1.00   0.10  0.00  0.00  0.05  0.00  0.00  0.85  0.00  0.00
  14478                   1.00   0.01  0.00  0.00  0.98  0.00  0.00  0.00  0.00  0.00
  14574                   1.00   0.01  0.00  0.00  0.83  0.16  0.00  0.00  0.84  0.00
  14707                   1.00   1.00  0.00  0.00  0.00  0.00  0.00  0.00  0.00  0.00
  14739                   1.00   0.02  0.00  0.00  0.84  0.14  0.00  0.00  0.00  0.00
  14745                   1.00   0.03  0.59  0.00  0.38  0.00  0.00  0.00  0.63  0.00
  14749                   1.00   0.02  0.00  0.00  0.98  0.00  0.00  0.00  0.02  0.00
  14765                   1.00   0.00  0.00  0.00  0.00  0.00  0.00  1.00  0.00  0.00
  14950                   1.00   0.02  0.00  0.00  0.14  0.00  0.85  0.00  0.00  0.00
  15152                   1.00   0.02  0.00  0.00  0.98  0.00  0.00  0.00  0.00  0.00
  15171                   1.00   0.01  0.00  0.00  0.99  0.00  0.00  0.00  0.00  0.00
  15187                   1.00   0.09  0.81  0.00  0.11  0.00  0.00  0.00  0.91  0.00
  15242                   1.00   0.03  0.00  0.00  0.00  0.97  0.00  0.00  0.06  0.00
  15277                   1.00   0.00  0.00  0.00  1.00  0.00  0.00  0.00  0.00  0.00
  15281                   1.00   0.01  0.00  0.00  0.00  0.98  0.00  0.00  0.82  0.00
  15332                   1.00   0.01  0.00  0.00  0.14  0.85  0.00  0.00  0.80  0.00
  15333                   1.00   1.00  0.00  0.00  0.00  0.00  0.00  0.00  0.00  0.00
  15362                   1.00   0.00  0.00  0.00  0.99  0.00  0.00  0.00  0.00  0.00
  15806                   1.00   0.02  0.00  0.00  0.98  0.00  0.00  0.00  0.00  0.00
  16419                   1.00   0.01  0.00  0.00  0.98  0.00  0.00  0.00  0.57  0.00
  16476                   1.00   0.01  0.03  0.00  0.95  0.00  0.00  0.00  0.62  0.00
  16575                   1.00   1.00  0.00  0.00  0.00  0.00  0.00  0.00  0.00  0.00
  16654                   1.00   0.02  0.00  0.00  0.98  0.00  0.00  0.00  0.32  0.00
  16672                   1.00   0.02  0.00  0.00  0.98  0.00  0.00  0.00  0.00  0.00
  16865                   1.00   1.00  0.00  0.00  0.00  0.00  0.00  0.00  0.00  0.00
  16887                   1.00   1.00  0.00  0.00  0.00  0.00  0.00  0.00  0.00  0.00
  16908                   1.00   1.00  0.00  0.00  0.00  0.00  0.00  0.00  0.00  0.00
  16909                   1.00   0.02  0.00  0.00  0.28  0.00  0.00  0.70  0.00  0.00
  17523                   1.00   0.03  0.00  0.00  0.29  0.00  0.00  0.69  0.00  0.00
  17571                   1.00   0.02  0.00  0.00  0.98  0.00  0.00  0.00  0.27  0.00
  17580                   1.00   0.02  0.00  0.00  0.98  0.00  0.00  0.00  0.00  0.00
  17703                   1.00   0.05  0.72  0.00  0.23  0.00  0.00  0.00  0.71  0.00
  17714                   1.00   0.00  0.00  0.00  1.00  0.00  0.00  0.00  0.00  0.00
  17715                   1.00   0.00  0.00  0.00  0.99  0.01  0.00  0.00  0.66  0.00
  17766                   1.00   0.01  0.00  0.00  0.14  0.00  0.00  0.85  0.00  0.00
  17896                   1.00   0.02  0.00  0.00  0.98  0.01  0.00  0.00  0.70  0.00
  17908                   1.00   0.00  0.00  0.00  0.16  0.00  0.83  0.00  0.00  0.00
  17926                   1.00   1.00  0.00  0.00  0.00  0.00  0.00  0.00  0.00  0.00
  17953                   1.00   0.00  0.00  0.00  1.00  0.00  0.00  0.00  0.00  0.00
  18020                   1.00   1.00  0.00  0.00  0.00  0.00  0.00  0.00  0.00  0.00
  18084                   1.00   0.03  0.00  0.00  0.35  0.00  0.62  0.00  0.00  0.00
  18113                   1.00   0.01  0.79  0.00  0.20  0.00  0.00  0.00  0.85  0.00
  18330                   1.00   0.74  0.00  0.00  0.12  0.09  0.00  0.05  0.01  0.00
  18338                   1.00   0.02  0.00  0.00  0.98  0.00  0.00  0.00  0.32  0.00
  18383                   1.00   0.08  0.00  0.00  0.92  0.00  0.00  0.00  0.00  0.00
  18387                   1.00   0.02  0.00  0.00  0.98  0.00  0.00  0.00  0.00  0.00
  18389                   1.00   0.03  0.00  0.00  0.97  0.00  0.00  0.00  0.00  0.00
  18423                   1.00   0.05  0.00  0.00  0.29  0.00  0.00  0.66  0.67  0.00
  18530                   1.00   0.02  0.00  0.00  0.98  0.00  0.00  0.00  0.31  0.00
  19043                   1.00   0.01  0.00  0.00  0.99  0.00  0.00  0.00  0.01  0.00
  19132                   1.00   0.00  0.00  0.00  1.00  0.00  0.00  0.00  0.01  0.00
  19193                   1.00   0.01  0.00  0.00  0.98  0.00  0.00  0.00  0.00  0.00
  19227                   1.00   0.00  0.00  0.00  0.99  0.00  0.00  0.01  0.00  0.00
  19440                   1.00   0.10  0.00  0.00  0.05  0.00  0.85  0.00  0.00  0.00
  19717                   1.00   0.01  0.00  0.00  0.99  0.00  0.00  0.00  0.00  0.00
  19838                   1.00   0.01  0.00  0.00  0.99  0.00  0.00  0.00  0.00  0.00
  19850                   1.00   0.01  0.00  0.00  0.99  0.00  0.00  0.00  0.00  0.00
  19910                   1.00   0.96  0.04  0.00  0.00  0.00  0.00  0.00  0.00  0.00
  20466                   1.00   0.02  0.00  0.00  0.14  0.00  0.00  0.85  0.00  0.00
  20474                   1.00   0.00  0.00  0.00  1.00  0.00  0.00  0.00  0.96  0.00
  20518                   1.00   0.01  0.00  0.00  0.99  0.00  0.00  0.00  0.82  0.00
  20519                   1.00   1.00  0.00  0.00  0.00  0.00  0.00  0.00  0.00  0.00
  20520                   1.00   0.01  0.00  0.00  0.90  0.08  0.00  0.00  0.74  0.00
  20521                   1.00   1.00  0.00  0.00  0.00  0.00  0.00  0.00  0.00  0.00
  20529                   1.00   0.08  0.02  0.00  0.06  0.00  0.00  0.85  0.00  0.00
  20530                   1.00   0.01  0.00  0.00  0.99  0.00  0.00  0.00  0.00  0.00
  20531                   1.00   0.01  0.00  0.00  0.99  0.00  0.00  0.00  0.79  0.00
  20532                   1.00   0.02  0.00  0.00  0.14  0.85  0.00  0.00  0.00  0.00
  20534                   1.00   0.01  0.00  0.00  0.99  0.00  0.00  0.00  0.00  0.00
  20535                   1.00   0.86  0.14  0.00  0.00  0.00  0.00  0.00  0.00  0.00
  20536                   1.00   0.86  0.14  0.00  0.00  0.00  0.00  0.00  0.00  0.00
  20538                   1.00   0.01  0.00  0.00  0.29  0.00  0.00  0.70  0.00  0.00
  20539                   1.00   0.01  0.00  0.00  0.15  0.00  0.00  0.84  0.00  0.00
  20540                   1.00   0.85  0.15  0.00  0.00  0.00  0.00  0.00  0.00  0.00
  20541                   1.00   0.81  0.19  0.00  0.00  0.00  0.00  0.00  0.00  0.00
  20542                   1.00   0.86  0.14  0.00  0.00  0.00  0.00  0.00  0.00  0.00
  20543                   1.00   0.01  0.00  0.00  0.08  0.00  0.00  0.91  0.00  0.00
  20544                   1.00   0.85  0.15  0.00  0.00  0.00  0.00  0.00  0.00  0.00
  20545                   1.00   0.01  0.00  0.00  0.07  0.00  0.00  0.92  0.00  0.00
  20546                   1.00   0.01  0.99  0.00  0.00  0.00  0.00  0.00  0.00  0.00
  20547                   1.00   1.00  0.00  0.00  0.00  0.00  0.00  0.00  0.00  0.00
  20548                   1.00   0.01  0.00  0.00  0.99  0.00  0.00  0.00  0.00  0.00
  20549                   1.00   0.01  0.00  0.00  0.15  0.84  0.00  0.00  0.22  0.00
  20550                   1.00   0.01  0.00  0.00  0.99  0.00  0.00  0.00  0.67  0.00
  20560                   1.00   0.02  0.00  0.00  0.98  0.00  0.00  0.00  0.00  0.00
  20569                   1.00   0.01  0.00  0.00  0.98  0.00  0.00  0.00  0.82  0.00
  20570                   1.00   0.01  0.00  0.00  0.14  0.00  0.84  0.00  0.00  0.00
  20571                   1.00   0.02  0.00  0.00  0.98  0.00  0.00  0.00  0.00  0.00
  20573                   1.00   0.01  0.00  0.00  0.99  0.00  0.00  0.00  0.00  0.00
  20577                   1.00   0.01  0.00  0.00  0.99  0.00  0.00  0.00  0.00  0.00
  20578                   1.00   0.02  0.00  0.00  0.98  0.00  0.00  0.00  0.66  0.00
  20579                   1.00   0.02  0.00  0.00  0.31  0.00  0.00  0.67  0.00  0.00
  20582                   1.00   1.00  0.00  0.00  0.00  0.00  0.00  0.00  0.00  0.00
  20584                   1.00   0.02  0.00  0.00  0.83  0.15  0.00  0.00  0.98  0.00
  20592                   1.00   0.01  0.00  0.00  0.99  0.00  0.00  0.00  0.00  0.00
  20594                   1.00   0.01  0.00  0.00  0.99  0.00  0.00  0.00  0.00  0.00
  20605                   1.00   0.01  0.00  0.00  0.19  0.00  0.00  0.79  0.00  0.00
  20606                   1.00   0.01  0.00  0.00  0.99  0.00  0.00  0.00  0.00  0.00
  20609                   1.00   0.71  0.02  0.00  0.27  0.00  0.00  0.00  0.71  0.00
  20611                   1.00   0.02  0.00  0.00  0.28  0.00  0.00  0.70  0.05  0.00
  20613                   1.00   0.02  0.00  0.00  0.89  0.09  0.00  0.00  0.77  0.00
  20615                   1.00   0.02  0.00  0.00  0.16  0.82  0.00  0.00  0.98  0.00
  20616                   1.00   0.02  0.00  0.00  0.00  0.98  0.00  0.00  0.00  0.00
  20618                   1.00   0.02  0.00  0.00  0.84  0.14  0.00  0.00  0.98  0.00
  20619                   1.00   0.02  0.00  0.00  0.81  0.17  0.00  0.00  0.85  0.00
  20622                   1.00   0.01  0.00  0.00  0.99  0.00  0.00  0.00  0.00  0.00
  20623                   1.00   0.02  0.00  0.00  0.00  0.98  0.00  0.00  0.98  0.00
  20624                   1.00   0.02  0.00  0.00  0.85  0.14  0.00  0.00  0.00  0.00
  20627                   1.00   0.02  0.00  0.00  0.98  0.00  0.00  0.00  0.00  0.00
  20628                   1.00   0.01  0.00  0.00  0.98  0.00  0.00  0.00  0.76  0.00
  20636                   1.00   0.73  0.00  0.00  0.26  0.00  0.01  0.00  0.00  0.00
  20637                   1.00   0.02  0.00  0.00  0.98  0.00  0.00  0.00  0.00  0.00
  20638                   1.00   0.02  0.00  0.00  0.98  0.00  0.00  0.00  0.00  0.00
  20639                   1.00   0.02  0.00  0.00  0.98  0.00  0.00  0.00  0.00  0.00
  20640                   1.00   0.02  0.00  0.00  0.98  0.00  0.00  0.00  0.00  0.00
  20641                   1.00   1.00  0.00  0.00  0.00  0.00  0.00  0.00  0.00  0.00
  20643                   1.00   1.00  0.00  0.00  0.00  0.00  0.00  0.00  0.00  0.00
  20644                   1.00   1.00  0.00  0.00  0.00  0.00  0.00  0.00  0.00  0.00
  20645                   1.00   0.01  0.00  0.00  0.76  0.22  0.00  0.00  0.88  0.00
  20646                   1.00   0.92  0.08  0.00  0.00  0.00  0.00  0.00  0.00  0.00
  20647                   1.00   0.01  0.00  0.00  0.99  0.00  0.00  0.00  0.05  0.00
  20648                   1.00   0.01  0.00  0.00  0.99  0.00  0.00  0.00  0.00  0.00
  20655                   1.00   0.05  0.65  0.00  0.30  0.00  0.00  0.00  0.65  0.00
  20683                   1.00   1.00  0.00  0.00  0.00  0.00  0.00  0.00  0.00  0.00
  20777                   1.00   0.02  0.00  0.00  0.97  0.01  0.00  0.00  0.78  0.00
  20821                   1.00   0.02  0.00  0.00  0.32  0.00  0.00  0.65  0.01  0.00
  20913                   1.00   0.03  0.00  0.00  0.97  0.00  0.00  0.00  0.00  0.00
  20942                   1.00   0.00  0.01  0.00  0.99  0.00  0.00  0.00  0.00  0.00
  20944                   1.00   0.05  0.67  0.00  0.28  0.00  0.00  0.00  0.68  0.00
  20945                   1.00   0.00  0.00  0.00  0.00  1.00  0.00  0.00  0.61  0.00
  20946                   1.00   0.02  0.00  0.00  0.98  0.00  0.00  0.00  0.00  0.00
  20953                   1.00   0.02  0.00  0.00  0.33  0.64  0.00  0.00  0.03  0.00
  20954                   1.00   1.00  0.00  0.00  0.00  0.00  0.00  0.00  0.00  0.00
  20956                   1.00   0.02  0.00  0.00  0.98  0.00  0.00  0.00  0.00  0.00
  20962                   1.00   0.02  0.00  0.00  0.98  0.00  0.00  0.00  0.65  0.00
  20992                   1.00   0.02  0.00  0.00  0.98  0.01  0.00  0.00  0.84  0.00
  20993                   1.00   0.08  0.00  0.00  0.07  0.00  0.85  0.00  0.00  0.00
  21040                   1.00   0.02  0.00  0.00  0.32  0.66  0.00  0.00  0.31  0.00
  21712                   1.00   0.02  0.00  0.00  0.98  0.00  0.00  0.00  0.08  0.00
  21714                   1.00   0.02  0.00  0.00  0.98  0.00  0.00  0.00  0.00  0.00
  21715                   1.00   0.05  0.00  0.00  0.26  0.00  0.00  0.68  0.69  0.00
  21742                   1.00   0.02  0.00  0.00  0.98  0.00  0.00  0.00  0.28  0.00
  21744                   1.00   0.02  0.00  0.00  0.98  0.00  0.00  0.00  0.09  0.00
  21746                   1.00   0.01  0.17  0.00  0.78  0.03  0.00  0.00  0.69  0.00
  21747                   1.00   0.01  0.22  0.00  0.26  0.00  0.51  0.00  0.00  0.00
  21748                   1.00   0.01  0.00  0.00  0.99  0.00  0.00  0.00  0.00  0.00
  21749                   1.00   0.01  0.00  0.00  0.99  0.00  0.00  0.00  0.00  0.00
  21750                   1.00   0.01  0.00  0.00  0.99  0.00  0.00  0.00  0.00  0.00
  21754                   1.00   0.01  0.00  0.00  0.99  0.00  0.00  0.00  0.00  0.00
  21757                   1.00   0.02  0.00  0.00  0.98  0.00  0.00  0.00  0.00  0.00
  21759                   1.00   0.01  0.00  0.00  0.99  0.00  0.00  0.00  0.00  0.00
  21760                   1.00   0.00  0.00  0.00  1.00  0.00  0.00  0.00  0.00  0.00
  21762                   1.00   0.02  0.00  0.00  0.98  0.00  0.00  0.00  0.00  0.00
  21763                   1.00   0.05  0.00  0.00  0.95  0.00  0.00  0.00  0.00  0.00
  21764                   1.00   0.05  0.00  0.00  0.29  0.00  0.66  0.00  0.00  0.00
  21765                   1.00   0.71  0.01  0.00  0.29  0.00  0.00  0.00  0.67  0.00
  21766                   1.00   0.02  0.01  0.00  0.40  0.00  0.00  0.57  0.03  0.00
  21767                   1.00   0.03  0.67  0.00  0.30  0.00  0.00  0.00  0.66  0.00
  21769                   1.00   0.02  0.00  0.00  0.98  0.00  0.00  0.00  0.00  0.00
  21770                   1.00   0.04  0.00  0.00  0.34  0.00  0.00  0.62  0.64  0.00
  21771                   1.00   0.02  0.00  0.00  0.98  0.00  0.00  0.00  0.00  0.00
  21772                   1.00   0.05  0.00  0.00  0.29  0.00  0.00  0.66  0.00  0.00
  21773                   1.00   0.05  0.66  0.00  0.29  0.00  0.00  0.00  0.67  0.00
  21774                   1.00   0.71  0.02  0.00  0.27  0.00  0.00  0.00  0.68  0.00
  21778                   1.00   1.00  0.00  0.00  0.00  0.00  0.00  0.00  0.00  0.00
  21780                   1.00   0.01  0.00  0.00  0.99  0.00  0.00  0.00  0.00  0.00
  21781                   1.00   0.06  0.00  0.00  0.94  0.00  0.00  0.00  0.00  0.00
  21784                   1.00   0.05  0.00  0.00  0.95  0.00  0.00  0.00  0.00  0.00
  21786                   1.00   1.00  0.00  0.00  0.00  0.00  0.00  0.00  0.00  0.00
  21787                   1.00   0.01  0.77  0.00  0.00  0.00  0.23  0.00  0.00  0.00
  21788                   1.00   0.02  0.00  0.00  0.98  0.00  0.00  0.00  0.18  0.00
  21789                   1.00   0.02  0.00  0.00  0.98  0.00  0.00  0.00  0.00  0.00
  21792                   1.00   0.01  0.00  0.00  0.99  0.00  0.00  0.00  0.18  0.00
  21793                   1.00   0.72  0.01  0.00  0.28  0.00  0.00  0.00  0.68  0.00
  21796                   1.00   0.01  0.00  0.00  0.99  0.00  0.00  0.00  0.25  0.00
  21799                   1.00   0.02  0.00  0.00  0.26  0.00  0.72  0.00  0.00  0.00
  21800                   1.00   0.02  0.75  0.00  0.23  0.00  0.00  0.00  0.76  0.00
  21803                   1.00   0.01  0.00  0.00  0.99  0.00  0.00  0.00  0.27  0.00
  21805                   1.00   0.01  0.00  0.00  0.99  0.00  0.00  0.00  0.00  0.00
  21806                   1.00   0.02  0.00  0.00  0.98  0.00  0.00  0.00  0.18  0.00
  21812                   1.00   0.79  0.04  0.00  0.17  0.00  0.00  0.00  0.76  0.00
  21814                   1.00   0.06  0.00  0.00  0.20  0.00  0.00  0.73  0.74  0.00
  21815                   1.00   0.00  0.00  0.00  1.00  0.00  0.00  0.00  0.50  0.00
  21817                   1.00   0.06  0.00  0.00  0.23  0.00  0.71  0.00  0.00  0.00
  21820                   1.00   0.01  0.00  0.00  0.39  0.00  0.00  0.60  0.00  0.00
  21821                   1.00   0.01  0.00  0.00  0.99  0.00  0.00  0.00  0.00  0.00
  21822                   1.00   0.00  0.00  0.00  1.00  0.00  0.00  0.00  0.08  0.00
  21823                   1.00   0.00  0.00  0.00  1.00  0.00  0.00  0.00  0.31  0.00
  21824                   1.00   0.72  0.01  0.00  0.28  0.00  0.00  0.00  0.68  0.00
  21826                   1.00   0.02  0.00  0.00  0.98  0.00  0.00  0.00  0.00  0.00
  21827                   1.00   0.02  0.00  0.00  0.98  0.00  0.00  0.00  0.00  0.00
  21828                   1.00   0.02  0.00  0.00  0.98  0.00  0.00  0.00  0.00  0.00
  21829                   1.00   0.00  0.00  0.00  1.00  0.00  0.00  0.00  1.00  0.00
  21830                   1.00   0.01  0.00  0.00  0.99  0.00  0.00  0.00  0.89  0.00
  21832                   1.00   0.02  0.00  0.00  0.98  0.00  0.00  0.00  0.00  0.00
  21833                   1.00   0.02  0.00  0.00  0.98  0.00  0.00  0.00  0.00  0.00
  21835                   1.00   0.08  0.78  0.00  0.13  0.00  0.00  0.00  0.91  0.00
  21836                   1.00   0.08  0.00  0.00  0.92  0.00  0.00  0.00  0.00  0.00
  21838                   1.00   0.09  0.00  0.00  0.85  0.06  0.00  0.00  0.01  0.00
  21839                   1.00   0.09  0.00  0.00  0.00  0.00  0.00  0.91  0.00  0.00
  21840                   1.00   0.69  0.00  0.00  0.19  0.00  0.00  0.13  0.76  0.00
  21841                   1.00   0.69  0.31  0.00  0.00  0.00  0.00  0.00  0.00  0.00
  21844                   1.00   1.00  0.00  0.00  0.00  0.00  0.00  0.00  0.00  0.00
  21845                   1.00   0.01  0.00  0.00  0.02  0.97  0.00  0.00  0.01  0.00
  21846                   1.00   0.01  0.00  0.00  0.99  0.00  0.00  0.00  0.00  0.00
  21847                   1.00   0.01  0.00  0.00  0.99  0.00  0.00  0.00  0.86  0.00
  21848                   1.00   0.01  0.00  0.00  0.99  0.00  0.00  0.00  0.11  0.00
  21851                   1.00   0.08  0.87  0.00  0.04  0.00  0.00  0.00  0.91  0.00
  21852                   1.00   0.08  0.88  0.00  0.02  0.02  0.00  0.00  0.92  0.00
  21854                   1.00   0.00  0.00  0.00  0.01  0.99  0.00  0.00  0.02  0.00
  21858                   1.00   0.02  0.01  0.00  0.00  0.00  0.97  0.00  0.00  0.00
  21859                   1.00   0.02  0.00  0.00  0.98  0.01  0.00  0.00  0.98  0.00
  21862                   1.00   0.02  0.00  0.00  0.21  0.00  0.00  0.76  0.06  0.00
  21864                   1.00   0.02  0.96  0.00  0.02  0.00  0.00  0.00  0.90  0.00
  21866                   1.00   0.01  0.00  0.00  0.98  0.00  0.00  0.00  0.07  0.00
  22116                   1.00   0.03  0.00  0.00  0.14  0.00  0.00  0.83  0.00  0.00
  22117                   1.00   0.07  0.01  0.00  0.07  0.00  0.00  0.85  0.00  0.00
  22282                   1.00   0.07  0.01  0.00  0.07  0.00  0.00  0.85  0.00  0.00
  22575                   1.00   1.00  0.00  0.00  0.00  0.00  0.00  0.00  0.00  0.00
  22576                   1.00   0.07  0.00  0.00  0.18  0.00  0.75  0.00  0.00  0.00
  22580                   1.00   0.03  0.01  0.00  0.97  0.00  0.00  0.00  0.00  0.00
  22581                   1.00   0.69  0.01  0.00  0.31  0.00  0.00  0.00  0.66  0.00
  22582                   1.00   0.03  0.00  0.00  0.97  0.00  0.00  0.00  0.17  0.00
  22583                   1.00   0.78  0.01  0.00  0.22  0.00  0.00  0.00  0.73  0.00
  22585                   1.00   0.02  0.00  0.00  0.30  0.00  0.00  0.68  0.00  0.00
  22586                   1.00   0.02  0.00  0.00  0.98  0.00  0.00  0.00  0.00  0.00
  22587                   1.00   0.01  0.00  0.00  0.99  0.00  0.00  0.00  0.00  0.00
  22588                   1.00   0.01  0.00  0.00  0.99  0.00  0.00  0.00  0.00  0.00
  22589                   1.00   0.01  0.00  0.00  0.99  0.00  0.00  0.00  0.00  0.00
  22590                   1.00   0.01  0.00  0.00  0.99  0.00  0.00  0.00  0.00  0.00
  22591                   1.00   0.02  0.00  0.00  0.89  0.01  0.00  0.08  0.04  0.00
  22592                   1.00   0.02  0.72  0.00  0.26  0.00  0.00  0.00  0.72  0.00
  22596                   1.00   0.02  0.00  0.00  0.98  0.00  0.00  0.00  0.64  0.00
  22597                   1.00   0.11  0.06  0.00  0.54  0.01  0.00  0.28  0.46  0.00
  22598                   1.00   0.03  0.01  0.00  0.31  0.00  0.66  0.00  0.00  0.00
  22599                   1.00   0.69  0.00  0.00  0.31  0.00  0.00  0.00  0.66  0.00
  22601                   1.00   0.04  0.00  0.00  0.33  0.00  0.00  0.63  0.64  0.00
  22605                   1.00   0.02  0.00  0.00  0.97  0.00  0.00  0.00  0.00  0.00
  22606                   1.00   0.03  0.00  0.00  0.97  0.00  0.00  0.00  0.00  0.00
  22607                   1.00   0.02  0.00  0.00  0.98  0.00  0.00  0.00  0.00  0.00
  22608                   1.00   0.66  0.01  0.00  0.33  0.00  0.00  0.00  0.64  0.00
  22609                   1.00   0.04  0.00  0.00  0.96  0.00  0.00  0.00  0.04  0.00
  22611                   1.00   0.02  0.00  0.00  0.98  0.00  0.00  0.00  0.01  0.00
  22612                   1.00   0.01  0.00  0.00  0.98  0.00  0.01  0.00  0.00  0.00
  22613                   1.00   0.02  0.00  0.00  0.31  0.00  0.00  0.67  0.00  0.00
  22614                   1.00   0.01  0.00  0.00  0.99  0.00  0.00  0.00  0.00  0.00
  22616                   1.00   0.00  0.00  0.00  1.00  0.00  0.00  0.00  0.01  0.00
  22617                   1.00   0.06  0.00  0.00  0.23  0.00  0.71  0.00  0.00  0.00
  22618                   1.00   0.05  0.00  0.00  0.27  0.00  0.00  0.68  0.01  0.00
  22621                   1.00   0.06  0.00  0.00  0.22  0.00  0.00  0.71  0.01  0.00
  22640                   1.00   1.00  0.00  0.00  0.00  0.00  0.00  0.00  0.00  0.00
  22643                   1.00   1.00  0.00  0.00  0.00  0.00  0.00  0.00  0.00  0.00
  22653                   1.00   0.69  0.00  0.00  0.29  0.00  0.00  0.03  0.00  0.00
  22654                   1.00   0.02  0.67  0.00  0.31  0.00  0.00  0.00  0.68  0.00
  22656                   1.00   1.00  0.00  0.00  0.00  0.00  0.00  0.00  0.00  0.00
  22658                   1.00   1.00  0.00  0.00  0.00  0.00  0.00  0.00  0.00  0.00
  22659                   1.00   1.00  0.00  0.00  0.00  0.00  0.00  0.00  0.00  0.00
  22660                   1.00   0.00  0.00  0.00  1.00  0.00  0.00  0.00  0.01  0.00
  22789                   1.00   0.02  0.36  0.00  0.16  0.00  0.46  0.00  0.00  0.00
  22790                   1.00   0.02  0.39  0.00  0.59  0.00  0.00  0.00  0.58  0.00
  22794                   1.00   0.04  0.00  0.00  0.11  0.00  0.84  0.00  0.00  0.00
  22795                   1.00   0.04  0.84  0.00  0.12  0.00  0.00  0.00  0.00  0.00
  22796                   1.00   0.86  0.00  0.00  0.14  0.00  0.00  0.00  0.00  0.00
  22797                   1.00   0.05  0.00  0.00  0.11  0.00  0.85  0.00  0.00  0.00
  22798                   1.00   0.01  0.00  0.00  0.14  0.00  0.85  0.00  0.00  0.00
  22799                   1.00   0.01  0.00  0.00  0.99  0.00  0.00  0.00  0.00  0.00
  22800                   1.00   0.86  0.01  0.00  0.12  0.00  0.00  0.00  0.00  0.00
  22801                   1.00   0.03  0.03  0.00  0.10  0.00  0.00  0.84  0.00  0.00
  22802                   1.00   0.02  0.00  0.00  0.98  0.01  0.00  0.00  0.84  0.00
  22804                   1.00   0.02  0.00  0.00  0.98  0.00  0.00  0.00  0.84  0.00
  22805                   1.00   0.02  0.00  0.00  0.98  0.01  0.00  0.00  0.84  0.00
  22810                   1.00   0.02  0.74  0.00  0.24  0.00  0.00  0.00  0.82  0.00
  22811                   1.00   0.02  0.00  0.00  0.98  0.00  0.00  0.00  0.00  0.00
  22812                   1.00   0.02  0.39  0.00  0.59  0.00  0.00  0.00  0.84  0.00
  22818                   1.00   0.94  0.06  0.00  0.00  0.00  0.00  0.00  0.00  0.00
  22819                   1.00   0.01  0.85  0.00  0.14  0.00  0.00  0.00  0.84  0.00
  22827                   1.00   0.03  0.03  0.00  0.10  0.00  0.00  0.84  0.00  0.00
  22837                   1.00   0.02  0.72  0.00  0.26  0.00  0.00  0.00  0.82  0.00
  22839                   1.00   0.03  0.00  0.00  0.13  0.00  0.00  0.84  0.00  0.00
  22840                   1.00   0.03  0.00  0.00  0.97  0.00  0.00  0.00  0.00  0.00
  22850                   1.00   0.02  0.00  0.00  0.14  0.00  0.00  0.84  0.00  0.00
  22852                   1.00   0.02  0.00  0.00  0.98  0.00  0.00  0.00  0.00  0.00
  22865                   1.00   0.02  0.00  0.00  0.98  0.00  0.00  0.00  0.00  0.00
  22866                   1.00   0.02  0.00  0.00  0.98  0.00  0.00  0.00  0.00  0.00
  23050                   1.00   0.01  0.00  0.00  0.99  0.00  0.00  0.00  0.92  0.00
  23053                   1.00   0.01  0.00  0.00  0.90  0.09  0.00  0.00  0.00  0.00
  23054                   1.00   0.01  0.00  0.00  0.99  0.00  0.00  0.00  0.48  0.00
  23059                   1.00   0.01  0.00  0.00  0.87  0.12  0.00  0.00  0.81  0.00
  23060                   1.00   0.01  0.00  0.00  0.88  0.11  0.00  0.00  0.00  0.00
  23062                   1.00   0.01  0.00  0.00  0.00  0.99  0.00  0.00  0.91  0.00
  23063                   1.00   0.01  0.00  0.00  0.00  0.00  0.99  0.00  0.00  0.00
  23064                   1.00   0.02  0.00  0.00  0.98  0.00  0.00  0.00  0.00  0.00
  23066                   1.00   0.02  0.00  0.00  0.25  0.00  0.00  0.73  0.00  0.00
  23071                   1.00   1.00  0.00  0.00  0.00  0.00  0.00  0.00  0.00  0.00
  23073                   1.00   0.01  0.00  0.00  0.01  0.99  0.00  0.00  0.83  0.00
  23075                   1.00   0.01  0.00  0.00  0.83  0.16  0.00  0.00  0.00  0.00
  23077                   1.00   0.02  0.00  0.00  0.98  0.00  0.00  0.00  0.00  0.00
  23078                   1.00   0.01  0.00  0.00  0.98  0.00  0.00  0.00  0.00  0.00
  23079                   1.00   0.02  0.00  0.00  0.97  0.00  0.00  0.00  0.72  0.00
  23081                   1.00   1.00  0.00  0.00  0.00  0.00  0.00  0.00  0.00  0.00
  23082                   1.00   0.01  0.00  0.00  0.95  0.05  0.00  0.00  0.00  0.00
  23083                   1.00   0.01  0.00  0.00  0.99  0.00  0.00  0.00  0.00  0.00
  23084                   1.00   1.00  0.00  0.00  0.00  0.00  0.00  0.00  0.00  0.00
  23085                   1.00   0.01  0.00  0.00  0.99  0.00  0.00  0.00  0.00  0.00
  23087                   1.00   1.00  0.00  0.00  0.00  0.00  0.00  0.00  0.00  0.00
  23088                   1.00   1.00  0.00  0.00  0.00  0.00  0.00  0.00  0.00  0.00
  23090                   1.00   1.00  0.00  0.00  0.00  0.00  0.00  0.00  0.00  0.00
  23092                   1.00   1.00  0.00  0.00  0.00  0.00  0.00  0.00  0.00  0.00
  23093                   1.00   1.00  0.00  0.00  0.00  0.00  0.00  0.00  0.00  0.00
  23094                   1.00   0.01  0.00  0.00  0.99  0.00  0.00  0.00  0.98  0.00
  23095                   1.00   0.01  0.00  0.00  0.00  0.00  0.00  0.99  0.00  0.00
  23097                   1.00   0.01  0.00  0.00  0.23  0.00  0.76  0.00  0.00  0.00
  23098                   1.00   1.00  0.00  0.00  0.00  0.00  0.00  0.00  0.00  0.00
  23099                   1.00   0.01  0.00  0.00  0.98  0.00  0.00  0.00  0.00  0.00
  23102                   1.00   1.00  0.00  0.00  0.00  0.00  0.00  0.00  0.00  0.00
  23110                   1.00   0.03  0.97  0.00  0.00  0.00  0.00  0.00  0.00  0.00
  23112                   1.00   1.00  0.00  0.00  0.00  0.00  0.00  0.00  0.00  0.00
  23113                   1.00   1.00  0.00  0.00  0.00  0.00  0.00  0.00  0.00  0.00
  23114                   1.00   1.00  0.00  0.00  0.00  0.00  0.00  0.00  0.00  0.00
  23115                   1.00   0.01  0.00  0.00  0.99  0.00  0.00  0.00  0.00  0.00
  23116                   1.00   0.01  0.00  0.00  0.99  0.00  0.00  0.00  0.75  0.00
  23117                   1.00   0.01  0.00  0.00  0.99  0.00  0.00  0.00  0.83  0.00
  23119                   1.00   0.01  0.00  0.00  0.99  0.00  0.00  0.00  0.84  0.00
  23120                   1.00   0.01  0.00  0.00  0.09  0.90  0.00  0.00  0.87  0.00
  23122                   1.00   0.01  0.00  0.00  0.06  0.00  0.00  0.92  0.00  0.00
  23123                   1.00   0.01  0.00  0.00  0.99  0.00  0.00  0.00  0.00  0.00
  23147                   1.00   0.00  0.01  0.00  0.99  0.00  0.00  0.00  0.00  0.00
  23148                   1.00   1.00  0.00  0.00  0.00  0.00  0.00  0.00  0.00  0.00
  23150                   1.00   0.01  0.00  0.00  0.00  0.00  0.00  0.99  0.00  0.00
  23152                   1.00   0.96  0.04  0.00  0.00  0.00  0.00  0.00  0.00  0.00
  23158                   1.00   0.01  0.00  0.00  0.98  0.00  0.00  0.00  0.84  0.00
  23159                   1.00   0.02  0.00  0.00  0.14  0.84  0.00  0.00  0.84  0.00
  23163                   1.00   0.01  0.00  0.00  0.76  0.23  0.00  0.00  0.98  0.00
  23164                   1.00   0.01  0.00  0.00  0.94  0.05  0.00  0.00  0.00  0.00
  23165                   1.00   0.01  0.72  0.00  0.26  0.00  0.00  0.00  0.84  0.00
  23167                   1.00   0.01  0.00  0.00  0.78  0.21  0.00  0.00  0.89  0.00
  23171                   1.00   0.02  0.00  0.00  0.21  0.00  0.77  0.00  0.00  0.00
  23172                   1.00   0.02  0.00  0.00  0.98  0.00  0.00  0.00  0.00  0.00
  23190                   1.00   0.01  0.00  0.00  0.99  0.00  0.00  0.00  0.00  0.00
  23191                   1.00   0.01  0.00  0.00  0.98  0.01  0.00  0.00  0.01  0.00
  23192                   1.00   0.01  0.00  0.00  0.98  0.01  0.00  0.00  0.00  0.00
  23193                   1.00   0.02  0.00  0.00  0.32  0.00  0.66  0.00  0.00  0.00
  23199                   1.00   0.00  0.00  0.00  1.00  0.00  0.00  0.00  0.01  0.00
  23200                   1.00   0.00  0.00  0.00  0.99  0.00  0.01  0.00  0.00  0.00
  23204                   1.00   0.01  0.00  0.00  0.99  0.00  0.00  0.00  0.00  0.00
  23207                   1.00   0.01  0.00  0.00  0.99  0.00  0.00  0.00  0.00  0.00
  23478                   1.00   0.51  0.15  0.00  0.30  0.04  0.00  0.00  0.91  0.00
  23524                   1.00   0.05  0.68  0.00  0.27  0.00  0.00  0.00  0.69  0.00
  25966                   1.00   1.00  0.00  0.00  0.00  0.00  0.00  0.00  0.00  0.00
  26838                   1.00   0.02  0.00  0.00  0.98  0.00  0.00  0.00  0.00  0.00
  26852                   1.00   1.00  0.00  0.00  0.00  0.00  0.00  0.00  0.00  0.00
  26855                   1.00   0.94  0.05  0.00  0.01  0.00  0.00  0.00  0.91  0.00
  27342                   1.00   0.01  0.00  0.00  0.99  0.00  0.00  0.00  0.00  0.00
  31188                   1.00   0.01  0.00  0.00  0.99  0.00  0.00  0.00  0.80  0.00
  31937                   1.00   0.02  0.01  0.00  0.00  0.13  0.00  0.85  0.12  0.00
  32535                   1.00   1.00  0.00  0.00  0.00  0.00  0.00  0.00  0.00  0.00
  34331                   1.00   1.00  0.00  0.00  0.00  0.00  0.00  0.00  0.00  0.00
  36494                   1.00   0.01  0.00  0.00  0.98  0.00  0.00  0.00  0.00  0.00
  38189                   1.00   0.02  0.00  0.00  0.98  0.00  0.00  0.00  0.00  0.00
  38190                   1.00   0.04  0.00  0.00  0.34  0.00  0.00  0.62  0.01  0.00
  38193                   1.00   0.01  0.00  0.00  0.99  0.00  0.00  0.00  0.00  0.00
  38250                   1.00   0.02  0.08  0.00  0.90  0.00  0.00  0.00  0.52  0.00
  38555                   1.00   0.00  0.00  0.00  1.00  0.00  0.00  0.00  0.00  0.00
  38575                   1.00   0.02  0.06  0.00  0.08  0.00  0.00  0.84  0.00  0.00
  38710                   1.00   0.77  0.23  0.00  0.00  0.00  0.00  0.00  0.00  0.00
  38711                   1.00   0.01  0.00  0.00  0.99  0.00  0.00  0.00  0.00  0.00
  38712                   1.00   0.01  0.00  0.00  0.99  0.00  0.00  0.00  0.00  0.00
  38869                   1.00   0.86  0.14  0.00  0.00  0.00  0.00  0.00  0.00  0.00
  38870                   1.00   0.05  0.67  0.00  0.28  0.00  0.00  0.00  0.69  0.00
  38873                   1.00   0.08  0.00  0.00  0.92  0.00  0.00  0.00  0.00  0.00
  38889                   1.00   0.06  0.00  0.00  0.21  0.00  0.73  0.00  0.00  0.00
  39004                   1.00   0.01  0.00  0.00  0.99  0.00  0.00  0.00  0.00  0.00
  39117                   1.00   1.00  0.00  0.00  0.00  0.00  0.00  0.00  0.00  0.00
  39149                   1.00   0.04  0.00  0.00  0.30  0.00  0.66  0.00  0.00  0.00
  39247                   1.00   0.02  0.00  0.00  0.26  0.04  0.00  0.68  0.04  0.00
  39284                   1.00   1.00  0.00  0.00  0.00  0.00  0.00  0.00  0.00  0.00
  39378                   1.00   1.00  0.00  0.00  0.00  0.00  0.00  0.00  0.00  0.00
  39379                   1.00   1.00  0.00  0.00  0.00  0.00  0.00  0.00  0.00  0.00
  39419                   1.00   0.01  0.71  0.00  0.28  0.01  0.00  0.00  0.72  0.00
  39469                   1.00   0.04  0.02  0.00  0.10  0.00  0.00  0.85  0.00  0.00
  39514                   1.00   0.04  0.00  0.00  0.30  0.00  0.00  0.66  0.00  0.00
  39537                   1.00   0.03  0.00  0.00  0.97  0.00  0.00  0.00  0.00  0.00
  39563                   1.00   0.00  0.00  0.00  1.00  0.00  0.00  0.00  1.00  0.00
  39936                   1.00   1.00  0.00  0.00  0.00  0.00  0.00  0.00  0.00  0.00
  39937                   1.00   0.00  0.02  0.00  0.97  0.00  0.00  0.00  0.00  0.00
  40173                   1.00   0.02  0.00  0.00  0.98  0.00  0.00  0.00  0.00  0.00
  40224                   1.00   0.00  0.00  0.00  1.00  0.00  0.00  0.00  0.00  0.00
  40244                   1.00   0.01  0.00  0.00  0.99  0.00  0.00  0.00  0.00  0.00
  40245                   1.00   0.01  0.00  0.00  0.98  0.00  0.00  0.01  0.00  0.00
  40248                   1.00   1.00  0.00  0.00  0.00  0.00  0.00  0.00  0.00  0.00
  40249                   1.00   1.00  0.00  0.00  0.00  0.00  0.00  0.00  0.00  0.00
  40372                   1.00   1.00  0.00  0.00  0.00  0.00  0.00  0.00  0.00  0.00
  40373                   1.00   0.00  0.00  0.00  0.99  0.00  0.00  0.01  0.01  0.00
  40386                   1.00   0.01  0.74  0.00  0.25  0.00  0.00  0.00  0.82  0.00
  40388                   1.00   1.00  0.00  0.00  0.00  0.00  0.00  0.00  0.00  0.00
  40448                   1.00   0.78  0.22  0.00  0.00  0.00  0.00  0.00  0.00  0.00
  40679                   1.00   1.00  0.00  0.00  0.00  0.00  0.00  0.00  0.00  0.00
  40680                   1.00   1.00  0.00  0.00  0.00  0.00  0.00  0.00  0.00  0.00
  40713                   1.00   0.02  0.02  0.00  0.12  0.00  0.00  0.84  0.00  0.00
  40793                   1.00   0.01  0.00  0.00  0.14  0.85  0.00  0.00  0.82  0.00
  41025                   1.00   0.01  0.00  0.00  0.99  0.00  0.00  0.00  0.00  0.00
  41038                   1.00   0.02  0.00  0.00  0.98  0.00  0.00  0.00  0.00  0.00
  41039                   1.00   0.02  0.00  0.00  0.98  0.00  0.00  0.00  0.00  0.00
  41097                   1.00   0.05  0.00  0.00  0.29  0.00  0.66  0.00  0.00  0.00
  41114                   1.00   0.00  0.00  0.00  0.99  0.00  0.00  0.01  0.80  0.00
  41149                   1.00   0.86  0.00  0.00  0.11  0.02  0.00  0.02  0.00  0.00
  41181                   1.00   0.06  0.00  0.00  0.22  0.00  0.00  0.71  0.72  0.00
  41182                   1.00   0.79  0.03  0.00  0.18  0.00  0.00  0.00  0.75  0.00
  41183                   1.00   1.00  0.00  0.00  0.00  0.00  0.00  0.00  0.00  0.00
  41204                   1.00   1.00  0.00  0.00  0.00  0.00  0.00  0.00  0.00  0.00
  41367                   1.00   0.02  0.00  0.00  0.13  0.00  0.85  0.00  0.00  0.00
  41543                   1.00   0.02  0.00  0.00  0.98  0.00  0.00  0.00  0.72  0.00
  41557                   1.00   0.04  0.00  0.00  0.29  0.00  0.00  0.66  0.67  0.00
  41561                   1.00   0.02  0.00  0.00  0.98  0.00  0.00  0.00  0.00  0.00
  41562                   1.00   0.00  0.00  0.00  0.05  0.01  0.00  0.94  0.06  0.00
  41661                   1.00   0.01  0.00  0.00  0.98  0.00  0.00  0.00  0.00  0.00
  41712                   1.00   0.00  0.00  0.00  0.00  0.00  0.00  1.00  0.00  0.00
  42042                   1.00   0.05  0.00  0.00  0.28  0.00  0.00  0.67  0.01  0.00
  42043                   1.00   0.72  0.00  0.00  0.28  0.00  0.00  0.00  0.68  0.00
  42079                   1.00   1.00  0.00  0.00  0.00  0.00  0.00  0.00  0.00  0.00
  42080                   1.00   1.00  0.00  0.00  0.00  0.00  0.00  0.00  0.00  0.00
  42081                   1.00   0.01  0.00  0.00  0.07  0.92  0.00  0.00  0.01  0.00
  42082                   1.00   0.01  0.00  0.00  0.99  0.00  0.00  0.00  0.83  0.00
  42085                   1.00   0.01  0.00  0.00  0.99  0.00  0.00  0.00  0.00  0.00
  42514                   1.00   1.00  0.00  0.00  0.00  0.00  0.00  0.00  0.00  0.00
  42515                   1.00   0.01  0.01  0.00  0.00  0.98  0.00  0.00  0.80  0.00
  42541                   1.00   1.00  0.00  0.00  0.00  0.00  0.00  0.00  0.00  0.00
  42568                   1.00   0.02  0.00  0.00  0.98  0.00  0.00  0.00  0.00  0.00
  42610                   1.00   0.00  0.00  0.00  0.26  0.00  0.74  0.00  0.00  0.00
  42644                   1.00   0.69  0.03  0.00  0.28  0.00  0.00  0.00  0.70  0.00
  42711                   1.00   0.01  0.00  0.00  0.99  0.00  0.00  0.00  0.00  0.00
  42712                   1.00   0.01  0.96  0.00  0.04  0.00  0.00  0.00  0.91  0.00
  42713                   1.00   0.01  0.00  0.00  0.85  0.14  0.00  0.00  0.36  0.00
  42714                   1.00   0.01  0.00  0.00  0.98  0.01  0.00  0.00  0.24  0.00
  42715                   1.00   0.01  0.00  0.00  0.84  0.15  0.00  0.00  0.00  0.00
  42716                   1.00   0.00  0.00  0.00  0.00  1.00  0.00  0.00  0.99  0.00
  42717                   1.00   0.01  0.00  0.00  0.99  0.00  0.00  0.00  0.99  0.00
  42718                   1.00   0.02  0.00  0.00  0.02  0.97  0.00  0.00  0.76  0.00
  42719                   1.00   0.01  0.00  0.00  0.00  0.99  0.00  0.00  0.86  0.00
  42720                   1.00   0.02  0.00  0.00  0.98  0.00  0.00  0.00  0.00  0.00
  42721                   1.00   0.01  0.00  0.00  0.98  0.01  0.00  0.00  0.00  0.00
  42722                   1.00   0.00  0.03  0.00  0.97  0.00  0.00  0.00  0.08  0.00
  42723                   1.00   0.02  0.00  0.00  0.98  0.00  0.00  0.00  0.00  0.00
  42724                   1.00   0.02  0.00  0.00  0.97  0.01  0.00  0.00  0.00  0.00
  42725                   1.00   0.02  0.00  0.00  0.98  0.00  0.00  0.00  0.00  0.00
  42726                   1.00   0.02  0.00  0.00  0.96  0.01  0.00  0.00  0.07  0.00
  42727                   1.00   0.01  0.00  0.00  0.98  0.00  0.00  0.00  0.00  0.00
  42728                   1.00   0.01  0.00  0.00  0.99  0.00  0.00  0.00  0.00  0.00
  42730                   1.00   0.03  0.00  0.00  0.97  0.00  0.00  0.00  0.00  0.00
  42731                   1.00   0.02  0.74  0.00  0.24  0.00  0.00  0.00  0.85  0.00
  42732                   1.00   0.01  0.00  0.00  0.99  0.00  0.00  0.00  0.84  0.00
  42733                   1.00   0.01  0.00  0.00  0.98  0.00  0.00  0.00  0.00  0.00
  42734                   1.00   0.01  0.00  0.00  0.99  0.00  0.00  0.00  0.00  0.00
  42735                   1.00   0.01  0.00  0.00  0.00  0.99  0.00  0.00  0.38  0.00
  42736                   1.00   0.01  0.00  0.00  0.99  0.00  0.00  0.00  0.00  0.00
  42737                   1.00   0.00  0.69  0.00  0.30  0.00  0.00  0.00  0.94  0.00
  42738                   1.00   0.01  0.00  0.00  0.99  0.00  0.00  0.00  0.00  0.00
  42739                   1.00   0.02  0.00  0.00  0.98  0.00  0.00  0.00  0.00  0.00
  42740                   1.00   0.02  0.00  0.00  0.32  0.00  0.00  0.66  0.05  0.00
  42742                   1.00   0.00  0.00  0.00  0.99  0.00  0.00  0.00  0.00  0.00
  
  
  *************************
  Conduit Surcharge Summary
  *************************
  
  ----------------------------------------------------------------------------
                                                           Hours        Hours 
                         --------- Hours Full --------   Above Full   Capacity
  Conduit                Both Ends  Upstream  Dnstream   Normal Flow   Limited
  ----------------------------------------------------------------------------
  95                          6.23      6.23      6.24      0.24         2.87
  129                         0.26      0.26      1.83      0.01         0.01
  832                         7.28      7.28      7.31      0.01         0.04
  841                        23.20     23.20     23.21      0.01         0.01
  842                         6.32      6.32      6.32      0.01         2.80
  2543                        6.72      6.72      7.01      0.01         0.01
  2649                        6.87      6.87      7.06      0.01         0.01
  2941                        1.40      1.40      1.93      0.01         0.01
  3101                        8.37      8.37      8.44      0.01         0.02
  3332                        0.01      0.01      1.85      0.01         0.01
  3335                        2.51      2.51      2.51      2.64         2.50
  3369                        0.01      0.01      0.01      0.01         0.01
  3578                       23.80     23.80     23.81      3.25         0.01
  3673                        0.01      0.01      3.29      0.01         0.01
  3679                        2.37      2.37      2.85      0.01         0.01
  3808                       23.21     23.21     23.21      0.01         0.01
  3826                        7.02      7.02      7.06      0.01         0.01
  3827                        7.25      7.25      7.33      0.08         0.04
  3832                        7.95      7.95      8.30      0.01         0.01
  3864                        3.16      3.16      3.21      0.01         0.01
  3904                        6.44      6.44      6.49      0.01         0.01
  4236                        3.16      3.16      3.69      0.01         0.01
  4245                        6.68      6.68      6.73      0.01         0.01
  4271                        5.23      5.23      5.32      0.01         0.01
  4518                        1.31      1.36      1.31      2.63         1.23
  4533                        7.10      7.10      7.48      0.01         0.01
  4644                        2.63      2.63      3.57      0.01         0.01
  4680                        0.01      0.01      0.01      1.15         0.01
  4691                        4.63      4.63      5.96      0.01         0.01
  4714                        7.73      7.73      7.83      1.06         0.01
  4783                        6.83      6.83      7.21      0.01         0.01
  5044                       23.16     23.16     23.20      0.01         0.01
  5066                        2.61      2.61      2.90      0.01         0.01
  5289                        7.39      7.39      7.54      0.01         0.01
  5327                        0.01      0.01      1.15      0.01         0.01
  5734                        5.02      5.02      5.30      0.01         0.01
  5796                        6.70      6.70      6.70      0.67         3.12
  6935                        0.01      0.01      2.54      0.01         0.01
  7105                        3.02      3.02      3.12      0.01         0.01
  7282                        5.26      5.26      5.44      0.01         0.01
  7373                        3.13      3.17      3.13      3.27         3.13
  7498                        1.17      1.17      2.18      0.01         0.01
  8063                        4.66      4.66      5.23      0.01         0.01
  8274                        2.60      2.61      3.83      0.01         0.01
  8423                        3.17      3.17      3.20      0.01         0.01
  8614                        2.98      2.98      3.19      0.01         0.01
  8670                        0.92      1.07      0.92      2.68         0.87
  8894                        1.40      1.40      2.52      0.01         0.01
  9700                        0.01      0.01      0.93      0.01         0.01
  9736                        0.01      0.01      0.95      0.01         0.01
  10024                       3.00      3.01      3.00      3.31         2.85
  10072                       3.18      3.18      3.23      0.01         0.01
  10076                       3.50      3.50      3.99      3.22         3.23
  10119                       3.36      3.36     23.44      0.01         0.01
  10130                      23.45     23.45     23.46      0.01         0.01
  10138                      19.58     19.58     23.59      0.01         0.01
  10144                       7.73      7.73     10.12      0.01         0.01
  10148                       6.62      6.62     23.45      0.01         0.01
  10158                       6.87      6.87     23.45      0.01         0.01
  10159                       3.21      3.21     23.45      0.01         0.01
  10161                       3.19      3.19      3.19      0.01         0.65
  10162                       4.15      4.15      5.34      0.01         0.17
  10264                       1.15      1.15      1.48      0.01         0.01
  10405                       3.17      3.17      3.17      0.01         1.55
  10601                       7.19      7.19      7.24      0.10         0.24
  10602                       1.85      1.85      2.28      0.01         0.01
  10608                       7.48      7.48      7.64      0.01         0.01
  10671                       0.01      0.01      0.01      3.17         0.01
  10744                       3.29      3.29      3.34      0.01         0.01
  10746                       3.27      3.27      3.29      0.01         0.01
  10845                       0.01      2.01      0.01      2.07         0.01
  11139                       0.01      0.01      4.27      0.01         0.01
  12611                       3.04      3.04      4.05      0.01         0.01
  12633                       4.05      4.05      4.99      0.01         0.01
  12636                       7.04      7.04      7.20      0.01         0.01
  12637                       4.42      4.42      5.38      0.01         0.01
  12638                       0.51      0.64      0.51      0.82         0.51
  12650                      23.48     23.48     23.49      0.01         0.26
  12652                      23.47     23.47     23.47      0.01         8.88
  12656                       7.37      7.37      7.43      0.01         0.01
  12660                       7.27      7.27      7.34      0.01         0.01
  12661                       3.63      3.63      5.06      0.01         0.01
  12662                       4.67      4.67      5.06      0.01         0.01
  12663                       6.18      6.18      6.32      0.01         0.01
  12664                       0.01      0.01      4.51      0.01         0.01
  12665                       0.03      0.03      3.37      0.01         0.01
  12673                       0.01      0.01     22.08      0.01         0.01
  12679                       7.96      9.88      7.96     10.01         7.96
  12681                       3.29      3.29      4.66      0.01         0.01
  12682                       5.38      5.38      5.58      0.01         0.34
  12683                       3.50      3.50      5.39      0.01         0.01
  12685                       5.57      5.57      6.16      0.01         0.01
  12686                       4.21      4.21      5.62      0.01         0.01
  12687                       3.66      3.66      5.78      0.01         0.01
  12688                       5.95      5.95      6.29      0.01         0.01
  12690                       7.12      7.12      7.15      0.01         0.01
  12691                       0.92      0.92      0.94      0.01         0.02
  12692                       0.91      0.91      0.92      0.01         0.11
  12698                       5.72      5.72      6.56      0.01         0.01
  12699                       6.63      6.63      6.64      0.01         1.14
  12700                       6.64      6.64      6.90      0.01         0.01
  12760                       3.43      3.43      3.44      3.30         3.30
  12761                      23.96     23.96     23.97      2.92         2.97
  12865                      23.20     23.20     23.21      0.45         0.65
  12866                       7.19      7.19      7.45      0.01         0.01
  12870                       7.38      7.38      7.82      0.31         0.01
  12871                       7.64      7.64      7.70      0.01         0.01
  12872                       5.47      5.47      7.60      0.01         0.01
  12873                       7.69      7.69     22.28      0.01         0.01
  12874                       7.28      7.28      7.31      0.01         0.12
  12875                       7.06      7.06      7.38      0.01         0.01
  12876                       7.06      7.06      7.16      0.01         0.01
  12877                       6.79      6.79      6.86      0.01         0.13
  12878                       5.93      5.93      6.96      0.01         0.01
  12880                       5.44      5.44      5.75      0.01         0.01
  12884                       7.24      7.24      7.25      0.09         2.15
  12888                       5.59      5.59      7.00      0.01         0.01
  12889                       7.32      7.32      7.55      0.01         0.08
  12890                       7.32      7.32      7.57      0.01         0.01
  12897                      23.23     23.23     23.23      0.01         2.59
  12907                       1.26      1.31      1.26      2.53         1.13
  12940                       3.28      3.28      3.31      0.01         0.01
  12978                       0.26      0.26      2.98      0.01         0.01
  12980                       0.95      1.02      0.95      1.15         0.90
  12983                       0.01      0.01      0.41      0.01         0.01
  12993                       7.75      7.75     22.03      0.01         0.01
  12994                       7.75      7.75     23.65      0.01         0.01
  12995                       7.71      7.71      7.71      0.01         0.78
  12996                       7.43      7.43      7.71      0.01         0.01
  12998                      23.40     23.40     23.56      0.01         0.01
  13000                       7.69      7.69      7.73      1.77         0.01
  13298                       8.32      8.32      8.40      0.01         0.01
  13357                       7.51      7.51     19.58      0.01         0.01
  13492                       0.01      0.01      0.01      2.59         0.01
  13493                       6.31      6.31      6.32      0.01         2.58
  13496                       3.55      3.55      4.09      0.01         0.01
  13512                      23.48     23.48     23.49      0.01         0.04
  13513                      23.47     23.47     23.47      0.01         0.01
  13525                       0.01      0.01      0.01      2.79         0.01
  13569                       7.67      7.67      7.68      3.46         3.92
  13643                       2.98      2.98      3.00      0.01         0.18
  13802                       5.83      5.83     23.46      0.01         0.01
  13820                       3.26      3.26      3.28      0.01         0.01
  13821                       1.24      1.24      1.54      0.01         0.01
  13937                       2.95      2.95      3.47      3.34         0.01
  14080                       0.14      0.14      0.14      1.22         0.14
  14101                       7.06      7.06      7.12      0.01         0.01
  14137                       7.26      7.26      7.28      0.01         0.08
  14141                       7.56      7.56      7.59      0.01         0.06
  14208                       3.79      3.79      5.79      0.01         0.01
  14472                       0.01      0.01      0.82      0.01         0.01
  14478                       0.22      0.22      1.25      0.01         0.01
  14745                       6.51      6.51      6.91      0.01         0.01
  14950                       3.19      3.19      3.20      0.01         0.01
  15152                       3.15      3.15      3.27      0.01         0.01
  15171                      23.79     23.79     23.80      3.21         3.22
  15277                       3.83      3.90      4.11      3.39         3.56
  15332                       2.66      2.66      3.24      0.01         0.01
  15362                      13.60     13.63     22.83      2.05         2.39
  16419                       6.24      6.24      6.39      0.01         0.01
  16476                       8.10      8.10      9.26      0.01         0.01
  16654                       7.41      7.41      7.48      0.01         0.01
  16672                      23.20     23.20     23.20      0.54         4.47
  16909                       6.16      6.16      6.27      0.01         0.01
  17523                       5.91      5.91      6.00      0.01         0.01
  17571                       8.16      8.16      8.25      0.01         0.01
  17580                       2.52      2.52     23.47      0.01         0.01
  17703                       1.87      1.87      4.72      0.01         0.01
  17714                       3.65      3.85      3.93      3.32         3.36
  17715                       3.19      3.19      3.30      0.01         0.01
  17766                       3.28      3.28      3.29      0.01         0.01
  17896                       4.79      4.79      6.33      0.01         0.01
  17908                       3.43      3.43      3.45      2.84         0.01
  17953                       5.09      5.09      5.30      0.01         0.01
  18084                       6.77      6.77      6.91      0.01         0.01
  18113                       2.99      2.99      3.08      0.01         0.01
  18330                       0.01      0.01      1.24      0.01         0.01
  18387                      23.46     23.46     23.47      0.01         0.01
  18389                       7.15      7.15      7.55      0.01         0.01
  18423                       5.83      5.83      6.13      0.01         0.01
  19043                       3.79      3.79      4.80      0.01         0.01
  19132                       3.53      3.53     23.83      0.01         0.01
  19193                       7.68      7.68     23.51      0.01         0.01
  19227                       3.32      3.32      3.50      0.01         0.01
  19838                      23.79     23.79     23.80      3.41         0.01
  19850                       3.31      3.31      3.41      0.01         0.01
  20466                       3.18      3.18      3.26      0.01         0.01
  20518                       3.18      3.18      3.30      0.01         0.01
  20520                       2.22      2.22      3.25      0.01         0.01
  20530                       3.39      3.39      3.42      3.54         0.01
  20531                       3.36      3.36      3.42      0.01         0.01
  20532                       0.01      0.01      0.01      3.48         0.01
  20534                       0.37      0.92      0.38      2.55         0.24
  20538                       0.01      0.01      0.01      2.58         0.01
  20539                       0.01      0.01      0.01      2.58         0.01
  20543                       1.67      2.95      1.67      3.52         1.67
  20545                       1.59      3.19      1.59      3.50         1.59
  20548                       3.19      3.36      3.19      3.49         3.19
  20549                       3.34      3.34      3.37      0.01         0.01
  20550                       3.35      3.35      3.36      1.40         1.35
  20560                       0.01      0.01      1.95      0.01         0.01
  20569                       3.23      3.23      3.36      0.01         0.01
  20570                       3.11      3.11      3.32      3.58         0.01
  20577                      23.62     23.62     23.66      0.01         0.01
  20578                       6.42      6.42      7.45      0.01         0.01
  20579                       6.32      6.32      6.34      0.01         0.76
  20592                       3.31      3.31     23.71      0.01         0.01
  20594                       7.74      7.74     23.49      0.01         0.01
  20609                       4.90      4.90      5.64      0.01         0.01
  20611                       3.46      3.46      4.64      0.01         0.01
  20613                       1.58      1.58      2.80      0.01         0.01
  20615                       0.01      0.01      1.63      0.01         0.01
  20622                       2.69      2.69      3.43      2.12         0.01
  20636                       3.46      3.47      3.47      0.19         1.61
  20637                       0.86      0.86      3.22      0.01         0.01
  20638                       0.35      0.35      0.86      0.01         0.01
  20639                       0.01      0.01      2.76      0.01         0.01
  20640                       3.83      3.83     23.42      0.01         0.01
  20647                       7.19      7.19      7.27      0.01         0.01
  20648                       7.46      7.46      7.52      0.01         0.01
  20655                       6.02      6.02      6.24      0.01         0.01
  20777                       2.08      2.08      2.44      0.01         0.01
  20821                       6.75      6.75      7.01      0.01         0.01
  20913                       7.15      7.15      7.35      0.01         0.01
  20942                       0.01      0.01     23.86      0.01         0.01
  20944                       4.09      4.09      4.80      0.01         0.01
  20953                       7.38      7.38      7.51      0.38         0.07
  20956                       0.01      0.01      3.12      0.01         0.01
  20962                       7.53      7.53      7.75      0.01         0.01
  20992                       3.10      3.10      3.15      0.01         0.01
  20993                       0.01      0.01      0.73      0.01         0.01
  21040                       7.22      7.22      7.53      0.01         0.01
  21712                       8.49      8.49      8.58      0.01         0.01
  21714                      23.48     23.48     23.48      0.01         2.20
  21715                       4.52      4.52      5.02      0.01         0.01
  21742                       8.25      8.25      8.32      0.01         0.01
  21744                       8.40      8.40      8.49      0.01         0.01
  21746                       3.92      3.92      4.60      0.01         0.01
  21747                       3.88      3.88      3.92      0.01         0.25
  21748                       4.65      4.65      5.29      0.01         0.01
  21749                       5.16      5.16      5.90      0.01         0.01
  21750                       4.99      4.99      5.16      0.01         0.20
  21754                       4.08      4.08      4.50      0.01         0.01
  21757                       8.58      8.58      8.65      0.01         0.01
  21759                       4.81      4.81      6.00      0.01         0.01
  21760                       5.23      5.23      5.23      0.22         2.50
  21762                       7.56      7.56      7.60      0.01         0.01
  21763                       4.72      4.72      5.02      0.01         0.01
  21764                       6.48      6.48      6.50      0.01         0.49
  21765                       5.75      5.75      6.21      0.01         0.01
  21766                       7.20      7.20      7.75      0.01         0.01
  21767                       6.02      6.02      8.11      0.01         0.01
  21769                       7.65      7.65      7.66      0.01         0.07
  21770                       6.98      6.98      7.48      0.01         0.01
  21771                       7.60      7.60      7.65      0.01         0.01
  21772                       6.38      6.38      6.54      0.01         0.01
  21773                       5.44      5.44      6.23      0.01         0.01
  21774                       4.55      4.55      5.44      0.01         0.01
  21780                       3.43      3.43      3.66      0.01         0.01
  21788                       7.48      7.48      7.56      0.01         0.01
  21789                      23.47     23.47     23.48      0.01         0.01
  21792                       7.27      7.27      7.35      0.01         0.01
  21793                       5.08      5.08      5.99      0.01         0.01
  21796                       7.35      7.35      7.42      0.01         0.01
  21799                       0.01      0.01      0.01      0.01         0.01
  21800                       1.01      1.01      5.12      0.01         0.01
  21803                       7.42      7.42      7.48      0.01         0.01
  21805                       7.48      7.48      7.56      0.01         0.01
  21806                       7.31      7.31      7.41      0.01         0.01
  21814                       2.41      2.41      2.80      0.01         0.01
  21815                       6.86      6.86      6.91      0.01         0.01
  21817                       3.68      3.68      4.53      0.01         0.01
  21820                       8.44      8.44      8.54      0.01         0.01
  21821                       8.66      8.66      9.45      0.01         0.01
  21822                       7.41      7.41      7.46      0.01         0.01
  21823                       7.34      7.34      7.41      0.01         0.01
  21824                       4.94      4.94      5.77      0.01         0.01
  21826                      23.47     23.47     23.47      0.01         1.53
  21827                       0.50      0.50      2.58      0.01         0.01
  21828                       2.07      2.07      3.56      0.01         0.01
  21832                       0.87      0.87      3.06      0.01         0.01
  21833                       2.14      2.17      2.16      0.01         0.69
  21848                       0.01      0.01      0.21      0.01         0.01
  21864                       0.01      0.01     22.01      0.01         0.01
  22116                       3.23      3.23      3.31      0.01         0.01
  22576                       2.53      2.53      3.33      0.01         0.01
  22580                       7.67      7.67     23.17      0.01         0.01
  22581                       6.46      6.46      6.95      0.01         0.01
  22582                       7.15      7.15      7.19      0.11         0.01
  22583                       3.25      3.25      3.82      0.01         0.01
  22585                       6.58      6.58      6.66      0.01         0.01
  22586                       7.12      7.12      7.21      0.01         0.01
  22587                      23.50     23.50     23.50      0.01         0.01
  22588                      20.69     20.69     23.51      0.01         0.01
  22589                      14.50     14.50     23.50      0.01         0.01
  22590                       7.53      7.53     23.51      0.01         0.01
  22591                       7.58      7.58      7.60      0.01         0.76
  22592                       3.88      3.88     23.39      0.01         0.01
  22596                       7.64      7.64      7.75      0.34         0.35
  22597                       7.16      7.16      7.47      0.01         0.01
  22598                       6.94      6.94      7.30      0.01         0.01
  22599                       6.47      6.47      7.06      0.01         0.01
  22601                       7.35      7.35      7.51      0.01         0.01
  22605                      23.16     23.16     23.17      0.01         0.04
  22606                      23.16     23.16     23.17      0.01         0.01
  22607                      23.18     23.18     23.18      0.01         0.08
  22608                       7.38      7.38      7.55      0.01         0.01
  22609                       7.62      7.62      7.69      0.01         0.01
  22611                       7.63      7.63      7.93      0.01         0.01
  22612                       7.04      7.04      7.16      0.01         0.01
  22613                       6.95      6.95      7.04      0.01         0.01
  22614                       7.76      7.76     23.48      0.01         0.01
  22616                      23.26     23.26     23.28      0.01         0.03
  22617                       4.16      4.16      4.20      0.01         0.15
  22618                       5.21      5.21      5.43      0.01         0.01
  22621                       3.67      3.67      3.82      0.01         0.01
  22653                       5.77      5.77      5.80      0.01         1.42
  22654                       6.03      6.03     23.44      0.01         0.01
  22660                      23.25     23.25     23.26      0.01         0.01
  22789                       2.61      2.61      3.01      0.01         0.01
  22790                       2.70      2.70      2.97      0.01         0.02
  22796                       1.60      1.60      1.97      0.01         0.01
  22797                       1.72      1.72      1.76      0.01         0.05
  22798                       3.26      3.26      3.28      3.47         0.01
  22799                       1.61      1.61      1.98      0.01         0.01
  22802                       3.09      3.09      3.10      1.55         1.43
  22804                       3.07      3.07      3.09      0.01         0.35
  22805                       2.99      2.99      3.07      0.01         0.01
  22810                       3.00      3.00      3.04      0.01         0.01
  22811                       3.09      3.09      3.22      0.01         0.01
  22812                       3.08      3.08      3.14      0.01         0.02
  22819                       0.01      0.01      2.03      0.01         0.01
  22837                       3.09      3.09      3.10      2.96         2.76
  22850                       3.10      3.10      3.13      0.01         0.01
  22852                       3.21      3.21      3.25      0.01         0.01
  22865                       3.27      3.27     23.50      0.01         0.01
  22866                       3.25      3.25      3.29      1.66         1.72
  23050                       0.11      0.11      3.64      0.01         0.01
  23053                       0.23      0.23      0.67      2.16         0.01
  23054                       0.47      0.47      0.62      0.01         0.01
  23059                       0.12      0.12      0.58      0.01         0.01
  23063                       0.01      0.01      0.90      2.16         0.01
  23077                       5.84      5.84     23.46      0.01         0.01
  23078                       0.15      0.15      2.10      0.01         0.01
  23116                       1.14      1.14      1.20      0.01         0.01
  23117                       0.82      0.82      1.25      0.01         0.01
  23119                       1.10      1.10      1.44      0.01         0.01
  23120                       1.05      1.05      1.10      0.01         0.01
  23122                       0.90      1.01      0.90      3.67         0.90
  23123                       1.01      1.01      7.09      0.01         0.01
  23158                       0.01      0.01      2.32      0.01         0.01
  23159                       0.13      0.13      2.08      0.01         0.01
  23164                       0.01      0.01      0.01      3.40         0.01
  23171                       0.15      0.15      0.20      0.01         0.01
  23190                       7.74      7.74     23.49      0.01         0.01
  23191                       7.70      7.70      7.74      0.01         0.35
  23192                       7.69      7.69      7.70      0.01         0.19
  23193                       7.10      7.10      7.11      0.01         0.73
  23199                       7.54      7.54     23.62      0.01         0.01
  23200                       5.18      5.18      6.10      0.01         0.01
  23204                       7.83      7.83     23.37      0.01         0.01
  23207                      23.48     23.48     23.51      1.62         0.04
  23524                       3.47      3.47      3.91      0.01         0.01
  26838                      23.48     23.48     23.48      0.01         0.01
  31188                       0.01      0.01      0.09      0.01         0.01
  38189                       0.01      0.01      1.15      0.01         0.01
  38190                       7.07      7.07      7.23      0.01         0.01
  38193                       7.19      7.19      7.28      0.01         0.01
  38250                       7.12      7.12      7.67      0.01         0.01
  38711                       0.01      0.01      0.01      2.60         0.01
  38712                       0.01      0.01      0.01      2.58         0.01
  38870                       3.68      3.68      4.72      0.01         0.01
  38889                       2.99      2.99      2.99      0.01         1.17
  39004                       0.01      0.38      0.01      2.59         0.01
  39149                       6.35      6.35      6.38      0.01         0.20
  39247                       2.48      2.48      4.20      0.01         0.01
  39419                       0.92      0.92      3.80      0.01         0.01
  39469                       0.77      0.77      1.23      0.01         0.01
  39514                       6.27      6.27      6.39      0.01         0.01
  39937                      23.21     23.21     23.23      0.01         0.01
  40224                      23.79     23.79     23.83      0.01         0.01
  40244                      15.14     15.14     23.49      0.01         0.86
  40245                       8.86      9.51     14.52      0.02         0.30
  40373                      23.24     23.25     23.25      0.01         0.02
  40386                       0.01      0.01      0.01      0.01         0.01
  40793                       3.24      3.24      3.26      0.01         0.01
  41025                       6.23      6.23      6.29      0.01         1.28
  41038                       1.77      1.77      3.12      0.01         0.01
  41039                       0.01      0.01      1.28      0.01         0.01
  41097                       6.42      6.42      6.44      0.01         0.20
  41114                       3.44      3.44      3.61      2.83         2.83
  41149                       1.74      1.74      1.96      0.01         0.01
  41181                       3.58      3.58      3.87      0.01         0.01
  41182                       1.96      1.96      3.46      0.01         0.01
  41367                       3.06      3.06      3.12      3.23         0.01
  41543                       0.01      0.01      3.23      0.01         0.01
  41557                       5.90      5.90      6.18      0.01         0.01
  41561                      23.51     23.51     23.51      0.01         0.06
  41661                      23.50     23.50     23.51      0.01         0.01
  42042                       5.40      5.41      5.61      0.01         0.01
  42043                       4.63      4.63      5.14      0.01         0.01
  42081                       0.12      0.14      0.12      1.32         0.12
  42082                       0.01      0.01      0.18      0.01         0.01
  42085                       7.73      7.73     23.57      0.01         0.01
  42568                      23.51     23.51     23.52      0.01         0.01
  42610                       5.05      5.05      5.19      0.01         0.01
  42644                       6.06      6.06     23.41      0.01         0.01
  42711                       6.00      6.00      6.56      0.01         0.01
  42712                       0.01      0.01     22.76      0.01         0.01
  42713                       6.46      6.46      7.95      0.01         0.01
  42718                       0.01      0.01      0.13      0.01         0.01
  42719                       0.01      0.01      0.01      0.62         0.01
  42720                       3.02      3.02      3.14      3.21         0.01
  42722                       7.15      7.15     23.29      0.01         0.01
  42723                       2.37      2.44      2.37      5.54         2.37
  42724                      23.16     23.16     23.16      0.01         0.01
  42725                       6.66      6.66     23.53      0.01         0.01
  42726                       7.24      7.24     23.17      0.01         0.01
  42727                      23.50     23.50     23.50      0.97         6.20
  42728                       2.87      2.87      2.88      2.50         2.29
  42731                       3.15      3.15      3.22      0.01         0.01
  42732                       3.39      3.39      3.43      3.37         3.37
  42733                       3.36      3.36      3.44      0.01         0.17
  42734                      23.49     23.49     23.51      0.01         0.01
  42738                       0.62      0.62      0.67      0.01         0.19
  42739                       0.01      0.01      0.22      0.01         0.01
  42740                       4.27      4.27      6.90      0.01         0.01
  42742                       2.66      2.66     23.78      0.01         0.01
  
  
  ***************
  Pumping Summary
  ***************
  
  ---------------------------------------------------------------------------------------------------------
                                                  Min       Avg       Max     Total     Power    % Time Off
                        Percent   Number of      Flow      Flow      Flow    Volume     Usage    Pump Curve
  Pump                 Utilized   Start-Ups       LPS       LPS       LPS  10^6 ltr     Kw-hr    Low   High
  ---------------------------------------------------------------------------------------------------------
  P1                      99.54           1      0.00      4.05      8.00     0.349      2.57    0.0    2.8
  P2                      97.10           1      0.00     63.09     63.25     5.293      0.40    0.0   36.7
  

  Analysis begun on:  Sat May 30 16:05:55 2026
  Analysis ended on:  Sat May 30 16:12:40 2026
  Total elapsed time: 00:06:45