
  EPA STORM WATER MANAGEMENT MODEL - VERSION 5.2 (Build 5.2.4)
  ------------------------------------------------------------

  INP file created on 2026/5/10 16:06:32 by admini with inpPINS version 0.0.3.0 
  Title/Notes: 
  Dry baseline correction: duplicate dry-weather inflow at J03262121 was removed because this flow had already been represented at J03260047. 
  WARNING 04: minimum elevation drop used for Conduit 95
  WARNING 04: minimum elevation drop used for Conduit 842
  WARNING 04: minimum elevation drop used for Conduit 3755
  WARNING 04: minimum elevation drop used for Conduit 5796
  WARNING 04: minimum elevation drop used for Conduit 10024
  WARNING 04: minimum elevation drop used for Conduit 10405
  WARNING 04: minimum elevation drop used for Conduit 12638
  WARNING 04: minimum elevation drop used for Conduit 12652
  WARNING 04: minimum elevation drop used for Conduit 16887
  WARNING 04: minimum elevation drop used for Conduit 18383
  WARNING 04: minimum elevation drop used for Conduit 20636
  WARNING 04: minimum elevation drop used for Conduit 21760
  WARNING 04: minimum elevation drop used for Conduit 21799
  WARNING 04: minimum elevation drop used for Conduit 21833
  WARNING 04: minimum elevation drop used for Conduit 22658
  WARNING 04: minimum elevation drop used for Conduit 23122
  WARNING 04: minimum elevation drop used for Conduit 23164
  WARNING 04: minimum elevation drop used for Conduit 38889
  WARNING 04: minimum elevation drop used for Conduit 42723
  WARNING 02: maximum depth increased for Node J03010003
  WARNING 02: maximum depth increased for Node J03190001
  WARNING 02: maximum depth increased for Node J03190120
  WARNING 02: maximum depth increased for Node J03190124
  WARNING 02: maximum depth increased for Node J03190130
  WARNING 02: maximum depth increased for Node J03190134
  WARNING 02: maximum depth increased for Node J03260026
  WARNING 02: maximum depth increased for Node J03260029
  WARNING 02: maximum depth increased for Node J03260033
  WARNING 02: maximum depth increased for Node J03260048
  WARNING 02: maximum depth increased for Node J03260051
  WARNING 02: maximum depth increased for Node J03260054
  WARNING 02: maximum depth increased for Node J03260075
  WARNING 02: maximum depth increased for Node J03262031
  
  ****************
  Analysis Options
  ****************
  Flow Units ............... LPS
  Process Models:
    Rainfall/Runoff ........ YES
    RDII ................... NO
    Snowmelt ............... NO
    Groundwater ............ NO
    Flow Routing ........... YES
    Ponding Allowed ........ YES
    Water Quality .......... NO
  Infiltration Method ...... HORTON
  Flow Routing Method ...... DYNWAVE
  Surcharge Method ......... EXTRAN
  Starting Date ............ 05/10/2026 00:00:00
  Ending Date .............. 05/11/2026 00:00:00
  Antecedent Dry Days ...... 0.0
  Report Time Step ......... 00:10:00
  Wet Time Step ............ 00:02:00
  Dry Time Step ............ 01:00:00
  Routing Time Step ........ 1.00 sec
  Variable Time Step ....... YES
  Maximum Trials ........... 20
  Number of Threads ........ 1
  Head Tolerance ........... 0.002000 m
  
  
  **************************        Volume         Depth
  Runoff Quantity Continuity     hectare-m            mm
  **************************     ---------       -------
  Total Precipitation ......         1.717        23.958
  Evaporation Loss .........         0.000         0.000
  Infiltration Loss ........         0.122         1.695
  Surface Runoff ...........         1.592        22.212
  Final Storage ............         0.003         0.036
  Continuity Error (%) .....         0.061
  
  
  **************************        Volume        Volume
  Flow Routing Continuity        hectare-m      10^6 ltr
  **************************     ---------     ---------
  Dry Weather Inflow .......         0.321         3.214
  Wet Weather Inflow .......         1.593        15.932
  Groundwater Inflow .......         0.000         0.000
  RDII Inflow ..............         0.000         0.000
  External Inflow ..........         0.000         0.000
  External Outflow .........         1.710        17.099
  Flooding Loss ............         0.000         0.000
  Evaporation Loss .........         0.000         0.000
  Exfiltration Loss ........         0.000         0.000
  Initial Stored Volume ....         0.000         0.000
  Final Stored Volume ......         0.182         1.818
  Continuity Error (%) .....         1.200
  
  
  *************************
  Highest Continuity Errors
  *************************
  Node J03352032 (45.72%)
  Node J03191001 (42.00%)
  Node J03260559 (41.54%)
  Node J03190002 (38.23%)
  Node J03352027 (28.69%)
  
  
  ***************************
  Time-Step Critical Elements
  ***************************
  Link 20543 (11.68%)
  Link 12760 (5.11%)
  Link 20636 (4.04%)
  Link 12907 (4.03%)
  Link 20627 (2.81%)
  
  
  ********************************
  Highest Flow Instability Indexes
  ********************************
  Link P1 (70)
  Link 12884 (33)
  Link 19838 (30)
  Link 22609 (30)
  Link 38190 (30)
  
  
  *********************************
  Most Frequent Nonconverging Nodes
  *********************************
  Node J03260010 (0.32%)
  Node J03260161 (0.07%)
  Node J03260162 (0.07%)
  Node J03260160 (0.07%)
  Node J03260166 (0.07%)
  
  
  *************************
  Routing Time Step Summary
  *************************
  Minimum Time Step           :     0.00 sec
  Average Time Step           :     0.88 sec
  Maximum Time Step           :     1.00 sec
  % of Time in Steady State   :     0.00
  Average Iterations per Step :     3.53
  % of Steps Not Converging   :     0.32
  Time Step Frequencies       :
      1.000 -  0.871 sec      :    69.35 %
      0.871 -  0.758 sec      :     7.85 %
      0.758 -  0.660 sec      :     2.94 %
      0.660 -  0.574 sec      :     1.95 %
      0.574 -  0.500 sec      :    17.91 %
  
  
  ***************************
  Subcatchment Runoff Summary
  ***************************
  
  ------------------------------------------------------------------------------------------------------------------------------
                            Total      Total      Total      Total     Imperv       Perv      Total       Total     Peak  Runoff
                           Precip      Runon       Evap      Infil     Runoff     Runoff     Runoff      Runoff   Runoff   Coeff
  Subcatchment                 mm         mm         mm         mm         mm         mm         mm    10^6 ltr      LPS
  ------------------------------------------------------------------------------------------------------------------------------
  S1                        23.96       0.00       0.00       1.01      17.91       4.98      22.89        3.73   549.50   0.955
  S2                        23.96       0.00       0.00       2.17      14.33       7.41      21.74        4.94   698.20   0.907
  S3                        23.96       0.00       0.00       2.31      13.14       8.47      21.61        3.77   538.63   0.902
  S4                        23.96       0.00       0.00       1.06      15.54       7.32      22.86        1.07   159.84   0.954
  S5                        23.96       0.00       0.00       0.88      16.74       6.30      23.04        1.12   166.09   0.962
  S6                        23.96       0.00       0.00       1.12      15.54       7.26      22.80        1.29   193.10   0.952
  
  
  ******************
  Node Depth Summary
  ******************
  
  ---------------------------------------------------------------------------------
                                 Average  Maximum  Maximum  Time of Max    Reported
                                   Depth    Depth      HGL   Occurrence   Max Depth
  Node                 Type       Meters   Meters   Meters  days hr:min      Meters
  ---------------------------------------------------------------------------------
  G03160065            JUNCTION     0.05     0.20    30.55     0  02:00        0.20
  G03160066            JUNCTION     0.03     0.10    31.18     0  02:00        0.10
  G03160068            JUNCTION     0.00     0.00    30.03     0  00:00        0.00
  G03160069            JUNCTION     0.00     0.00    30.15     0  00:00        0.00
  G03160070            JUNCTION     0.48     0.65    29.72     0  02:00        0.65
  G03160073            JUNCTION     0.33     0.50    29.72     0  02:00        0.50
  J03010003            JUNCTION     0.11     0.25    27.75     0  02:01        0.25
  J03160546            JUNCTION     0.00     0.00    29.75     0  00:00        0.00
  J03160705            JUNCTION     0.00     0.00    29.67     0  00:00        0.00
  J03165846            JUNCTION     0.04     0.14    33.69     0  03:13        0.14
  J03166590            JUNCTION     0.00     0.00    29.98     0  00:00        0.00
  J03166604            JUNCTION     0.06     0.26    29.48     0  02:02        0.26
  J03166622            JUNCTION     0.00     0.00    31.62     0  00:00        0.00
  J03166623            JUNCTION     0.00     0.00    31.60     0  00:00        0.00
  J03176807            JUNCTION     0.65     1.17    33.12     0  02:08        1.10
  J03176811            JUNCTION     0.09     0.24    33.25     0  03:16        0.24
  J03176902            JUNCTION     0.35     1.45    31.54     0  03:33        1.38
  J03180002            JUNCTION     0.39     1.59    31.50     0  05:40        1.59
  J03180003            JUNCTION     0.90     2.05    31.43     0  02:49        2.05
  J03180004            JUNCTION     0.56     1.77    31.50     0  05:40        1.77
  J03180005            JUNCTION     0.27     1.46    31.70     0  05:37        1.43
  J03180006            JUNCTION     0.66     1.96    31.59     0  04:57        1.82
  J03180007            JUNCTION     0.28     1.49    31.70     0  05:37        1.47
  J03180008            JUNCTION     0.35     1.52    31.58     0  04:57        1.39
  J03180009            JUNCTION     0.19     0.98    31.49     0  04:57        0.95
  J03180010            JUNCTION     0.36     1.46    31.54     0  03:33        1.38
  J03180011            JUNCTION     0.17     1.07    31.65     0  03:33        0.89
  J03180015            JUNCTION     0.24     1.27    31.67     0  03:33        1.06
  J03180019            JUNCTION     0.16     0.82    31.51     0  02:44        0.79
  J03180020            JUNCTION     0.14     0.70    31.52     0  02:52        0.68
  J03180022            JUNCTION     0.11     0.55    31.51     0  02:53        0.54
  J03180025            JUNCTION     0.04     0.13    31.61     0  03:18        0.13
  J03180026            JUNCTION     0.12     0.22    31.84     0  03:18        0.22
  J03180030            JUNCTION     0.08     0.20    32.10     0  03:18        0.20
  J03180031            JUNCTION     0.00     0.00    32.40     0  00:00        0.00
  J03180032            JUNCTION     0.00     0.00    32.35     0  00:00        0.00
  J03180034            JUNCTION     0.11     0.24    32.27     0  03:17        0.24
  J03180037            JUNCTION     0.00     0.00    32.64     0  00:00        0.00
  J03180039            JUNCTION     0.07     0.16    32.79     0  03:17        0.16
  J03180043            JUNCTION     0.08     0.23    32.89     0  03:17        0.23
  J03180046            JUNCTION     0.09     0.19    33.19     0  03:17        0.19
  J03180049            JUNCTION     0.09     0.24    33.26     0  03:16        0.24
  J03180052            JUNCTION     0.09     0.27    33.31     0  03:16        0.27
  J03180056            JUNCTION     0.15     0.33    33.36     0  03:16        0.33
  J03180060            JUNCTION     0.13     0.33    33.38     0  03:16        0.33
  J03180062            JUNCTION     0.00     0.00    33.50     0  00:00        0.00
  J03180063            JUNCTION     0.13     0.33    33.39     0  03:16        0.33
  J03180074            JUNCTION     0.15     0.35    33.48     0  03:16        0.35
  J03180075            JUNCTION     0.00     0.00    33.76     0  00:00        0.00
  J03180077            JUNCTION     0.00     0.00    33.70     0  00:00        0.00
  J03180079            JUNCTION     0.00     0.00    34.08     0  00:00        0.00
  J03180080            JUNCTION     0.14     0.37    33.52     0  03:16        0.37
  J03180081            JUNCTION     0.00     0.00    33.63     0  00:00        0.00
  J03180082            JUNCTION     0.00     0.00    34.06     0  00:00        0.00
  J03180083            JUNCTION     0.11     0.38    33.57     0  03:15        0.38
  J03180084            JUNCTION     0.00     0.00    34.16     0  00:00        0.00
  J03180086            JUNCTION     0.00     0.00    34.23     0  00:00        0.00
  J03180087            JUNCTION     0.11     0.37    33.60     0  03:15        0.37
  J03180088            JUNCTION     0.00     0.00    34.06     0  00:00        0.00
  J03180090            JUNCTION     0.00     0.00    33.88     0  00:00        0.00
  J03180092            JUNCTION     0.11     0.37    33.65     0  03:15        0.37
  J03180093            JUNCTION     0.00     0.00    33.93     0  00:00        0.00
  J03180094            JUNCTION     0.00     0.00    34.33     0  00:00        0.00
  J03180097            JUNCTION     0.00     0.00    33.88     0  00:00        0.00
  J03180098            JUNCTION     0.00     0.00    34.14     0  00:00        0.00
  J03180100            JUNCTION     0.11     0.38    33.66     0  03:15        0.38
  J03180102            JUNCTION     0.00     0.00    34.19     0  00:00        0.00
  J03180103            JUNCTION     0.00     0.00    34.17     0  00:00        0.00
  J03180105            JUNCTION     0.11     0.38    33.68     0  03:15        0.38
  J03180106            JUNCTION     0.00     0.00    33.90     0  00:00        0.00
  J03180107            JUNCTION     0.00     0.00    33.92     0  00:00        0.00
  J03180109            JUNCTION     0.12     0.40    33.69     0  03:15        0.40
  J03180111            JUNCTION     0.12     0.40    33.70     0  03:18        0.40
  J03180113            JUNCTION     0.00     0.00    34.18     0  00:00        0.00
  J03180114            JUNCTION     0.09     0.34    33.78     0  03:11        0.34
  J03180116            JUNCTION     0.10     0.43    33.93     0  03:33        0.37
  J03180118            JUNCTION     0.23     0.53    33.72     0  03:18        0.53
  J03180119            JUNCTION     0.00     0.00    33.96     0  00:00        0.00
  J03180120            JUNCTION     0.00     0.00    34.40     0  00:00        0.00
  J03180124            JUNCTION     0.15     0.71    34.22     0  03:17        0.68
  J03189802            JUNCTION     0.14     0.36    32.86     0  02:05        0.35
  J03189803            JUNCTION     0.33     0.56    32.87     0  02:08        0.56
  J03189833            JUNCTION     0.02     0.21    34.00     0  03:15        0.21
  J03189834            JUNCTION     0.02     0.20    34.00     0  03:16        0.20
  J03189835            JUNCTION     0.22     0.90    34.03     0  03:18        0.87
  J03189836            JUNCTION     0.04     0.27    34.06     0  03:17        0.27
  J03189837            JUNCTION     0.08     0.32    34.06     0  03:16        0.32
  J03189838            JUNCTION     0.17     0.83    34.07     0  03:13        0.81
  J03189839            JUNCTION     0.07     0.52    34.08     0  03:19        0.50
  J03189840            JUNCTION     0.01     0.14    34.10     0  03:15        0.14
  J03189841            JUNCTION     0.02     0.26    34.10     0  03:16        0.26
  J03189842            JUNCTION     0.20     0.81    34.10     0  03:15        0.81
  J03189843            JUNCTION     0.03     0.29    34.16     0  03:15        0.29
  J03189844            JUNCTION     0.02     0.23    34.16     0  03:15        0.23
  J03189845            JUNCTION     0.00     0.00    34.30     0  00:00        0.00
  J03189846            JUNCTION     0.00     0.00    34.35     0  00:00        0.00
  J03189847            JUNCTION     0.00     0.00    34.36     0  00:00        0.00
  J03189848            JUNCTION     0.05     0.42    34.21     0  03:15        0.42
  J03190001            JUNCTION     0.59     1.91    31.04     0  03:41        1.91
  J03190002            JUNCTION     0.02     0.03    31.04     0  03:43        0.03
  J03190004            JUNCTION     0.03     0.31    31.05     0  03:41        0.30
  J03190007            JUNCTION     0.05     0.44    31.08     0  03:41        0.41
  J03190008            JUNCTION     0.61     1.97    31.07     0  03:41        1.94
  J03190010            JUNCTION     0.61     2.00    31.07     0  03:41        1.96
  J03190012            JUNCTION     0.05     0.42    31.08     0  03:41        0.37
  J03190013            JUNCTION     0.12     0.95    31.32     0  04:38        0.68
  J03190014            JUNCTION     0.63     2.00    31.04     0  03:41        2.00
  J03190015            JUNCTION     0.07     0.53    31.09     0  03:28        0.49
  J03190022            JUNCTION     0.19     0.69    31.05     0  03:37        0.66
  J03190025            JUNCTION     0.66     2.03    31.02     0  03:41        2.03
  J03190026            JUNCTION     0.06     0.49    31.06     0  03:38        0.47
  J03190027            JUNCTION     0.08     0.64    31.11     0  03:33        0.52
  J03190028            JUNCTION     0.68     2.05    30.99     0  03:44        2.05
  J03190029            JUNCTION     0.12     0.69    31.02     0  03:41        0.67
  J03190030            JUNCTION     0.20     0.98    31.01     0  03:28        0.94
  J03190031            JUNCTION     0.69     2.07    30.96     0  03:45        2.07
  J03190032            JUNCTION     0.13     0.71    30.99     0  03:41        0.69
  J03190034            JUNCTION     0.70     2.08    30.94     0  03:45        2.08
  J03190039            JUNCTION     0.71     2.10    30.91     0  03:48        2.10
  J03190042            JUNCTION     0.72     2.13    30.90     0  03:48        2.13
  J03190044            JUNCTION     0.13     0.91    31.15     0  04:38        0.66
  J03190045            JUNCTION     0.74     2.17    30.90     0  03:49        2.17
  J03190048            JUNCTION     0.76     2.21    30.89     0  03:49        2.21
  J03190051            JUNCTION     0.78     2.25    30.88     0  03:50        2.25
  J03190055            JUNCTION     0.79     2.29    30.87     0  03:50        2.29
  J03190059            JUNCTION     0.80     2.30    30.87     0  03:51        2.30
  J03190061            JUNCTION     0.81     2.33    30.87     0  03:51        2.33
  J03190064            JUNCTION     0.84     2.38    30.86     0  03:51        2.38
  J03190067            JUNCTION     0.86     2.43    30.86     0  03:53        2.43
  J03190070            JUNCTION     0.88     2.47    30.85     0  03:53        2.47
  J03190078            JUNCTION     0.89     2.49    30.85     0  03:52        2.49
  J03190083            JUNCTION     0.90     2.52    30.85     0  03:53        2.52
  J03190084            JUNCTION     0.91     2.52    30.85     0  03:53        2.52
  J03190085            JUNCTION     0.21     1.18    31.13     0  04:38        0.90
  J03190088            JUNCTION     0.91     2.55    30.84     0  03:55        2.55
  J03190089            JUNCTION     0.26     1.06    30.87     0  03:36        1.03
  J03190091            JUNCTION     0.94     2.60    30.84     0  03:55        2.60
  J03190092            JUNCTION     0.22     0.94    30.86     0  03:38        0.92
  J03190094            JUNCTION     0.96     2.64    30.84     0  03:56        2.64
  J03190096            JUNCTION     0.41     1.51    30.87     0  05:42        1.48
  J03190102            JUNCTION     0.98     2.68    30.83     0  03:56        2.68
  J03190106            JUNCTION     1.00     2.72    30.83     0  03:55        2.72
  J03190107            JUNCTION     1.02     2.77    30.82     0  03:55        2.77
  J03190111            JUNCTION     1.05     2.81    30.82     0  03:56        2.81
  J03190114            JUNCTION     1.08     2.85    30.81     0  03:56        2.85
  J03190117            JUNCTION     0.21     0.37    28.29     0  04:00        0.37
  J03190120            JUNCTION     0.21     0.36    28.23     0  03:59        0.36
  J03190121            JUNCTION     0.00     0.00    30.01     0  00:00        0.00
  J03190123            JUNCTION     0.00     0.00    29.70     0  00:00        0.00
  J03190124            JUNCTION     0.20     0.36    28.18     0  04:00        0.36
  J03190128            JUNCTION     0.20     0.34    28.12     0  04:00        0.34
  J03190129            JUNCTION     0.00     0.00    29.93     0  00:00        0.00
  J03190130            JUNCTION     0.19     0.33    28.07     0  04:00        0.32
  J03190133            JUNCTION     0.00     0.00    30.07     0  00:00        0.00
  J03190134            JUNCTION     0.16     0.28    27.97     0  02:01        0.28
  J03190138            JUNCTION     0.18     0.32    27.87     0  02:01        0.32
  J03190142            JUNCTION     1.09     1.20    28.89     0  02:04        1.20
  J03190145            JUNCTION     0.93     1.05    28.90     0  02:04        1.05
  J03190147            JUNCTION     0.81     0.93    28.90     0  02:04        0.93
  J03190149            JUNCTION     0.12     0.64    30.89     0  03:34        0.60
  J03190150            JUNCTION     0.11     0.46    30.81     0  03:38        0.45
  J03190155            JUNCTION     0.22     0.55    30.80     0  02:10        0.54
  J03190159            JUNCTION     0.55     0.90    30.81     0  02:08        0.88
  J03190161            JUNCTION     1.16     1.52    30.81     0  02:09        1.49
  J03190162            JUNCTION     0.43     0.74    30.78     0  02:10        0.74
  J03190164            JUNCTION     1.14     1.52    30.83     0  02:10        1.49
  J03190167            JUNCTION     0.17     0.48    30.79     0  02:26        0.47
  J03190839            JUNCTION     0.00     0.00    29.83     0  00:00        0.00
  J03190840            JUNCTION     0.00     0.00    29.94     0  00:00        0.00
  J03191001            JUNCTION     0.62     0.73    28.90     0  02:03        0.73
  J03191002            JUNCTION     0.60     2.00    30.89     0  04:38        1.96
  J03191003            JUNCTION     0.23     1.03    30.94     0  04:38        0.96
  J03191004            JUNCTION     0.26     1.19    31.08     0  04:38        0.96
  J03191005            JUNCTION     0.26     1.37    31.26     0  04:38        0.97
  J03191007            JUNCTION     0.61     1.94    30.94     0  03:33        1.86
  J03191008            JUNCTION     0.13     0.80    30.99     0  03:33        0.67
  J03191010            JUNCTION     0.25     1.05    30.88     0  03:41        1.03
  J03191015            JUNCTION     0.17     1.08    31.22     0  04:38        0.71
  J03191016            JUNCTION     0.12     0.62    30.89     0  03:45        0.59
  J03191017            JUNCTION     0.10     0.56    30.88     0  03:36        0.54
  J03191019            JUNCTION     0.21     0.90    30.88     0  03:36        0.87
  J03191021            JUNCTION     0.47     1.68    30.89     0  03:33        1.64
  J03191023            JUNCTION     0.16     0.72    30.89     0  03:36        0.69
  J03191100            JUNCTION     1.09     1.49    30.85     0  05:42        1.44
  J03191101            JUNCTION     0.22     0.70    30.88     0  03:41        0.68
  J03191102            JUNCTION     0.06     0.37    30.85     0  03:53        0.37
  J03191103            JUNCTION     0.42     1.52    30.88     0  03:38        1.49
  J03191950            JUNCTION     0.64     2.05    30.85     0  03:52        2.05
  J03191951            JUNCTION     0.17     1.06    31.13     0  04:38        0.78
  J03191952            JUNCTION     0.14     0.85    31.03     0  03:33        0.67
  J03191956            JUNCTION     0.06     0.27    30.78     0  02:31        0.26
  J03191983            JUNCTION     0.59     2.00    31.01     0  04:38        1.92
  J03192002            JUNCTION     0.57     1.68    30.88     0  03:36        1.65
  J03192077            JUNCTION     0.21     1.08    31.03     0  05:42        0.90
  J03193034            JUNCTION     0.35     1.38    30.91     0  03:33        1.32
  J03193036            JUNCTION     0.22     0.95    31.10     0  01:59        0.93
  J03193037            JUNCTION     0.27     1.22    31.09     0  02:00        1.19
  J03193038            JUNCTION     0.24     1.09    31.09     0  01:58        1.07
  J03193045            JUNCTION     0.16     0.86    31.10     0  01:59        0.85
  J03193051            JUNCTION     0.35     1.05    31.11     0  01:59        1.02
  J03193057            JUNCTION     0.37     1.09    31.13     0  01:59        1.06
  J03193062            JUNCTION     0.33     1.04    31.12     0  01:59        1.04
  J03193063            JUNCTION     0.31     1.03    31.13     0  02:00        1.00
  J03193064            JUNCTION     0.20     0.93    31.15     0  01:58        0.91
  J03193078            JUNCTION     0.34     1.09    31.17     0  01:58        1.08
  J03193080            JUNCTION     0.45     1.22    31.19     0  01:59        1.20
  J03193081            JUNCTION     0.37     1.16    31.22     0  01:58        1.14
  J03193083            JUNCTION     0.40     1.23    31.26     0  01:59        1.21
  J03193085            JUNCTION     0.36     1.19    31.26     0  01:59        1.16
  J03193093            JUNCTION     0.05     0.19    31.03     0  02:00        0.19
  J03193094            JUNCTION     0.15     0.36    30.95     0  02:00        0.36
  J03193097            JUNCTION     0.05     0.22    30.87     0  02:00        0.22
  J03193099            JUNCTION     0.00     0.00    31.17     0  00:00        0.00
  J03193100            JUNCTION     0.05     0.20    30.85     0  02:00        0.20
  J03193103            JUNCTION     0.15     0.41    30.81     0  02:00        0.41
  J03193104            JUNCTION     0.25     0.49    30.81     0  02:00        0.49
  J03193105            JUNCTION     0.07     0.32    30.80     0  02:00        0.32
  J03193110            JUNCTION     0.09     0.32    30.77     0  02:00        0.32
  J03193113            JUNCTION     0.07     0.29    30.76     0  02:00        0.29
  J03193114            JUNCTION     0.19     0.43    30.78     0  02:00        0.43
  J03193117            JUNCTION     0.36     0.59    30.77     0  02:00        0.59
  J03193121            JUNCTION     0.05     0.21    30.67     0  02:00        0.21
  J03193123            JUNCTION     0.19     1.03    31.30     0  01:58        1.01
  J03193126            JUNCTION     0.14     0.86    31.32     0  01:59        0.83
  J03193127            JUNCTION     0.11     0.82    31.31     0  01:59        0.80
  J03193128            JUNCTION     0.30     1.13    31.32     0  01:59        1.11
  J03193130            JUNCTION     0.32     1.15    31.32     0  01:59        1.14
  J03193131            JUNCTION     0.31     1.14    31.32     0  01:59        1.12
  J03193137            JUNCTION     0.26     1.10    31.33     0  01:59        1.08
  J03193141            JUNCTION     0.19     1.01    31.32     0  01:59        1.00
  J03193142            JUNCTION     0.36     1.18    31.32     0  01:59        1.16
  J03193143            JUNCTION     0.34     1.16    31.32     0  01:58        1.13
  J03193145            JUNCTION     0.28     1.10    31.32     0  01:59        1.09
  J03193146            JUNCTION     0.31     1.13    31.32     0  01:59        1.11
  J03193149            JUNCTION     0.19     0.30    30.45     0  02:00        0.30
  J03193150            JUNCTION     0.01     0.23    31.30     0  01:59        0.23
  J03193152            JUNCTION     0.33     1.15    31.32     0  01:58        1.13
  J03193154            JUNCTION     0.16     0.90    31.32     0  01:58        0.89
  J03193155            JUNCTION     0.12     0.86    31.33     0  01:59        0.83
  J03193162            JUNCTION     0.00     0.00    30.40     0  00:00        0.00
  J03193164            JUNCTION     0.00     0.05    29.88     0  02:00        0.05
  J03193167            JUNCTION     0.00     0.06    30.22     0  02:00        0.06
  J03193169            JUNCTION     0.04     0.13    30.45     0  02:00        0.12
  J03193170            JUNCTION     0.33     0.45    30.45     0  01:59        0.45
  J03193173            JUNCTION     0.00     0.00    30.69     0  00:00        0.00
  J03195537            JUNCTION     0.29     0.61    30.80     0  02:09        0.61
  J03195666            JUNCTION     0.41     1.25    31.27     0  01:59        1.24
  J03195750            JUNCTION     0.11     0.27    30.86     0  02:00        0.27
  J03195943            JUNCTION     1.10     1.47    30.82     0  02:08        1.43
  J03195944            JUNCTION     0.80     2.31    30.87     0  03:51        2.31
  J03195988            JUNCTION     1.06     1.93    31.32     0  04:38        1.38
  J03195991            JUNCTION     0.95     2.47    30.84     0  03:55        2.47
  J03196571            JUNCTION     0.00     0.00    30.83     0  00:00        0.00
  J03196573            JUNCTION     0.04     0.18    30.80     0  02:11        0.17
  J03196577            JUNCTION     0.00     0.00    30.11     0  00:00        0.00
  J03196579            JUNCTION     0.28     0.47    29.46     0  02:02        0.46
  J03198004            JUNCTION     0.76     2.27    30.84     0  03:55        2.27
  J03198005            JUNCTION     0.72     2.04    30.84     0  03:54        2.04
  J03233000            JUNCTION     0.76     1.66    34.69     0  03:33        1.62
  J03235001            JUNCTION     0.65     1.32    34.42     0  03:12        1.32
  J03235002            JUNCTION     1.42     2.42    34.82     0  03:12        2.42
  J03235003            JUNCTION     1.51     2.52    34.82     0  03:11        2.52
  J03235004            JUNCTION     0.00     0.00    34.46     0  00:00        0.00
  J03235006            JUNCTION     1.00     1.67    34.42     0  03:13        1.67
  J03235007            JUNCTION     0.83     2.09    35.13     0  03:07        2.09
  J03235013            JUNCTION     0.95     2.21    35.13     0  03:07        2.21
  J03235014            JUNCTION     0.00     0.00    34.45     0  00:00        0.00
  J03235018            JUNCTION     0.36     1.03    34.42     0  03:13        1.03
  J03235019            JUNCTION     0.57     2.03    35.38     0  03:01        2.03
  J03235024            JUNCTION     0.19     1.28    35.41     0  03:08        1.25
  J03235029            JUNCTION     0.18     1.24    35.41     0  02:58        1.21
  J03235031            JUNCTION     0.68     2.79    36.17     0  02:47        2.79
  J03235032            JUNCTION     0.26     2.00    36.43     0  03:38        1.73
  J03235041            JUNCTION     0.25     0.92    34.42     0  03:13        0.92
  J03235042            JUNCTION     0.03     0.31    34.42     0  03:13        0.31
  J03235045            JUNCTION     0.39     2.14    36.44     0  02:43        2.14
  J03235046            JUNCTION     0.36     2.29    36.44     0  02:43        2.29
  J03235049            JUNCTION     0.69     3.03    36.44     0  02:43        3.03
  J03235051            JUNCTION     0.17     0.84    34.42     0  03:13        0.84
  J03235052            JUNCTION     0.01     0.16    34.42     0  03:13        0.16
  J03235056            JUNCTION     0.40     2.56    36.74     0  02:34        2.56
  J03235058            JUNCTION     0.57     3.15    36.74     0  02:34        3.15
  J03235068            JUNCTION     0.00     0.03    34.42     0  03:14        0.03
  J03235069            JUNCTION     0.17     0.80    34.42     0  03:13        0.80
  J03235075            JUNCTION     0.68     3.50    37.09     0  02:21        3.50
  J03235080            JUNCTION     1.46     7.74    41.72     0  02:08        7.73
  J03235081            JUNCTION     0.03     0.03    34.55     0  00:00        0.03
  J03235088            JUNCTION     1.54     8.75    42.77     0  02:03        8.68
  J03260024            JUNCTION     1.42     2.81    31.21     0  03:44        2.81
  J03260025            JUNCTION     0.21     1.13    31.30     0  03:33        1.04
  J03260026            JUNCTION     1.66     3.06    31.20     0  03:45        3.06
  J03260027            JUNCTION     0.24     1.32    31.39     0  04:38        1.14
  J03260028            JUNCTION     0.26     1.33    31.34     0  03:33        1.20
  J03260029            JUNCTION     1.67     3.07    31.20     0  03:46        3.07
  J03260030            JUNCTION     0.25     1.18    31.23     0  03:41        1.15
  J03260031            JUNCTION     0.26     1.19    31.22     0  03:33        1.18
  J03260032            JUNCTION     0.69     2.02    31.19     0  03:47        2.02
  J03260033            JUNCTION     1.75     3.15    31.19     0  03:47        3.15
  J03260034            JUNCTION     0.26     1.38    31.38     0  04:38        1.20
  J03260047            JUNCTION     0.21     0.87    31.20     0  03:37        0.84
  J03260048            JUNCTION     2.06     3.47    31.17     0  03:48        3.47
  J03260049            JUNCTION     0.18     0.97    31.27     0  03:33        0.87
  J03260050            JUNCTION     0.16     0.94    31.26     0  03:33        0.84
  J03260051            JUNCTION     2.16     3.56    31.16     0  03:47        3.56
  J03260052            JUNCTION     0.11     0.68    31.20     0  03:33        0.65
  J03260054            JUNCTION     2.25     3.66    31.16     0  03:46        3.66
  J03260055            JUNCTION     0.14     0.51    31.19     0  03:37        0.48
  J03260058            JUNCTION     0.07     0.60    31.28     0  03:33        0.47
  J03260059            JUNCTION     0.52     1.82    31.17     0  03:38        1.79
  J03260060            JUNCTION     0.08     0.68    31.29     0  03:33        0.53
  J03260061            JUNCTION     0.30     1.43    31.28     0  03:33        1.30
  J03260062            JUNCTION     0.08     0.69    31.29     0  03:33        0.54
  J03260063            JUNCTION     0.54     1.83    31.13     0  03:33        1.82
  J03260064            JUNCTION     0.04     0.34    31.14     0  03:33        0.32
  J03260065            JUNCTION     0.55     1.87    31.13     0  03:38        1.84
  J03260066            JUNCTION     0.55     1.84    31.10     0  03:33        1.84
  J03260067            JUNCTION     0.04     0.33    31.11     0  03:37        0.31
  J03260075            JUNCTION     0.58     1.88    31.05     0  03:43        1.88
  J03260076            JUNCTION     0.00     0.00    31.19     0  00:00        0.00
  J03260077            JUNCTION     0.00     0.00    31.33     0  00:00        0.00
  J03260079            JUNCTION     0.00     0.00    31.32     0  00:00        0.00
  J03260080            JUNCTION     0.00     0.00    31.37     0  00:00        0.00
  J03260081            JUNCTION     0.00     0.00    31.30     0  00:00        0.00
  J03260082            JUNCTION     0.00     0.00    31.17     0  00:00        0.00
  J03260085            JUNCTION     0.00     0.01    31.13     0  03:35        0.01
  J03260086            JUNCTION     0.06     0.43    31.13     0  03:34        0.43
  J03260087            JUNCTION     0.00     0.00    31.62     0  00:00        0.00
  J03260088            JUNCTION     0.26     1.06    31.19     0  03:33        1.00
  J03260090            JUNCTION     0.23     0.84    31.20     0  02:10        0.82
  J03260093            JUNCTION     0.20     0.82    31.27     0  02:10        0.80
  J03260095            JUNCTION     0.23     0.88    31.33     0  02:10        0.87
  J03260097            JUNCTION     0.15     0.69    31.38     0  02:10        0.68
  J03260099            JUNCTION     0.11     0.49    31.43     0  02:10        0.49
  J03260147            JUNCTION     1.01     2.15    31.42     0  02:49        2.15
  J03260148            JUNCTION     0.33     1.26    31.45     0  02:49        1.24
  J03260149            JUNCTION     1.21     2.36    31.42     0  02:48        2.36
  J03260150            JUNCTION     1.08     2.22    31.42     0  02:48        2.22
  J03260151            JUNCTION     1.04     2.19    31.44     0  02:38        2.19
  J03260154            JUNCTION     1.12     2.30    31.48     0  02:24        2.29
  J03260156            JUNCTION     1.07     2.26    31.50     0  02:21        2.26
  J03260157            JUNCTION     0.93     2.14    31.52     0  02:18        2.14
  J03260159            JUNCTION     0.91     2.13    31.54     0  02:16        2.13
  J03260160            JUNCTION     0.39     1.54    31.56     0  02:18        1.52
  J03260161            JUNCTION     0.89     2.11    31.54     0  02:16        2.11
  J03260162            JUNCTION     0.94     2.21    31.60     0  02:12        2.21
  J03260164            JUNCTION     1.09     2.42    31.66     0  02:09        2.42
  J03260166            JUNCTION     1.06     2.44    31.72     0  02:06        2.44
  J03260167            JUNCTION     0.87     2.25    31.72     0  02:06        2.25
  J03260170            JUNCTION     0.96     2.40    31.79     0  02:04        2.38
  J03260171            JUNCTION     1.17     2.73    31.93     0  02:02        2.72
  J03260172            JUNCTION     0.84     2.44    31.97     0  02:01        2.43
  J03260174            JUNCTION     1.07     2.67    31.97     0  02:01        2.66
  J03260401            JUNCTION     0.08     0.37    31.46     0  02:10        0.37
  J03260403            JUNCTION     0.08     0.40    31.47     0  02:10        0.39
  J03260404            JUNCTION     0.04     0.28    31.48     0  02:09        0.28
  J03260405            JUNCTION     0.04     0.20    31.57     0  02:05        0.20
  J03260406            JUNCTION     0.00     0.00    32.36     0  00:00        0.00
  J03260407            JUNCTION     0.06     0.20    31.81     0  02:04        0.20
  J03260408            JUNCTION     0.07     0.26    31.87     0  02:04        0.26
  J03260409            JUNCTION     0.00     0.00    32.57     0  00:00        0.00
  J03260410            JUNCTION     0.04     0.23    31.94     0  02:04        0.23
  J03260411            JUNCTION     0.00     0.00    32.75     0  00:00        0.00
  J03260412            JUNCTION     0.04     0.19    32.08     0  02:04        0.19
  J03260413            JUNCTION     0.00     0.00    32.79     0  00:00        0.00
  J03260414            JUNCTION     0.05     0.25    32.21     0  02:03        0.25
  J03260415            JUNCTION     0.00     0.00    32.79     0  00:00        0.00
  J03260416            JUNCTION     0.03     0.19    32.24     0  02:03        0.18
  J03260417            JUNCTION     0.03     0.17    32.25     0  02:03        0.17
  J03260418            JUNCTION     0.06     0.21    32.40     0  02:03        0.21
  J03260419            JUNCTION     0.00     0.00    32.19     0  00:00        0.00
  J03260421            JUNCTION     0.04     0.20    32.56     0  02:03        0.20
  J03260422            JUNCTION     0.15     0.37    32.62     0  02:02        0.36
  J03260424            JUNCTION     0.09     0.34    32.65     0  02:02        0.33
  J03260425            JUNCTION     0.06     0.27    32.65     0  02:02        0.27
  J03260426            JUNCTION     0.13     0.54    32.94     0  02:01        0.54
  J03260427            JUNCTION     0.11     0.47    32.95     0  02:00        0.47
  J03260429            JUNCTION     0.71     1.19    33.08     0  02:08        1.16
  J03260431            JUNCTION     0.25     2.29    36.12     0  02:00        2.29
  J03260532            JUNCTION     0.12     0.37    32.80     0  03:16        0.37
  J03260533            JUNCTION     0.11     0.36    32.80     0  03:16        0.36
  J03260534            JUNCTION     0.00     0.00    33.13     0  00:00        0.00
  J03260536            JUNCTION     0.13     0.38    32.65     0  02:02        0.37
  J03260538            JUNCTION     0.12     0.32    32.51     0  02:02        0.32
  J03260539            JUNCTION     0.00     0.00    32.59     0  00:00        0.00
  J03260541            JUNCTION     0.10     0.29    32.45     0  02:01        0.29
  J03260542            JUNCTION     0.19     0.41    32.36     0  02:01        0.40
  J03260544            JUNCTION     0.00     0.00    32.47     0  00:00        0.00
  J03260546            JUNCTION     0.13     0.28    32.27     0  02:01        0.28
  J03260547            JUNCTION     0.00     0.00    32.99     0  00:00        0.00
  J03260548            JUNCTION     0.10     0.29    32.06     0  02:03        0.28
  J03260550            JUNCTION     0.00     0.00    32.05     0  00:00        0.00
  J03260551            JUNCTION     0.10     0.30    31.89     0  02:03        0.30
  J03260555            JUNCTION     0.00     0.00    32.86     0  00:00        0.00
  J03260558            JUNCTION     0.68     0.92    31.85     0  02:03        0.92
  J03260559            JUNCTION     1.10     1.34    31.85     0  02:03        1.34
  J03260560            JUNCTION     0.52     0.75    31.85     0  02:03        0.75
  J03260561            JUNCTION     0.18     0.42    31.81     0  02:04        0.41
  J03260562            JUNCTION     0.00     0.00    32.23     0  00:00        0.00
  J03260564            JUNCTION     0.18     0.38    31.75     0  02:04        0.38
  J03260566            JUNCTION     0.12     0.36    31.64     0  02:07        0.35
  J03260567            JUNCTION     0.00     0.00    32.46     0  00:00        0.00
  J03260568            JUNCTION     0.14     0.41    31.58     0  02:08        0.41
  J03260569            JUNCTION     0.00     0.00    32.47     0  00:00        0.00
  J03260571            JUNCTION     0.11     0.45    31.54     0  02:08        0.44
  J03260572            JUNCTION     0.00     0.00    32.44     0  00:00        0.00
  J03260574            JUNCTION     0.32     0.67    31.51     0  02:08        0.67
  J03260575            JUNCTION     0.00     0.00    32.09     0  00:00        0.00
  J03260577            JUNCTION     0.23     0.55    31.48     0  02:09        0.55
  J03260578            JUNCTION     0.00     0.00    31.72     0  00:00        0.00
  J03261001            JUNCTION     0.00     0.00    28.36     0  00:00        0.00
  J03261009            JUNCTION     1.74     3.15    31.21     0  03:46        3.15
  J03261010            JUNCTION     0.39     1.64    31.25     0  03:45        1.60
  J03261011            JUNCTION     1.43     2.82    31.21     0  03:44        2.82
  J03261012            JUNCTION     0.27     1.31    31.31     0  03:33        1.21
  J03261013            JUNCTION     0.38     1.61    31.25     0  03:45        1.57
  J03261014            JUNCTION     1.76     3.17    31.21     0  03:45        3.17
  J03261015            JUNCTION     0.47     2.00    31.41     0  04:38        1.80
  J03262003            JUNCTION     0.00     0.00    28.28     0  00:00        0.00
  J03262004            JUNCTION     0.00     0.00    27.85     0  00:00        0.00
  J03262008            JUNCTION     0.00     0.00    28.22     0  00:00        0.00
  J03262029            JUNCTION     0.17     1.16    31.43     0  04:38        0.91
  J03262030            JUNCTION     0.20     1.08    31.26     0  03:33        0.99
  J03262031            JUNCTION     2.09     3.50    31.17     0  03:48        3.50
  J03262068            JUNCTION     0.00     0.00    28.90     0  00:00        0.00
  J03262069            JUNCTION     0.00     0.00    28.90     0  00:00        0.00
  J03262070            JUNCTION     0.00     0.00    28.93     0  00:00        0.00
  J03262073            JUNCTION     0.00     0.00    29.91     0  00:00        0.00
  J03262074            JUNCTION     0.00     0.00    29.72     0  00:00        0.00
  J03262075            JUNCTION     0.00     0.00    29.91     0  00:00        0.00
  J03262076            JUNCTION     0.00     0.00    29.80     0  00:00        0.00
  J03262078            JUNCTION     0.00     0.00    29.17     0  00:00        0.00
  J03262079            JUNCTION     0.00     0.00    30.51     0  00:00        0.00
  J03262080            JUNCTION     0.00     0.00    30.57     0  00:00        0.00
  J03262083            JUNCTION     0.00     0.00    29.98     0  00:00        0.00
  J03262093            JUNCTION     0.00     0.00    30.07     0  00:00        0.00
  J03262094            JUNCTION     0.00     0.00    29.93     0  00:00        0.00
  J03262095            JUNCTION     0.00     0.00    30.49     0  00:00        0.00
  J03262096            JUNCTION     0.00     0.00    29.75     0  00:00        0.00
  J03262097            JUNCTION     0.00     0.00    30.48     0  00:00        0.00
  J03262098            JUNCTION     0.00     0.00    30.45     0  00:00        0.00
  J03262099            JUNCTION     0.00     0.00    29.72     0  00:00        0.00
  J03262100            JUNCTION     0.00     0.00    29.61     0  00:00        0.00
  J03262101            JUNCTION     0.00     0.00    30.16     0  00:00        0.00
  J03262102            JUNCTION     0.00     0.00    29.88     0  00:00        0.00
  J03262106            JUNCTION     0.00     0.00    30.39     0  00:00        0.00
  J03262113            JUNCTION     0.00     0.00    30.12     0  00:00        0.00
  J03262114            JUNCTION     0.00     0.00    29.85     0  00:00        0.00
  J03262119            JUNCTION     0.00     0.00    30.17     0  00:00        0.00
  J03262120            JUNCTION     0.00     0.00    30.17     0  00:00        0.00
  J03262121            JUNCTION     0.00     0.00    30.44     0  00:00        0.00
  J03262126            JUNCTION     0.00     0.00    29.75     0  00:00        0.00
  J03262127            JUNCTION     0.00     0.00    30.41     0  00:00        0.00
  J03262128            JUNCTION     0.00     0.00    29.22     0  00:00        0.00
  J03262795            JUNCTION     0.42     2.00    31.71     0  05:37        1.54
  J03263001            JUNCTION     0.49     1.89    31.30     0  03:33        1.81
  J03263002            JUNCTION     0.47     1.79    31.34     0  03:33        1.70
  J03263004            JUNCTION     1.13     2.50    31.21     0  03:44        2.50
  J03263005            JUNCTION     0.53     1.95    31.31     0  05:37        1.86
  J03263007            JUNCTION     0.58     2.00    31.45     0  04:38        1.82
  J03263010            JUNCTION     0.54     1.80    31.32     0  03:33        1.76
  J03263011            JUNCTION     0.41     1.87    31.45     0  04:38        1.64
  J03263012            JUNCTION     0.38     2.00    31.69     0  05:37        1.55
  J03263015            JUNCTION     0.54     1.86    31.43     0  05:37        1.68
  J03263016            JUNCTION     1.31     2.69    31.21     0  03:44        2.69
  J03263017            JUNCTION     0.64     2.00    31.44     0  04:38        1.89
  J03263018            JUNCTION     0.45     1.70    31.41     0  03:33        1.64
  J03263024            JUNCTION     0.40     1.53    31.39     0  03:28        1.50
  J03263049            JUNCTION     0.50     2.00    31.63     0  04:38        1.65
  J03263053            JUNCTION     0.56     1.84    31.42     0  03:33        1.72
  J03263054            JUNCTION     0.44     1.75    31.45     0  03:33        1.59
  J03263057            JUNCTION     0.34     1.41    31.39     0  02:56        1.39
  J03263058            JUNCTION     1.56     2.70    31.37     0  02:59        2.70
  J03263061            JUNCTION     0.38     1.62    31.41     0  03:33        1.53
  J03263063            JUNCTION     0.46     1.83    31.52     0  03:33        1.62
  J03263075            JUNCTION     1.23     2.36    31.37     0  02:59        2.36
  J03263078            JUNCTION     0.54     1.66    31.37     0  02:59        1.64
  J03263079            JUNCTION     0.34     1.55    31.46     0  04:38        1.43
  J03263080            JUNCTION     1.11     2.24    31.39     0  02:54        2.24
  J03263081            JUNCTION     0.14     0.81    31.42     0  03:01        0.79
  J03263082            JUNCTION     0.49     1.63    31.42     0  02:49        1.62
  J03264861            JUNCTION     0.04     0.43    34.43     0  03:10        0.40
  J03264862            JUNCTION     0.04     0.36    34.43     0  03:13        0.34
  J03264872            JUNCTION     0.14     0.82    33.87     0  03:12        0.81
  J03264875            JUNCTION     0.03     0.25    33.69     0  03:17        0.25
  J03264876            JUNCTION     0.13     0.77    33.72     0  03:11        0.74
  J03264882            JUNCTION     0.16     0.71    33.40     0  03:33        0.68
  J03264883            JUNCTION     0.11     0.65    33.38     0  03:11        0.63
  J03264891            JUNCTION     0.28     0.78    33.07     0  00:35        0.68
  J03264892            JUNCTION     0.54     0.99    33.02     0  03:32        0.94
  J03264894            JUNCTION     0.25     0.58    32.89     0  03:38        0.57
  J03264900            JUNCTION     0.17     1.21    31.81     0  04:38        0.87
  J03264960            JUNCTION     0.97     2.11    31.41     0  02:51        2.11
  J03264964            JUNCTION     0.92     2.06    31.42     0  02:49        2.06
  J03265000            JUNCTION     0.00     0.00    32.37     0  00:00        0.00
  J03265001            JUNCTION     0.00     0.00    32.31     0  00:00        0.00
  J03266226            JUNCTION     0.42     1.32    31.37     0  03:33        1.29
  J03266227            JUNCTION     0.24     1.12    31.37     0  03:11        1.10
  J03266669            JUNCTION     0.79     2.00    31.49     0  05:40        2.00
  J03266670            JUNCTION     0.84     2.00    31.44     0  02:51        1.98
  J03266695            JUNCTION     0.00     0.00    31.54     0  00:00        0.00
  J03266696            JUNCTION     0.00     0.00    32.05     0  00:00        0.00
  J03266698            JUNCTION     0.00     0.00    32.53     0  00:00        0.00
  J03266706            JUNCTION     0.00     0.00    32.41     0  00:00        0.00
  J03266707            JUNCTION     0.11     0.33    32.76     0  02:00        0.32
  J03351040            JUNCTION     0.16     0.91    34.45     0  03:12        0.87
  J03351041            JUNCTION     0.04     0.13    34.40     0  03:14        0.13
  J03351042            JUNCTION     0.16     0.86    34.40     0  03:14        0.86
  J03351044            JUNCTION     0.27     1.00    34.35     0  03:11        0.98
  J03351046            JUNCTION     0.15     0.95    34.27     0  03:10        0.93
  J03351047            JUNCTION     0.02     0.21    34.24     0  03:14        0.21
  J03351048            JUNCTION     0.01     0.15    34.24     0  03:14        0.15
  J03351049            JUNCTION     0.15     0.94    34.19     0  03:10        0.92
  J03351051            JUNCTION     0.16     0.94    34.09     0  03:10        0.94
  J03351053            JUNCTION     0.06     0.46    34.09     0  03:16        0.46
  J03351056            JUNCTION     0.25     1.01    33.96     0  03:12        0.98
  J03351058            JUNCTION     0.16     0.85    33.87     0  03:05        0.82
  J03351067            JUNCTION     0.13     0.78    33.79     0  03:12        0.76
  J03351068            JUNCTION     0.14     0.75    33.69     0  03:17        0.75
  J03351070            JUNCTION     0.08     0.31    33.69     0  03:16        0.31
  J03351071            JUNCTION     0.03     0.13    33.69     0  03:17        0.13
  J03351072            JUNCTION     0.14     0.89    33.71     0  03:33        0.80
  J03351075            JUNCTION     0.18     0.93    33.63     0  03:33        0.84
  J03351076            JUNCTION     0.32     1.10    33.64     0  03:33        0.91
  J03351078            JUNCTION     0.13     0.68    33.39     0  03:25        0.65
  J03351080            JUNCTION     0.14     0.67    33.31     0  03:10        0.65
  J03351083            JUNCTION     0.10     0.53    33.20     0  03:15        0.53
  J03351085            JUNCTION     0.02     0.15    33.20     0  03:15        0.15
  J03351086            JUNCTION     0.01     0.12    33.20     0  03:15        0.12
  J03351087            JUNCTION     0.11     0.59    33.14     0  03:19        0.57
  J03351089            JUNCTION     0.16     0.67    33.10     0  00:37        0.61
  J03351092            JUNCTION     1.10     1.56    33.01     0  03:21        1.52
  J03351093            JUNCTION     0.47     0.92    33.02     0  03:32        0.87
  J03351094            JUNCTION     0.29     0.61    32.88     0  03:15        0.61
  J03351095            JUNCTION     0.00     0.00    32.91     0  00:00        0.00
  J03351097            JUNCTION     0.30     0.56    32.80     0  03:16        0.56
  J03352001            JUNCTION     0.14     0.37    32.82     0  02:04        0.36
  J03352003            JUNCTION     0.24     0.47    32.87     0  02:08        0.46
  J03352004            JUNCTION     0.19     0.43    32.88     0  02:08        0.43
  J03352005            JUNCTION     0.24     0.48    32.88     0  02:08        0.48
  J03352007            JUNCTION     0.18     0.48    32.97     0  03:17        0.48
  J03352009            JUNCTION     0.15     0.46    33.07     0  03:17        0.46
  J03352010            JUNCTION     0.00     0.00    33.32     0  00:00        0.00
  J03352011            JUNCTION     0.20     0.57    33.19     0  03:13        0.53
  J03352013            JUNCTION     0.00     0.00    33.43     0  00:00        0.00
  J03352014            JUNCTION     0.18     0.53    33.24     0  03:17        0.53
  J03352015            JUNCTION     0.00     0.00    33.50     0  00:00        0.00
  J03352016            JUNCTION     0.16     0.48    33.29     0  03:17        0.48
  J03352017            JUNCTION     0.25     0.64    33.38     0  03:18        0.64
  J03352018            JUNCTION     0.00     0.00    33.54     0  00:00        0.00
  J03352026            JUNCTION     0.22     0.81    33.77     0  03:18        0.81
  J03352027            JUNCTION     0.03     0.07    33.77     0  03:18        0.07
  J03352028            JUNCTION     0.25     0.91    33.86     0  03:08        0.88
  J03352029            JUNCTION     0.20     0.83    33.86     0  03:16        0.83
  J03352030            JUNCTION     0.00     0.04    33.86     0  03:17        0.04
  J03352031            JUNCTION     0.25     0.86    33.94     0  03:15        0.86
  J03352032            JUNCTION     0.03     0.06    33.95     0  04:14        0.05
  J03352033            JUNCTION     0.25     0.90    34.00     0  03:15        0.90
  J03352034            JUNCTION     0.00     0.03    34.00     0  03:17        0.03
  J03352035            JUNCTION     0.19     0.78    34.06     0  03:15        0.78
  J03352036            JUNCTION     0.03     0.15    34.06     0  03:15        0.15
  J03352037            JUNCTION     0.26     0.87    34.10     0  03:15        0.87
  J03352038            JUNCTION     0.03     0.07    34.10     0  03:17        0.07
  J03352039            JUNCTION     0.06     0.45    34.13     0  03:11        0.45
  J03352041            JUNCTION     0.19     0.77    34.16     0  03:15        0.77
  J03352042            JUNCTION     0.00     0.00    34.30     0  00:00        0.00
  J03352043            JUNCTION     0.16     0.69    34.25     0  03:14        0.69
  J03352045            JUNCTION     0.15     0.69    34.21     0  03:15        0.69
  J03352046            JUNCTION     0.00     0.00    34.22     0  00:00        0.00
  J03352144            JUNCTION     0.17     0.78    34.13     0  03:15        0.78
  J03355147            JUNCTION     0.15     0.95    34.31     0  03:11        0.91
  J03380002            JUNCTION     0.17     0.29    29.38     0  02:03        0.29
  J03380007            JUNCTION     0.16     0.30    29.40     0  02:03        0.30
  J03380010            JUNCTION     0.24     0.39    29.42     0  02:03        0.39
  J03380014            JUNCTION     0.21     0.38    29.44     0  02:03        0.37
  J03380016            JUNCTION     0.12     0.29    29.45     0  02:02        0.29
  J03380018            JUNCTION     0.00     0.00    30.22     0  00:00        0.00
  J03380025            JUNCTION     0.19     0.37    29.46     0  02:02        0.37
  J03380029            JUNCTION     0.19     0.40    29.49     0  02:02        0.40
  J03380032            JUNCTION     0.12     0.33    29.50     0  02:01        0.33
  J03380033            JUNCTION     0.00     0.00    30.41     0  00:00        0.00
  J03380034            JUNCTION     0.00     0.00    30.51     0  00:00        0.00
  J03380037            JUNCTION     0.05     0.23    30.54     0  02:01        0.23
  J03380040            JUNCTION     0.04     0.17    29.60     0  02:01        0.17
  J03380042            JUNCTION     0.09     0.23    29.64     0  02:01        0.23
  J03380046            JUNCTION     0.00     0.00    30.13     0  00:00        0.00
  J03380047            JUNCTION     0.06     0.21    29.68     0  02:01        0.21
  J03380053            JUNCTION     0.09     0.25    29.71     0  02:00        0.25
  J03380055            JUNCTION     0.00     0.00    30.26     0  00:00        0.00
  J03380056            JUNCTION     0.36     0.53    29.72     0  02:00        0.53
  J03380057            JUNCTION     0.24     0.41    29.72     0  02:00        0.41
  J03380058            JUNCTION     0.05     0.14    30.25     0  02:10        0.14
  J03380060            JUNCTION     0.13     0.35    30.53     0  02:11        0.35
  J03380065            JUNCTION     0.21     0.49    30.61     0  02:11        0.49
  J03380071            JUNCTION     0.17     0.46    30.64     0  02:11        0.46
  J03380073            JUNCTION     0.26     0.57    30.66     0  02:11        0.57
  J03380075            JUNCTION     0.15     0.46    30.68     0  02:10        0.46
  J03380076            JUNCTION     0.14     0.45    30.68     0  02:10        0.45
  J03380077            JUNCTION     0.18     0.50    30.69     0  02:10        0.50
  J03380079            JUNCTION     0.30     0.63    30.71     0  02:10        0.63
  J03380081            JUNCTION     0.24     0.60    30.74     0  02:10        0.60
  J03380083            JUNCTION     0.16     0.52    30.76     0  02:10        0.52
  J03380085            JUNCTION     0.15     0.49    30.79     0  02:10        0.49
  J03380088            JUNCTION     0.83     1.17    30.80     0  02:10        1.16
  J03380089            JUNCTION     0.24     0.54    30.83     0  02:10        0.54
  J03380092            JUNCTION     0.31     0.65    30.88     0  02:09        0.64
  J03380095            JUNCTION     0.16     0.53    30.92     0  02:08        0.53
  J03380096            JUNCTION     0.37     0.78    30.96     0  02:08        0.78
  J03380098            JUNCTION     0.20     0.65    31.01     0  02:08        0.65
  J03380100            JUNCTION     0.18     0.62    31.05     0  02:07        0.62
  J03380102            JUNCTION     0.17     0.65    31.10     0  02:07        0.64
  J03380104            JUNCTION     0.19     0.65    31.15     0  02:05        0.64
  J03380106            JUNCTION     0.26     0.80    31.23     0  02:07        0.76
  J03380109            JUNCTION     0.12     0.64    31.23     0  02:04        0.63
  J03380113            JUNCTION     0.12     0.63    31.26     0  02:04        0.61
  J03380117            JUNCTION     0.14     0.62    31.28     0  02:04        0.60
  J03380120            JUNCTION     0.66     1.21    31.34     0  02:08        1.16
  J03380124            JUNCTION     0.13     0.55    31.35     0  02:04        0.54
  J03380127            JUNCTION     0.16     0.61    31.40     0  02:04        0.59
  J03380129            JUNCTION     0.15     0.60    31.40     0  02:04        0.58
  J03380131            JUNCTION     0.14     0.60    31.44     0  02:04        0.58
  J03380136            JUNCTION     0.10     0.50    31.48     0  02:04        0.49
  J03380137            JUNCTION     0.12     0.51    31.51     0  02:04        0.50
  J03380142            JUNCTION     0.14     0.54    31.54     0  02:04        0.52
  J03380145            JUNCTION     0.14     0.50    31.58     0  02:04        0.49
  J03380148            JUNCTION     0.11     0.48    31.63     0  02:03        0.47
  J03380152            JUNCTION     0.11     0.42    31.70     0  02:03        0.42
  J03380155            JUNCTION     0.09     0.35    31.81     0  02:03        0.35
  J03380159            JUNCTION     0.08     0.30    31.99     0  02:03        0.30
  J03380162            JUNCTION     0.09     0.32    32.20     0  01:58        0.32
  J03380165            JUNCTION     0.13     0.38    32.23     0  02:01        0.38
  J03380166            JUNCTION     0.10     0.34    32.37     0  02:00        0.33
  J03380170            JUNCTION     0.17     0.46    32.44     0  02:00        0.46
  J03380173            JUNCTION     0.07     0.28    32.67     0  02:00        0.28
  J03380175            JUNCTION     0.03     0.03    31.95     0  00:10        0.03
  J03380177            JUNCTION     0.02     0.02    31.74     0  00:15        0.02
  J03380178            JUNCTION     0.21     0.21    31.69     0  04:46        0.21
  J03380180            JUNCTION     0.00     0.00    32.07     0  00:00        0.00
  J03380182            JUNCTION     0.02     0.02    31.67     0  06:24        0.02
  J03380184            JUNCTION     0.03     0.03    31.39     0  08:50        0.03
  J03380186            JUNCTION     0.03     0.03    31.24     0  06:53        0.03
  J03380188            JUNCTION     0.03     0.03    31.14     0  06:42        0.03
  J03380190            JUNCTION     0.03     0.03    30.96     0  06:23        0.03
  J03380195            JUNCTION     0.08     0.08    30.89     0  02:11        0.08
  J03380197            JUNCTION     0.02     0.02    30.88     0  01:46        0.02
  J03380198            JUNCTION     0.00     0.00    31.48     0  00:00        0.00
  J03380199            JUNCTION     0.15     0.20    30.80     0  02:13        0.20
  J03380200            JUNCTION     0.00     0.00    31.36     0  00:00        0.00
  J03380201            JUNCTION     0.04     0.09    30.80     0  02:12        0.09
  J03380203            JUNCTION     0.00     0.00    31.75     0  00:00        0.00
  J03380204            JUNCTION     0.00     0.00    31.95     0  00:00        0.00
  J03380206            JUNCTION     0.00     0.00    31.42     0  00:00        0.00
  J03380207            JUNCTION     0.05     0.14    30.80     0  02:12        0.14
  J03380209            JUNCTION     0.12     0.22    30.80     0  02:12        0.22
  J03380210            JUNCTION     0.00     0.00    30.88     0  00:00        0.00
  J03380211            JUNCTION     0.07     0.17    30.80     0  02:11        0.16
  J03380212            JUNCTION     0.00     0.00    30.90     0  00:00        0.00
  J03380213            JUNCTION     0.10     0.20    30.80     0  02:11        0.20
  J03380215            JUNCTION     0.03     0.14    30.80     0  02:11        0.13
  J03380218            JUNCTION     0.12     0.37    30.80     0  02:11        0.36
  J03380219            JUNCTION     0.10     0.40    30.80     0  02:11        0.39
  J03380221            JUNCTION     0.14     0.45    30.80     0  02:10        0.44
  J03380223            JUNCTION     0.55     0.89    30.80     0  02:10        0.88
  J03380224            JUNCTION     0.13     0.48    30.82     0  02:10        0.46
  J03380225            JUNCTION     0.23     0.56    30.80     0  02:10        0.55
  J03380227            JUNCTION     0.26     0.59    30.80     0  02:10        0.58
  J03380228            JUNCTION     0.39     0.72    30.80     0  02:10        0.71
  J03380230            JUNCTION     0.21     0.54    30.80     0  02:10        0.53
  J03380231            JUNCTION     0.00     0.00    30.87     0  00:00        0.00
  J03380232            JUNCTION     0.47     0.81    30.80     0  02:11        0.80
  J03380235            JUNCTION     1.01     1.36    30.80     0  02:10        1.35
  J03380236            JUNCTION     0.24     1.14    31.37     0  04:38        0.55
  J03380237            JUNCTION     1.06     1.90    31.29     0  04:38        1.44
  J03380238            JUNCTION     1.13     1.75    31.07     0  04:38        1.46
  J03380239            JUNCTION     0.26     0.59    30.80     0  02:10        0.58
  J03380240            JUNCTION     0.09     0.40    30.80     0  02:10        0.39
  J03380241            JUNCTION     0.06     0.30    30.80     0  02:10        0.29
  J03380243            JUNCTION     0.35     0.68    30.80     0  02:34        0.67
  J03380245            JUNCTION     0.32     0.66    30.81     0  02:34        0.64
  J03380248            JUNCTION     0.00     0.00    30.80     0  02:34        0.00
  J03380252            JUNCTION     0.00     0.00    30.08     0  00:00        0.00
  J03380254            JUNCTION     0.00     0.00    30.05     0  00:00        0.00
  J03380255            JUNCTION     0.00     0.00    30.99     0  00:00        0.00
  J03380256            JUNCTION     0.00     0.00    30.05     0  00:00        0.00
  J03380258            JUNCTION     0.00     0.00    29.97     0  00:00        0.00
  J03380260            JUNCTION     0.00     0.00    30.00     0  00:00        0.00
  J03380262            JUNCTION     0.00     0.00    29.89     0  00:00        0.00
  J03380264            JUNCTION     0.00     0.00    29.86     0  00:00        0.00
  J03380265            JUNCTION     0.01     0.09    29.72     0  02:00        0.09
  J03380266            JUNCTION     0.35     0.52    29.72     0  02:00        0.52
  J03380267            JUNCTION     0.00     0.04    29.72     0  02:00        0.04
  J03380272            JUNCTION     0.00     0.00    30.30     0  00:00        0.00
  J03380280            JUNCTION     0.00     0.00    29.51     0  00:00        0.00
  J03380281            JUNCTION     0.00     0.00    30.18     0  00:00        0.00
  J03380282            JUNCTION     0.21     0.38    29.72     0  02:00        0.38
  J03380284            JUNCTION     0.01     0.07    29.72     0  02:00        0.07
  J03380286            JUNCTION     0.00     0.00    30.73     0  00:00        0.00
  J03380287            JUNCTION     0.00     0.00    30.05     0  00:00        0.00
  J03380288            JUNCTION     0.00     0.00    30.35     0  00:00        0.00
  J03380289            JUNCTION     0.00     0.00    30.10     0  00:00        0.00
  J03380290            JUNCTION     0.00     0.00    30.27     0  00:00        0.00
  J03380291            JUNCTION     0.00     0.00    30.24     0  00:00        0.00
  J03380292            JUNCTION     0.00     0.00    30.01     0  00:00        0.00
  J03380293            JUNCTION     0.00     0.00    30.16     0  00:00        0.00
  J03380295            JUNCTION     0.00     0.00    30.19     0  00:00        0.00
  J03380299            JUNCTION     0.00     0.00    30.10     0  00:00        0.00
  J03380301            JUNCTION     0.00     0.00    29.72     0  00:00        0.00
  J03380302            JUNCTION     0.00     0.00    29.72     0  00:00        0.00
  J03380305            JUNCTION     0.00     0.00    29.70     0  00:00        0.00
  J03380307            JUNCTION     0.00     0.00    29.67     0  00:00        0.00
  J03380310            JUNCTION     0.00     0.00    29.90     0  00:00        0.00
  J03380316            JUNCTION     0.00     0.00    29.65     0  00:00        0.00
  J03380318            JUNCTION     0.00     0.00    29.81     0  00:00        0.00
  J03380322            JUNCTION     0.00     0.00    29.70     0  00:00        0.00
  J03380323            JUNCTION     0.00     0.00    30.66     0  00:00        0.00
  J03380325            JUNCTION     0.00     0.00    31.08     0  00:00        0.00
  J03380327            JUNCTION     0.00     0.00    29.54     0  00:00        0.00
  J03380328            JUNCTION     0.00     0.00    29.75     0  00:00        0.00
  J03380331            JUNCTION     0.00     0.00    31.06     0  00:00        0.00
  J03380332            JUNCTION     0.00     0.00    29.63     0  00:00        0.00
  J03380335            JUNCTION     0.00     0.00    29.72     0  00:00        0.00
  J03380346            JUNCTION     0.00     0.00    29.57     0  00:00        0.00
  J03380349            JUNCTION     0.00     0.00    29.65     0  00:00        0.00
  J03380352            JUNCTION     0.00     0.00    29.47     0  00:00        0.00
  J03380356            JUNCTION     0.01     0.05    29.28     0  02:03        0.05
  J03388007            JUNCTION     0.72     0.83    28.90     0  02:04        0.83
  J03411012            JUNCTION     0.80     1.96    31.44     0  02:51        1.94
  J03411013            JUNCTION     0.18     0.94    31.45     0  02:54        0.91
  J03411014            JUNCTION     1.08     2.22    31.42     0  02:49        2.22
  J03411015            JUNCTION     0.29     1.27    31.45     0  02:52        1.23
  J03411016            JUNCTION     0.74     2.00    31.54     0  03:33        1.88
  J03411017            JUNCTION     0.27     1.40    31.63     0  05:40        1.40
  J03411018            JUNCTION     0.76     1.92    31.43     0  02:47        1.90
  J03411019            JUNCTION     0.24     1.14    31.45     0  05:37        1.10
  J03411020            JUNCTION     1.44     2.59    31.41     0  02:51        2.59
  J03411021            JUNCTION     0.66     1.94    31.56     0  04:38        1.79
  J03411079            JUNCTION     1.12     2.27    31.41     0  02:52        2.27
  J03411080            JUNCTION     1.60     2.75    31.41     0  02:51        2.75
  J03411081            JUNCTION     1.15     2.29    31.41     0  02:52        2.29
  J03411083            JUNCTION     1.18     2.33    31.42     0  02:49        2.33
  J03464880            JUNCTION     0.10     0.42    31.46     0  02:10        0.42
  J06103061            JUNCTION     1.08     2.23    31.41     0  02:52        2.23
  J06103062            JUNCTION     0.71     1.94    31.50     0  04:38        1.85
  J03180001            STORAGE      0.98     2.12    31.42     0  02:48        2.12
  J03260038            STORAGE      1.74     3.13    31.18     0  03:47        3.13
  J03260041            STORAGE      1.94     3.35    31.18     0  03:47        3.35
  J03262001            STORAGE      2.18     3.61    31.18     0  03:48        3.61
  J03263039            STORAGE      1.60     2.73    31.36     0  03:00        2.73
  J03263052            STORAGE      1.65     2.78    31.36     0  02:59        2.78
  J03260010            OUTFALL      0.11     0.25    25.78     0  02:01        0.25
  
  
  *******************
  Node Inflow Summary
  *******************
  
  -------------------------------------------------------------------------------------------------
                                  Maximum  Maximum                  Lateral       Total        Flow
                                  Lateral    Total  Time of Max      Inflow      Inflow     Balance
                                   Inflow   Inflow   Occurrence      Volume      Volume       Error
  Node                 Type           LPS      LPS  days hr:min    10^6 ltr    10^6 ltr     Percent
  -------------------------------------------------------------------------------------------------
  G03160065            JUNCTION      0.00   162.24     0  02:00           0        1.28       0.003
  G03160066            JUNCTION    162.24   162.24     0  02:00        1.28        1.28       0.001
  G03160068            JUNCTION      0.00     0.00     0  00:00           0           0       0.000 ltr
  G03160069            JUNCTION      0.00     0.00     0  00:00           0           0       0.000 ltr
  G03160070            JUNCTION      0.00   162.23     0  02:00           0        1.28       0.481
  G03160073            JUNCTION      0.00   162.24     0  02:00           0        1.28       0.149
  J03010003            JUNCTION      0.00   949.09     0  02:01           0        17.1      -0.001
  J03160546            JUNCTION      0.00     0.00     0  00:00           0           0       0.000 ltr
  J03160705            JUNCTION      0.00     0.00     0  00:00           0           0       0.000 ltr
  J03165846            JUNCTION      0.00     0.41     0  02:24           0     0.00108       4.510
  J03166590            JUNCTION      0.00     0.00     0  00:00           0           0       0.000 ltr
  J03166604            JUNCTION      0.00   591.23     0  02:02           0        6.77       0.009
  J03166622            JUNCTION      0.00     0.00     0  00:00           0           0       0.000 ltr
  J03166623            JUNCTION      0.00     0.00     0  00:00           0           0       0.000 ltr
  J03176807            JUNCTION      0.00   526.37     0  02:00           0        4.29       0.039
  J03176811            JUNCTION      0.00   117.29     0  03:17           0         1.4       0.004
  J03176902            JUNCTION      0.00   118.71     0  03:14           0         1.4       0.068
  J03180002            JUNCTION      0.00     8.49     0  00:46           0      0.0017      -0.602
  J03180003            JUNCTION      0.00   119.23     0  03:33           0        1.41       0.323
  J03180004            JUNCTION      0.00     2.35     0  00:43           0     0.00255       6.006
  J03180005            JUNCTION      0.00     2.75     0  00:50           0    0.000795      -3.167
  J03180006            JUNCTION      0.00   118.49     0  03:14           0         1.4       0.145
  J03180007            JUNCTION      0.00     3.35     0  00:52           0    0.000695      -4.812
  J03180008            JUNCTION      0.00   118.48     0  03:14           0         1.4      -0.010
  J03180009            JUNCTION      0.00     2.28     0  00:54           0    0.000638       3.455
  J03180010            JUNCTION      0.00   118.25     0  03:14           0         1.4      -0.064
  J03180011            JUNCTION      0.00     2.72     0  05:42           0      0.0024      -0.901
  J03180015            JUNCTION      0.00   118.19     0  03:14           0         1.4      -0.050
  J03180019            JUNCTION      0.00   118.23     0  03:14           0         1.4       0.044
  J03180020            JUNCTION      0.00   118.34     0  03:14           0         1.4       0.003
  J03180022            JUNCTION      0.00   117.29     0  03:18           0         1.4       0.005
  J03180025            JUNCTION      0.00   117.29     0  03:18           0         1.4      -0.002
  J03180026            JUNCTION      0.00   117.29     0  03:18           0         1.4       0.033
  J03180030            JUNCTION      0.00   117.29     0  03:17           0         1.4       0.012
  J03180031            JUNCTION      0.00     0.00     0  00:00           0           0       0.000 ltr
  J03180032            JUNCTION      0.00     0.00     0  00:00           0           0       0.000 ltr
  J03180034            JUNCTION      0.00   117.29     0  03:17           0         1.4       0.016
  J03180037            JUNCTION      0.00     0.00     0  00:00           0           0       0.000 ltr
  J03180039            JUNCTION      0.00   117.29     0  03:17           0         1.4       0.011
  J03180043            JUNCTION      0.00   117.29     0  03:17           0         1.4      -0.013
  J03180046            JUNCTION      0.00   117.29     0  03:17           0         1.4       0.027
  J03180049            JUNCTION      0.00   117.29     0  03:17           0         1.4       0.011
  J03180052            JUNCTION      0.00   117.29     0  03:16           0         1.4      -0.015
  J03180056            JUNCTION      0.00   117.29     0  03:16           0         1.4       0.055
  J03180060            JUNCTION      0.00   117.29     0  03:16           0         1.4       0.017
  J03180062            JUNCTION      0.00     0.00     0  00:00           0           0       0.000 ltr
  J03180063            JUNCTION      0.00   117.29     0  03:16           0         1.4       0.008
  J03180074            JUNCTION      0.00   117.29     0  03:16           0        1.41       0.035
  J03180075            JUNCTION      0.00     0.00     0  00:00           0           0       0.000 ltr
  J03180077            JUNCTION      0.00     0.00     0  00:00           0           0       0.000 ltr
  J03180079            JUNCTION      0.00     0.00     0  00:00           0           0       0.000 ltr
  J03180080            JUNCTION      0.00   117.29     0  03:15           0        1.41      -0.016
  J03180081            JUNCTION      0.00     0.00     0  00:00           0           0       0.000 ltr
  J03180082            JUNCTION      0.00     0.00     0  00:00           0           0       0.000 ltr
  J03180083            JUNCTION      0.00   117.30     0  03:15           0        1.41       0.047
  J03180084            JUNCTION      0.00     0.00     0  00:00           0           0       0.000 ltr
  J03180086            JUNCTION      0.00     0.00     0  00:00           0           0       0.000 ltr
  J03180087            JUNCTION      0.00   117.30     0  03:15           0        1.41       0.032
  J03180088            JUNCTION      0.00     0.00     0  00:00           0           0       0.000 ltr
  J03180090            JUNCTION      0.00     0.00     0  00:00           0           0       0.000 ltr
  J03180092            JUNCTION      0.00   117.31     0  03:15           0        1.41       0.032
  J03180093            JUNCTION      0.00     0.00     0  00:00           0           0       0.000 ltr
  J03180094            JUNCTION      0.00     0.00     0  00:00           0           0       0.000 ltr
  J03180097            JUNCTION      0.00     0.00     0  00:00           0           0       0.000 ltr
  J03180098            JUNCTION      0.00     0.00     0  00:00           0           0       0.000 ltr
  J03180100            JUNCTION      0.00   117.33     0  03:11           0        1.41       0.005
  J03180102            JUNCTION      0.00     0.00     0  00:00           0           0       0.000 ltr
  J03180103            JUNCTION      0.00     0.00     0  00:00           0           0       0.000 ltr
  J03180105            JUNCTION      0.00   117.36     0  03:15           0        1.41       0.003
  J03180106            JUNCTION      0.00     0.00     0  00:00           0           0       0.000 ltr
  J03180107            JUNCTION      0.00     0.00     0  00:00           0           0       0.000 ltr
  J03180109            JUNCTION      0.00   117.43     0  03:11           0        1.41       0.004
  J03180111            JUNCTION      0.00   117.39     0  03:11           0        1.41       0.005
  J03180113            JUNCTION      0.00     0.00     0  00:00           0           0       0.000 ltr
  J03180114            JUNCTION      0.00   117.44     0  03:15           0        1.41       0.004
  J03180116            JUNCTION      0.00   117.37     0  03:13           0        1.41       0.004
  J03180118            JUNCTION      0.00   117.56     0  03:09           0        1.41       0.015
  J03180119            JUNCTION      0.00     0.00     0  00:00           0           0       0.000 ltr
  J03180120            JUNCTION      0.00     0.00     0  00:00           0           0       0.000 ltr
  J03180124            JUNCTION      0.00   117.45     0  03:15           0        1.41       0.006
  J03189802            JUNCTION      0.00   158.52     0  03:19           0         2.8       0.006
  J03189803            JUNCTION      0.00   158.51     0  03:22           0         2.8       0.126
  J03189833            JUNCTION      0.00     0.12     0  02:49           0    0.000272       0.041
  J03189834            JUNCTION      0.00     0.16     0  02:26           0    0.000267       0.026
  J03189835            JUNCTION      0.00   159.05     0  03:06           0        2.81       0.011
  J03189836            JUNCTION      0.00     0.34     0  01:16           0    0.000446       5.533
  J03189837            JUNCTION      0.00     0.58     0  01:07           0    0.000532      15.063
  J03189838            JUNCTION      0.00   158.89     0  03:07           0        2.82       0.020
  J03189839            JUNCTION      0.00     1.49     0  00:30           0    0.000737      -0.785
  J03189840            JUNCTION      0.00     0.12     0  02:01           0    0.000168       0.065
  J03189841            JUNCTION      0.00     0.20     0  02:43           0    0.000361       0.016
  J03189842            JUNCTION      0.00   158.83     0  03:05           0        2.82       0.029
  J03189843            JUNCTION      0.00     0.14     0  02:16           0    0.000491      -0.006
  J03189844            JUNCTION      0.00     0.09     0  02:27           0    0.000273       0.008
  J03189845            JUNCTION      0.00     0.00     0  00:00           0           0       0.000 ltr
  J03189846            JUNCTION      0.00     0.00     0  00:00           0           0       0.000 ltr
  J03189847            JUNCTION      0.00     0.00     0  00:00           0           0       0.000 ltr
  J03189848            JUNCTION      0.00     1.30     0  03:42           0     0.00094       0.009
  J03190001            JUNCTION      0.00   317.75     0  01:21           0        5.35       0.015
  J03190002            JUNCTION      0.00     0.15     0  03:27           0    6.11e-05      61.901
  J03190004            JUNCTION      0.00     3.10     0  03:40           0      0.0016       0.010
  J03190007            JUNCTION      0.00     1.33     0  02:14           0    0.000829      -1.304
  J03190008            JUNCTION      0.00   323.43     0  01:21           0        5.39       0.008
  J03190010            JUNCTION      0.00   329.92     0  01:21           0        5.43       0.008
  J03190012            JUNCTION      0.00     1.39     0  02:10           0     0.00088      -3.300
  J03190013            JUNCTION      0.00     1.01     0  01:34           0     0.00107      -1.257
  J03190014            JUNCTION      0.00   337.75     0  01:21           0        5.49       0.013
  J03190015            JUNCTION      0.00     2.65     0  04:38           0     0.00109      -1.231
  J03190022            JUNCTION      0.00     3.89     0  08:29           0       0.012       1.308
  J03190025            JUNCTION      0.00   467.52     0  03:30           0        10.2      -0.091
  J03190026            JUNCTION      0.00     0.79     0  01:46           0    0.000643      -6.695
  J03190027            JUNCTION      0.00     1.86     0  04:57           0     0.00166      -1.157
  J03190028            JUNCTION      0.00   465.73     0  03:29           0        9.75       0.017
  J03190029            JUNCTION      0.00     2.48     0  01:47           0     0.00158      -1.311
  J03190030            JUNCTION      0.00     3.78     0  04:40           0     0.00157      -2.370
  J03190031            JUNCTION      0.00   464.82     0  03:30           0        9.75       0.013
  J03190032            JUNCTION      0.00     3.49     0  06:33           0     0.00182      -0.812
  J03190034            JUNCTION      0.00   463.16     0  03:30           0        9.75       0.011
  J03190039            JUNCTION      0.00   462.12     0  03:30           0        9.75       0.013
  J03190042            JUNCTION      0.00   461.20     0  03:31           0        9.75       0.015
  J03190044            JUNCTION      0.00     9.68     0  06:33           0     0.00216      -1.051
  J03190045            JUNCTION      0.00   460.60     0  03:39           0        9.75       0.013
  J03190048            JUNCTION      0.00   459.63     0  03:39           0        9.74       0.015
  J03190051            JUNCTION      0.00   458.94     0  03:39           0        9.74       0.014
  J03190055            JUNCTION      0.00   458.30     0  03:38           0        9.74       0.010
  J03190059            JUNCTION      0.00   457.68     0  03:38           0        9.74      -0.000
  J03190061            JUNCTION      0.00   457.01     0  03:43           0        9.74       0.008
  J03190064            JUNCTION      0.00   456.62     0  03:43           0        9.74       0.022
  J03190067            JUNCTION      0.00   456.05     0  03:43           0        9.74       0.016
  J03190070            JUNCTION      0.00   455.39     0  03:42           0        9.74       0.011
  J03190078            JUNCTION      0.00   471.52     0  01:39           0        10.4       0.009
  J03190083            JUNCTION      0.00   443.80     0  01:39           0        9.18      -0.002
  J03190084            JUNCTION      0.00   422.55     0  01:39           0        9.19       0.008
  J03190085            JUNCTION      0.00     4.16     0  01:31           0      0.0019      -2.891
  J03190088            JUNCTION      0.00   577.27     0  01:35           0        10.3       0.002
  J03190089            JUNCTION      0.00     2.74     0  01:17           0     0.00122      -6.306
  J03190091            JUNCTION      0.00   557.47     0  01:32           0        10.3       0.021
  J03190092            JUNCTION      0.00     3.34     0  01:30           0     0.00159      -3.420
  J03190094            JUNCTION      0.00   551.44     0  01:31           0        10.3       0.015
  J03190096            JUNCTION      0.00     5.31     0  01:14           0     0.00258      -2.635
  J03190102            JUNCTION      0.00   518.50     0  01:30           0        10.3       0.014
  J03190106            JUNCTION      0.00   473.59     0  01:29           0        10.3       0.013
  J03190107            JUNCTION      0.00   432.12     0  01:31           0        10.3       0.016
  J03190111            JUNCTION      0.00   378.23     0  01:27           0        10.3       0.018
  J03190114            JUNCTION      0.00   344.15     0  01:28           0        10.3       0.019
  J03190117            JUNCTION      0.00   315.89     0  03:57           0        10.3       0.011
  J03190120            JUNCTION      0.00   315.93     0  03:57           0        10.3       0.017
  J03190121            JUNCTION      0.00     0.00     0  00:00           0           0       0.000 ltr
  J03190123            JUNCTION      0.00     0.00     0  00:00           0           0       0.000 ltr
  J03190124            JUNCTION      0.00   315.98     0  03:56           0        10.3       0.016
  J03190128            JUNCTION      0.00   316.04     0  03:56           0        10.3       0.015
  J03190129            JUNCTION      0.00     0.00     0  00:00           0           0       0.000 ltr
  J03190130            JUNCTION      0.00   316.17     0  03:55           0        10.3       0.016
  J03190133            JUNCTION      0.00     0.00     0  00:00           0           0       0.000 ltr
  J03190134            JUNCTION      0.00   330.61     0  02:00           0        10.7       0.108
  J03190138            JUNCTION      0.00   331.60     0  02:01           0        10.7       0.026
  J03190142            JUNCTION      0.00   591.46     0  02:04           0        6.52       1.190
  J03190145            JUNCTION      0.00   591.35     0  02:04           0         6.6       1.140
  J03190147            JUNCTION      0.00   591.44     0  02:04           0        6.66       0.934
  J03190149            JUNCTION      0.00     6.99     0  01:37           0     0.00821       2.516
  J03190150            JUNCTION      0.00   139.50     0  04:02           0        1.82       0.038
  J03190155            JUNCTION      0.00    36.84     0  00:34           0     0.00718       4.586
  J03190159            JUNCTION      0.00    21.27     0  00:32           0     0.00125      34.953
  J03190161            JUNCTION      0.00   139.93     0  04:02           0        1.84       0.362
  J03190162            JUNCTION      0.00   139.80     0  04:02           0        1.82       0.024
  J03190164            JUNCTION      0.00   139.90     0  04:02           0        1.83       0.000
  J03190167            JUNCTION      0.00   139.57     0  04:02           0        1.82       0.025
  J03190839            JUNCTION      0.00     0.00     0  00:00           0           0       0.000 ltr
  J03190840            JUNCTION      0.00     0.00     0  00:00           0           0       0.000 ltr
  J03191001            JUNCTION      0.00    23.57     0  00:45           0      0.0167      72.401
  J03191002            JUNCTION      0.00   134.33     0  04:02           0        1.78      -0.045
  J03191003            JUNCTION      0.00     3.10     0  01:27           0     0.00121      -2.840
  J03191004            JUNCTION      0.00    22.58     0  04:42           0       0.144       0.557
  J03191005            JUNCTION      0.00     7.68     0  04:23           0      0.0312      -3.121
  J03191007            JUNCTION      0.00   126.09     0  04:02           0        1.68       0.099
  J03191008            JUNCTION      0.00    21.74     0  04:42           0       0.138      -0.044
  J03191010            JUNCTION      0.00    26.75     0  04:26           0       0.248      -0.081
  J03191015            JUNCTION      0.00    26.46     0  04:03           0       0.243       0.018
  J03191016            JUNCTION      0.00    26.47     0  04:03           0       0.243       0.017
  J03191017            JUNCTION      0.00    26.50     0  04:26           0       0.245       0.017
  J03191019            JUNCTION      0.00   139.48     0  04:02           0        1.82      -0.050
  J03191021            JUNCTION      0.00   126.82     0  01:28           0        1.59      -0.025
  J03191023            JUNCTION      0.00     7.63     0  01:37           0      0.0101      -0.357
  J03191100            JUNCTION      0.00   139.98     0  04:02           0        1.85       0.151
  J03191101            JUNCTION      0.00     4.52     0  01:38           0     0.00511       2.379
  J03191102            JUNCTION      0.00     4.08     0  04:38           0      0.0017       0.304
  J03191103            JUNCTION      0.00    21.92     0  01:05           0      0.0172      -0.477
  J03191950            JUNCTION      0.00   135.49     0  04:06           0        1.81      -0.050
  J03191951            JUNCTION      0.00    21.76     0  04:42           0       0.138       0.147
  J03191952            JUNCTION      0.00    26.48     0  04:26           0       0.244       0.076
  J03191956            JUNCTION      0.00   139.68     0  04:02           0        1.82      -0.002
  J03191983            JUNCTION      0.00   186.11     0  01:30           0        1.17      -0.000
  J03192002            JUNCTION      0.00    16.83     0  01:05           0     0.00529       9.099
  J03192077            JUNCTION      0.00     8.84     0  01:21           0      0.0317      -0.167
  J03193034            JUNCTION      0.00     5.54     0  01:16           0     0.00241      -0.537
  J03193036            JUNCTION      0.00   186.37     0  01:30           0        1.17      -0.003
  J03193037            JUNCTION      0.00   186.21     0  01:30           0        1.17      -0.025
  J03193038            JUNCTION      0.00   186.37     0  01:30           0        1.17       0.023
  J03193045            JUNCTION      0.00   186.92     0  01:30           0        1.17      -0.003
  J03193051            JUNCTION      0.00   186.05     0  01:30           0        1.17       0.062
  J03193057            JUNCTION      0.00   186.23     0  01:30           0        1.17       0.040
  J03193062            JUNCTION      0.00   186.39     0  01:30           0        1.17       0.026
  J03193063            JUNCTION      0.00   186.09     0  01:30           0        1.17       0.059
  J03193064            JUNCTION      0.00   186.01     0  01:30           0        1.18       0.005
  J03193078            JUNCTION      0.00   186.15     0  01:30           0        1.18       0.051
  J03193080            JUNCTION      0.00   186.02     0  01:30           0        1.18       0.198
  J03193081            JUNCTION      0.00   186.03     0  01:30           0        1.18       0.188
  J03193083            JUNCTION      0.00   186.05     0  01:30           0        1.19       0.067
  J03193085            JUNCTION      0.00   186.27     0  01:30           0        1.18       0.042
  J03193093            JUNCTION    168.49   168.49     0  02:00        1.33        1.33       0.001
  J03193094            JUNCTION      0.00   168.49     0  02:00           0        1.33       0.043
  J03193097            JUNCTION      0.00   168.49     0  02:00           0        1.32       0.002
  J03193099            JUNCTION      0.00     0.00     0  00:00           0           0       0.000 ltr
  J03193100            JUNCTION      0.00   168.49     0  02:00           0        1.32       0.002
  J03193103            JUNCTION      0.00   168.49     0  02:00           0        1.32       0.021
  J03193104            JUNCTION      0.00   168.49     0  02:00           0        1.32       0.083
  J03193105            JUNCTION      0.00   168.49     0  02:00           0        1.32       0.001
  J03193110            JUNCTION      0.00   168.49     0  02:00           0        1.32       0.010
  J03193113            JUNCTION      0.00   168.77     0  02:00           0        1.32       0.026
  J03193114            JUNCTION      0.00   168.49     0  02:00           0        1.32       0.080
  J03193117            JUNCTION      0.00   168.49     0  02:00           0        1.32       0.106
  J03193121            JUNCTION      0.00   197.28     0  02:00           0        1.32      -0.013
  J03193123            JUNCTION      0.00   186.02     0  01:30           0        1.19       0.012
  J03193126            JUNCTION      0.00   186.90     0  01:30           0        1.19       0.003
  J03193127            JUNCTION      0.00   187.04     0  01:30           0        1.19      -0.005
  J03193128            JUNCTION      0.00   186.83     0  01:30           0         1.2       0.015
  J03193130            JUNCTION    195.80   195.80     0  02:00        1.53        1.56      -0.614
  J03193131            JUNCTION      0.00    64.40     0  00:14           0      0.0636       0.897
  J03193137            JUNCTION      0.00    48.76     0  00:14           0      0.0586       0.952
  J03193141            JUNCTION      0.00    45.37     0  00:12           0      0.0539      -0.223
  J03193142            JUNCTION      0.00    41.67     0  00:12           0      0.0517       1.010
  J03193143            JUNCTION      0.00    37.37     0  00:12           0      0.0495       3.405
  J03193145            JUNCTION      0.00    32.62     0  00:12           0       0.044       0.387
  J03193146            JUNCTION      0.00    26.05     0  00:11           0      0.0383       1.626
  J03193149            JUNCTION      0.00    21.51     0  02:00           0      0.0233       3.117
  J03193150            JUNCTION      0.00    22.37     0  01:59           0      0.0225       0.004
  J03193152            JUNCTION      0.00    22.50     0  01:59           0      0.0313       2.722
  J03193154            JUNCTION      0.00     7.42     0  00:14           0     0.00394       1.683
  J03193155            JUNCTION      0.00     4.45     0  00:14           0      0.0017       1.366
  J03193162            JUNCTION      0.00     0.00     0  00:00           0           0       0.000 ltr
  J03193164            JUNCTION      0.00    21.41     0  02:00           0      0.0198       0.023
  J03193167            JUNCTION      0.00    21.41     0  02:00           0      0.0198      -0.020
  J03193169            JUNCTION      0.00    21.47     0  02:00           0      0.0209       0.491
  J03193170            JUNCTION      0.00    21.62     0  01:59           0      0.0236       8.045
  J03193173            JUNCTION      0.00     0.00     0  00:00           0           0       0.000 ltr
  J03195537            JUNCTION      0.00    43.10     0  00:36           0       0.207       0.384
  J03195666            JUNCTION      0.00   186.32     0  01:30           0        1.19       0.040
  J03195750            JUNCTION      0.00   168.49     0  02:00           0        1.32       0.012
  J03195943            JUNCTION      0.00   139.95     0  04:02           0        1.84       0.299
  J03195944            JUNCTION      0.00   457.27     0  03:43           0        9.74       0.000
  J03195988            JUNCTION      0.00   140.17     0  04:02           0        1.87       0.607
  J03195991            JUNCTION      0.00   186.10     0  01:30           0        1.16       0.040
  J03196571            JUNCTION      0.00     0.00     0  00:00           0           0       0.000 ltr
  J03196573            JUNCTION      0.00    13.01     0  02:13           0       0.187       0.028
  J03196577            JUNCTION      0.00     0.00     0  00:00           0           0       0.000 ltr
  J03196579            JUNCTION      0.00   591.18     0  02:02           0        6.77       0.158
  J03198004            JUNCTION      0.00   186.26     0  01:30           0        1.16       0.018
  J03198005            JUNCTION      0.00   186.09     0  01:30           0        1.17       0.037
  J03233000            JUNCTION      0.00   420.60     0  03:08           0        5.41       0.016
  J03235001            JUNCTION      0.00   425.98     0  03:09           0        5.87       0.050
  J03235002            JUNCTION      0.00   423.08     0  02:50           0        5.41       0.084
  J03235003            JUNCTION      0.00   427.34     0  02:25           0        5.41       0.095
  J03235004            JUNCTION      0.00     0.00     0  00:00           0           0       0.000 ltr
  J03235006            JUNCTION      0.00    55.65     0  03:42           0       0.473       0.811
  J03235007            JUNCTION      0.00    12.90     0  00:13           0      0.0159      10.926
  J03235013            JUNCTION      0.00   443.06     0  02:22           0        5.43       0.059
  J03235014            JUNCTION      0.00     0.00     0  00:00           0           0       0.000 ltr
  J03235018            JUNCTION      0.00    40.81     0  03:42           0        0.47       0.284
  J03235019            JUNCTION      0.00   440.22     0  02:39           0        5.42       0.035
  J03235024            JUNCTION      0.00     4.35     0  00:28           0    0.000735       0.925
  J03235029            JUNCTION      0.00     4.05     0  00:29           0     0.00122       0.489
  J03235031            JUNCTION      0.00   450.35     0  02:15           0        5.42       0.030
  J03235032            JUNCTION      0.00    35.38     0  03:38           0    0.000779      -5.455
  J03235041            JUNCTION      0.00    29.06     0  03:42           0       0.469       0.123
  J03235042            JUNCTION      0.00     0.20     0  02:29           0    0.000359       0.150
  J03235045            JUNCTION      0.00    66.99     0  03:38           0      0.0149      -0.194
  J03235046            JUNCTION      0.00    71.10     0  03:38           0      0.0602       0.071
  J03235049            JUNCTION      0.00   492.38     0  02:16           0        5.47       0.007
  J03235051            JUNCTION      0.00    18.47     0  03:42           0       0.467       0.020
  J03235052            JUNCTION      0.00     0.30     0  02:30           0    0.000212       0.254
  J03235056            JUNCTION      0.00    28.83     0  02:02           0      0.0569       0.024
  J03235058            JUNCTION      0.00   533.90     0  02:08           0        5.48       0.003
  J03235068            JUNCTION      0.00     0.17     0  02:52           0    5.55e-05       0.181
  J03235069            JUNCTION      0.00     5.91     0  00:00           0       0.467       0.017
  J03235075            JUNCTION      0.00   561.34     0  02:05           0        5.42       0.007
  J03235080            JUNCTION      0.00   623.00     0  02:00           0        5.42       0.010
  J03235081            JUNCTION      5.40     5.40     0  00:00       0.467       0.467       0.008
  J03235088            JUNCTION    703.70   703.70     0  02:00        5.42        5.42       0.009
  J03260024            JUNCTION      0.00   484.64     0  01:21           0        5.37       0.526
  J03260025            JUNCTION      0.00     2.53     0  01:28           0     0.00167      -2.678
  J03260026            JUNCTION      0.00   461.43     0  01:08           0        4.95       0.642
  J03260027            JUNCTION      0.00     2.41     0  01:28           0     0.00165      -3.341
  J03260028            JUNCTION      0.00     2.56     0  01:25           0     0.00155      -3.779
  J03260029            JUNCTION      0.00   456.07     0  01:07           0        4.92       0.609
  J03260030            JUNCTION      0.00     3.24     0  01:26           0     0.00297      -4.116
  J03260031            JUNCTION      0.00     2.15     0  01:28           0     0.00106      -3.132
  J03260032            JUNCTION      0.00     7.70     0  01:18           0     0.00528       1.534
  J03260033            JUNCTION      0.00   451.76     0  01:06           0        4.89       0.843
  J03260034            JUNCTION      0.00     3.95     0  01:28           0     0.00135      -3.948
  J03260047            JUNCTION      2.80     2.80     0  00:00       0.242       0.242       0.037
  J03260048            JUNCTION      0.00   234.21     0  04:21           0        4.89       0.815
  J03260049            JUNCTION      0.00     2.30     0  01:33           0      0.0011       1.286
  J03260050            JUNCTION      0.00     1.38     0  01:37           0     0.00149      -1.288
  J03260051            JUNCTION      0.00   240.35     0  04:21           0        4.91       0.771
  J03260052            JUNCTION      0.00     1.47     0  01:43           0     0.00101      -3.604
  J03260054            JUNCTION      0.00   320.53     0  01:21           0        8.06       0.400
  J03260055            JUNCTION      0.00     4.15     0  02:03           0       0.011       0.776
  J03260058            JUNCTION      0.00     2.91     0  02:14           0      0.0013      -1.675
  J03260059            JUNCTION      0.00   350.80     0  01:21           0        8.08       0.013
  J03260060            JUNCTION      0.00     3.41     0  02:14           0     0.00135       0.171
  J03260061            JUNCTION      0.00     7.44     0  01:24           0     0.00375      -1.873
  J03260062            JUNCTION      0.00     1.03     0  01:59           0     0.00102      -1.996
  J03260063            JUNCTION      0.00   299.29     0  01:21           0        4.99       0.014
  J03260064            JUNCTION      0.00     2.63     0  04:38           0    0.000904      -0.738
  J03260065            JUNCTION      0.00   301.88     0  01:21           0        5.02      -0.000
  J03260066            JUNCTION      0.00   306.52     0  01:20           0        5.04       0.017
  J03260067            JUNCTION      0.00     2.07     0  03:39           0     0.00125      -0.487
  J03260075            JUNCTION      2.80   313.75     0  01:21       0.242        5.31       0.022
  J03260076            JUNCTION      0.00     0.00     0  00:00           0           0       0.000 ltr
  J03260077            JUNCTION      0.00     0.00     0  00:00           0           0       0.000 ltr
  J03260079            JUNCTION      0.00     0.00     0  00:00           0           0       0.000 ltr
  J03260080            JUNCTION      0.00     0.00     0  00:00           0           0       0.000 ltr
  J03260081            JUNCTION      0.00     0.00     0  00:00           0           0       0.000 ltr
  J03260082            JUNCTION      0.00     0.00     0  00:00           0           0       0.000 ltr
  J03260085            JUNCTION      0.00     0.68     0  02:10           0    6.46e-05       0.072
  J03260086            JUNCTION      0.00     4.00     0  01:41           0     0.00233       0.055
  J03260087            JUNCTION      0.00     0.00     0  00:00           0           0       0.000 ltr
  J03260088            JUNCTION      0.00   410.73     0  02:05           0        5.09       0.132
  J03260090            JUNCTION      0.00   410.76     0  02:05           0        5.09       0.022
  J03260093            JUNCTION      0.00   410.81     0  02:05           0        5.09       0.008
  J03260095            JUNCTION      0.00   410.73     0  02:05           0        5.09       0.010
  J03260097            JUNCTION      0.00   413.10     0  01:49           0        5.09       0.006
  J03260099            JUNCTION      0.00   415.80     0  02:00           0        5.09       0.003
  J03260147            JUNCTION      0.00    21.65     0  00:16           0      0.0279      12.465
  J03260148            JUNCTION      0.00     6.22     0  00:50           0     0.00157       4.906
  J03260149            JUNCTION      0.00   535.90     0  01:24           0        5.65       0.236
  J03260150            JUNCTION      0.00   529.05     0  01:23           0        5.43       0.064
  J03260151            JUNCTION      0.00   450.57     0  00:53           0        4.11       0.222
  J03260154            JUNCTION      0.00   455.52     0  00:53           0        4.12       0.172
  J03260156            JUNCTION      0.00   455.56     0  00:53           0        4.12       0.074
  J03260157            JUNCTION      0.00   455.62     0  00:53           0        4.12       0.060
  J03260159            JUNCTION      0.00   455.80     0  00:53           0        4.12       0.039
  J03260160            JUNCTION      0.00     2.59     0  00:46           0     0.00126       3.067
  J03260161            JUNCTION      0.00   455.99     0  00:53           0        4.12       0.071
  J03260162            JUNCTION      0.00   459.69     0  02:02           0        4.13       0.128
  J03260164            JUNCTION      0.00   471.91     0  02:01           0        4.13       0.137
  J03260166            JUNCTION      0.00   497.32     0  02:01           0        4.17       0.161
  J03260167            JUNCTION      0.00    18.52     0  01:34           0      0.0279       1.585
  J03260170            JUNCTION      0.00   510.80     0  02:00           0        4.15       0.163
  J03260171            JUNCTION      0.00   524.89     0  02:00           0        4.15       0.161
  J03260172            JUNCTION      0.00   539.73     0  02:00           0        4.16       0.084
  J03260174            JUNCTION    554.50   554.50     0  02:00        4.16        4.16       0.102
  J03260401            JUNCTION      0.00     3.86     0  00:30           0    0.000846       4.326
  J03260403            JUNCTION      0.00   138.04     0  02:05           0        1.13      -0.016
  J03260404            JUNCTION      0.00   138.87     0  02:05           0        1.13       0.015
  J03260405            JUNCTION      0.00   138.50     0  02:05           0        1.13      -0.001
  J03260406            JUNCTION      0.00     0.00     0  00:00           0           0       0.000 ltr
  J03260407            JUNCTION      0.00   138.27     0  02:04           0        1.13       0.007
  J03260408            JUNCTION      0.00   138.17     0  02:04           0        1.13      -0.000
  J03260409            JUNCTION      0.00     0.00     0  00:00           0           0       0.000 ltr
  J03260410            JUNCTION      0.00   138.21     0  02:04           0        1.13       0.007
  J03260411            JUNCTION      0.00     0.00     0  00:00           0           0       0.000 ltr
  J03260412            JUNCTION      0.00   137.95     0  02:04           0        1.13      -0.001
  J03260413            JUNCTION      0.00     0.00     0  00:00           0           0       0.000 ltr
  J03260414            JUNCTION      0.00   138.31     0  02:03           0        1.13      -0.002
  J03260415            JUNCTION      0.00     0.00     0  00:00           0           0       0.000 ltr
  J03260416            JUNCTION      0.00   138.34     0  02:03           0        1.13      -0.000
  J03260417            JUNCTION      0.00   138.16     0  02:03           0        1.13       0.001
  J03260418            JUNCTION      0.00   138.52     0  02:03           0        1.13       0.005
  J03260419            JUNCTION      0.00     0.00     0  00:00           0           0       0.000 ltr
  J03260421            JUNCTION      0.00   138.08     0  02:03           0        1.13      -0.002
  J03260422            JUNCTION      0.00   139.12     0  02:02           0        1.14       0.050
  J03260424            JUNCTION      0.00   139.63     0  02:02           0        1.47       0.005
  J03260425            JUNCTION      0.00   131.69     0  01:59           0        1.01       0.004
  J03260426            JUNCTION      0.00   526.49     0  02:01           0        4.28       0.010
  J03260427            JUNCTION      0.00   526.57     0  02:00           0        4.28       0.006
  J03260429            JUNCTION      0.00   526.88     0  02:00           0        4.29       0.125
  J03260431            JUNCTION    544.63   544.63     0  02:00        4.29        4.29       0.004
  J03260532            JUNCTION      0.00    17.48     0  00:36           0      0.0024       2.487
  J03260533            JUNCTION      0.00    37.73     0  00:36           0     0.00582       0.780
  J03260534            JUNCTION      0.00     0.00     0  00:00           0           0       0.000 ltr
  J03260536            JUNCTION      0.00   308.07     0  03:16           0        4.59       0.011
  J03260538            JUNCTION      0.00   296.66     0  02:02           0        3.98       0.002
  J03260539            JUNCTION      0.00     0.00     0  00:00           0           0       0.000 ltr
  J03260541            JUNCTION      0.00   288.05     0  02:02           0        3.98       0.006
  J03260542            JUNCTION      0.00   288.03     0  02:01           0        3.98       0.015
  J03260544            JUNCTION      0.00     0.00     0  00:00           0           0       0.000 ltr
  J03260546            JUNCTION      0.00   286.64     0  02:01           0        3.98       0.012
  J03260547            JUNCTION      0.00     0.00     0  00:00           0           0       0.000 ltr
  J03260548            JUNCTION      0.00   286.95     0  02:03           0        3.98       0.008
  J03260550            JUNCTION      0.00     0.00     0  00:00           0           0       0.000 ltr
  J03260551            JUNCTION      0.00   288.55     0  02:03           0        3.98       0.009
  J03260555            JUNCTION      0.00     0.00     0  00:00           0           0       0.000 ltr
  J03260558            JUNCTION      0.00    20.38     0  00:20           0      0.0048     289.632
  J03260559            JUNCTION      0.00    32.63     0  00:22           0      0.0144      71.071
  J03260560            JUNCTION      0.00   288.04     0  02:03           0        3.98       0.032
  J03260561            JUNCTION      0.00   287.50     0  02:04           0        3.96       0.013
  J03260562            JUNCTION      0.00     0.00     0  00:00           0           0       0.000 ltr
  J03260564            JUNCTION      0.00   287.92     0  02:04           0        3.96       0.019
  J03260566            JUNCTION      0.00   288.73     0  02:04           0        3.96       0.009
  J03260567            JUNCTION      0.00     0.00     0  00:00           0           0       0.000 ltr
  J03260568            JUNCTION      0.00   288.54     0  02:04           0        3.96       0.012
  J03260569            JUNCTION      0.00     0.00     0  00:00           0           0       0.000 ltr
  J03260571            JUNCTION      0.00   286.19     0  02:00           0        3.96       0.007
  J03260572            JUNCTION      0.00     0.00     0  00:00           0           0       0.000 ltr
  J03260574            JUNCTION      0.00   285.23     0  02:05           0        3.96       0.067
  J03260575            JUNCTION      0.00     0.00     0  00:00           0           0       0.000 ltr
  J03260577            JUNCTION      0.00   285.31     0  02:05           0        3.96       0.036
  J03260578            JUNCTION      0.00     0.00     0  00:00           0           0       0.000 ltr
  J03261001            JUNCTION      0.00     0.00     0  00:00           0           0       0.000 ltr
  J03261009            JUNCTION      0.00   206.99     0  01:29           0       0.632       4.178
  J03261010            JUNCTION      0.00     9.37     0  01:22           0      0.0013      -6.818
  J03261011            JUNCTION      0.00    66.94     0  01:37           0      0.0969       1.576
  J03261012            JUNCTION      0.00     4.12     0  07:48           0      0.0012      -3.424
  J03261013            JUNCTION      0.00    12.97     0  01:22           0     0.00162      -7.545
  J03261014            JUNCTION      0.00   124.62     0  01:29           0       0.159      12.479
  J03261015            JUNCTION      0.00     6.34     0  01:19           0     0.00202      -5.952
  J03262003            JUNCTION      0.00     0.00     0  00:00           0           0       0.000 ltr
  J03262004            JUNCTION      0.00     0.00     0  00:00           0           0       0.000 ltr
  J03262008            JUNCTION      0.00     0.00     0  00:00           0           0       0.000 ltr
  J03262029            JUNCTION      0.00     1.56     0  01:34           0      0.0015      -2.187
  J03262030            JUNCTION      0.00     1.86     0  01:30           0      0.0015      -2.770
  J03262031            JUNCTION      0.00   225.80     0  04:23           0        4.64       0.828
  J03262068            JUNCTION      0.00     0.00     0  00:00           0           0       0.000 ltr
  J03262069            JUNCTION      0.00     0.00     0  00:00           0           0       0.000 ltr
  J03262070            JUNCTION      0.00     0.00     0  00:00           0           0       0.000 ltr
  J03262073            JUNCTION      0.00     0.00     0  00:00           0           0       0.000 ltr
  J03262074            JUNCTION      0.00     0.00     0  00:00           0           0       0.000 ltr
  J03262075            JUNCTION      0.00     0.00     0  00:00           0           0       0.000 ltr
  J03262076            JUNCTION      0.00     0.00     0  00:00           0           0       0.000 ltr
  J03262078            JUNCTION      0.00     0.00     0  00:00           0           0       0.000 ltr
  J03262079            JUNCTION      0.00     0.00     0  00:00           0           0       0.000 ltr
  J03262080            JUNCTION      0.00     0.00     0  00:00           0           0       0.000 ltr
  J03262083            JUNCTION      0.00     0.00     0  00:00           0           0       0.000 ltr
  J03262093            JUNCTION      0.00     0.00     0  00:00           0           0       0.000 ltr
  J03262094            JUNCTION      0.00     0.00     0  00:00           0           0       0.000 ltr
  J03262095            JUNCTION      0.00     0.00     0  00:00           0           0       0.000 ltr
  J03262096            JUNCTION      0.00     0.00     0  00:00           0           0       0.000 ltr
  J03262097            JUNCTION      0.00     0.00     0  00:00           0           0       0.000 ltr
  J03262098            JUNCTION      0.00     0.00     0  00:00           0           0       0.000 ltr
  J03262099            JUNCTION      0.00     0.00     0  00:00           0           0       0.000 ltr
  J03262100            JUNCTION      0.00     0.00     0  00:00           0           0       0.000 ltr
  J03262101            JUNCTION      0.00     0.00     0  00:00           0           0       0.000 ltr
  J03262102            JUNCTION      0.00     0.00     0  00:00           0           0       0.000 ltr
  J03262106            JUNCTION      0.00     0.00     0  00:00           0           0       0.000 ltr
  J03262113            JUNCTION      0.00     0.00     0  00:00           0           0       0.000 ltr
  J03262114            JUNCTION      0.00     0.00     0  00:00           0           0       0.000 ltr
  J03262119            JUNCTION      0.00     0.00     0  00:00           0           0       0.000 ltr
  J03262120            JUNCTION      0.00     0.00     0  00:00           0           0       0.000 ltr
  J03262121            JUNCTION      0.00     0.00     0  00:00           0           0       0.000 ltr
  J03262126            JUNCTION      0.00     0.00     0  00:00           0           0       0.000 ltr
  J03262127            JUNCTION      0.00     0.00     0  00:00           0           0       0.000 ltr
  J03262128            JUNCTION      0.00     0.00     0  00:00           0           0       0.000 ltr
  J03262795            JUNCTION      0.00   167.83     0  01:23           0        1.51       0.012
  J03263001            JUNCTION      0.00   356.34     0  01:18           0        3.53      -0.020
  J03263002            JUNCTION      0.00   343.30     0  01:20           0        3.53       0.014
  J03263004            JUNCTION      0.00   164.56     0  01:25           0        1.53       0.726
  J03263005            JUNCTION      0.00   164.45     0  01:23           0        1.51      -0.030
  J03263007            JUNCTION      0.00   343.35     0  01:20           0        3.53       0.003
  J03263010            JUNCTION      0.00   343.16     0  01:20           0        3.53       0.006
  J03263011            JUNCTION      0.00    25.21     0  01:22           0      0.0114      -0.833
  J03263012            JUNCTION      0.00   168.18     0  01:23           0        1.51       0.015
  J03263015            JUNCTION      0.00   167.93     0  01:23           0        1.51       0.069
  J03263016            JUNCTION      0.00   497.86     0  01:14           0        5.04       0.324
  J03263017            JUNCTION      0.00   343.03     0  01:19           0        3.53       0.011
  J03263018            JUNCTION      0.00   343.15     0  01:20           0        3.53      -0.003
  J03263024            JUNCTION      0.00   344.05     0  01:20           0        3.53       0.002
  J03263049            JUNCTION      0.00   167.84     0  01:23           0        1.51       0.052
  J03263053            JUNCTION      0.00   167.90     0  01:23           0        1.52       0.028
  J03263054            JUNCTION      0.00   167.89     0  01:23           0        1.52       0.004
  J03263057            JUNCTION      0.00     3.94     0  00:49           0     0.00106      -3.245
  J03263058            JUNCTION      0.00   427.88     0  00:54           0         3.8       0.686
  J03263061            JUNCTION      0.00   168.00     0  01:23           0        1.51      -0.031
  J03263063            JUNCTION      0.00   167.94     0  01:23           0        1.52       0.010
  J03263075            JUNCTION      0.00   517.38     0  01:22           0        5.33       0.244
  J03263078            JUNCTION      0.00   171.21     0  01:23           0        1.52       0.012
  J03263079            JUNCTION      0.00   173.76     0  01:23           0        1.51       0.010
  J03263080            JUNCTION      0.00   517.63     0  01:22           0        5.34       0.160
  J03263081            JUNCTION      0.00     5.23     0  06:10           0     0.00165      -0.058
  J03263082            JUNCTION      0.00     5.64     0  06:10           0     0.00509       6.735
  J03264861            JUNCTION      0.00     0.47     0  03:41           0    0.000535       0.316
  J03264862            JUNCTION      0.00     0.29     0  03:38           0    0.000307       5.062
  J03264872            JUNCTION      0.00   149.73     0  03:14           0        1.63       0.000
  J03264875            JUNCTION      0.00     2.04     0  03:42           0     0.00206       0.003
  J03264876            JUNCTION      0.00   149.73     0  03:14           0        1.63       0.003
  J03264882            JUNCTION      0.00   149.81     0  03:14           0        1.64       0.015
  J03264883            JUNCTION      0.00   152.26     0  03:33           0        1.63       0.001
  J03264891            JUNCTION      0.00    23.96     0  00:35           0     0.00166      12.381
  J03264892            JUNCTION      0.00     7.17     0  00:33           0     0.00111      39.024
  J03264894            JUNCTION      0.00   149.66     0  03:16           0        1.64       0.065
  J03264900            JUNCTION      0.00    26.70     0  04:38           0     0.00379       0.106
  J03264960            JUNCTION      0.00   291.65     0  00:39           0        1.91       0.814
  J03264964            JUNCTION      0.00     9.93     0  02:23           0     0.00938       7.523
  J03265000            JUNCTION      0.00     0.00     0  00:00           0           0       0.000 ltr
  J03265001            JUNCTION      0.00     0.00     0  00:00           0           0       0.000 ltr
  J03266226            JUNCTION      0.00   170.64     0  01:23           0        1.51       0.026
  J03266227            JUNCTION      0.00   171.18     0  01:23           0        1.51      -0.002
  J03266669            JUNCTION      0.00   362.39     0  01:23           0        3.49       0.192
  J03266670            JUNCTION      0.00    30.88     0  00:31           0       0.035      13.050
  J03266695            JUNCTION      0.00     0.00     0  00:00           0           0       0.000 ltr
  J03266696            JUNCTION      0.00     0.00     0  00:00           0           0       0.000 ltr
  J03266698            JUNCTION      0.00     0.00     0  00:00           0           0       0.000 ltr
  J03266706            JUNCTION      0.00     0.00     0  00:00           0           0       0.000 ltr
  J03266707            JUNCTION      0.00   308.05     0  03:16           0        4.43       0.010
  J03351040            JUNCTION      0.00   149.97     0  03:12           0        1.64       0.004
  J03351041            JUNCTION      0.00     0.75     0  02:27           0    0.000222      26.601
  J03351042            JUNCTION      0.00   150.19     0  03:02           0        1.64      -0.001
  J03351044            JUNCTION      0.00   149.71     0  03:14           0        1.64       0.032
  J03351046            JUNCTION      0.00   149.85     0  03:10           0        1.64       0.000
  J03351047            JUNCTION      0.00     1.23     0  03:38           0     0.00077       0.114
  J03351048            JUNCTION      0.00     0.41     0  02:29           0    0.000304       0.019
  J03351049            JUNCTION      0.00   149.71     0  03:13           0        1.64       0.000
  J03351051            JUNCTION      0.00   149.81     0  03:10           0        1.64      -0.011
  J03351053            JUNCTION      0.00     1.31     0  03:33           0    0.000821      -0.002
  J03351056            JUNCTION      0.00   149.72     0  03:14           0        1.64       0.064
  J03351058            JUNCTION      0.00   150.03     0  03:14           0        1.63       0.060
  J03351067            JUNCTION      0.00   149.72     0  03:14           0        1.63      -0.036
  J03351068            JUNCTION      0.00   150.28     0  03:19           0        1.64       0.014
  J03351070            JUNCTION      0.00     1.31     0  03:39           0     0.00143       5.820
  J03351071            JUNCTION      0.00     0.70     0  03:39           0     0.00161       2.006
  J03351072            JUNCTION      0.00   149.79     0  03:14           0        1.63       0.031
  J03351075            JUNCTION      0.00   149.79     0  03:14           0        1.64       0.004
  J03351076            JUNCTION      0.00   149.77     0  03:14           0        1.64       0.063
  J03351078            JUNCTION      0.00   150.02     0  03:14           0        1.63       0.011
  J03351080            JUNCTION      0.00   149.85     0  03:14           0        1.63       0.010
  J03351083            JUNCTION      0.00   149.87     0  03:14           0        1.63       0.039
  J03351085            JUNCTION      0.00     0.82     0  03:43           0     0.00128      -0.003
  J03351086            JUNCTION      0.00     0.37     0  02:29           0    0.000398       0.011
  J03351087            JUNCTION      0.00   149.75     0  03:15           0        1.63       0.008
  J03351089            JUNCTION      0.00   149.74     0  03:15           0        1.63      -0.025
  J03351092            JUNCTION      0.00   150.24     0  03:15           0        1.65       0.517
  J03351093            JUNCTION      0.00    14.41     0  00:35           0     0.00223      17.158
  J03351094            JUNCTION      0.00   149.81     0  03:09           0        1.64       0.068
  J03351095            JUNCTION      0.00     0.00     0  00:00           0           0       0.000 ltr
  J03351097            JUNCTION      0.00   149.66     0  03:16           0        1.65       0.041
  J03352001            JUNCTION      0.00   158.52     0  03:21           0         2.8       0.013
  J03352003            JUNCTION      0.00   158.52     0  03:19           0         2.8       0.013
  J03352004            JUNCTION      0.00   158.48     0  03:18           0         2.8       0.048
  J03352005            JUNCTION      0.00   158.48     0  03:17           0        2.81       0.062
  J03352007            JUNCTION      0.00   158.48     0  03:17           0        2.81       0.019
  J03352009            JUNCTION      0.00   158.52     0  03:18           0        2.81      -0.003
  J03352010            JUNCTION      0.00     0.00     0  00:00           0           0       0.000 ltr
  J03352011            JUNCTION      0.00   158.52     0  03:19           0        2.81       0.019
  J03352013            JUNCTION      0.00     0.00     0  00:00           0           0       0.000 ltr
  J03352014            JUNCTION      0.00   158.49     0  03:18           0        2.81       0.034
  J03352015            JUNCTION      0.00     0.00     0  00:00           0           0       0.000 ltr
  J03352016            JUNCTION      0.00   158.48     0  03:18           0        2.81       0.013
  J03352017            JUNCTION      0.00   158.48     0  03:15           0        2.81       0.124
  J03352018            JUNCTION      0.00     0.00     0  00:00           0           0       0.000 ltr
  J03352026            JUNCTION      0.00   158.61     0  03:13           0        2.81       0.031
  J03352027            JUNCTION      0.00     0.99     0  17:04           0    0.000163      40.233
  J03352028            JUNCTION      0.00   158.72     0  03:13           0        2.81       0.011
  J03352029            JUNCTION      0.00   158.59     0  03:12           0        2.81       0.007
  J03352030            JUNCTION      0.00     0.10     0  02:48           0    5.21e-05       0.104
  J03352031            JUNCTION      0.00   158.74     0  03:09           0        2.81       0.013
  J03352032            JUNCTION      0.00     1.02     0  04:13           0    0.000102      84.225
  J03352033            JUNCTION      0.00   158.87     0  03:07           0        2.82       0.003
  J03352034            JUNCTION      0.00     0.08     0  02:54           0    4.68e-05       2.071
  J03352035            JUNCTION      0.00   159.25     0  03:14           0        2.82      -0.005
  J03352036            JUNCTION      0.00     0.72     0  09:02           0    0.000263      15.407
  J03352037            JUNCTION      0.00   158.96     0  03:07           0        2.82       0.007
  J03352038            JUNCTION      0.00     1.01     0  22:07           0    0.000163      40.039
  J03352039            JUNCTION      0.00     1.15     0  00:31           0    0.000542       0.041
  J03352041            JUNCTION      0.00   159.09     0  00:30           0        2.82       0.007
  J03352042            JUNCTION      0.00     0.00     0  00:00           0           0       0.000 ltr
  J03352043            JUNCTION      0.00   276.30     0  03:05           0        4.22       0.011
  J03352045            JUNCTION      0.00   117.41     0  03:12           0        1.41      -0.010
  J03352046            JUNCTION      0.00     0.00     0  00:00           0           0       0.000 ltr
  J03352144            JUNCTION      0.00   158.90     0  03:05           0        2.82       0.015
  J03355147            JUNCTION      0.00   149.78     0  03:13           0        1.64       0.002
  J03380002            JUNCTION      0.00   591.24     0  02:03           0        6.72       0.092
  J03380007            JUNCTION      0.00   591.16     0  02:03           0        6.73       0.107
  J03380010            JUNCTION      0.00   591.12     0  02:03           0        6.74       0.171
  J03380014            JUNCTION      0.00   591.13     0  02:02           0        6.75       0.141
  J03380016            JUNCTION      0.00   591.13     0  02:02           0        6.76       0.050
  J03380018            JUNCTION      0.00     0.00     0  00:00           0           0       0.000 ltr
  J03380025            JUNCTION      0.00   591.22     0  02:02           0        6.77       0.106
  J03380029            JUNCTION      0.00   591.28     0  02:01           0        6.78       0.087
  J03380032            JUNCTION      0.00   591.39     0  02:01           0        6.78       0.059
  J03380033            JUNCTION      0.00     0.00     0  00:00           0           0       0.000 ltr
  J03380034            JUNCTION      0.00     0.00     0  00:00           0           0       0.000 ltr
  J03380037            JUNCTION      0.00   168.96     0  02:00           0        1.32       0.002
  J03380040            JUNCTION      0.00   591.41     0  02:01           0        6.79       0.012
  J03380042            JUNCTION      0.00   423.04     0  02:01           0        5.47       0.046
  J03380046            JUNCTION      0.00     0.00     0  00:00           0           0       0.000 ltr
  J03380047            JUNCTION      0.00   423.14     0  02:00           0        5.47       0.012
  J03380053            JUNCTION      0.00   423.19     0  02:00           0        5.47       0.039
  J03380055            JUNCTION      0.00     0.00     0  00:00           0           0       0.000 ltr
  J03380056            JUNCTION      0.00   423.41     0  02:00           0        5.49       0.130
  J03380057            JUNCTION      0.00   425.13     0  02:00           0        5.49       0.065
  J03380058            JUNCTION      0.00   295.50     0  02:11           0        4.22      -0.004
  J03380060            JUNCTION      0.00   280.80     0  02:11           0        4.22       0.016
  J03380065            JUNCTION      0.00   280.57     0  02:11           0        4.23       0.030
  J03380071            JUNCTION      0.00   280.84     0  02:10           0        4.23       0.009
  J03380073            JUNCTION      0.00   280.88     0  02:11           0        4.23       0.013
  J03380075            JUNCTION      0.00   280.80     0  02:11           0        4.23       0.010
  J03380076            JUNCTION      0.00   280.74     0  02:10           0        4.23       0.001
  J03380077            JUNCTION      0.00   280.55     0  02:10           0        4.23       0.001
  J03380079            JUNCTION      0.00   280.53     0  02:10           0        4.23       0.048
  J03380081            JUNCTION      0.00   280.54     0  02:10           0        4.23       0.015
  J03380083            JUNCTION      0.00   280.68     0  02:10           0        4.23      -0.007
  J03380085            JUNCTION      0.00   281.18     0  02:10           0        4.23       0.015
  J03380088            JUNCTION      0.00   390.95     0  02:03           0        4.98       0.066
  J03380089            JUNCTION      0.00   391.13     0  02:03           0        3.57       0.050
  J03380092            JUNCTION      0.00   391.13     0  02:03           0        3.58       0.058
  J03380095            JUNCTION      0.00   391.29     0  02:03           0        3.58       0.024
  J03380096            JUNCTION      0.00   391.29     0  02:03           0        3.58       0.055
  J03380098            JUNCTION      0.00   391.42     0  02:05           0        3.58      -0.043
  J03380100            JUNCTION      0.00   391.78     0  02:05           0        3.58       0.034
  J03380102            JUNCTION      0.00   391.79     0  02:05           0        3.58       0.009
  J03380104            JUNCTION      0.00   392.21     0  02:04           0        3.58       0.014
  J03380106            JUNCTION      0.00   392.30     0  02:04           0        3.58       0.027
  J03380109            JUNCTION      0.00   392.16     0  02:04           0        3.58       0.005
  J03380113            JUNCTION      0.00   392.29     0  02:04           0        3.58      -0.005
  J03380117            JUNCTION      0.00   392.35     0  02:04           0        3.58       0.017
  J03380120            JUNCTION      0.00   392.34     0  02:04           0        3.58       0.113
  J03380124            JUNCTION      0.00   392.98     0  02:04           0        3.58       0.012
  J03380127            JUNCTION      0.00   393.03     0  02:02           0        3.59       0.008
  J03380129            JUNCTION      0.00   393.22     0  02:02           0        3.59       0.008
  J03380131            JUNCTION      0.00   393.88     0  02:02           0        3.59       0.007
  J03380136            JUNCTION      0.00   394.74     0  02:02           0        3.59      -0.010
  J03380137            JUNCTION      0.00   395.19     0  01:59           0        3.59       0.012
  J03380142            JUNCTION      0.00   395.68     0  01:59           0        3.59       0.011
  J03380145            JUNCTION      0.00   396.02     0  02:01           0        3.59       0.007
  J03380148            JUNCTION      0.00   396.88     0  02:01           0        3.59      -0.009
  J03380152            JUNCTION      0.00   397.06     0  01:59           0        3.59       0.024
  J03380155            JUNCTION      0.00   397.29     0  02:01           0        3.59       0.003
  J03380159            JUNCTION      0.00   396.97     0  02:01           0        3.59       0.001
  J03380162            JUNCTION      0.00   396.82     0  02:01           0        3.59       0.004
  J03380165            JUNCTION      0.00   396.85     0  02:01           0        3.59       0.008
  J03380166            JUNCTION      0.00   396.66     0  02:00           0        3.59       0.004
  J03380170            JUNCTION      0.00   396.36     0  02:00           0        3.59       0.008
  J03380173            JUNCTION      0.00   526.45     0  02:01           0        4.44       0.006
  J03380175            JUNCTION      2.20     2.20     0  00:00        0.19        0.19       0.038
  J03380177            JUNCTION      0.00     2.20     0  00:11           0        0.19       0.018
  J03380178            JUNCTION      0.00     2.20     0  00:24           0        0.19       0.426
  J03380180            JUNCTION      0.00     0.00     0  00:00           0           0       0.000 ltr
  J03380182            JUNCTION      0.00     2.20     0  02:12           0       0.189       0.039
  J03380184            JUNCTION      0.00     2.20     0  00:40           0       0.189       0.069
  J03380186            JUNCTION      0.00     2.20     0  02:11           0       0.189       0.057
  J03380188            JUNCTION      0.00     2.20     0  02:11           0       0.189       0.023
  J03380190            JUNCTION      0.00     2.20     0  00:35           0       0.189       0.087
  J03380195            JUNCTION      0.00     2.20     0  00:41           0       0.189       0.304
  J03380197            JUNCTION      0.00     2.20     0  02:11           0       0.188       0.042
  J03380198            JUNCTION      0.00     0.00     0  00:00           0           0       0.000 ltr
  J03380199            JUNCTION      0.00     2.20     0  01:37           0       0.188       0.436
  J03380200            JUNCTION      0.00     0.00     0  00:00           0           0       0.000 ltr
  J03380201            JUNCTION      0.00     4.94     0  02:14           0       0.187       0.092
  J03380203            JUNCTION      0.00     0.00     0  00:00           0           0       0.000 ltr
  J03380204            JUNCTION      0.00     0.00     0  00:00           0           0       0.000 ltr
  J03380206            JUNCTION      0.00     0.00     0  00:00           0           0       0.000 ltr
  J03380207            JUNCTION      0.00     7.26     0  02:14           0       0.187       0.054
  J03380209            JUNCTION      0.00     8.81     0  02:14           0       0.187       0.179
  J03380210            JUNCTION      0.00     0.00     0  00:00           0           0       0.000 ltr
  J03380211            JUNCTION      0.00    10.32     0  02:14           0       0.187       0.198
  J03380212            JUNCTION      0.00     0.00     0  00:00           0           0       0.000 ltr
  J03380213            JUNCTION      0.00    11.97     0  02:13           0       0.187       0.087
  J03380215            JUNCTION      0.00    12.81     0  02:13           0       0.187       0.016
  J03380218            JUNCTION      0.00    18.67     0  00:37           0        0.19       0.049
  J03380219            JUNCTION      0.00    26.53     0  00:36           0       0.199       0.031
  J03380221            JUNCTION      0.00    56.61     0  00:36           0       0.206      -0.108
  J03380223            JUNCTION      0.00    72.60     0  00:36           0       0.216       1.436
  J03380224            JUNCTION      0.00     9.60     0  00:35           0     0.00239       2.491
  J03380225            JUNCTION      0.00    83.80     0  00:35           0       0.222       0.456
  J03380227            JUNCTION      0.00    90.85     0  00:35           0       0.226       0.332
  J03380228            JUNCTION      0.00   104.34     0  00:35           0       0.233       0.999
  J03380230            JUNCTION      0.00   113.28     0  00:35           0       0.239       0.077
  J03380231            JUNCTION      0.00     0.00     0  00:00           0           0       0.000 ltr
  J03380232            JUNCTION      0.00   114.82     0  00:35           0       0.248       1.368
  J03380235            JUNCTION      0.00   204.69     0  00:33           0        2.18       0.877
  J03380236            JUNCTION      0.00    21.45     0  00:32           0     0.00161      12.109
  J03380237            JUNCTION      0.00   140.20     0  04:02           0        1.88       0.533
  J03380238            JUNCTION      0.00   140.15     0  04:02           0        1.87       0.688
  J03380239            JUNCTION      0.00    95.30     0  00:33           0      0.0451       1.935
  J03380240            JUNCTION      0.00    10.01     0  00:34           0      0.0022      -0.028
  J03380241            JUNCTION      0.00     4.91     0  02:36           0      0.0027       0.002
  J03380243            JUNCTION      0.00    83.00     0  00:33           0      0.0297      11.260
  J03380245            JUNCTION      0.00    70.37     0  00:33           0      0.0119      14.728
  J03380248            JUNCTION      0.00     0.05     0  02:34           0    4.35e-08       0.043 ltr
  J03380252            JUNCTION      0.00     0.00     0  00:00           0           0       0.000 ltr
  J03380254            JUNCTION      0.00     0.00     0  00:00           0           0       0.000 ltr
  J03380255            JUNCTION      0.00     0.00     0  00:00           0           0       0.000 ltr
  J03380256            JUNCTION      0.00     0.00     0  00:00           0           0       0.000 ltr
  J03380258            JUNCTION      0.00     0.00     0  00:00           0           0       0.000 ltr
  J03380260            JUNCTION      0.00     0.00     0  00:00           0           0       0.000 ltr
  J03380262            JUNCTION      0.00     0.00     0  00:00           0           0       0.000 ltr
  J03380264            JUNCTION      0.00     0.00     0  00:00           0           0       0.000 ltr
  J03380265            JUNCTION      0.00     3.16     0  00:41           0     0.00251       0.060
  J03380266            JUNCTION      0.00   423.41     0  02:00           0        5.48       0.177
  J03380267            JUNCTION      0.00     0.20     0  00:48           0     0.00019       0.140
  J03380272            JUNCTION      0.00     0.00     0  00:00           0           0       0.000 ltr
  J03380280            JUNCTION      0.00     0.00     0  00:00           0           0       0.000 ltr
  J03380281            JUNCTION      0.00     0.00     0  00:00           0           0       0.000 ltr
  J03380282            JUNCTION      0.00   423.60     0  02:00           0        5.49       0.066
  J03380284            JUNCTION      0.00     1.32     0  00:41           0     0.00119       0.263
  J03380286            JUNCTION      0.00     0.00     0  00:00           0           0       0.000 ltr
  J03380287            JUNCTION      0.00     0.00     0  00:00           0           0       0.000 ltr
  J03380288            JUNCTION      0.00     0.00     0  00:00           0           0       0.000 ltr
  J03380289            JUNCTION      0.00     0.00     0  00:00           0           0       0.000 ltr
  J03380290            JUNCTION      0.00     0.00     0  00:00           0           0       0.000 ltr
  J03380291            JUNCTION      0.00     0.00     0  00:00           0           0       0.000 ltr
  J03380292            JUNCTION      0.00     0.00     0  00:00           0           0       0.000 ltr
  J03380293            JUNCTION      0.00     0.00     0  00:00           0           0       0.000 ltr
  J03380295            JUNCTION      0.00     0.00     0  00:00           0           0       0.000 ltr
  J03380299            JUNCTION      0.00     0.00     0  00:00           0           0       0.000 ltr
  J03380301            JUNCTION      0.00     0.00     0  00:00           0           0       0.000 ltr
  J03380302            JUNCTION      0.00     0.00     0  00:00           0           0       0.000 ltr
  J03380305            JUNCTION      0.00     0.00     0  00:00           0           0       0.000 ltr
  J03380307            JUNCTION      0.00     0.00     0  00:00           0           0       0.000 ltr
  J03380310            JUNCTION      0.00     0.00     0  00:00           0           0       0.000 ltr
  J03380316            JUNCTION      0.00     0.00     0  00:00           0           0       0.000 ltr
  J03380318            JUNCTION      0.00     0.00     0  00:00           0           0       0.000 ltr
  J03380322            JUNCTION      0.00     0.00     0  00:00           0           0       0.000 ltr
  J03380323            JUNCTION      0.00     0.00     0  00:00           0           0       0.000 ltr
  J03380325            JUNCTION      0.00     0.00     0  00:00           0           0       0.000 ltr
  J03380327            JUNCTION      0.00     0.00     0  00:00           0           0       0.000 ltr
  J03380328            JUNCTION      0.00     0.00     0  00:00           0           0       0.000 ltr
  J03380331            JUNCTION      0.00     0.00     0  00:00           0           0       0.000 ltr
  J03380332            JUNCTION      0.00     0.00     0  00:00           0           0       0.000 ltr
  J03380335            JUNCTION      0.00     0.00     0  00:00           0           0       0.000 ltr
  J03380346            JUNCTION      0.00     0.00     0  00:00           0           0       0.000 ltr
  J03380349            JUNCTION      0.00     0.00     0  00:00           0           0       0.000 ltr
  J03380352            JUNCTION      0.00     0.00     0  00:00           0           0       0.000 ltr
  J03380356            JUNCTION      0.00   591.32     0  02:03           0        6.72       0.003
  J03388007            JUNCTION      0.00   593.65     0  02:04           0        6.73       0.744
  J03411012            JUNCTION      0.00    25.39     0  00:31           0       0.014      26.763
  J03411013            JUNCTION      0.00     2.33     0  00:55           0    0.000683       0.162
  J03411014            JUNCTION      0.00   529.40     0  01:23           0        5.44       0.191
  J03411015            JUNCTION      0.00     3.50     0  00:51           0     0.00109      -7.112
  J03411016            JUNCTION      0.00   362.07     0  01:23           0        3.49       0.153
  J03411017            JUNCTION      0.00     5.39     0  00:52           0     0.00122      -2.771
  J03411018            JUNCTION      0.00   362.05     0  01:23           0        3.48       0.075
  J03411019            JUNCTION      0.00     4.97     0  00:53           0     0.00103      -1.651
  J03411020            JUNCTION      0.00   362.28     0  01:23           0         3.5       0.158
  J03411021            JUNCTION      0.00   312.91     0  01:21           0        2.95       0.040
  J03411079            JUNCTION      0.00   398.04     0  00:38           0        2.39       0.096
  J03411080            JUNCTION      0.00   398.54     0  00:39           0        2.47       0.575
  J03411081            JUNCTION      0.00    77.25     0  00:25           0      0.0477      11.024
  J03411083            JUNCTION      0.00   295.54     0  00:39           0        1.92       0.000
  J03464880            JUNCTION      0.00   418.77     0  02:00           0        5.09       0.005
  J06103061            JUNCTION      0.00   518.33     0  01:21           0        5.34       0.052
  J06103062            JUNCTION      0.00   312.31     0  01:22           0        2.95       0.046
  J03180001            STORAGE       0.00    99.10     0  00:45           0       0.177       0.170
  J03260038            STORAGE       0.00   448.17     0  01:06           0        4.84       0.717
  J03260041            STORAGE       0.00   434.09     0  01:05           0        4.71       0.878
  J03262001            STORAGE       0.00   328.78     0  01:06           0        4.68       1.156
  J03263039            STORAGE       0.00   355.70     0  00:53           0        3.65       0.386
  J03263052            STORAGE       0.00   427.80     0  00:54           0        3.78       0.626
  J03260010            OUTFALL       0.00   936.94     0  02:01           0        17.1       0.000
  
  
  **********************
  Node Surcharge Summary
  **********************
  
  Surcharging occurs when water rises above the top of the highest conduit.
  ---------------------------------------------------------------------
                                               Max. Height   Min. Depth
                                   Hours       Above Crown    Below Rim
  Node                 Type      Surcharged         Meters       Meters
  ---------------------------------------------------------------------
  J03176902            JUNCTION        5.47          0.951        0.671
  J03180002            JUNCTION        6.47          1.194        0.406
  J03180003            JUNCTION        7.16          1.398        0.000
  J03180004            JUNCTION        7.27          1.523        0.227
  J03180005            JUNCTION        5.85          1.213        0.537
  J03180006            JUNCTION        6.87          1.428        0.042
  J03180007            JUNCTION        6.13          1.291        0.509
  J03180008            JUNCTION        5.52          1.000        0.483
  J03180009            JUNCTION        5.17          0.818        1.022
  J03180010            JUNCTION        5.47          0.950        0.540
  J03180011            JUNCTION        4.07          0.769        0.931
  J03180015            JUNCTION        3.80          0.743        0.727
  J03180019            JUNCTION        2.71          0.313        1.177
  J03180020            JUNCTION        1.75          0.176        1.304
  J03180022            JUNCTION        0.71          0.038        1.452
  J03180031            JUNCTION       24.00          0.000        2.000
  J03180032            JUNCTION       24.00          0.000        2.000
  J03180111            JUNCTION        0.40          0.003        2.188
  J03180114            JUNCTION        1.26          0.044        2.225
  J03180116            JUNCTION        3.15          0.181        2.294
  J03180118            JUNCTION        0.78          0.013        1.928
  J03180124            JUNCTION        2.74          0.307        1.934
  J03189835            JUNCTION        3.24          0.399        1.101
  J03189838            JUNCTION        3.26          0.434        1.166
  J03189839            JUNCTION        1.44          0.118        1.482
  J03189842            JUNCTION        1.46          0.108        1.192
  J03190007            JUNCTION        1.66          0.142        1.558
  J03190008            JUNCTION        2.08          0.167        0.029
  J03190010            JUNCTION        1.96          0.157        0.005
  J03190012            JUNCTION        1.41          0.121        1.579
  J03190013            JUNCTION        3.69          0.653        1.047
  J03190014            JUNCTION        2.90          0.247        0.000
  J03190015            JUNCTION        2.39          0.228        1.472
  J03190022            JUNCTION        3.69          0.389        1.311
  J03190025            JUNCTION        2.22          0.153        0.000
  J03190026            JUNCTION        2.21          0.185        1.515
  J03190027            JUNCTION        2.83          0.344        1.356
  J03190028            JUNCTION        4.22          0.421        0.000
  J03190029            JUNCTION        3.82          0.392        1.308
  J03190030            JUNCTION        5.39          0.679        1.021
  J03190031            JUNCTION        4.97          0.531        0.000
  J03190032            JUNCTION        4.09          0.412        1.288
  J03190034            JUNCTION        7.05          1.281        0.000
  J03190039            JUNCTION        6.67          1.098        0.000
  J03190042            JUNCTION        6.77          1.135        0.000
  J03190044            JUNCTION        4.24          0.608        1.092
  J03190045            JUNCTION        5.19          0.525        0.000
  J03190048            JUNCTION        7.00          1.210        0.000
  J03190051            JUNCTION        7.10          1.248        0.000
  J03190055            JUNCTION        7.20          1.285        0.000
  J03190059            JUNCTION        6.76          1.098        0.000
  J03190061            JUNCTION        6.83          1.126        0.000
  J03190064            JUNCTION        6.99          1.184        0.000
  J03190067            JUNCTION        7.10          1.227        0.000
  J03190070            JUNCTION        7.20          1.269        0.000
  J03190078            JUNCTION        7.26          1.294        0.000
  J03190083            JUNCTION        7.10          1.222        0.000
  J03190084            JUNCTION        5.78          0.662        0.000
  J03190085            JUNCTION        5.59          0.883        0.817
  J03190088            JUNCTION        5.44          0.553        0.000
  J03190089            JUNCTION        5.97          0.760        0.940
  J03190091            JUNCTION        5.60          0.598        0.000
  J03190092            JUNCTION        5.66          0.643        1.057
  J03190094            JUNCTION        6.73          1.065        0.000
  J03190096            JUNCTION        6.51          1.011        0.489
  J03190102            JUNCTION        8.13          1.682        0.000
  J03190106            JUNCTION        8.21          1.720        0.000
  J03190107            JUNCTION        8.31          1.766        0.000
  J03190111            JUNCTION        8.40          1.808        0.000
  J03190114            JUNCTION        8.48          1.848        0.000
  J03190149            JUNCTION        3.25          0.239        1.361
  J03190150            JUNCTION        1.52          0.033        1.537
  J03190155            JUNCTION        0.89          0.054        1.446
  J03190159            JUNCTION       23.47          0.601        1.099
  J03190161            JUNCTION       23.46          0.573        0.477
  J03190164            JUNCTION       23.46          0.600        0.480
  J03190167            JUNCTION        0.83          0.015        1.525
  J03191002            JUNCTION        5.42          0.590        0.000
  J03191003            JUNCTION        5.72          0.727        0.973
  J03191004            JUNCTION        4.94          0.674        0.806
  J03191005            JUNCTION        5.45          0.968        0.632
  J03191007            JUNCTION        5.95          0.813        0.057
  J03191008            JUNCTION        3.67          0.391        1.199
  J03191010            JUNCTION        4.29          0.363        0.947
  J03191015            JUNCTION        3.83          0.645        0.915
  J03191016            JUNCTION        2.90          0.196        1.384
  J03191017            JUNCTION        2.63          0.160        1.440
  J03191019            JUNCTION        2.63          0.156        1.104
  J03191021            JUNCTION        4.41          0.389        0.321
  J03191023            JUNCTION        3.93          0.322        1.278
  J03191100            JUNCTION       23.47          0.693        0.507
  J03191101            JUNCTION        2.74          0.173        1.297
  J03191103            JUNCTION        5.86          0.721        0.479
  J03191950            JUNCTION        6.67          1.052        0.000
  J03191951            JUNCTION        4.61          0.661        0.939
  J03191952            JUNCTION        3.83          0.450        1.150
  J03191983            JUNCTION        7.72          1.600        0.000
  J03192002            JUNCTION        6.24          0.883        0.317
  J03192077            JUNCTION        5.22          0.675        0.925
  J03193034            JUNCTION        6.38          0.983        0.617
  J03193036            JUNCTION        3.39          0.397        1.053
  J03193037            JUNCTION        5.48          0.718        0.782
  J03193038            JUNCTION        4.79          0.581        0.909
  J03193045            JUNCTION        3.07          0.349        1.141
  J03193051            JUNCTION        3.14          0.372        0.948
  J03193057            JUNCTION        3.88          0.489        0.911
  J03193062            JUNCTION        4.36          0.543        0.957
  J03193063            JUNCTION        4.18          0.529        0.971
  J03193064            JUNCTION        3.24          0.419        1.071
  J03193078            JUNCTION        3.75          0.513        0.907
  J03193080            JUNCTION        5.98          0.717        0.783
  J03193081            JUNCTION        5.41          0.660        0.840
  J03193083            JUNCTION        5.20          0.674        0.766
  J03193085            JUNCTION        4.30          0.578        0.812
  J03193123            JUNCTION        2.62          0.506        0.974
  J03193126            JUNCTION        0.57          0.307        1.143
  J03193127            JUNCTION        0.59          0.322        1.178
  J03193128            JUNCTION        0.59          0.331        0.869
  J03193130            JUNCTION        4.68          0.644        0.846
  J03193131            JUNCTION        4.68          0.641        0.859
  J03193137            JUNCTION        4.19          0.596        0.904
  J03193141            JUNCTION        0.78          0.477        0.993
  J03193142            JUNCTION        4.85          0.663        0.817
  J03193143            JUNCTION        4.85          0.664        0.836
  J03193145            JUNCTION        1.76          0.495        0.905
  J03193146            JUNCTION        3.10          0.533        0.867
  J03193152            JUNCTION        4.75          0.647        0.853
  J03193154            JUNCTION        3.68          0.549        1.101
  J03193155            JUNCTION        3.68          0.556        1.144
  J03195537            JUNCTION        0.05          0.012        1.388
  J03195666            JUNCTION        5.70          0.747        0.753
  J03195943            JUNCTION       23.47          0.672        0.528
  J03195944            JUNCTION        6.79          1.110        0.000
  J03195988            JUNCTION       23.47          1.128        0.072
  J03195991            JUNCTION        8.80          1.989        0.000
  J03198004            JUNCTION        8.26          1.749        0.000
  J03198005            JUNCTION        7.89          1.530        0.000
  J03233000            JUNCTION       23.76          1.212        0.338
  J03235001            JUNCTION        1.65          0.184        0.676
  J03235002            JUNCTION        3.29          0.823        0.000
  J03235003            JUNCTION        3.36          0.923        0.000
  J03235006            JUNCTION        1.52          0.151        0.329
  J03235007            JUNCTION        3.16          0.753        0.000
  J03235013            JUNCTION        3.21          0.874        0.000
  J03235019            JUNCTION        3.15          0.914        0.000
  J03235024            JUNCTION        3.17          0.976        0.724
  J03235029            JUNCTION        3.15          0.944        0.756
  J03235031            JUNCTION        3.24          1.729        0.000
  J03235032            JUNCTION        3.16          1.800        0.000
  J03235041            JUNCTION        1.07          0.071        1.079
  J03235042            JUNCTION        0.44          0.011        1.689
  J03235045            JUNCTION        3.19          1.838        0.000
  J03235046            JUNCTION        3.17          1.757        0.000
  J03235049            JUNCTION        3.29          2.077        0.000
  J03235056            JUNCTION        3.26          2.258        0.000
  J03235058            JUNCTION        3.27          2.288        0.000
  J03235075            JUNCTION        3.27          2.622        0.000
  J03235080            JUNCTION        3.42          7.117        0.000
  J03235088            JUNCTION       23.96          8.446        0.000
  J03260024            JUNCTION        5.45          0.808        0.000
  J03260025            JUNCTION        5.15          0.834        0.866
  J03260026            JUNCTION        5.67          0.872        0.000
  J03260027            JUNCTION        5.54          1.019        0.681
  J03260028            JUNCTION        5.73          1.031        0.669
  J03260029            JUNCTION        5.61          0.846        0.000
  J03260030            JUNCTION        5.61          0.877        0.823
  J03260031            JUNCTION        5.66          0.895        0.805
  J03260032            JUNCTION        6.99          1.521        0.000
  J03260033            JUNCTION        6.27          1.091        0.000
  J03260034            JUNCTION        5.74          1.082        0.618
  J03260047            JUNCTION        4.38          0.572        1.128
  J03260048            JUNCTION        4.24          0.508        0.000
  J03260049            JUNCTION        4.51          0.665        1.035
  J03260050            JUNCTION        4.40          0.644        1.056
  J03260051            JUNCTION        3.36          0.331        0.000
  J03260052            JUNCTION        3.40          0.382        1.318
  J03260054            JUNCTION        1.46          0.066        0.000
  J03260055            JUNCTION        2.45          0.209        1.491
  J03260058            JUNCTION        2.36          0.301        1.399
  J03260059            JUNCTION        3.01          0.287        0.183
  J03260060            JUNCTION        2.83          0.377        1.323
  J03260061            JUNCTION        5.17          0.831        0.569
  J03260062            JUNCTION        2.75          0.388        1.312
  J03260063            JUNCTION        2.60          0.207        0.173
  J03260064            JUNCTION        0.70          0.038        1.662
  J03260065            JUNCTION        6.63          1.273        0.127
  J03260066            JUNCTION        1.16          0.055        0.156
  J03260067            JUNCTION        0.57          0.033        1.667
  J03260087            JUNCTION       24.00          0.000        2.000
  J03260088            JUNCTION        3.43          0.446        0.944
  J03260090            JUNCTION        2.03          0.189        1.161
  J03260093            JUNCTION        2.04          0.217        1.183
  J03260095            JUNCTION        2.09          0.280        1.120
  J03260097            JUNCTION        0.21          0.086        1.314
  J03260147            JUNCTION        6.14          1.010        0.000
  J03260148            JUNCTION        6.38          1.109        0.741
  J03260149            JUNCTION        6.84          1.250        0.000
  J03260150            JUNCTION        7.22          1.419        0.000
  J03260151            JUNCTION       23.38          1.577        0.000
  J03260154            JUNCTION        5.13          0.777        0.000
  J03260156            JUNCTION       23.46          1.656        0.000
  J03260157            JUNCTION        7.37          1.537        0.000
  J03260159            JUNCTION        6.48          1.209        0.000
  J03260160            JUNCTION        6.51          1.244        0.456
  J03260161            JUNCTION        7.25          1.513        0.000
  J03260162            JUNCTION        7.38          1.608        0.000
  J03260164            JUNCTION       23.49          1.777        0.000
  J03260166            JUNCTION        7.61          1.781        0.000
  J03260167            JUNCTION       23.52          1.851        0.000
  J03260170            JUNCTION        7.45          1.803        0.000
  J03260171            JUNCTION       23.59          2.086        0.000
  J03260172            JUNCTION        4.41          1.028        0.000
  J03260174            JUNCTION        5.36          1.297        0.000
  J03260406            JUNCTION       24.00          0.000        2.000
  J03260409            JUNCTION       24.00          0.000        2.000
  J03260411            JUNCTION       24.00          0.000        2.000
  J03260413            JUNCTION       24.00          0.000        2.000
  J03260415            JUNCTION       24.00          0.000        2.000
  J03260429            JUNCTION        3.77          0.490        0.810
  J03260431            JUNCTION        2.01          1.991        0.000
  J03260534            JUNCTION       24.00          0.000        2.000
  J03260550            JUNCTION       24.00          0.000        2.000
  J03260555            JUNCTION       24.00          0.000        2.000
  J03260558            JUNCTION        3.29          0.121        1.079
  J03260567            JUNCTION       24.00          0.000        2.000
  J03260569            JUNCTION       24.00          0.000        2.000
  J03260572            JUNCTION       24.00          0.000        2.000
  J03260574            JUNCTION        0.22          0.058        1.332
  J03260575            JUNCTION       24.00          0.000        2.000
  J03260578            JUNCTION       24.00          0.000        2.000
  J03261009            JUNCTION        6.82          1.439        0.000
  J03261010            JUNCTION        6.61          1.341        0.359
  J03261011            JUNCTION        6.29          1.119        0.000
  J03261012            JUNCTION        5.77          1.015        0.685
  J03261013            JUNCTION        6.56          1.305        0.395
  J03261014            JUNCTION        6.76          1.398        0.000
  J03261015            JUNCTION        6.92          1.700        0.000
  J03262029            JUNCTION        4.65          0.858        0.842
  J03262030            JUNCTION        5.06          0.784        0.916
  J03262031            JUNCTION        4.98          0.669        0.000
  J03262795            JUNCTION        6.32          1.600        0.000
  J03263001            JUNCTION        6.45          1.289        0.111
  J03263002            JUNCTION        6.60          1.393        0.207
  J03263004            JUNCTION        6.91          1.491        0.000
  J03263005            JUNCTION        6.71          1.455        0.055
  J03263007            JUNCTION        7.20          1.560        0.000
  J03263010            JUNCTION        7.06          1.327        0.203
  J03263011            JUNCTION        4.68          0.875        0.125
  J03263012            JUNCTION        6.14          1.520        0.000
  J03263015            JUNCTION        6.51          1.440        0.140
  J03263016            JUNCTION        7.41          1.691        0.000
  J03263017            JUNCTION        7.23          1.530        0.000
  J03263018            JUNCTION        6.92          1.303        0.297
  J03263024            JUNCTION        5.87          0.931        0.469
  J03263049            JUNCTION        6.74          1.598        0.002
  J03263053            JUNCTION        6.82          1.392        0.158
  J03263054            JUNCTION        6.59          1.349        0.251
  J03263057            JUNCTION        6.77          1.210        0.590
  J03263058            JUNCTION        6.95          1.256        0.000
  J03263061            JUNCTION        6.31          1.198        0.382
  J03263063            JUNCTION        6.69          1.427        0.173
  J03263075            JUNCTION        7.15          1.346        0.000
  J03263078            JUNCTION        6.95          1.261        0.339
  J03263079            JUNCTION        4.92          0.870        0.450
  J03263080            JUNCTION        7.04          1.314        0.000
  J03263081            JUNCTION        3.07          0.339        1.191
  J03263082            JUNCTION        6.58          1.164        0.366
  J03264861            JUNCTION        1.28          0.134        1.566
  J03264862            JUNCTION        1.67          0.214        1.636
  J03264872            JUNCTION        2.87          0.318        1.182
  J03264876            JUNCTION        2.82          0.274        1.226
  J03264882            JUNCTION        2.84          0.203        1.287
  J03264883            JUNCTION        2.44          0.146        1.354
  J03264891            JUNCTION        3.31          0.481        1.219
  J03264892            JUNCTION       23.43          0.686        1.014
  J03264894            JUNCTION        3.07          0.084        1.416
  J03264900            JUNCTION        3.90          0.812        0.788
  J03264960            JUNCTION        7.46          1.484        0.000
  J03264964            JUNCTION        7.33          1.457        0.000
  J03265001            JUNCTION       24.00          0.000        2.000
  J03266226            JUNCTION        4.89          0.769        0.681
  J03266227            JUNCTION        4.73          0.733        0.877
  J03266669            JUNCTION        6.13          1.080        0.000
  J03266670            JUNCTION        6.34          1.090        0.000
  J03266695            JUNCTION       24.00          0.000        2.000
  J03266696            JUNCTION       24.00          0.000        2.000
  J03266698            JUNCTION       24.00          0.000        2.000
  J03351040            JUNCTION        1.80          0.247        1.093
  J03351044            JUNCTION        2.89          0.451        0.999
  J03351046            JUNCTION        2.47          0.334        1.046
  J03351049            JUNCTION        2.99          0.544        1.056
  J03351051            JUNCTION        1.71          0.161        1.059
  J03351056            JUNCTION        3.19          0.606        0.994
  J03351058            JUNCTION        2.91          0.355        1.145
  J03351067            JUNCTION        2.93          0.350        1.220
  J03351072            JUNCTION        3.04          0.446        1.114
  J03351075            JUNCTION        3.04          0.418        1.072
  J03351076            JUNCTION        3.22          0.655        0.905
  J03351078            JUNCTION        2.33          0.149        1.321
  J03351080            JUNCTION        3.08          0.269        1.331
  J03351087            JUNCTION        3.03          0.175        1.405
  J03351089            JUNCTION        3.18          0.256        1.334
  J03351092            JUNCTION        5.29          0.509        0.441
  J03351093            JUNCTION        4.08          0.498        1.082
  J03352007            JUNCTION        3.24          0.081        1.519
  J03352011            JUNCTION        3.15          0.155        1.435
  J03352028            JUNCTION        3.39          0.510        1.090
  J03352039            JUNCTION        1.01          0.050        1.550
  J03352144            JUNCTION        1.39          0.099        1.221
  J03355147            JUNCTION        2.96          0.546        1.054
  J03380079            JUNCTION        0.75          0.032        1.368
  J03380092            JUNCTION        0.25          0.025        1.355
  J03380096            JUNCTION        1.78          0.149        1.221
  J03380102            JUNCTION        0.22          0.023        1.347
  J03380106            JUNCTION        1.20          0.190        1.200
  J03380109            JUNCTION        0.32          0.043        1.357
  J03380117            JUNCTION        0.15          0.017        1.383
  J03380120            JUNCTION        3.60          0.495        0.795
  J03380127            JUNCTION        0.08          0.008        1.392
  J03380129            JUNCTION        0.01          0.002        1.398
  J03380223            JUNCTION        1.54          0.059        1.111
  J03380224            JUNCTION        3.59          0.178        1.522
  J03380228            JUNCTION        2.97          0.096        1.284
  J03380232            JUNCTION        3.34          0.144        1.186
  J03380235            JUNCTION        0.38          0.037        0.643
  J03380236            JUNCTION        5.40          0.935        0.865
  J03380237            JUNCTION       23.46          0.969        0.101
  J03380238            JUNCTION       23.46          0.812        0.248
  J03380243            JUNCTION        0.35          0.042        1.318
  J03380245            JUNCTION        0.35          0.052        1.338
  J03380255            JUNCTION       24.00          0.000        2.000
  J03411012            JUNCTION        5.41          0.841        0.039
  J03411013            JUNCTION        5.29          0.821        1.059
  J03411014            JUNCTION        6.70          1.194        0.000
  J03411015            JUNCTION        6.24          1.068        0.732
  J03411016            JUNCTION        6.37          1.200        0.000
  J03411017            JUNCTION        6.06          1.205        0.595
  J03411018            JUNCTION        5.90          0.962        0.078
  J03411019            JUNCTION        5.79          0.946        0.864
  J03411020            JUNCTION        6.56          1.139        0.000
  J03411021            JUNCTION        5.98          1.114        0.056
  J03411079            JUNCTION       23.32          1.667        0.000
  J03411080            JUNCTION        8.07          1.509        0.000
  J03411081            JUNCTION        6.96          1.289        0.000
  J03411083            JUNCTION       23.28          1.527        0.000
  J06103061            JUNCTION        6.54          1.127        0.000
  J06103062            JUNCTION        6.29          1.137        0.063
  
  
  *********************
  Node Flooding Summary
  *********************
  
  Flooding refers to all water that overflows a node, whether it ponds or not.
  --------------------------------------------------------------------------
                                                             Total   Maximum
                                 Maximum   Time of Max       Flood    Ponded
                        Hours       Rate    Occurrence      Volume     Depth
  Node                 Flooded       LPS   days hr:min    10^6 ltr    Meters
  --------------------------------------------------------------------------
  J03180003               1.28      9.80      0  02:25       0.005     0.048
  J03190014               0.08      7.67      0  03:41       0.000     0.000
  J03190025               0.92      4.48      0  03:55       0.004     0.029
  J03190028               1.24      3.64      0  02:46       0.006     0.049
  J03190031               1.55      4.54      0  02:43       0.008     0.068
  J03190034               1.82      6.50      0  02:29       0.009     0.081
  J03190039               2.12      8.36      0  02:20       0.011     0.098
  J03190042               2.49     14.36      0  02:15       0.016     0.135
  J03190045               2.85     18.49      0  02:09       0.020     0.172
  J03190048               3.18     24.19      0  02:04       0.024     0.210
  J03190051               3.52     28.17      0  02:01       0.029     0.248
  J03190055               3.85     30.59      0  01:55       0.032     0.285
  J03190059               3.97     31.03      0  01:54       0.031     0.298
  J03190061               4.20     36.38      0  01:51       0.038     0.326
  J03190064               4.58     41.59      0  01:50       0.047     0.384
  J03190067               4.84     41.59      0  01:47       0.051     0.427
  J03190070               5.06     46.71      0  01:42       0.054     0.469
  J03190078               5.19     51.32      0  01:38       0.059     0.494
  J03190083               5.29     55.13      0  01:37       0.056     0.518
  J03190084               5.32     56.41      0  01:39       0.056     0.525
  J03190088               5.44     54.97      0  01:35       0.068     0.553
  J03190091               5.60     61.75      0  01:35       0.074     0.598
  J03190094               5.74     64.44      0  01:31       0.075     0.640
  J03190102               5.86     71.47      0  01:30       0.078     0.682
  J03190106               5.96     64.16      0  01:30       0.083     0.720
  J03190107               6.07     78.06      0  01:29       0.089     0.766
  J03190111               6.18     71.76      0  01:27       0.093     0.808
  J03190114               6.28     74.83      0  01:28       0.093     0.848
  J03191950               1.74      6.91      0  02:40       0.006     0.052
  J03195944               4.07     34.30      0  01:54       0.033     0.310
  J03195991               5.15     30.44      0  01:40       0.049     0.469
  J03198004               3.88     21.23      0  01:54       0.027     0.269
  J03198005               1.56      4.96      0  03:34       0.005     0.040
  J03235002               2.40     50.53      0  03:41       0.044     0.423
  J03235003               2.87     43.17      0  03:41       0.055     0.523
  J03235007               1.05      9.42      0  02:29       0.010     0.093
  J03235013               1.53     14.19      0  02:22       0.022     0.214
  J03235019               0.70      4.47      0  02:40       0.003     0.034
  J03235031               2.42     23.60      0  02:01       0.082     0.789
  J03235032               0.01     20.75      0  03:38       0.000     0.000
  J03235045               1.00     21.83      0  02:16       0.014     0.138
  J03235046               1.29     26.17      0  02:02       0.029     0.287
  J03235049               2.79     26.48      0  02:03       0.105     1.027
  J03235056               1.66     28.83      0  02:02       0.056     0.558
  J03235058               2.80     29.86      0  01:41       0.117     1.148
  J03235075               3.06     34.56      0  02:01       0.152     1.502
  J03235080               2.59     89.33      0  00:47       0.375     3.737
  J03235088               2.26     96.74      0  01:35       0.376     3.746
  J03260024               5.45     53.03      0  01:41       0.093     0.808
  J03260026               5.67     78.66      0  01:32       0.101     0.872
  J03260029               5.61     88.20      0  01:33       0.097     0.846
  J03260032               0.91      2.44      0  03:14       0.002     0.021
  J03260033               6.26    119.81      0  01:28       0.126     1.091
  J03260048               4.24     32.75      0  01:52       0.059     0.508
  J03260051               3.36     25.68      0  02:07       0.038     0.331
  J03260054               1.46      5.97      0  02:53       0.007     0.066
  J03260147               2.16     17.92      0  02:09       0.015     0.150
  J03260149               3.27     31.27      0  01:42       0.043     0.360
  J03260150               2.63     20.67      0  01:56       0.023     0.219
  J03260151               2.51     13.65      0  01:52       0.020     0.187
  J03260154               3.08     23.49      0  01:37       0.032     0.297
  J03260156               2.77     20.04      0  01:49       0.026     0.256
  J03260157               1.77     12.40      0  01:51       0.014     0.137
  J03260159               1.42     16.85      0  01:51       0.013     0.129
  J03260161               1.14     11.90      0  01:54       0.012     0.113
  J03260162               1.85     17.60      0  01:48       0.022     0.208
  J03260164               3.23     18.58      0  01:33       0.044     0.417
  J03260166               3.10     22.04      0  01:10       0.047     0.441
  J03260167               1.30     18.52      0  01:34       0.025     0.251
  J03260170               2.32     16.78      0  01:33       0.043     0.403
  J03260171               3.77     48.01      0  00:57       0.077     0.726
  J03260172               1.52     28.77      0  01:11       0.047     0.438
  J03260174               3.19     38.71      0  00:58       0.071     0.667
  J03260431               0.71     38.41      0  02:08       0.031     0.291
  J03261009               6.37    127.42      0  01:30       0.140     1.149
  J03261011               5.49     66.91      0  01:37       0.090     0.819
  J03261014               6.40    124.43      0  01:29       0.126     1.168
  J03261015               0.01      0.17      0  04:38       0.000     0.000
  J03262031               4.98     39.58      0  01:44       0.077     0.669
  J03262795               0.01      0.22      0  05:37       0.000     0.000
  J03263004               4.10     34.70      0  01:54       0.054     0.501
  J03263016               4.96     44.63      0  01:41       0.076     0.691
  J03263017               0.01      0.17      0  04:38       0.000     0.000
  J03263058               4.73     40.51      0  01:31       0.078     0.696
  J03263075               3.26     25.42      0  01:51       0.039     0.356
  J03263080               2.75     13.39      0  01:57       0.026     0.244
  J03264960               1.89     16.18      0  02:14       0.012     0.114
  J03264964               1.41      9.93      0  02:23       0.006     0.057
  J03266669               0.01      0.75      0  05:40       0.000     0.000
  J03266670               0.01      0.87      0  02:51       0.000     0.000
  J03411014               2.55     16.76      0  01:57       0.023     0.207
  J03411016               0.01      0.69      0  03:33       0.000     0.000
  J03411020               4.27     30.28      0  01:33       0.062     0.589
  J03411079               2.87     22.60      0  01:52       0.027     0.267
  J03411080               5.18     33.03      0  01:33       0.086     0.749
  J03411081               2.97     27.67      0  01:50       0.031     0.289
  J03411083               3.15     28.08      0  01:44       0.036     0.327
  J06103061               2.66     14.17      0  01:59       0.023     0.227
  
  
  **********************
  Storage Volume Summary
  **********************
  
  ------------------------------------------------------------------------------------------------
                         Average    Avg   Evap  Exfil     Maximum    Max    Time of Max    Maximum
                          Volume   Pcnt   Pcnt   Pcnt      Volume   Pcnt     Occurrence    Outflow
  Storage Unit           1000 m³   Full   Loss   Loss     1000 m³   Full    days hr:min        LPS
  ------------------------------------------------------------------------------------------------
  J03180001                0.078    1.0    0.0    0.0       0.170    2.1       0  02:48      25.54
  J03260038                0.139    1.7    0.0    0.0       0.251    3.1       0  03:47     434.09
  J03260041                0.155    1.9    0.0    0.0       0.268    3.3       0  03:47     328.78
  J03262001                0.175    2.1    0.0    0.0       0.288    3.5       0  03:48     225.79
  J03263039                0.128    1.6    0.0    0.0       0.219    2.7       0  03:00     344.05
  J03263052                0.132    1.6    0.0    0.0       0.223    2.7       0  02:59     355.70
  
  
  ***********************
  Outfall Loading Summary
  ***********************
  
  -----------------------------------------------------------
                         Flow       Avg       Max       Total
                         Freq      Flow      Flow      Volume
  Outfall Node           Pcnt       LPS       LPS    10^6 ltr
  -----------------------------------------------------------
  J03260010             99.54    246.73    936.94      17.099
  -----------------------------------------------------------
  System                99.54    246.73    936.94      17.099
  
  
  ********************
  Link Flow Summary
  ********************
  
  -----------------------------------------------------------------------------
                                 Maximum  Time of Max   Maximum    Max/    Max/
                                  |Flow|   Occurrence   |Veloc|    Full    Full
  Link                 Type          LPS  days hr:min     m/sec    Flow   Depth
  -----------------------------------------------------------------------------
  34                   CONDUIT      0.00     0  00:00      0.00    0.00    0.00
  63                   CONDUIT      0.00     0  00:00      0.00    0.00    0.00
  95                   CONDUIT      7.99     0  04:23      0.58    0.24    1.00
  100                  CONDUIT      0.00     0  00:00      0.00    0.00    0.00
  129                  CONDUIT    391.13     0  02:03      1.43    0.60    0.94
  325                  CONDUIT    331.60     0  02:01      1.69    0.16    0.30
  783                  CONDUIT      0.00     0  00:00      0.00    0.00    0.00
  832                  CONDUIT    457.01     0  03:43      1.35    0.26    1.00
  841                  CONDUIT    451.76     0  01:06      1.28    0.56    1.00
  842                  CONDUIT      3.24     0  01:26      0.51    0.21    1.00
  1612                 CONDUIT    316.44     0  03:55      1.59    0.30    0.30
  1806                 CONDUIT      0.00     0  00:00      0.00    0.00    0.00
  1941                 CONDUIT      0.00     0  00:00      0.00    0.00    0.09
  2487                 CONDUIT    168.49     0  02:00      1.68    0.15    0.39
  2488                 CONDUIT    168.49     0  02:00      1.56    0.11    0.41
  2543                 CONDUIT    312.31     0  01:22      0.62    0.12    1.00
  2627                 CONDUIT    423.04     0  02:01      1.06    0.09    0.18
  2628                 CONDUIT      0.00     0  00:00      0.00    0.00    0.00
  2629                 CONDUIT      0.00     0  00:00      0.00    0.00    0.00
  2630                 CONDUIT      0.00     0  00:00      0.00    0.00    0.00
  2631                 CONDUIT      0.00     0  00:00      0.00    0.00    0.00
  2632                 CONDUIT      0.00     0  00:00      0.00    0.00    0.00
  2649                 CONDUIT      6.22     0  00:50      1.14    0.11    1.00
  2941                 CONDUIT     11.21     0  03:41      0.88    0.05    1.00
  3101                 CONDUIT    395.72     0  01:35      0.83    0.68    1.00
  3137                 CONDUIT      0.00     0  00:00      0.00    0.00    0.00
  3147                 CONDUIT    280.80     0  02:11      1.37    0.41    0.76
  3166                 CONDUIT    591.13     0  02:02      0.98    0.09    0.26
  3332                 CONDUIT      3.62     0  03:43      0.11    0.00    0.96
  3334                 CONDUIT     17.48     0  00:36      0.70    0.10    0.91
  3335                 CONDUIT    117.36     0  03:11      0.93    1.39    1.00
  3336                 CONDUIT      0.00     0  00:00      0.00    0.00    0.04
  3339                 CONDUIT      2.91     0  03:43      0.08    0.00    0.50
  3369                 CONDUIT      3.16     0  00:41      0.03    0.00    0.51
  3370                 CONDUIT    423.41     0  02:00      0.45    0.13    0.42
  3372                 CONDUIT      0.00     0  00:00      0.00    0.00    0.00
  3424                 CONDUIT     11.97     0  02:13      0.33    0.20    0.41
  3459                 CONDUIT      0.82     0  03:43      0.11    0.00    0.28
  3553                 CONDUIT      0.00     0  00:00      0.00    0.00    0.00
  3572                 CONDUIT      0.17     0  02:52      0.02    0.00    0.24
  3578                 CONDUIT    420.57     0  03:07      5.95    1.67    1.00
  3580                 CONDUIT      1.02     0  04:13      0.41    0.03    0.26
  3586                 CONDUIT      0.00     0  00:00      0.00    0.00    0.00
  3590                 CONDUIT      0.00     0  00:00      0.00    0.00    0.00
  3591                 CONDUIT      0.00     0  00:00      0.00    0.00    0.00
  3596                 CONDUIT      0.00     0  00:00      0.00    0.00    0.00
  3673                 CONDUIT     37.73     0  00:36      0.42    0.07    0.95
  3679                 CONDUIT    410.76     0  02:05      2.14    0.86    1.00
  3716                 CONDUIT      2.20     0  00:41      0.44    0.02    0.15
  3755                 CONDUIT      0.00     0  00:00      0.00    0.00    0.00
  3774                 CONDUIT      2.20     0  00:35      0.59    0.01    0.08
  3781                 CONDUIT    131.85     0  02:01      1.31    0.12    0.51
  3808                 CONDUIT    434.09     0  01:05      1.62    0.79    1.00
  3826                 CONDUIT    310.95     0  01:21      0.62    0.53    1.00
  3827                 CONDUIT    306.52     0  01:20      1.09    1.13    1.00
  3832                 CONDUIT    186.09     0  01:30      1.59    0.87    1.00
  3864                 CONDUIT    149.74     0  03:15      1.27    0.84    1.00
  3904                 CONDUIT      2.56     0  01:25      0.37    0.03    1.00
  4236                 CONDUIT      2.65     0  04:38      0.12    0.02    1.00
  4245                 CONDUIT      2.74     0  01:17      0.76    0.03    1.00
  4268                 CONDUIT      0.15     0  03:27      0.25    0.00    0.08
  4271                 CONDUIT      2.30     0  01:33      0.76    0.02    1.00
  4273                 CONDUIT    288.55     0  02:03      2.09    0.45    0.49
  4291                 CONDUIT    286.95     0  02:03      2.39    0.33    0.44
  4292                 CONDUIT    288.03     0  02:01      2.03    0.42    0.50
  4293                 CONDUIT      0.00     0  00:00      0.00    0.00    0.03
  4294                 CONDUIT    288.05     0  02:02      2.01    0.57    0.51
  4476                 CONDUIT    396.88     0  02:01      1.93    0.81    0.72
  4486                 CONDUIT      0.00     0  00:00      0.00    0.00    0.14
  4518                 CONDUIT    117.39     0  03:11      0.93    1.39    1.00
  4520                 CONDUIT      0.00     0  00:00      0.00    0.00    0.00
  4533                 CONDUIT    167.94     0  01:23      1.54    0.56    1.00
  4617                 CONDUIT      0.00     0  00:00      0.00    0.00    0.06
  4644                 CONDUIT    118.23     0  03:14      2.47    0.19    1.00
  4680                 CONDUIT    158.52     0  03:21      1.52    1.03    0.91
  4691                 CONDUIT     26.70     0  04:38      0.27    0.05    1.00
  4714                 CONDUIT    343.16     0  01:20      2.73    1.66    1.00
  4783                 CONDUIT    312.91     0  01:21      0.62    0.15    1.00
  4983                 CONDUIT     13.01     0  02:13      0.83    0.08    0.53
  5044                 CONDUIT    461.43     0  01:08      1.48    0.35    1.00
  5066                 CONDUIT      1.33     0  02:14      0.13    0.01    1.00
  5183                 CONDUIT      2.20     0  00:11      0.60    0.01    0.07
  5262                 CONDUIT      0.00     0  00:00      0.00    0.00    0.00
  5289                 CONDUIT      3.94     0  00:49      0.23    0.06    1.00
  5327                 CONDUIT     24.43     0  00:36      0.69    0.02    0.82
  5328                 CONDUIT      0.00     0  00:00      0.00    0.00    0.00
  5329                 CONDUIT      2.20     0  02:11      0.22    0.02    0.13
  5372                 CONDUIT    138.34     0  02:03      1.97    0.14    0.30
  5379                 CONDUIT      0.00     0  00:00      0.00    0.00    0.50
  5383                 CONDUIT    139.12     0  02:02      0.90    0.34    0.54
  5564                 CONDUIT    526.49     0  02:01      2.28    0.33    0.71
  5646                 CONDUIT      0.00     0  00:00      0.00    0.00    0.00
  5734                 CONDUIT     22.47     0  01:59      0.67    0.09    1.00
  5754                 CONDUIT      0.00     0  00:00      0.00    0.00    0.00
  5796                 CONDUIT     19.64     0  03:04      0.75    1.02    1.00
  5799                 CONDUIT      1.01     0  22:07      0.49    0.02    0.31
  5884                 CONDUIT      0.00     0  00:00      0.00    0.00    0.50
  5963                 CONDUIT    591.44     0  02:04      1.10    0.08    0.55
  6198                 CONDUIT    162.24     0  02:00      6.34    0.15    0.26
  6200                 CONDUIT    138.04     0  02:05      1.19    0.25    0.56
  6935                 CONDUIT    139.68     0  04:02      1.71    0.29    0.84
  7035                 CONDUIT    162.24     0  02:00      3.31    0.77    0.66
  7084                 CONDUIT    287.50     0  02:04      1.57    0.43    0.62
  7105                 CONDUIT    149.75     0  03:15      1.35    0.91    1.00
  7282                 CONDUIT      7.63     0  01:37      0.65    0.08    1.00
  7373                 CONDUIT    149.79     0  03:14      1.19    2.83    1.00
  7495                 CONDUIT      0.99     0  17:04      0.46    0.02    0.31
  7498                 CONDUIT      2.39     0  03:38      0.15    0.02    1.00
  8063                 CONDUIT     48.76     0  00:14      0.46    0.15    1.00
  8274                 CONDUIT    139.57     0  04:02      1.21    0.75    1.00
  8293                 CONDUIT      0.00     0  00:00      0.00    0.00    0.00
  8294                 CONDUIT      0.00     0  00:00      0.00    0.00    0.00
  8295                 CONDUIT      0.00     0  00:00      0.00    0.00    0.00
  8305                 CONDUIT     23.57     0  00:45      0.06    0.00    0.49
  8423                 CONDUIT    149.66     0  03:16      1.22    0.19    1.00
  8614                 CONDUIT     18.46     0  03:42      0.86    0.14    1.00
  8670                 CONDUIT    117.36     0  03:15      1.08    1.40    0.97
  8894                 CONDUIT    391.29     0  02:03      1.38    0.58    1.00
  9134                 CONDUIT    138.87     0  02:05      1.55    0.21    0.40
  9700                 CONDUIT    168.77     0  02:00      0.77    0.14    0.74
  9703                 CONDUIT    158.51     0  03:22      1.26    0.21    0.71
  9704                 CONDUIT    158.48     0  03:18      1.06    0.17    0.65
  9736                 CONDUIT      1.31     0  03:39      0.05    0.01    0.67
  10024                CONDUIT    150.04     0  03:09      1.39    6.22    1.00
  10072                CONDUIT     81.41     0  03:41      0.19    0.02    1.00
  10076                CONDUIT    440.90     0  02:33      3.51    1.96    1.00
  10117                CONDUIT      0.00     0  00:00      0.00    0.00    0.00
  10119                CONDUIT     23.96     0  00:35      0.43    0.06    1.00
  10124                CONDUIT    591.13     0  02:02      0.86    0.02    0.38
  10130                CONDUIT      7.17     0  00:33      0.42    0.05    1.00
  10138                CONDUIT    119.69     0  03:21      0.61    0.19    1.00
  10144                CONDUIT      2.35     0  00:43      0.31    0.02    1.00
  10146                CONDUIT    591.18     0  02:02      0.78    0.09    0.34
  10148                CONDUIT      2.75     0  00:50      0.09    0.01    1.00
  10158                CONDUIT      3.35     0  00:52      0.13    0.01    1.00
  10159                CONDUIT    149.76     0  03:15      1.19    0.29    1.00
  10161                CONDUIT     14.94     0  03:41      1.10    0.16    1.00
  10162                CONDUIT     14.41     0  00:35      0.48    0.09    1.00
  10164                CONDUIT    591.12     0  02:03      0.94    0.16    0.30
  10211                CONDUIT    591.22     0  02:02      1.03    0.07    0.26
  10242                CONDUIT    591.28     0  02:01      0.90    0.10    0.29
  10264                CONDUIT    392.21     0  02:04      1.39    0.89    1.00
  10284                CONDUIT      0.00     0  00:00      0.00    0.00    0.00
  10363                CONDUIT      0.00     0  00:00      0.00    0.00    0.00
  10405                CONDUIT     12.99     0  03:41      0.85    0.93    1.00
  10464                CONDUIT      0.00     0  00:00      0.00    0.00    0.00
  10601                CONDUIT    299.29     0  01:21      1.15    1.11    1.00
  10602                CONDUIT      2.07     0  03:39      0.12    0.01    1.00
  10605                CONDUIT      0.00     0  00:00      0.00    0.00    0.12
  10607                CONDUIT    162.23     0  02:00      0.58    0.06    0.58
  10608                CONDUIT    167.90     0  01:23      1.34    0.69    1.00
  10671                CONDUIT    149.64     0  03:16      1.43    1.38    0.78
  10690                CONDUIT     32.63     0  00:22      1.22    0.02    0.96
  10691                CONDUIT    288.04     0  02:03      1.87    0.39    0.54
  10744                CONDUIT    158.79     0  03:07      1.15    0.67    1.00
  10746                CONDUIT    158.89     0  03:07      1.94    0.74    1.00
  10833                CONDUIT    286.64     0  02:01      1.71    0.90    0.57
  10845                CONDUIT    526.37     0  02:00      5.94    2.67    1.00
  10879                CONDUIT      0.00     0  00:00      0.00    0.00    0.00
  11139                CONDUIT      4.00     0  01:41      0.03    0.00    0.86
  11172                CONDUIT      0.68     0  02:10      0.02    0.00    0.30
  11209                CONDUIT      0.00     0  00:00      0.00    0.00    0.00
  12024                CONDUIT      0.00     0  00:00      0.00    0.00    0.00
  12611                CONDUIT    526.88     0  02:00      1.37    0.20    1.00
  12612                CONDUIT      0.00     0  00:00      0.00    0.00    0.00
  12613                CONDUIT      0.00     0  00:00      0.00    0.00    0.00
  12615                CONDUIT      0.00     0  00:00      0.00    0.00    0.00
  12620                CONDUIT      0.00     0  00:00      0.00    0.00    0.50
  12621                CONDUIT      0.00     0  00:00      0.00    0.00    0.42
  12622                CONDUIT      0.00     0  00:00      0.00    0.00    0.00
  12633                CONDUIT    186.09     0  01:30      1.16    0.42    1.00
  12636                CONDUIT    134.33     0  04:02      1.78    0.03    1.00
  12637                CONDUIT     32.62     0  00:12      0.55    0.12    1.00
  12638                CONDUIT     21.51     0  02:00      2.26   20.13    1.00
  12643                CONDUIT     21.41     0  02:00      1.76    0.03    0.11
  12644                CONDUIT     21.41     0  02:00      0.97    0.06    0.17
  12649                CONDUIT    138.52     0  02:03      1.60    0.24    0.35
  12650                CONDUIT    139.92     0  04:02      0.46    0.14    1.00
  12652                CONDUIT    140.20     0  04:02      1.41    0.53    1.00
  12653                CONDUIT    138.31     0  02:03      1.48    0.11    0.37
  12654                CONDUIT    288.54     0  02:04      1.66    0.55    0.64
  12656                CONDUIT    337.75     0  01:21      0.88    0.83    1.00
  12660                CONDUIT    465.20     0  03:29      1.25    0.79    1.00
  12661                CONDUIT      1.89     0  04:56      0.05    0.00    1.00
  12662                CONDUIT      2.48     0  01:47      0.16    0.02    1.00
  12663                CONDUIT      3.78     0  04:40      0.19    0.02    1.00
  12664                CONDUIT    113.28     0  00:35      0.63    0.11    0.91
  12665                CONDUIT    104.34     0  00:35      1.40    0.14    0.95
  12668                CONDUIT    168.49     0  02:00      1.23    0.37    0.49
  12673                CONDUIT      0.05     0  02:34      0.00    0.00    0.50
  12676                CONDUIT      0.00     0  00:00      0.00    0.00    0.07
  12678                CONDUIT    315.93     0  03:57      1.22    0.30    0.36
  12679                CONDUIT    315.89     0  03:57      4.47    7.41    1.00
  12681                CONDUIT     45.37     0  00:12      0.81    0.09    1.00
  12682                CONDUIT     37.37     0  00:12      0.58    0.09    1.00
  12683                CONDUIT     41.67     0  00:12      1.19    0.04    1.00
  12685                CONDUIT    186.21     0  01:30      3.02    0.21    1.00
  12686                CONDUIT    186.37     0  01:30      3.09    0.25    1.00
  12687                CONDUIT    186.05     0  01:30      1.03    0.44    1.00
  12688                CONDUIT    186.27     0  01:30      0.95    0.32    1.00
  12690                CONDUIT    323.43     0  01:21      0.64    0.56    1.00
  12691                CONDUIT    186.90     0  01:30      1.54    0.57    1.00
  12692                CONDUIT    187.04     0  01:30      1.46    0.25    1.00
  12694                CONDUIT    591.35     0  02:04      1.11    0.09    0.62
  12697                CONDUIT     12.81     0  02:13      0.44    0.11    0.56
  12698                CONDUIT    186.15     0  01:30      0.95    0.38    1.00
  12699                CONDUIT     21.92     0  01:05      1.04    0.02    1.00
  12700                CONDUIT     16.83     0  01:05      0.59    0.01    1.00
  12760                CONDUIT    561.34     0  02:05     17.87    6.54    1.00
  12761                CONDUIT    623.00     0  02:00      8.81    5.41    1.00
  12865                CONDUIT    448.17     0  01:06      1.50    1.86    1.00
  12866                CONDUIT    312.23     0  01:21      1.10    0.20    1.00
  12870                CONDUIT    343.30     0  01:20      2.75    1.12    1.00
  12871                CONDUIT    164.49     0  01:23      2.80    0.77    1.00
  12872                CONDUIT     25.21     0  01:22      0.05    0.00    1.00
  12873                CONDUIT    295.50     0  00:39      1.07    0.08    1.00
  12874                CONDUIT     30.88     0  00:31      0.37    0.02    1.00
  12875                CONDUIT    362.07     0  01:23      0.72    0.34    1.00
  12876                CONDUIT    362.17     0  01:23      0.85    0.10    1.00
  12877                CONDUIT      5.39     0  00:52      0.31    0.10    1.00
  12878                CONDUIT      7.44     0  01:24      0.07    0.01    1.00
  12880                CONDUIT      1.56     0  01:34      0.18    0.01    1.00
  12884                CONDUIT    301.88     0  01:21      1.08    1.10    1.00
  12888                CONDUIT    170.64     0  01:23      2.70    0.26    1.00
  12889                CONDUIT    167.84     0  01:23      1.48    1.04    1.00
  12890                CONDUIT    167.89     0  01:23      1.34    0.63    1.00
  12892                CONDUIT      0.00     0  00:00      0.00    0.00    0.00
  12893                CONDUIT      0.00     0  00:00      0.00    0.00    0.00
  12894                CONDUIT      0.00     0  00:00      0.00    0.00    0.00
  12895                CONDUIT      0.00     0  00:00      0.00    0.00    0.00
  12897                CONDUIT    231.38     0  04:21      0.84    0.32    1.00
  12903                CONDUIT      0.00     0  00:00      0.00    0.00    0.00
  12904                CONDUIT      0.00     0  00:00      0.00    0.00    0.00
  12907                CONDUIT    117.43     0  03:11      0.97    1.36    1.00
  12940                CONDUIT    159.05     0  03:06      0.76    0.44    1.00
  12942                CONDUIT      1.73     0  03:42      0.27    0.01    0.53
  12978                CONDUIT    391.29     0  02:03      1.43    0.49    0.94
  12979                CONDUIT      0.00     0  00:00      0.00    0.00    0.00
  12980                CONDUIT    391.42     0  02:05      1.42    1.13    0.97
  12982                CONDUIT    281.18     0  02:10      1.28    0.62    0.78
  12983                CONDUIT    390.95     0  02:03      1.80    0.52    0.77
  12986                CONDUIT      0.00     0  00:00      0.00    0.00    0.00
  12987                CONDUIT      0.00     0  00:00      0.00    0.00    0.00
  12988                CONDUIT      0.00     0  00:00      0.00    0.00    0.00
  12989                CONDUIT      0.00     0  00:00      0.00    0.00    0.00
  12990                CONDUIT      0.00     0  00:00      0.00    0.00    0.00
  12991                CONDUIT      0.00     0  00:00      0.00    0.00    0.00
  12993                CONDUIT    497.32     0  02:01      1.76    0.87    1.00
  12994                CONDUIT    510.80     0  02:00      1.81    0.87    1.00
  12995                CONDUIT    529.05     0  01:23      1.05    0.97    1.00
  12996                CONDUIT    529.05     0  01:23      1.21    0.15    1.00
  12998                CONDUIT    450.53     0  00:53      1.59    0.72    1.00
  13000                CONDUIT    455.99     0  00:53      1.61    1.36    1.00
  13298                CONDUIT    473.59     0  01:29      1.11    0.45    1.00
  13357                CONDUIT    119.07     0  03:33      0.82    0.26    1.00
  13491                CONDUIT      0.00     0  00:00      0.00    0.00    0.50
  13492                CONDUIT    117.29     0  03:16      1.30    1.37    0.68
  13493                CONDUIT    118.71     0  03:14      1.29    0.78    1.00
  13494                CONDUIT    117.29     0  03:17      1.64    0.75    0.39
  13496                CONDUIT      4.52     0  01:38      0.23    0.03    1.00
  13512                CONDUIT    139.95     0  04:02      0.91    0.14    1.00
  13513                CONDUIT     21.27     0  00:32      1.35    0.13    1.00
  13524                CONDUIT      0.00     0  00:00      0.00    0.00    0.00
  13525                CONDUIT    287.92     0  02:04      1.46    1.28    0.66
  13560                CONDUIT      0.00     0  00:00      0.00    0.00    0.00
  13562                CONDUIT      0.00     0  00:00      0.00    0.00    0.00
  13569                CONDUIT    171.21     0  01:23      2.42    2.56    1.00
  13643                CONDUIT    150.01     0  03:15      1.41    0.51    1.00
  13801                CONDUIT    286.19     0  02:00      1.70    0.57    0.70
  13802                CONDUIT     21.45     0  00:32      0.81    0.21    1.00
  13820                CONDUIT    158.90     0  03:05      1.20    0.77    1.00
  13821                CONDUIT      2.73     0  03:42      0.12    0.00    1.00
  13936                CONDUIT      0.00     0  00:00      0.00    0.00    0.00
  13937                CONDUIT    139.50     0  04:02      1.38    1.37    1.00
  14073                CONDUIT      0.00     0  00:00      0.00    0.00    0.12
  14080                CONDUIT    395.19     0  01:59      1.78    1.16    0.86
  14101                CONDUIT    317.75     0  01:21      0.63    0.55    1.00
  14137                CONDUIT    457.27     0  03:43      1.04    0.26    1.00
  14141                CONDUIT    457.68     0  03:38      1.17    0.44    1.00
  14208                CONDUIT      7.42     0  00:14      0.23    0.06    1.00
  14270                CONDUIT    397.29     0  02:01      2.54    0.48    0.55
  14272                CONDUIT    396.97     0  02:01      2.75    0.54    0.52
  14472                CONDUIT    280.84     0  02:10      1.09    0.54    0.86
  14475                CONDUIT      0.10     0  03:31      0.09    0.00    0.27
  14478                CONDUIT    285.31     0  02:05      1.09    0.63    0.96
  14574                CONDUIT    396.85     0  02:01      2.29    0.51    0.59
  14707                CONDUIT      0.00     0  00:00      0.00    0.00    0.00
  14739                CONDUIT    591.32     0  02:03      1.95    0.06    0.13
  14745                CONDUIT    123.48     0  01:28      0.99    0.05    1.00
  14749                CONDUIT     20.18     0  02:14      0.43    0.04    0.60
  14765                CONDUIT      2.20     0  02:11      0.44    0.02    0.08
  14950                CONDUIT     66.99     0  03:38      2.59    0.22    1.00
  15152                CONDUIT    149.81     0  03:14      1.19    0.74    1.00
  15171                CONDUIT    427.34     0  02:25      3.40    1.88    1.00
  15187                CONDUIT      0.00     0  00:00      0.00    0.00    0.00
  15242                CONDUIT    295.50     0  02:11      2.71    0.73    0.41
  15277                CONDUIT    439.19     0  02:34      3.49    4.50    1.00
  15281                CONDUIT    288.73     0  02:04      1.89    0.44    0.55
  15332                CONDUIT    159.09     0  00:30      1.61    0.71    1.00
  15333                CONDUIT      0.00     0  00:00      0.00    0.00    0.00
  15362                CONDUIT    471.91     0  02:01      1.67    1.93    1.00
  15806                CONDUIT    316.17     0  03:55      1.38    0.30    0.33
  16419                CONDUIT    557.24     0  01:32      1.09    0.08    1.00
  16476                CONDUIT    186.10     0  01:30      1.57    0.67    1.00
  16575                CONDUIT      0.00     0  00:00      0.00    0.00    0.00
  16654                CONDUIT    456.05     0  03:43      0.86    0.27    1.00
  16672                CONDUIT    456.07     0  01:07      1.28    1.85    1.00
  16865                CONDUIT      0.00     0  00:00      0.00    0.00    0.00
  16887                CONDUIT      0.00     0  00:00      0.00    0.00    0.00
  16908                CONDUIT      0.00     0  00:00      0.00    0.00    0.00
  16909                CONDUIT      2.33     0  00:55      0.39    0.10    1.00
  17523                CONDUIT    123.87     0  01:36      2.03    0.48    1.00
  17571                CONDUIT    551.35     0  01:31      1.13    0.52    1.00
  17580                CONDUIT     38.34     0  00:32      0.30    0.02    1.00
  17703                CONDUIT      4.08     0  04:38      0.03    0.01    0.96
  17714                CONDUIT    450.32     0  02:15      3.58    3.07    1.00
  17715                CONDUIT     28.99     0  03:42      1.48    0.06    1.00
  17766                CONDUIT     64.06     0  03:13      0.91    0.54    1.00
  17896                CONDUIT    118.25     0  03:14      1.46    0.15    1.00
  17908                CONDUIT    533.90     0  02:08      4.25    2.67    1.00
  17926                CONDUIT      0.00     0  00:00      0.00    0.00    0.00
  17953                CONDUIT    186.83     0  01:30      0.95    0.37    1.00
  18020                CONDUIT      0.00     0  00:00      0.00    0.00    0.00
  18084                CONDUIT    126.09     0  04:02      0.88    0.06    1.00
  18113                CONDUIT    149.71     0  03:14      1.23    0.62    1.00
  18330                CONDUIT    139.80     0  04:02      2.24    0.29    0.79
  18338                CONDUIT    316.04     0  03:56      1.30    0.30    0.35
  18383                CONDUIT      0.00     0  00:00      0.00    0.00    0.00
  18387                CONDUIT    139.90     0  04:02      1.98    0.54    1.00
  18389                CONDUIT    167.83     0  01:23      1.38    1.04    1.00
  18423                CONDUIT      1.86     0  01:30      0.13    0.01    1.00
  18530                CONDUIT    315.98     0  03:56      1.25    0.30    0.36
  19043                CONDUIT      4.45     0  00:14      0.40    0.04    1.00
  19132                CONDUIT     55.65     0  03:42      1.29    0.10    1.00
  19193                CONDUIT    427.88     0  00:54      1.61    0.13    1.00
  19227                CONDUIT     40.81     0  03:42      0.62    0.24    1.00
  19440                CONDUIT      0.75     0  02:27      0.59    0.02    0.71
  19717                CONDUIT    168.49     0  02:00      0.93    0.08    0.61
  19838                CONDUIT    420.60     0  03:08      3.35    2.99    1.00
  19850                CONDUIT    423.08     0  02:50      0.73    0.06    1.00
  19910                CONDUIT      0.00     0  00:00      0.00    0.00    0.10
  20466                CONDUIT     35.38     0  03:38      1.36    0.90    1.00
  20474                CONDUIT    168.49     0  02:00      1.31    0.18    0.46
  20518                CONDUIT    158.52     0  03:19      1.26    0.89    1.00
  20519                CONDUIT      0.00     0  00:00      0.00    0.00    0.00
  20520                CONDUIT    158.49     0  03:18      1.35    0.66    1.00
  20521                CONDUIT      0.00     0  00:00      0.00    0.00    0.00
  20529                CONDUIT      0.12     0  03:34      0.02    0.00    0.44
  20530                CONDUIT    158.61     0  03:13      1.44    2.50    1.00
  20531                CONDUIT    158.72     0  03:13      1.44    0.51    1.00
  20532                CONDUIT    158.53     0  03:21      2.02    1.94    0.87
  20534                CONDUIT    117.33     0  03:11      0.95    1.36    0.95
  20535                CONDUIT      0.00     0  00:00      0.00    0.00    0.44
  20536                CONDUIT      0.00     0  00:00      0.00    0.00    0.31
  20538                CONDUIT    117.30     0  03:15      0.98    1.37    0.91
  20539                CONDUIT    117.30     0  03:15      1.00    1.37    0.88
  20540                CONDUIT      0.00     0  00:00      0.00    0.00    0.46
  20541                CONDUIT      0.00     0  00:00      0.00    0.00    0.50
  20542                CONDUIT      0.00     0  00:00      0.00    0.00    0.36
  20543                CONDUIT    117.56     0  03:09      2.39    5.36    1.00
  20544                CONDUIT      0.00     0  00:00      0.00    0.00    0.50
  20545                CONDUIT    117.44     0  03:15      2.39    5.00    1.00
  20546                CONDUIT      0.00     0  00:00      0.00    0.00    0.50
  20547                CONDUIT      0.00     0  00:00      0.00    0.00    0.00
  20548                CONDUIT    117.37     0  03:13      2.39    4.72    1.00
  20549                CONDUIT    158.57     0  03:07      1.36    0.98    1.00
  20550                CONDUIT    158.74     0  03:09      1.26    1.05    1.00
  20560                CONDUIT    158.52     0  03:19      0.85    0.21    0.82
  20569                CONDUIT    158.48     0  03:17      1.41    0.91    1.00
  20570                CONDUIT    158.52     0  03:18      1.26    2.82    1.00
  20571                CONDUIT    158.52     0  03:19      1.04    0.23    0.69
  20573                CONDUIT    117.29     0  03:16      0.85    0.76    0.66
  20577                CONDUIT     99.10     0  00:45      3.02    0.37    1.00
  20578                CONDUIT    118.44     0  03:14      2.63    0.11    1.00
  20579                CONDUIT    118.48     0  03:14      1.13    0.75    1.00
  20582                CONDUIT      0.00     0  00:00      0.00    0.00    0.00
  20584                CONDUIT    117.29     0  03:17      1.75    0.15    0.37
  20592                CONDUIT     20.38     0  00:20      0.11    0.00    1.00
  20594                CONDUIT     21.65     0  00:16      0.27    0.02    1.00
  20605                CONDUIT    117.29     0  03:16      1.15    0.75    0.52
  20606                CONDUIT    117.29     0  03:16      0.85    0.75    0.66
  20609                CONDUIT      3.13     0  05:40      0.08    0.01    1.00
  20611                CONDUIT    118.16     0  03:14      1.74    0.26    1.00
  20613                CONDUIT    118.34     0  03:14      1.87    0.22    1.00
  20615                CONDUIT    117.29     0  03:18      2.20    0.14    0.63
  20616                CONDUIT    117.29     0  03:18      2.88    0.16    0.26
  20618                CONDUIT    117.29     0  03:18      1.70    0.24    0.38
  20619                CONDUIT    117.29     0  03:17      1.66    0.31    0.39
  20622                CONDUIT    158.48     0  03:18      1.26    1.11    1.00
  20623                CONDUIT    117.29     0  03:17      1.74    0.21    0.38
  20624                CONDUIT    117.29     0  03:17      1.45    0.76    0.43
  20627                CONDUIT    117.29     0  03:17      1.28    0.78    0.48
  20628                CONDUIT    117.29     0  03:17      1.18    0.76    0.51
  20636                CONDUIT     27.18     0  04:26      0.37    0.81    1.00
  20637                CONDUIT     90.85     0  00:35      0.63    0.12    0.99
  20638                CONDUIT     83.80     0  00:35      0.92    0.18    0.95
  20639                CONDUIT     70.77     0  00:36      1.18    0.11    0.93
  20640                CONDUIT      9.60     0  00:35      0.22    0.02    1.00
  20641                CONDUIT      0.00     0  00:00      0.00    0.00    0.00
  20643                CONDUIT      0.00     0  00:00      0.00    0.00    0.00
  20644                CONDUIT      0.00     0  00:00      0.00    0.00    0.00
  20645                CONDUIT    138.16     0  02:03      1.88    0.23    0.31
  20646                CONDUIT      0.00     0  00:00      0.00    0.00    0.07
  20647                CONDUIT    461.20     0  03:31      1.19    0.44    1.00
  20648                CONDUIT    462.12     0  03:30      1.35    0.79    1.00
  20655                CONDUIT      7.68     0  04:23      1.04    0.01    1.00
  20683                CONDUIT      0.00     0  00:00      0.00    0.00    0.00
  20777                CONDUIT    410.73     0  02:05      1.88    0.53    1.00
  20821                CONDUIT    168.00     0  01:23      1.60    0.72    1.00
  20913                CONDUIT    167.93     0  01:23      1.43    0.85    1.00
  20942                CONDUIT    526.57     0  02:00      1.97    0.41    0.90
  20944                CONDUIT      6.99     0  01:37      0.16    0.02    1.00
  20945                CONDUIT    936.94     0  02:01      5.62    0.09    0.21
  20946                CONDUIT    591.24     0  02:03      1.11    0.26    0.23
  20953                CONDUIT    356.34     0  01:18      4.01    1.28    1.00
  20954                CONDUIT      0.00     0  00:00      0.00    0.00    0.00
  20956                CONDUIT    280.55     0  02:10      1.06    0.42    0.88
  20962                CONDUIT    343.03     0  01:19      2.73    0.76    1.00
  20992                CONDUIT    149.74     0  03:14      1.25    0.88    1.00
  20993                CONDUIT      0.72     0  09:02      0.50    0.02    0.87
  21040                CONDUIT    343.15     0  01:20      2.73    0.73    1.00
  21712                CONDUIT    378.23     0  01:27      1.06    0.36    1.00
  21714                CONDUIT    139.98     0  04:02      1.12    0.12    1.00
  21715                CONDUIT      1.01     0  01:34      0.12    0.00    1.00
  21742                CONDUIT    518.50     0  01:30      1.08    0.49    1.00
  21744                CONDUIT    432.12     0  01:31      1.09    0.41    1.00
  21746                CONDUIT    186.37     0  01:30      2.41    0.27    1.00
  21747                CONDUIT    186.92     0  01:30      1.47    0.82    1.00
  21748                CONDUIT    186.05     0  01:30      0.96    0.52    1.00
  21749                CONDUIT    186.23     0  01:30      0.95    0.25    1.00
  21750                CONDUIT    186.39     0  01:30      0.98    0.31    1.00
  21754                CONDUIT    186.01     0  01:30      1.03    0.77    1.00
  21757                CONDUIT    344.15     0  01:28      0.98    0.33    1.00
  21759                CONDUIT    186.03     0  01:30      1.20    0.63    1.00
  21760                CONDUIT     64.40     0  00:14      0.44    2.70    1.00
  21762                CONDUIT    454.56     0  03:42      0.62    0.27    1.00
  21763                CONDUIT     26.46     0  04:03      0.69    0.07    1.00
  21764                CONDUIT      3.10     0  01:27      0.83    0.03    1.00
  21765                CONDUIT     18.51     0  04:42      0.15    0.03    1.00
  21766                CONDUIT    135.49     0  04:06      0.73    0.05    1.00
  21767                CONDUIT      8.84     0  01:21      0.12    0.01    1.00
  21769                CONDUIT    422.38     0  01:39      0.67    0.24    1.00
  21770                CONDUIT      5.54     0  01:16      0.08    0.02    1.00
  21771                CONDUIT    443.75     0  01:39      0.71    0.26    1.00
  21772                CONDUIT      4.16     0  01:31      0.19    0.02    1.00
  21773                CONDUIT     21.76     0  04:42      0.17    0.06    1.00
  21774                CONDUIT     21.74     0  04:42      0.17    0.06    1.00
  21778                CONDUIT      0.00     0  00:00      0.00    0.00    0.00
  21780                CONDUIT     26.05     0  00:11      0.38    0.02    1.00
  21781                CONDUIT     21.47     0  02:00      0.28    0.05    0.41
  21784                CONDUIT     21.62     0  01:59      0.38    0.05    0.75
  21786                CONDUIT      0.00     0  00:00      0.00    0.00    0.00
  21787                CONDUIT    138.08     0  02:03      1.05    0.24    0.47
  21788                CONDUIT    455.39     0  03:42      0.75    0.27    1.00
  21789                CONDUIT    140.17     0  04:02      0.94    0.21    1.00
  21792                CONDUIT    460.33     0  03:39      1.18    0.44    1.00
  21793                CONDUIT      9.68     0  06:33      0.16    0.03    1.00
  21796                CONDUIT    459.63     0  03:39      1.17    0.43    1.00
  21799                CONDUIT     10.01     0  00:34      0.58    0.55    0.79
  21800                CONDUIT      5.33     0  02:35      0.08    0.01    0.99
  21803                CONDUIT    458.94     0  03:39      1.17    0.43    1.00
  21805                CONDUIT    458.30     0  03:38      1.16    0.43    1.00
  21806                CONDUIT    456.62     0  03:43      1.12    0.27    1.00
  21812                CONDUIT      3.15     0  03:41      0.02    0.00    0.63
  21814                CONDUIT      1.39     0  02:10      0.15    0.01    1.00
  21815                CONDUIT    329.92     0  01:21      0.47    0.31    1.00
  21817                CONDUIT      3.89     0  08:29      1.01    0.01    1.00
  21820                CONDUIT    186.22     0  01:30      1.71    0.55    1.00
  21821                CONDUIT    186.26     0  01:30      1.48    0.33    1.00
  21822                CONDUIT    463.16     0  03:30      1.30    0.79    1.00
  21823                CONDUIT    464.14     0  03:30      1.27    0.80    1.00
  21824                CONDUIT      5.14     0  06:33      0.09    0.03    1.00
  21826                CONDUIT    140.25     0  04:02      1.01    0.53    1.00
  21827                CONDUIT     95.30     0  00:33      1.06    0.14    0.97
  21828                CONDUIT    114.82     0  00:35      1.27    0.15    1.00
  21829                CONDUIT    168.49     0  02:00      1.01    0.19    0.57
  21830                CONDUIT    168.49     0  02:00      1.07    0.12    0.59
  21832                CONDUIT     83.00     0  00:33      1.28    0.16    0.99
  21833                CONDUIT     70.37     0  00:33      0.71    2.33    1.00
  21835                CONDUIT      0.00     0  00:00      0.00    0.00    0.00
  21836                CONDUIT      0.00     0  00:00      0.00    0.00    0.00
  21838                CONDUIT      0.00     0  00:00      0.00    0.00    0.00
  21839                CONDUIT      0.00     0  00:00      0.00    0.00    0.00
  21840                CONDUIT      0.81     0  02:01      0.07    0.00    0.10
  21841                CONDUIT      0.00     0  00:00      0.00    0.00    0.06
  21844                CONDUIT      0.00     0  00:00      0.00    0.00    0.00
  21845                CONDUIT    197.28     0  02:00      1.78    0.67    0.41
  21846                CONDUIT    168.49     0  02:00      0.96    0.19    0.61
  21847                CONDUIT    168.49     0  02:00      0.94    0.32    0.63
  21848                CONDUIT    168.49     0  02:00      1.68    0.10    0.72
  21851                CONDUIT      0.00     0  00:00      0.00    0.00    0.00
  21852                CONDUIT      0.00     0  00:00      0.00    0.00    0.00
  21854                CONDUIT    360.41     0  02:01      2.22    0.19    0.24
  21858                CONDUIT    591.58     0  02:05      0.56    0.03    0.41
  21859                CONDUIT    591.32     0  02:03      2.84    0.01    0.35
  21862                CONDUIT     14.97     0  02:14      0.61    0.02    0.40
  21864                CONDUIT      0.00     0  00:00      0.00    0.00    0.50
  21866                CONDUIT      8.81     0  02:14      0.79    0.02    0.40
  22116                CONDUIT    162.46     0  03:37      1.43    0.24    1.00
  22117                CONDUIT      1.24     0  03:38      0.18    0.01    0.67
  22282                CONDUIT      1.23     0  03:38      0.20    0.01    0.49
  22575                CONDUIT      0.00     0  00:00      0.00    0.00    0.00
  22576                CONDUIT      4.15     0  02:03      0.85    0.01    1.00
  22580                CONDUIT      7.70     0  01:18      0.06    0.01    1.00
  22581                CONDUIT      3.95     0  01:28      0.11    0.01    1.00
  22582                CONDUIT    287.55     0  01:21      1.73    1.06    1.00
  22583                CONDUIT      3.15     0  02:14      0.09    0.02    1.00
  22585                CONDUIT      4.97     0  00:53      0.29    0.06    1.00
  22586                CONDUIT    362.28     0  01:23      1.31    0.30    1.00
  22587                CONDUIT    402.21     0  00:38      1.80    0.41    1.00
  22588                CONDUIT    111.89     0  00:38      1.31    0.02    1.00
  22589                CONDUIT    398.04     0  00:38      1.91    0.41    1.00
  22590                CONDUIT     77.25     0  00:25      0.22    0.01    1.00
  22591                CONDUIT      5.64     0  06:10      0.64    0.06    1.00
  22592                CONDUIT      5.23     0  06:10      0.07    0.00    1.00
  22596                CONDUIT    343.35     0  01:20      2.73    1.17    1.00
  22597                CONDUIT    164.45     0  01:23      2.57    0.51    1.00
  22598                CONDUIT    168.18     0  01:23      2.05    0.27    1.00
  22599                CONDUIT      4.12     0  07:48      0.14    0.01    1.00
  22601                CONDUIT     14.51     0  01:22      0.24    0.07    1.00
  22605                CONDUIT    206.87     0  01:29      1.00    0.37    1.00
  22606                CONDUIT     66.92     0  01:37      0.36    0.05    1.00
  22607                CONDUIT    124.46     0  01:29      0.70    0.17    1.00
  22608                CONDUIT      9.37     0  01:22      0.17    0.03    1.00
  22609                CONDUIT      6.34     0  01:19      0.34    0.03    1.00
  22611                CONDUIT    164.60     0  01:25      0.78    0.06    1.00
  22612                CONDUIT    362.02     0  01:23      0.93    0.46    1.00
  22613                CONDUIT      3.50     0  00:51      0.27    0.05    1.00
  22614                CONDUIT      9.93     0  02:23      0.18    0.01    1.00
  22616                CONDUIT    247.46     0  04:20      0.49    0.29    1.00
  22617                CONDUIT      1.47     0  01:43      0.67    0.01    1.00
  22618                CONDUIT      1.55     0  07:05      0.15    0.01    1.00
  22621                CONDUIT      3.41     0  02:14      0.19    0.02    1.00
  22640                CONDUIT      0.00     0  00:00      0.00    0.00    0.00
  22643                CONDUIT      0.00     0  00:00      0.00    0.00    0.00
  22653                CONDUIT    173.76     0  01:23      1.60    0.98    1.00
  22654                CONDUIT    171.18     0  01:23      2.43    0.33    1.00
  22656                CONDUIT      0.00     0  00:00      0.00    0.00    0.00
  22658                CONDUIT      0.00     0  00:00      0.00    0.00    0.00
  22659                CONDUIT      0.00     0  00:00      0.00    0.00    0.00
  22660                CONDUIT    240.33     0  04:21      0.82    0.31    1.00
  22789                CONDUIT    150.02     0  03:14      1.22    0.34    1.00
  22790                CONDUIT    152.26     0  03:33      1.24    0.49    1.00
  22794                CONDUIT      1.86     0  03:42      0.46    0.03    0.66
  22795                CONDUIT      1.98     0  03:42      0.23    0.01    0.74
  22796                CONDUIT      3.32     0  03:46      0.10    0.00    1.00
  22797                CONDUIT      2.03     0  03:39      0.40    0.09    1.00
  22798                CONDUIT    158.83     0  03:05      1.27    1.84    1.00
  22799                CONDUIT    158.83     0  03:05      0.83    0.20    1.00
  22800                CONDUIT      4.48     0  03:41      0.09    0.00    0.72
  22801                CONDUIT      2.63     0  03:42      0.26    0.01    0.68
  22802                CONDUIT    149.71     0  03:13      1.30    1.05    1.00
  22804                CONDUIT    149.79     0  03:09      1.32    0.89    1.00
  22805                CONDUIT    149.78     0  03:13      1.53    0.57    1.00
  22810                CONDUIT    150.03     0  03:14      0.93    0.19    1.00
  22811                CONDUIT    149.73     0  03:14      1.19    0.88    1.00
  22812                CONDUIT    149.85     0  03:14      1.51    0.91    1.00
  22818                CONDUIT      0.00     0  00:00      0.00    0.00    0.14
  22819                CONDUIT      9.35     0  03:41      0.08    0.01    0.92
  22827                CONDUIT      1.65     0  03:42      0.21    0.01    0.49
  22837                CONDUIT    149.73     0  03:14      1.26    1.16    1.00
  22839                CONDUIT      3.72     0  03:42      0.23    0.01    0.76
  22840                CONDUIT      2.04     0  03:42      0.43    0.04    0.85
  22850                CONDUIT    149.79     0  03:14      1.30    0.93    1.00
  22852                CONDUIT    149.77     0  03:14      1.19    0.84    1.00
  22865                CONDUIT    149.81     0  03:09      1.37    0.32    1.00
  22866                CONDUIT    149.66     0  03:16      1.19    1.06    1.00
  23050                CONDUIT    392.34     0  02:04      2.12    0.27    0.92
  23053                CONDUIT    392.98     0  02:04      1.75    2.28    0.96
  23054                CONDUIT    393.22     0  02:02      1.60    0.84    0.98
  23059                CONDUIT    393.88     0  02:02      1.71    0.61    0.92
  23060                CONDUIT    396.66     0  02:00      2.03    0.93    0.66
  23062                CONDUIT    396.36     0  02:00      2.46    0.41    0.57
  23063                CONDUIT    526.45     0  02:01      2.01    2.93    0.95
  23064                CONDUIT    280.74     0  02:10      1.17    0.34    0.79
  23066                CONDUIT    280.68     0  02:10      1.17    0.81    0.82
  23071                CONDUIT      0.00     0  00:00      0.00    0.00    0.00
  23073                CONDUIT    397.06     0  01:59      2.12    0.54    0.65
  23075                CONDUIT    396.82     0  02:01      2.30    0.63    0.59
  23077                CONDUIT    173.09     0  00:33      1.60    0.11    1.00
  23078                CONDUIT    391.13     0  02:03      1.44    0.75    0.93
  23079                CONDUIT    280.88     0  02:11      1.13    0.50    0.82
  23081                CONDUIT      0.00     0  00:00      0.00    0.00    0.00
  23082                CONDUIT    423.60     0  02:00      0.73    0.03    0.32
  23083                CONDUIT    423.41     0  02:00      0.91    0.02    0.36
  23084                CONDUIT      0.00     0  00:00      0.00    0.00    0.00
  23085                CONDUIT    423.19     0  02:00      0.62    0.03    0.31
  23087                CONDUIT      0.00     0  00:00      0.00    0.00    0.00
  23088                CONDUIT      0.00     0  00:00      0.00    0.00    0.00
  23090                CONDUIT      0.00     0  00:00      0.00    0.00    0.00
  23092                CONDUIT      0.00     0  00:00      0.00    0.00    0.00
  23093                CONDUIT      0.00     0  00:00      0.00    0.00    0.00
  23094                CONDUIT    591.39     0  02:01      1.32    0.06    0.20
  23095                CONDUIT    168.50     0  02:01      2.99    0.91    0.75
  23097                CONDUIT    423.14     0  02:00      1.03    0.14    0.18
  23098                CONDUIT      0.00     0  00:00      0.00    0.00    0.00
  23099                CONDUIT    591.16     0  02:03      0.94    0.11    0.27
  23102                CONDUIT      0.00     0  00:00      0.00    0.00    0.00
  23110                CONDUIT      0.00     0  00:00      0.00    0.00    0.34
  23112                CONDUIT      0.00     0  00:00      0.00    0.00    0.00
  23113                CONDUIT      0.00     0  00:00      0.00    0.00    0.00
  23114                CONDUIT      0.00     0  00:00      0.00    0.00    0.00
  23115                CONDUIT    591.23     0  02:02      0.99    0.02    0.26
  23116                CONDUIT    391.78     0  02:05      1.39    1.01    1.00
  23117                CONDUIT    391.79     0  02:05      1.39    0.65    0.98
  23119                CONDUIT    392.30     0  02:04      1.39    0.44    1.00
  23120                CONDUIT    392.16     0  02:04      1.53    0.76    1.00
  23122                CONDUIT    392.29     0  02:04      1.59    8.53    1.00
  23123                CONDUIT    392.35     0  02:04      1.39    0.27    1.00
  23147                CONDUIT    162.19     0  01:55      0.62    0.06    0.52
  23148                CONDUIT      0.00     0  00:00      0.00    0.00    0.00
  23150                CONDUIT    137.95     0  02:04      1.27    0.42    0.41
  23152                CONDUIT      0.00     0  00:00      0.00    0.00    0.02
  23158                CONDUIT    285.23     0  02:05      1.18    0.36    0.87
  23159                CONDUIT    413.10     0  01:49      2.46    0.52    0.91
  23163                CONDUIT    138.50     0  02:05      1.91    0.17    0.31
  23164                CONDUIT    138.27     0  02:04      1.39    4.97    0.38
  23165                CONDUIT    138.17     0  02:04      1.31    0.29    0.40
  23167                CONDUIT    138.21     0  02:04      1.56    0.20    0.35
  23171                CONDUIT      3.86     0  00:30      0.86    0.01    0.89
  23172                CONDUIT    136.13     0  02:02      0.97    0.40    0.68
  23190                CONDUIT    455.56     0  00:53      1.61    0.50    1.00
  23191                CONDUIT    455.62     0  00:53      1.61    1.06    1.00
  23192                CONDUIT    455.80     0  00:53      1.61    0.57    1.00
  23193                CONDUIT      2.59     0  00:46      0.54    0.03    1.00
  23199                CONDUIT    524.89     0  02:00      1.86    0.40    1.00
  23200                CONDUIT    539.73     0  02:00      0.77    0.04    1.00
  23204                CONDUIT     18.52     0  01:34      1.02    0.03    1.00
  23207                CONDUIT    450.57     0  00:53      1.59    1.21    1.00
  23478                CONDUIT      0.00     0  00:00      0.00    0.00    0.03
  23524                CONDUIT     26.50     0  04:26      0.26    0.11    1.00
  25966                CONDUIT      0.00     0  00:00      0.00    0.00    0.00
  26838                CONDUIT    140.04     0  04:02      0.94    0.09    1.00
  26852                CONDUIT      0.00     0  00:00      0.00    0.00    0.00
  26855                CONDUIT      0.00     0  00:00      0.00    0.00    0.03
  27342                CONDUIT      4.94     0  02:14      0.17    0.03    0.36
  31188                CONDUIT    396.02     0  02:01      1.70    0.86    0.82
  31937                CONDUIT    283.79     0  02:10      5.77    0.11    0.25
  32535                CONDUIT      0.00     0  00:00      0.00    0.00    0.00
  34331                CONDUIT      0.00     0  00:00      0.00    0.00    0.00
  36494                CONDUIT     10.32     0  02:14      0.21    0.08    0.48
  38189                CONDUIT     43.10     0  00:36      0.50    0.04    0.87
  38190                CONDUIT      5.31     0  01:14      0.10    0.01    1.00
  38193                CONDUIT     25.39     0  00:31      0.21    0.03    1.00
  38250                CONDUIT      8.49     0  00:46      0.09    0.01    1.00
  38555                CONDUIT      2.20     0  02:12      0.24    0.02    0.13
  38575                CONDUIT      0.76     0  03:40      0.07    0.01    0.60
  38710                CONDUIT      0.00     0  00:00      0.00    0.00    0.37
  38711                CONDUIT    117.29     0  03:16      0.98    1.38    0.91
  38712                CONDUIT    117.29     0  03:15      0.97    1.37    0.92
  38869                CONDUIT      0.00     0  00:00      0.00    0.00    0.31
  38870                CONDUIT     26.47     0  04:03      0.21    0.14    1.00
  38873                CONDUIT      0.70     0  03:39      0.07    0.00    0.21
  38889                CONDUIT      0.79     0  01:46      0.33    0.07    1.00
  39004                CONDUIT    117.31     0  03:15      1.29    1.37    0.93
  39117                CONDUIT      0.00     0  00:00      0.00    0.00    0.00
  39149                CONDUIT      2.15     0  01:28      0.58    0.04    1.00
  39247                CONDUIT    410.73     0  02:05      2.82    0.47    1.00
  39284                CONDUIT      0.00     0  00:00      0.00    0.00    0.00
  39378                CONDUIT      0.00     0  00:00      0.00    0.00    0.00
  39379                CONDUIT      0.00     0  00:00      0.00    0.00    0.00
  39419                CONDUIT    186.02     0  01:30      1.68    0.31    1.00
  39469                CONDUIT      1.54     0  03:39      0.45    0.01    1.00
  39514                CONDUIT      2.41     0  01:28      0.30    0.01    1.00
  39537                CONDUIT    280.57     0  02:11      1.47    0.61    0.78
  39563                CONDUIT      2.20     0  00:24      0.70    0.01    0.29
  39936                CONDUIT      0.00     0  00:00      0.00    0.00    0.00
  39937                CONDUIT    328.78     0  01:06      1.79    0.16    1.00
  40173                CONDUIT    591.46     0  02:04      1.04    0.07    0.70
  40224                CONDUIT     63.00     0  03:42      0.50    0.16    1.00
  40244                CONDUIT    291.65     0  00:39      1.14    0.90    1.00
  40245                CONDUIT    287.54     0  00:39      1.45    1.44    1.00
  40248                CONDUIT      0.00     0  00:00      0.00    0.00    0.00
  40249                CONDUIT      0.00     0  00:00      0.00    0.00    0.00
  40372                CONDUIT      0.00     0  00:00      0.00    0.00    0.00
  40373                CONDUIT    225.79     0  01:01      0.83    0.44    1.00
  40386                CONDUIT      1.38     0  02:39      0.02    0.00    0.38
  40388                CONDUIT      0.00     0  00:00      0.00    0.00    0.00
  40448                CONDUIT      0.00     0  00:00      0.00    0.00    0.50
  40679                CONDUIT      0.00     0  00:00      0.00    0.00    0.00
  40680                CONDUIT      0.00     0  00:00      0.00    0.00    0.00
  40713                CONDUIT      1.73     0  03:42      0.14    0.01    0.74
  40793                CONDUIT    158.90     0  03:05      1.50    0.80    1.00
  41025                CONDUIT    186.32     0  01:30      0.95    0.45    1.00
  41038                CONDUIT    280.53     0  02:10      0.99    0.66    1.00
  41039                CONDUIT    280.54     0  02:10      1.03    0.54    0.92
  41097                CONDUIT      3.34     0  01:30      0.67    0.04    1.00
  41114                CONDUIT    492.38     0  02:16      3.92    1.81    1.00
  41149                CONDUIT    149.97     0  03:12      2.89    0.38    1.00
  41181                CONDUIT      1.03     0  01:59      0.10    0.00    1.00
  41182                CONDUIT      2.63     0  04:38      0.04    0.01    1.00
  41183                CONDUIT      0.00     0  00:00      0.00    0.00    0.00
  41204                CONDUIT      0.00     0  00:00      0.00    0.00    0.00
  41367                CONDUIT    149.72     0  03:14      1.19    1.98    1.00
  41543                CONDUIT     56.61     0  00:36      0.45    0.06    0.85
  41557                CONDUIT      2.53     0  01:28      0.26    0.01    1.00
  41561                CONDUIT    355.70     0  00:53      2.07    0.39    1.00
  41562                CONDUIT      5.91     0  00:00      1.45    0.02    0.30
  41661                CONDUIT    517.38     0  01:22      2.02    0.98    1.00
  41712                CONDUIT      2.20     0  02:11      0.52    0.01    0.07
  42042                CONDUIT     26.48     0  04:26      0.49    0.15    1.00
  42043                CONDUIT     21.81     0  04:41      0.17    0.04    1.00
  42079                CONDUIT      0.00     0  00:00      0.00    0.00    0.00
  42080                CONDUIT      0.00     0  00:00      0.00    0.00    0.00
  42081                CONDUIT    394.74     0  02:02      1.96    1.23    0.85
  42082                CONDUIT    395.68     0  01:59      1.72    0.65    0.84
  42085                CONDUIT    459.69     0  02:02      1.63    0.69    1.00
  42514                CONDUIT      0.00     0  00:00      0.00    0.00    0.00
  42515                CONDUIT    308.07     0  03:16      2.95    0.90    0.89
  42541                CONDUIT      0.00     0  00:00      0.00    0.00    0.00
  42568                CONDUIT    427.80     0  00:54      2.97    0.18    1.00
  42610                CONDUIT      3.39     0  06:51      0.35    0.04    1.00
  42644                CONDUIT      2.28     0  00:54      0.19    0.02    1.00
  42711                CONDUIT    186.02     0  01:30      0.95    0.68    1.00
  42712                CONDUIT     22.37     0  01:59      0.15    0.01    0.73
  42713                CONDUIT    186.11     0  01:30      2.23    0.44    1.00
  42714                CONDUIT      7.26     0  02:14      0.52    0.06    0.29
  42715                CONDUIT    131.69     0  01:59      1.32    0.62    0.46
  42716                CONDUIT      2.20     0  00:40      0.69    0.01    0.07
  42717                CONDUIT      2.20     0  01:37      0.54    0.01    0.28
  42718                CONDUIT    415.80     0  02:00      2.78    0.48    0.76
  42719                CONDUIT    296.66     0  02:02      2.03    1.04    0.70
  42720                CONDUIT    149.85     0  03:14      1.19    1.61    1.00
  42721                CONDUIT     98.12     0  03:27      1.07    0.81    0.90
  42722                CONDUIT    320.53     0  01:21      1.49    0.17    1.00
  42723                CONDUIT    410.81     0  02:05      1.77   14.72    1.00
  42724                CONDUIT    484.64     0  01:21      2.25    0.38    1.00
  42725                CONDUIT    344.05     0  01:20      1.22    0.12    1.00
  42726                CONDUIT    343.68     0  01:13      3.60    0.13    1.00
  42727                CONDUIT    517.61     0  01:21      2.00    1.31    1.00
  42728                CONDUIT    117.45     0  03:15      0.93    1.35    1.00
  42730                CONDUIT    280.80     0  02:11      1.32    0.93    0.70
  42731                CONDUIT    149.72     0  03:14      1.19    0.90    1.00
  42732                CONDUIT    158.48     0  03:15      1.32    1.33    1.00
  42733                CONDUIT    158.48     0  03:17      1.46    0.98    1.00
  42734                CONDUIT    455.52     0  00:53      1.61    0.78    1.00
  42735                CONDUIT    168.96     0  02:00      2.51    0.50    0.54
  42736                CONDUIT    423.04     0  02:01      1.20    0.14    0.16
  42737                CONDUIT     21.38     0  02:00      0.37    0.02    0.33
  42738                CONDUIT    393.03     0  02:02      1.54    0.60    1.00
  42739                CONDUIT    285.25     0  02:00      1.63    0.46    0.81
  42740                CONDUIT    410.23     0  02:06      2.44    0.62    1.00
  42742                CONDUIT    276.30     0  03:05      2.20    0.61    1.00
  P1                   PUMP         8.00     0  00:44              1.00
  P2                   PUMP        63.25     0  01:15              1.00
  
  
  ***************************
  Flow Classification Summary
  ***************************
  
  -------------------------------------------------------------------------------------
                      Adjusted    ---------- Fraction of Time in Flow Class ---------- 
                       /Actual         Up    Down  Sub   Sup   Up    Down  Norm  Inlet 
  Conduit               Length    Dry  Dry   Dry   Crit  Crit  Crit  Crit  Ltd   Ctrl  
  -------------------------------------------------------------------------------------
  34                      1.00   1.00  0.00  0.00  0.00  0.00  0.00  0.00  0.00  0.00
  63                      1.51   1.00  0.00  0.00  0.00  0.00  0.00  0.00  0.00  0.00
  95                      1.12   0.06  0.00  0.00  0.94  0.00  0.00  0.00  0.00  0.00
  100                     1.00   1.00  0.00  0.00  0.00  0.00  0.00  0.00  0.00  0.00
  129                     1.00   0.01  0.00  0.00  0.98  0.00  0.00  0.00  0.00  0.00
  325                     1.00   0.00  0.00  0.00  0.02  0.98  0.00  0.00  0.53  0.00
  783                     1.22   1.00  0.00  0.00  0.00  0.00  0.00  0.00  0.00  0.00
  832                     1.00   0.02  0.00  0.00  0.98  0.00  0.00  0.00  0.00  0.00
  841                     1.00   0.03  0.00  0.00  0.97  0.00  0.00  0.00  0.00  0.00
  842                     1.00   0.06  0.00  0.00  0.26  0.00  0.00  0.68  0.00  0.00
  1612                    1.00   0.00  0.02  0.00  0.57  0.41  0.00  0.00  0.00  0.00
  1806                    1.47   1.00  0.00  0.00  0.00  0.00  0.00  0.00  0.00  0.00
  1941                    2.66   0.97  0.03  0.00  0.00  0.00  0.00  0.00  0.00  0.00
  2487                    1.96   0.00  0.00  0.00  0.91  0.09  0.00  0.00  0.00  0.00
  2488                    4.89   0.00  0.00  0.00  0.91  0.09  0.00  0.00  0.00  0.00
  2543                    1.93   0.03  0.00  0.00  0.97  0.00  0.00  0.00  0.00  0.00
  2627                    1.00   0.01  0.00  0.00  0.99  0.00  0.00  0.00  0.76  0.00
  2628                    4.88   1.00  0.00  0.00  0.00  0.00  0.00  0.00  0.00  0.00
  2629                    1.00   1.00  0.00  0.00  0.00  0.00  0.00  0.00  0.00  0.00
  2630                    3.08   1.00  0.00  0.00  0.00  0.00  0.00  0.00  0.00  0.00
  2631                    1.00   1.00  0.00  0.00  0.00  0.00  0.00  0.00  0.00  0.00
  2632                    1.00   1.00  0.00  0.00  0.00  0.00  0.00  0.00  0.00  0.00
  2649                    2.68   0.03  0.00  0.00  0.27  0.00  0.69  0.00  0.00  0.00
  2941                    2.66   0.03  0.01  0.00  0.12  0.00  0.00  0.85  0.00  0.00
  3101                    1.00   0.02  0.00  0.00  0.98  0.00  0.00  0.00  0.00  0.00
  3137                    1.00   1.00  0.00  0.00  0.00  0.00  0.00  0.00  0.00  0.00
  3147                    3.59   0.02  0.00  0.00  0.24  0.74  0.00  0.00  0.00  0.00
  3166                    1.00   0.01  0.00  0.00  0.98  0.00  0.00  0.00  0.00  0.00
  3332                    4.13   0.02  0.01  0.00  0.12  0.00  0.00  0.84  0.00  0.00
  3334                    1.00   0.02  0.00  0.00  0.97  0.00  0.00  0.00  0.00  0.00
  3335                    1.00   0.01  0.00  0.00  0.15  0.00  0.00  0.84  0.00  0.00
  3336                    3.24   0.98  0.02  0.00  0.00  0.00  0.00  0.00  0.00  0.00
  3339                   10.48   0.85  0.01  0.00  0.13  0.00  0.00  0.02  0.00  0.00
  3369                    1.33   0.01  0.85  0.00  0.14  0.00  0.00  0.00  0.83  0.00
  3370                    1.00   0.01  0.00  0.00  0.99  0.00  0.00  0.00  0.00  0.00
  3372                    3.91   1.00  0.00  0.00  0.00  0.00  0.00  0.00  0.00  0.00
  3424                    1.00   0.02  0.00  0.00  0.98  0.00  0.00  0.00  0.00  0.00
  3459                    1.00   0.03  0.00  0.00  0.96  0.00  0.00  0.00  0.82  0.00
  3553                    3.20   1.00  0.00  0.00  0.00  0.00  0.00  0.00  0.00  0.00
  3572                    3.54   0.10  0.02  0.00  0.04  0.00  0.00  0.85  0.86  0.00
  3578                    2.64   0.00  0.00  0.00  0.99  0.00  0.00  0.00  0.00  0.00
  3580                    2.38   0.12  0.00  0.00  0.02  0.00  0.86  0.00  0.00  0.00
  3586                    1.00   1.00  0.00  0.00  0.00  0.00  0.00  0.00  0.00  0.00
  3590                    1.00   1.00  0.00  0.00  0.00  0.00  0.00  0.00  0.00  0.00
  3591                    1.00   1.00  0.00  0.00  0.00  0.00  0.00  0.00  0.00  0.00
  3596                    1.00   1.00  0.00  0.00  0.00  0.00  0.00  0.00  0.00  0.00
  3673                    1.09   0.02  0.01  0.00  0.98  0.00  0.00  0.00  0.00  0.00
  3679                    1.00   0.02  0.00  0.00  0.93  0.05  0.00  0.00  0.76  0.00
  3716                    1.00   0.01  0.00  0.00  0.99  0.00  0.00  0.00  0.99  0.00
  3755                    1.00   1.00  0.00  0.00  0.00  0.00  0.00  0.00  0.00  0.00
  3774                    1.00   0.00  0.00  0.00  0.00  0.99  0.00  0.00  0.99  0.00
  3781                    1.56   0.01  0.00  0.00  0.98  0.01  0.00  0.00  0.81  0.00
  3808                    1.00   0.03  0.00  0.00  0.95  0.00  0.00  0.01  0.00  0.00
  3826                    1.00   0.00  0.00  0.00  1.00  0.00  0.00  0.00  0.03  0.00
  3827                    1.00   0.00  0.03  0.00  0.97  0.00  0.00  0.00  0.61  0.00
  3832                    1.00   0.01  0.05  0.00  0.94  0.00  0.00  0.00  0.61  0.00
  3864                    1.00   0.02  0.01  0.00  0.96  0.00  0.00  0.00  0.84  0.00
  3904                    1.00   0.06  0.00  0.00  0.27  0.00  0.00  0.67  0.00  0.00
  4236                    1.00   0.07  0.00  0.00  0.20  0.00  0.00  0.73  0.75  0.00
  4245                    1.24   0.05  0.56  0.00  0.27  0.00  0.11  0.00  0.00  0.00
  4268                    3.04   0.14  0.00  0.00  0.02  0.00  0.84  0.00  0.00  0.00
  4271                    2.39   0.06  0.00  0.00  0.23  0.00  0.70  0.00  0.00  0.00
  4273                    1.00   0.01  0.00  0.00  0.00  0.99  0.00  0.00  0.02  0.00
  4291                    1.00   0.01  0.00  0.00  0.00  0.99  0.00  0.00  0.85  0.00
  4292                    1.00   0.01  0.00  0.00  0.00  0.24  0.00  0.76  0.03  0.00
  4293                    1.18   0.96  0.04  0.00  0.00  0.00  0.00  0.00  0.00  0.00
  4294                    1.00   0.01  0.00  0.00  0.00  0.99  0.00  0.00  0.99  0.00
  4476                    1.00   0.01  0.00  0.00  0.01  0.01  0.00  0.97  0.00  0.00
  4486                    1.00   0.94  0.06  0.00  0.00  0.00  0.00  0.00  0.00  0.00
  4518                    1.00   0.01  0.00  0.00  0.99  0.00  0.00  0.00  0.00  0.00
  4520                    1.00   1.00  0.00  0.00  0.00  0.00  0.00  0.00  0.00  0.00
  4533                    1.00   0.04  0.65  0.00  0.31  0.00  0.00  0.00  0.66  0.00
  4617                    3.98   0.88  0.12  0.00  0.00  0.00  0.00  0.00  0.00  0.00
  4644                    1.00   0.02  0.00  0.00  0.18  0.80  0.00  0.00  0.77  0.00
  4680                    1.00   0.02  0.00  0.00  0.98  0.00  0.00  0.00  0.00  0.00
  4691                    2.41   0.73  0.04  0.00  0.23  0.00  0.00  0.00  0.74  0.00
  4714                    1.00   0.03  0.00  0.00  0.97  0.00  0.00  0.00  0.00  0.00
  4783                    1.00   0.02  0.00  0.00  0.98  0.00  0.00  0.00  0.00  0.00
  4983                    1.49   0.02  0.00  0.00  0.14  0.84  0.00  0.00  0.00  0.00
  5044                    1.00   0.03  0.00  0.00  0.97  0.00  0.00  0.00  0.00  0.00
  5066                    1.00   0.07  0.00  0.00  0.17  0.00  0.00  0.75  0.01  0.00
  5183                    1.00   0.00  0.00  0.00  0.00  0.00  0.00  1.00  0.00  0.00
  5262                    1.94   1.00  0.00  0.00  0.00  0.00  0.00  0.00  0.00  0.00
  5289                    1.02   0.03  0.00  0.00  0.32  0.00  0.00  0.65  0.67  0.00
  5327                    1.00   0.02  0.00  0.00  0.98  0.00  0.00  0.00  0.75  0.00
  5328                    1.70   1.00  0.00  0.00  0.00  0.00  0.00  0.00  0.00  0.00
  5329                    1.00   0.01  0.00  0.00  0.99  0.00  0.00  0.00  0.00  0.00
  5372                    2.94   0.01  0.00  0.00  0.75  0.24  0.00  0.00  0.04  0.00
  5379                   14.45   0.87  0.13  0.00  0.00  0.00  0.00  0.00  0.00  0.00
  5383                    1.00   0.01  0.00  0.00  0.32  0.00  0.67  0.00  0.00  0.00
  5564                    1.23   0.01  0.00  0.00  0.07  0.92  0.00  0.00  0.76  0.00
  5646                    1.00   1.00  0.00  0.00  0.00  0.00  0.00  0.00  0.00  0.00
  5734                    1.00   0.01  0.00  0.00  0.99  0.00  0.00  0.00  0.00  0.00
  5754                    1.00   1.00  0.00  0.00  0.00  0.00  0.00  0.00  0.00  0.00
  5796                    1.53   0.05  0.00  0.00  0.27  0.00  0.67  0.00  0.00  0.00
  5799                    2.65   0.11  0.00  0.00  0.03  0.00  0.85  0.00  0.00  0.00
  5884                    4.74   0.71  0.29  0.00  0.00  0.00  0.00  0.00  0.00  0.00
  5963                    1.00   0.02  0.00  0.00  0.98  0.00  0.00  0.00  0.00  0.00
  6198                    4.52   0.00  0.00  0.00  0.00  0.00  0.00  1.00  0.00  0.00
  6200                    1.00   0.02  0.70  0.00  0.28  0.00  0.00  0.00  0.84  0.00
  6935                    1.37   0.02  0.74  0.00  0.15  0.09  0.00  0.00  0.74  0.00
  7035                    1.00   0.00  0.00  0.00  0.00  0.00  0.00  1.00  0.00  0.00
  7084                    1.00   0.02  0.00  0.00  0.98  0.00  0.00  0.00  0.75  0.00
  7105                    1.00   0.02  0.00  0.00  0.13  0.00  0.00  0.84  0.00  0.00
  7282                    1.00   0.06  0.30  0.00  0.24  0.00  0.40  0.00  0.00  0.00
  7373                    1.00   0.02  0.00  0.00  0.13  0.00  0.00  0.84  0.00  0.00
  7495                    2.81   0.11  0.00  0.00  0.03  0.00  0.85  0.00  0.00  0.00
  7498                    4.72   0.03  0.04  0.00  0.08  0.00  0.00  0.85  0.00  0.00
  8063                    1.00   0.00  0.00  0.00  1.00  0.00  0.00  0.00  0.00  0.00
  8274                    1.00   0.02  0.00  0.00  0.25  0.00  0.72  0.00  0.00  0.00
  8293                    1.00   1.00  0.00  0.00  0.00  0.00  0.00  0.00  0.00  0.00
  8294                    1.00   1.00  0.00  0.00  0.00  0.00  0.00  0.00  0.00  0.00
  8295                    1.71   1.00  0.00  0.00  0.00  0.00  0.00  0.00  0.00  0.00
  8305                    1.00   0.02  0.00  0.00  0.98  0.00  0.00  0.00  0.00  0.00
  8423                    4.40   0.02  0.00  0.00  0.98  0.00  0.00  0.00  0.00  0.00
  8614                    1.00   0.00  0.00  0.00  0.32  0.68  0.00  0.00  0.00  0.00
  8670                    1.00   0.01  0.00  0.00  0.99  0.00  0.00  0.00  0.00  0.00
  8894                    1.00   0.01  0.00  0.00  0.99  0.00  0.00  0.00  0.00  0.00
  9134                    1.00   0.02  0.00  0.00  0.77  0.22  0.00  0.00  0.84  0.00
  9700                    1.00   0.01  0.00  0.00  0.99  0.00  0.00  0.00  0.00  0.00
  9703                    1.00   0.02  0.00  0.00  0.98  0.00  0.00  0.00  0.00  0.00
  9704                    1.00   0.02  0.00  0.00  0.98  0.00  0.00  0.00  0.00  0.00
  9736                    1.00   0.04  0.86  0.00  0.10  0.00  0.00  0.00  0.85  0.00
  10024                   1.00   0.01  0.00  0.00  0.98  0.00  0.00  0.00  0.00  0.00
  10072                   4.49   0.00  0.00  0.00  0.99  0.00  0.00  0.00  0.00  0.00
  10076                   1.00   0.00  0.00  0.00  0.99  0.00  0.00  0.01  0.00  0.00
  10117                   1.95   1.00  0.00  0.00  0.00  0.00  0.00  0.00  0.00  0.00
  10119                   6.78   0.02  0.00  0.00  0.98  0.00  0.00  0.00  0.00  0.00
  10124                  14.43   0.01  0.00  0.00  0.99  0.00  0.00  0.00  0.00  0.00
  10130                   2.38   0.02  0.00  0.00  0.98  0.00  0.00  0.00  0.00  0.00
  10138                   1.00   0.01  0.00  0.00  0.99  0.00  0.00  0.00  0.00  0.00
  10144                   2.07   0.02  0.00  0.00  0.98  0.00  0.00  0.00  0.00  0.00
  10146                   1.00   0.01  0.00  0.00  0.99  0.00  0.00  0.00  0.00  0.00
  10148                   2.81   0.03  0.69  0.00  0.28  0.00  0.00  0.00  0.69  0.00
  10158                   3.62   0.03  0.69  0.00  0.28  0.00  0.00  0.00  0.69  0.00
  10159                   1.00   0.02  0.00  0.00  0.98  0.00  0.00  0.00  0.00  0.00
  10161                   1.62   0.02  0.85  0.00  0.14  0.00  0.00  0.00  0.00  0.00
  10162                   1.88   0.02  0.00  0.00  0.98  0.00  0.00  0.00  0.00  0.00
  10164                   1.00   0.02  0.00  0.00  0.98  0.00  0.00  0.00  0.00  0.00
  10211                   1.00   0.01  0.00  0.00  0.98  0.00  0.00  0.00  0.09  0.00
  10242                   1.00   0.01  0.00  0.00  0.99  0.00  0.00  0.00  0.00  0.00
  10264                   1.00   0.01  0.00  0.00  0.99  0.00  0.00  0.00  0.00  0.00
  10284                   1.00   1.00  0.00  0.00  0.00  0.00  0.00  0.00  0.00  0.00
  10363                   1.00   1.00  0.00  0.00  0.00  0.00  0.00  0.00  0.00  0.00
  10405                   1.00   0.02  0.00  0.00  0.14  0.00  0.00  0.85  0.00  0.00
  10464                   1.00   1.00  0.00  0.00  0.00  0.00  0.00  0.00  0.00  0.00
  10601                   1.00   0.03  0.00  0.00  0.97  0.00  0.00  0.00  0.10  0.00
  10602                   2.12   0.08  0.00  0.00  0.15  0.00  0.00  0.77  0.78  0.00
  10605                   1.00   0.88  0.12  0.00  0.00  0.00  0.00  0.00  0.00  0.00
  10607                   1.00   0.00  0.00  0.00  1.00  0.00  0.00  0.00  0.00  0.00
  10608                   1.00   0.04  0.00  0.00  0.96  0.00  0.00  0.00  0.00  0.00
  10671                   1.00   0.02  0.32  0.00  0.20  0.00  0.45  0.01  0.00  0.00
  10690                   1.93   0.01  0.00  0.00  0.99  0.00  0.00  0.00  0.00  0.00
  10691                   1.00   0.01  0.00  0.00  0.00  0.98  0.00  0.01  0.66  0.00
  10744                   1.00   0.01  0.00  0.00  0.99  0.00  0.00  0.00  0.75  0.00
  10746                   1.00   0.01  0.00  0.00  0.14  0.85  0.00  0.00  0.84  0.00
  10833                   1.00   0.01  0.00  0.00  0.93  0.06  0.00  0.00  0.00  0.00
  10845                   1.00   0.00  0.00  0.00  0.00  0.00  0.00  1.00  0.00  0.00
  10879                   1.54   1.00  0.00  0.00  0.00  0.00  0.00  0.00  0.00  0.00
  11139                   3.09   0.02  0.82  0.00  0.16  0.00  0.00  0.00  0.78  0.00
  11172                   1.22   0.90  0.07  0.00  0.04  0.00  0.00  0.00  0.89  0.00
  11209                   1.14   1.00  0.00  0.00  0.00  0.00  0.00  0.00  0.00  0.00
  12024                   1.00   1.00  0.00  0.00  0.00  0.00  0.00  0.00  0.00  0.00
  12611                   8.14   0.00  0.00  0.00  1.00  0.00  0.00  0.00  0.00  0.00
  12612                   3.33   1.00  0.00  0.00  0.00  0.00  0.00  0.00  0.00  0.00
  12613                   2.55   1.00  0.00  0.00  0.00  0.00  0.00  0.00  0.00  0.00
  12615                   1.70   1.00  0.00  0.00  0.00  0.00  0.00  0.00  0.00  0.00
  12620                   2.86   0.01  0.99  0.00  0.00  0.00  0.00  0.00  0.00  0.00
  12621                   4.58   0.86  0.14  0.00  0.00  0.00  0.00  0.00  0.00  0.00
  12622                   2.92   1.00  0.00  0.00  0.00  0.00  0.00  0.00  0.00  0.00
  12633                   1.00   0.01  0.00  0.00  0.99  0.00  0.00  0.00  0.00  0.00
  12636                   1.84   0.03  0.39  0.00  0.57  0.01  0.00  0.00  0.60  0.00
  12637                   1.00   0.01  0.00  0.00  0.99  0.00  0.00  0.00  0.00  0.00
  12638                   1.00   0.97  0.00  0.00  0.00  0.00  0.00  0.03  0.00  0.00
  12643                   1.00   0.07  0.00  0.00  0.76  0.17  0.00  0.00  0.06  0.00
  12644                   1.00   0.19  0.00  0.00  0.00  0.00  0.00  0.81  0.00  0.00
  12649                   1.00   0.01  0.75  0.00  0.09  0.15  0.00  0.00  0.85  0.00
  12650                   1.00   0.02  0.00  0.00  0.98  0.00  0.00  0.00  0.00  0.00
  12652                   2.54   0.02  0.00  0.00  0.98  0.00  0.00  0.00  0.00  0.00
  12653                   1.74   0.01  0.73  0.00  0.06  0.20  0.00  0.00  0.84  0.00
  12654                   1.00   0.02  0.00  0.00  0.81  0.18  0.00  0.00  0.72  0.00
  12656                   1.00   0.00  0.00  0.00  1.00  0.00  0.00  0.00  0.00  0.00
  12660                   1.00   0.00  0.00  0.00  1.00  0.00  0.00  0.00  0.17  0.00
  12661                   3.82   0.76  0.03  0.00  0.21  0.00  0.00  0.00  0.73  0.00
  12662                   1.00   0.06  0.00  0.00  0.23  0.00  0.00  0.70  0.71  0.00
  12663                   2.26   0.06  0.00  0.00  0.26  0.00  0.00  0.68  0.00  0.00
  12664                   1.00   0.02  0.00  0.00  0.98  0.00  0.00  0.00  0.00  0.00
  12665                   1.00   0.02  0.00  0.00  0.98  0.00  0.00  0.00  0.00  0.00
  12668                   1.00   0.00  0.00  0.00  0.00  0.00  1.00  0.00  0.00  0.00
  12673                   1.00   0.02  0.98  0.00  0.00  0.00  0.00  0.00  0.00  0.00
  12676                   1.00   0.86  0.14  0.00  0.00  0.00  0.00  0.00  0.00  0.00
  12678                   1.00   0.02  0.00  0.00  0.98  0.00  0.00  0.00  0.02  0.00
  12679                   1.00   0.02  0.00  0.00  0.93  0.05  0.00  0.00  0.00  0.00
  12681                   1.00   0.00  0.36  0.00  0.63  0.00  0.00  0.00  0.68  0.00
  12682                   1.57   0.01  0.00  0.00  0.99  0.00  0.00  0.00  0.00  0.00
  12683                   2.98   0.01  0.00  0.00  0.99  0.00  0.00  0.00  0.00  0.00
  12685                   1.50   0.01  0.14  0.00  0.53  0.31  0.00  0.00  0.67  0.00
  12686                   1.00   0.01  0.17  0.00  0.78  0.04  0.00  0.00  0.70  0.00
  12687                   1.00   0.01  0.67  0.00  0.32  0.00  0.00  0.00  0.71  0.00
  12688                   1.49   0.01  0.00  0.00  0.99  0.00  0.00  0.00  0.00  0.00
  12690                   1.00   0.00  0.00  0.00  1.00  0.00  0.00  0.00  0.00  0.00
  12691                   1.00   0.01  0.74  0.00  0.23  0.02  0.00  0.00  0.00  0.00
  12692                   3.76   0.73  0.02  0.00  0.23  0.01  0.00  0.00  0.74  0.00
  12694                   1.00   0.02  0.00  0.00  0.98  0.00  0.00  0.00  0.00  0.00
  12697                   1.00   0.02  0.00  0.00  0.98  0.00  0.00  0.00  0.00  0.00
  12698                   1.00   0.01  0.00  0.00  0.99  0.00  0.00  0.00  0.00  0.00
  12699                   2.61   0.04  0.43  0.00  0.32  0.00  0.20  0.00  0.00  0.00
  12700                   1.00   0.04  0.00  0.00  0.96  0.00  0.00  0.00  0.00  0.00
  12760                   1.29   0.00  0.00  0.00  0.14  0.00  0.00  0.86  0.00  0.00
  12761                   1.00   0.00  0.00  0.00  1.00  0.00  0.00  0.00  0.00  0.00
  12865                   1.00   0.03  0.00  0.00  0.96  0.00  0.01  0.00  0.00  0.00
  12866                   2.62   0.03  0.00  0.00  0.97  0.00  0.00  0.00  0.00  0.00
  12870                   1.00   0.03  0.00  0.00  0.96  0.01  0.00  0.00  0.00  0.00
  12871                   3.40   0.04  0.00  0.00  0.94  0.00  0.02  0.00  0.00  0.00
  12872                   1.00   0.03  0.66  0.00  0.30  0.00  0.00  0.00  0.64  0.00
  12873                   4.37   0.01  0.00  0.00  0.99  0.00  0.00  0.00  0.00  0.00
  12874                   1.73   0.01  0.00  0.00  0.99  0.00  0.00  0.00  0.00  0.00
  12875                   1.00   0.01  0.00  0.00  0.98  0.00  0.00  0.00  0.00  0.00
  12876                   9.15   0.02  0.00  0.00  0.98  0.00  0.00  0.00  0.00  0.00
  12877                   1.38   0.03  0.00  0.00  0.28  0.00  0.00  0.69  0.00  0.00
  12878                   1.00   0.68  0.04  0.00  0.28  0.00  0.00  0.00  0.67  0.00
  12880                   1.00   0.06  0.00  0.00  0.25  0.00  0.00  0.69  0.70  0.00
  12884                   1.00   0.03  0.00  0.00  0.97  0.00  0.00  0.00  0.00  0.00
  12888                   9.93   0.04  0.70  0.00  0.24  0.02  0.00  0.00  0.70  0.00
  12889                   1.00   0.04  0.00  0.00  0.96  0.00  0.00  0.00  0.00  0.00
  12890                   1.00   0.04  0.00  0.00  0.96  0.00  0.00  0.00  0.00  0.00
  12892                   3.10   1.00  0.00  0.00  0.00  0.00  0.00  0.00  0.00  0.00
  12893                   1.47   1.00  0.00  0.00  0.00  0.00  0.00  0.00  0.00  0.00
  12894                   1.00   1.00  0.00  0.00  0.00  0.00  0.00  0.00  0.00  0.00
  12895                   1.63   1.00  0.00  0.00  0.00  0.00  0.00  0.00  0.00  0.00
  12897                   1.00   0.00  0.00  0.00  1.00  0.00  0.00  0.00  0.00  0.00
  12903                   1.00   1.00  0.00  0.00  0.00  0.00  0.00  0.00  0.00  0.00
  12904                   3.08   1.00  0.00  0.00  0.00  0.00  0.00  0.00  0.00  0.00
  12907                   1.00   0.01  0.00  0.00  0.99  0.00  0.00  0.00  0.00  0.00
  12940                   1.00   0.01  0.00  0.00  0.99  0.00  0.00  0.00  0.00  0.00
  12942                   2.45   0.02  0.04  0.00  0.09  0.00  0.00  0.84  0.00  0.00
  12978                   1.00   0.01  0.00  0.00  0.99  0.00  0.00  0.00  0.00  0.00
  12979                   3.11   1.00  0.00  0.00  0.00  0.00  0.00  0.00  0.00  0.00
  12980                   1.00   0.01  0.00  0.00  0.21  0.00  0.00  0.77  0.00  0.00
  12982                   1.00   0.02  0.00  0.00  0.22  0.01  0.00  0.75  0.00  0.00
  12983                   1.00   0.01  0.00  0.00  0.20  0.00  0.78  0.00  0.00  0.00
  12986                   1.00   1.00  0.00  0.00  0.00  0.00  0.00  0.00  0.00  0.00
  12987                   1.00   1.00  0.00  0.00  0.00  0.00  0.00  0.00  0.00  0.00
  12988                   1.00   1.00  0.00  0.00  0.00  0.00  0.00  0.00  0.00  0.00
  12989                   1.00   1.00  0.00  0.00  0.00  0.00  0.00  0.00  0.00  0.00
  12990                   1.00   1.00  0.00  0.00  0.00  0.00  0.00  0.00  0.00  0.00
  12991                   1.00   1.00  0.00  0.00  0.00  0.00  0.00  0.00  0.00  0.00
  12993                   1.00   0.01  0.00  0.00  0.99  0.00  0.00  0.00  0.00  0.00
  12994                   1.00   0.00  0.00  0.00  0.99  0.00  0.00  0.00  0.00  0.00
  12995                   1.00   0.01  0.00  0.00  0.99  0.00  0.00  0.00  0.00  0.00
  12996                   2.57   0.01  0.00  0.00  0.99  0.00  0.00  0.00  0.00  0.00
  12998                   1.00   0.01  0.00  0.00  0.99  0.00  0.00  0.00  0.00  0.00
  13000                   1.00   0.01  0.00  0.00  0.99  0.00  0.00  0.00  0.00  0.00
  13298                   1.00   0.02  0.00  0.00  0.98  0.00  0.00  0.00  0.00  0.00
  13357                   1.00   0.01  0.01  0.00  0.98  0.00  0.00  0.00  0.00  0.00
  13491                   4.06   0.02  0.98  0.00  0.00  0.00  0.00  0.00  0.00  0.00
  13492                   1.00   0.01  0.00  0.00  0.00  0.00  0.00  0.99  0.00  0.00
  13493                   1.45   0.02  0.00  0.00  0.98  0.00  0.00  0.00  0.00  0.00
  13494                   1.00   0.02  0.00  0.00  0.84  0.14  0.00  0.00  0.73  0.00
  13496                   1.00   0.06  0.00  0.00  0.93  0.00  0.00  0.00  0.01  0.00
  13512                   1.00   0.02  0.00  0.00  0.98  0.00  0.00  0.00  0.00  0.00
  13513                   2.37   0.02  0.00  0.00  0.98  0.00  0.00  0.00  0.00  0.00
  13524                   1.03   1.00  0.00  0.00  0.00  0.00  0.00  0.00  0.00  0.00
  13525                   1.00   0.02  0.00  0.00  0.98  0.00  0.00  0.00  0.00  0.00
  13560                   1.00   1.00  0.00  0.00  0.00  0.00  0.00  0.00  0.00  0.00
  13562                   1.91   1.00  0.00  0.00  0.00  0.00  0.00  0.00  0.00  0.00
  13569                   1.00   0.03  0.00  0.00  0.97  0.00  0.00  0.00  0.00  0.00
  13643                   3.79   0.02  0.00  0.00  0.98  0.00  0.00  0.00  0.00  0.00
  13801                   1.00   0.02  0.00  0.00  0.05  0.93  0.00  0.00  0.12  0.00
  13802                   2.29   0.02  0.00  0.00  0.98  0.00  0.00  0.00  0.00  0.00
  13820                   1.00   0.01  0.00  0.00  0.99  0.00  0.00  0.00  0.45  0.00
  13821                   5.79   0.86  0.00  0.00  0.14  0.00  0.00  0.00  0.00  0.00
  13936                   2.52   1.00  0.00  0.00  0.00  0.00  0.00  0.00  0.00  0.00
  13937                   1.00   0.02  0.00  0.00  0.21  0.00  0.00  0.77  0.01  0.00
  14073                   1.00   0.07  0.93  0.00  0.00  0.00  0.00  0.00  0.00  0.00
  14080                   1.00   0.01  0.00  0.00  0.99  0.00  0.00  0.00  0.00  0.00
  14101                   1.00   0.00  0.00  0.00  1.00  0.00  0.00  0.00  0.02  0.00
  14137                   1.00   0.01  0.00  0.00  0.99  0.00  0.00  0.00  0.00  0.00
  14141                   1.00   0.01  0.00  0.00  0.99  0.00  0.00  0.00  0.00  0.00
  14208                   1.00   0.01  0.70  0.00  0.29  0.00  0.00  0.00  0.74  0.00
  14270                   1.00   0.01  0.00  0.00  0.00  0.99  0.00  0.00  0.87  0.00
  14272                   1.00   0.01  0.00  0.00  0.00  0.00  0.00  0.99  0.00  0.00
  14472                   1.00   0.02  0.00  0.00  0.97  0.00  0.00  0.00  0.00  0.00
  14475                   2.39   0.11  0.01  0.00  0.04  0.00  0.00  0.85  0.00  0.00
  14478                   1.00   0.02  0.00  0.00  0.98  0.00  0.00  0.00  0.00  0.00
  14574                   1.00   0.01  0.00  0.00  0.82  0.17  0.00  0.00  0.84  0.00
  14707                   1.00   1.00  0.00  0.00  0.00  0.00  0.00  0.00  0.00  0.00
  14739                   1.00   0.02  0.00  0.00  0.84  0.14  0.00  0.00  0.00  0.00
  14745                   1.00   0.03  0.58  0.00  0.39  0.00  0.00  0.00  0.64  0.00
  14749                   1.00   0.02  0.00  0.00  0.98  0.00  0.00  0.00  0.02  0.00
  14765                   1.00   0.00  0.00  0.00  0.00  0.00  0.00  1.00  0.00  0.00
  14950                   4.57   0.02  0.85  0.00  0.14  0.00  0.00  0.00  0.00  0.00
  15152                   1.00   0.02  0.00  0.00  0.98  0.00  0.00  0.00  0.00  0.00
  15171                   1.00   0.01  0.00  0.00  0.99  0.00  0.00  0.00  0.00  0.00
  15187                   1.00   1.00  0.00  0.00  0.00  0.00  0.00  0.00  0.00  0.00
  15242                   1.00   0.03  0.00  0.00  0.00  0.97  0.00  0.00  0.08  0.00
  15277                   1.00   0.00  0.00  0.00  1.00  0.00  0.00  0.00  0.00  0.00
  15281                   1.00   0.02  0.00  0.00  0.00  0.98  0.00  0.00  0.82  0.00
  15332                   1.00   0.01  0.00  0.00  0.14  0.85  0.00  0.00  0.81  0.00
  15333                   1.64   1.00  0.00  0.00  0.00  0.00  0.00  0.00  0.00  0.00
  15362                   1.00   0.01  0.00  0.00  0.99  0.00  0.00  0.00  0.00  0.00
  15806                   1.00   0.02  0.00  0.00  0.98  0.00  0.00  0.00  0.00  0.00
  16419                   1.00   0.02  0.00  0.00  0.98  0.00  0.00  0.00  0.00  0.00
  16476                   1.00   0.02  0.02  0.00  0.96  0.00  0.00  0.00  0.62  0.00
  16575                   1.45   1.00  0.00  0.00  0.00  0.00  0.00  0.00  0.00  0.00
  16654                   1.00   0.02  0.00  0.00  0.98  0.00  0.00  0.00  0.09  0.00
  16672                   1.00   0.03  0.00  0.00  0.97  0.00  0.00  0.00  0.00  0.00
  16865                   1.00   1.00  0.00  0.00  0.00  0.00  0.00  0.00  0.00  0.00
  16887                   1.35   1.00  0.00  0.00  0.00  0.00  0.00  0.00  0.00  0.00
  16908                   1.00   1.00  0.00  0.00  0.00  0.00  0.00  0.00  0.00  0.00
  16909                   2.57   0.04  0.00  0.00  0.24  0.00  0.00  0.72  0.00  0.00
  17523                   1.85   0.03  0.00  0.00  0.26  0.00  0.00  0.72  0.00  0.00
  17571                   1.00   0.02  0.00  0.00  0.98  0.00  0.00  0.00  0.23  0.00
  17580                   4.21   0.02  0.00  0.00  0.98  0.00  0.00  0.00  0.00  0.00
  17703                   1.00   0.07  0.74  0.00  0.19  0.00  0.00  0.00  0.74  0.00
  17714                   1.00   0.00  0.00  0.00  1.00  0.00  0.00  0.00  0.00  0.00
  17715                   3.01   0.00  0.00  0.00  0.99  0.01  0.00  0.00  0.01  0.00
  17766                   1.00   0.01  0.00  0.00  0.14  0.00  0.00  0.85  0.00  0.00
  17896                   1.00   0.02  0.00  0.00  0.97  0.02  0.00  0.00  0.73  0.00
  17908                   1.00   0.00  0.00  0.00  0.15  0.00  0.85  0.00  0.00  0.00
  17926                   1.00   1.00  0.00  0.00  0.00  0.00  0.00  0.00  0.00  0.00
  17953                   2.49   0.00  0.00  0.00  1.00  0.00  0.00  0.00  0.00  0.00
  18020                   5.37   1.00  0.00  0.00  0.00  0.00  0.00  0.00  0.00  0.00
  18084                   1.00   0.03  0.00  0.00  0.34  0.00  0.63  0.00  0.00  0.00
  18113                   1.00   0.02  0.71  0.00  0.28  0.00  0.00  0.00  0.85  0.00
  18330                   1.88   0.76  0.00  0.00  0.09  0.12  0.00  0.03  0.00  0.00
  18338                   1.00   0.02  0.00  0.00  0.98  0.00  0.00  0.00  0.00  0.00
  18383                   1.00   1.00  0.00  0.00  0.00  0.00  0.00  0.00  0.00  0.00
  18387                   2.06   0.02  0.00  0.00  0.98  0.00  0.00  0.00  0.00  0.00
  18389                   1.00   0.04  0.00  0.00  0.96  0.00  0.00  0.00  0.00  0.00
  18423                   2.88   0.06  0.00  0.00  0.26  0.00  0.00  0.68  0.69  0.00
  18530                   1.00   0.02  0.00  0.00  0.98  0.00  0.00  0.00  0.02  0.00
  19043                   1.00   0.01  0.00  0.00  0.99  0.00  0.00  0.00  0.06  0.00
  19132                   1.00   0.00  0.00  0.00  1.00  0.00  0.00  0.00  0.01  0.00
  19193                   1.00   0.02  0.00  0.00  0.98  0.01  0.00  0.00  0.00  0.00
  19227                   1.00   0.00  0.00  0.00  0.99  0.00  0.00  0.01  0.00  0.00
  19440                   1.45   0.10  0.00  0.00  0.05  0.00  0.85  0.00  0.00  0.00
  19717                   9.25   0.01  0.00  0.00  0.99  0.00  0.00  0.00  0.00  0.00
  19838                   1.00   0.01  0.00  0.00  0.99  0.00  0.00  0.00  0.00  0.00
  19850                   9.21   0.01  0.00  0.00  0.99  0.00  0.00  0.00  0.00  0.00
  19910                   1.97   0.97  0.03  0.00  0.00  0.00  0.00  0.00  0.00  0.00
  20466                   1.00   0.02  0.00  0.00  0.14  0.00  0.00  0.85  0.00  0.00
  20474                   1.00   0.00  0.00  0.00  1.00  0.00  0.00  0.00  0.93  0.00
  20518                   1.00   0.01  0.00  0.00  0.98  0.00  0.00  0.00  0.76  0.00
  20519                   2.06   1.00  0.00  0.00  0.00  0.00  0.00  0.00  0.00  0.00
  20520                   1.00   0.01  0.00  0.00  0.91  0.08  0.00  0.00  0.73  0.00
  20521                   3.41   1.00  0.00  0.00  0.00  0.00  0.00  0.00  0.00  0.00
  20529                   3.05   0.09  0.02  0.00  0.04  0.00  0.00  0.85  0.85  0.00
  20530                   1.00   0.01  0.00  0.00  0.99  0.00  0.00  0.00  0.00  0.00
  20531                   1.00   0.01  0.00  0.00  0.99  0.00  0.00  0.00  0.66  0.00
  20532                   1.00   0.02  0.00  0.00  0.13  0.85  0.00  0.00  0.00  0.00
  20534                   1.00   0.01  0.00  0.00  0.99  0.00  0.00  0.00  0.00  0.00
  20535                   4.15   0.86  0.14  0.00  0.00  0.00  0.00  0.00  0.00  0.00
  20536                   3.80   0.86  0.14  0.00  0.00  0.00  0.00  0.00  0.00  0.00
  20538                   1.00   0.01  0.00  0.00  0.30  0.00  0.00  0.69  0.00  0.00
  20539                   1.00   0.01  0.00  0.00  0.15  0.00  0.00  0.84  0.00  0.00
  20540                   4.60   0.85  0.15  0.00  0.00  0.00  0.00  0.00  0.00  0.00
  20541                   4.88   0.81  0.19  0.00  0.00  0.00  0.00  0.00  0.00  0.00
  20542                   3.48   0.86  0.14  0.00  0.00  0.00  0.00  0.00  0.00  0.00
  20543                   1.00   0.01  0.00  0.00  0.05  0.00  0.00  0.94  0.00  0.00
  20544                   1.00   0.85  0.15  0.00  0.00  0.00  0.00  0.00  0.00  0.00
  20545                   1.00   0.01  0.00  0.00  0.05  0.00  0.00  0.94  0.00  0.00
  20546                   5.52   0.01  0.99  0.00  0.00  0.00  0.00  0.00  0.00  0.00
  20547                   2.72   1.00  0.00  0.00  0.00  0.00  0.00  0.00  0.00  0.00
  20548                   1.00   0.01  0.00  0.00  0.99  0.00  0.00  0.00  0.00  0.00
  20549                   1.00   0.01  0.00  0.00  0.15  0.84  0.00  0.00  0.20  0.00
  20550                   1.00   0.01  0.00  0.00  0.99  0.00  0.00  0.00  0.00  0.00
  20560                   1.00   0.02  0.00  0.00  0.98  0.00  0.00  0.00  0.00  0.00
  20569                   1.00   0.02  0.00  0.00  0.98  0.00  0.00  0.00  0.77  0.00
  20570                   1.00   0.01  0.00  0.00  0.14  0.00  0.84  0.00  0.00  0.00
  20571                   1.00   0.02  0.00  0.00  0.98  0.00  0.00  0.00  0.00  0.00
  20573                   1.00   0.01  0.00  0.00  0.98  0.00  0.00  0.00  0.00  0.00
  20577                   3.53   0.01  0.00  0.00  0.99  0.00  0.00  0.00  0.00  0.00
  20578                   1.00   0.02  0.00  0.00  0.97  0.01  0.00  0.00  0.69  0.00
  20579                   1.00   0.02  0.00  0.00  0.29  0.00  0.00  0.69  0.00  0.00
  20582                   1.12   1.00  0.00  0.00  0.00  0.00  0.00  0.00  0.00  0.00
  20584                   1.00   0.02  0.00  0.00  0.83  0.15  0.00  0.00  0.98  0.00
  20592                   6.08   0.01  0.00  0.00  0.99  0.00  0.00  0.00  0.00  0.00
  20594                   1.00   0.01  0.00  0.00  0.99  0.00  0.00  0.00  0.00  0.00
  20605                   1.00   0.02  0.00  0.00  0.20  0.00  0.00  0.79  0.00  0.00
  20606                   1.00   0.02  0.00  0.00  0.98  0.00  0.00  0.00  0.00  0.00
  20609                   3.04   0.73  0.03  0.00  0.24  0.00  0.00  0.00  0.73  0.00
  20611                   1.00   0.02  0.00  0.00  0.24  0.00  0.00  0.73  0.05  0.00
  20613                   1.00   0.02  0.00  0.00  0.85  0.13  0.00  0.00  0.79  0.00
  20615                   1.00   0.02  0.00  0.00  0.12  0.86  0.00  0.00  0.98  0.00
  20616                   1.00   0.02  0.00  0.00  0.00  0.98  0.00  0.00  0.00  0.00
  20618                   1.00   0.02  0.00  0.00  0.84  0.14  0.00  0.00  0.98  0.00
  20619                   1.00   0.02  0.00  0.00  0.81  0.17  0.00  0.00  0.85  0.00
  20622                   1.00   0.01  0.00  0.00  0.99  0.00  0.00  0.00  0.00  0.00
  20623                   1.00   0.02  0.00  0.00  0.00  0.98  0.00  0.00  0.98  0.00
  20624                   1.00   0.02  0.00  0.00  0.85  0.14  0.00  0.00  0.00  0.00
  20627                   1.38   0.02  0.00  0.00  0.98  0.00  0.00  0.00  0.00  0.00
  20628                   1.00   0.02  0.00  0.00  0.98  0.00  0.00  0.00  0.68  0.00
  20636                   1.12   0.76  0.00  0.00  0.22  0.00  0.01  0.00  0.00  0.00
  20637                   1.00   0.02  0.00  0.00  0.98  0.00  0.00  0.00  0.00  0.00
  20638                   1.00   0.02  0.00  0.00  0.98  0.00  0.00  0.00  0.00  0.00
  20639                   1.00   0.02  0.00  0.00  0.98  0.00  0.00  0.00  0.00  0.00
  20640                   2.99   0.02  0.00  0.00  0.98  0.00  0.00  0.00  0.00  0.00
  20641                   1.00   1.00  0.00  0.00  0.00  0.00  0.00  0.00  0.00  0.00
  20643                   1.89   1.00  0.00  0.00  0.00  0.00  0.00  0.00  0.00  0.00
  20644                   2.31   1.00  0.00  0.00  0.00  0.00  0.00  0.00  0.00  0.00
  20645                   1.00   0.01  0.00  0.00  0.76  0.23  0.00  0.00  0.88  0.00
  20646                   1.62   0.92  0.08  0.00  0.00  0.00  0.00  0.00  0.00  0.00
  20647                   1.00   0.01  0.00  0.00  0.99  0.00  0.00  0.00  0.01  0.00
  20648                   1.00   0.01  0.00  0.00  0.99  0.00  0.00  0.00  0.00  0.00
  20655                   5.12   0.06  0.64  0.00  0.30  0.00  0.00  0.00  0.15  0.00
  20683                   1.00   1.00  0.00  0.00  0.00  0.00  0.00  0.00  0.00  0.00
  20777                   1.00   0.02  0.00  0.00  0.96  0.02  0.00  0.00  0.79  0.00
  20821                   1.00   0.04  0.00  0.00  0.30  0.00  0.00  0.66  0.01  0.00
  20913                   1.00   0.04  0.00  0.00  0.96  0.00  0.00  0.00  0.00  0.00
  20942                   1.00   0.00  0.01  0.00  0.99  0.00  0.00  0.00  0.00  0.00
  20944                   1.71   0.06  0.69  0.00  0.25  0.00  0.00  0.00  0.70  0.00
  20945                   1.00   0.00  0.00  0.00  0.00  0.99  0.00  0.00  0.63  0.00
  20946                   1.00   0.02  0.00  0.00  0.98  0.00  0.00  0.00  0.00  0.00
  20953                   1.00   0.03  0.00  0.00  0.31  0.66  0.00  0.00  0.04  0.00
  20954                   1.00   1.00  0.00  0.00  0.00  0.00  0.00  0.00  0.00  0.00
  20956                   1.00   0.02  0.00  0.00  0.98  0.00  0.00  0.00  0.00  0.00
  20962                   1.00   0.03  0.00  0.00  0.97  0.00  0.00  0.00  0.66  0.00
  20992                   1.00   0.02  0.00  0.00  0.98  0.00  0.00  0.00  0.63  0.00
  20993                   2.01   0.09  0.00  0.00  0.06  0.00  0.85  0.00  0.00  0.00
  21040                   1.14   0.03  0.00  0.00  0.30  0.67  0.00  0.00  0.66  0.00
  21712                   1.00   0.02  0.00  0.00  0.98  0.00  0.00  0.00  0.00  0.00
  21714                   2.61   0.02  0.00  0.00  0.98  0.00  0.00  0.00  0.00  0.00
  21715                   2.51   0.77  0.00  0.00  0.23  0.00  0.00  0.00  0.71  0.00
  21742                   1.00   0.02  0.00  0.00  0.98  0.00  0.00  0.00  0.23  0.00
  21744                   1.00   0.02  0.00  0.00  0.98  0.00  0.00  0.00  0.00  0.00
  21746                   1.32   0.01  0.20  0.00  0.75  0.04  0.00  0.00  0.70  0.00
  21747                   1.00   0.01  0.28  0.00  0.24  0.00  0.47  0.00  0.00  0.00
  21748                   1.00   0.01  0.00  0.00  0.99  0.00  0.00  0.00  0.00  0.00
  21749                   3.60   0.01  0.00  0.00  0.99  0.00  0.00  0.00  0.00  0.00
  21750                   3.89   0.01  0.00  0.00  0.99  0.00  0.00  0.00  0.00  0.00
  21754                   1.00   0.01  0.00  0.00  0.99  0.00  0.00  0.00  0.00  0.00
  21757                   1.00   0.02  0.00  0.00  0.98  0.00  0.00  0.00  0.00  0.00
  21759                   1.00   0.01  0.00  0.00  0.99  0.00  0.00  0.00  0.00  0.00
  21760                   1.00   0.00  0.00  0.00  1.00  0.00  0.00  0.00  0.00  0.00
  21762                   1.00   0.02  0.00  0.00  0.98  0.00  0.00  0.00  0.00  0.00
  21763                   2.51   0.06  0.00  0.00  0.94  0.00  0.00  0.00  0.00  0.00
  21764                   3.13   0.05  0.68  0.00  0.27  0.00  0.00  0.00  0.00  0.00
  21765                   2.65   0.73  0.01  0.00  0.26  0.00  0.00  0.00  0.68  0.00
  21766                   1.00   0.02  0.01  0.00  0.39  0.00  0.00  0.58  0.03  0.00
  21767                   4.14   0.03  0.68  0.00  0.29  0.00  0.00  0.00  0.25  0.00
  21769                   1.00   0.02  0.00  0.00  0.98  0.00  0.00  0.00  0.00  0.00
  21770                   1.00   0.04  0.01  0.00  0.33  0.00  0.00  0.63  0.65  0.00
  21771                   1.00   0.02  0.00  0.00  0.98  0.00  0.00  0.00  0.00  0.00
  21772                   1.39   0.05  0.00  0.00  0.27  0.00  0.00  0.68  0.00  0.00
  21773                   1.00   0.06  0.68  0.00  0.26  0.00  0.00  0.00  0.69  0.00
  21774                   1.00   0.74  0.02  0.00  0.24  0.00  0.00  0.00  0.70  0.00
  21778                   1.32   1.00  0.00  0.00  0.00  0.00  0.00  0.00  0.00  0.00
  21780                   5.74   0.01  0.00  0.00  0.99  0.00  0.00  0.00  0.00  0.00
  21781                   1.00   0.07  0.00  0.00  0.93  0.00  0.00  0.00  0.00  0.00
  21784                   1.00   0.06  0.00  0.00  0.94  0.00  0.00  0.00  0.00  0.00
  21786                   3.01   1.00  0.00  0.00  0.00  0.00  0.00  0.00  0.00  0.00
  21787                   1.00   0.01  0.76  0.00  0.00  0.00  0.23  0.00  0.00  0.00
  21788                   1.00   0.02  0.00  0.00  0.98  0.00  0.00  0.00  0.09  0.00
  21789                   1.00   0.02  0.00  0.00  0.98  0.00  0.00  0.00  0.00  0.00
  21792                   1.00   0.01  0.00  0.00  0.99  0.00  0.00  0.00  0.18  0.00
  21793                   1.69   0.75  0.01  0.00  0.24  0.00  0.00  0.00  0.70  0.00
  21796                   1.00   0.01  0.00  0.00  0.99  0.00  0.00  0.00  0.27  0.00
  21799                   1.00   0.02  0.00  0.00  0.24  0.00  0.73  0.00  0.00  0.00
  21800                   2.55   0.02  0.77  0.00  0.21  0.00  0.00  0.00  0.77  0.00
  21803                   1.00   0.01  0.00  0.00  0.99  0.00  0.00  0.00  0.01  0.00
  21805                   1.00   0.01  0.00  0.00  0.99  0.00  0.00  0.00  0.00  0.00
  21806                   1.00   0.02  0.00  0.00  0.98  0.00  0.00  0.00  0.23  0.00
  21812                   1.65   0.82  0.04  0.00  0.14  0.00  0.00  0.00  0.78  0.00
  21814                   1.00   0.07  0.00  0.00  0.17  0.00  0.00  0.76  0.77  0.00
  21815                   1.00   0.00  0.00  0.00  1.00  0.00  0.00  0.00  0.02  0.00
  21817                   2.10   0.07  0.00  0.00  0.20  0.00  0.73  0.00  0.00  0.00
  21820                   1.00   0.02  0.00  0.00  0.38  0.00  0.00  0.60  0.00  0.00
  21821                   1.36   0.02  0.00  0.00  0.98  0.00  0.00  0.00  0.00  0.00
  21822                   1.00   0.00  0.00  0.00  1.00  0.00  0.00  0.00  0.01  0.00
  21823                   1.00   0.00  0.00  0.00  1.00  0.00  0.00  0.00  0.06  0.00
  21824                   1.00   0.75  0.01  0.00  0.24  0.00  0.00  0.00  0.71  0.00
  21826                   1.00   0.02  0.00  0.00  0.98  0.00  0.00  0.00  0.00  0.00
  21827                   1.00   0.02  0.00  0.00  0.98  0.00  0.00  0.00  0.00  0.00
  21828                   1.00   0.02  0.00  0.00  0.98  0.00  0.00  0.00  0.00  0.00
  21829                   1.00   0.00  0.00  0.00  1.00  0.00  0.00  0.00  0.93  0.00
  21830                   2.20   0.01  0.00  0.00  0.99  0.00  0.00  0.00  0.88  0.00
  21832                   1.00   0.02  0.00  0.00  0.98  0.00  0.00  0.00  0.00  0.00
  21833                   1.00   0.02  0.00  0.00  0.98  0.00  0.00  0.00  0.00  0.00
  21835                   1.00   1.00  0.00  0.00  0.00  0.00  0.00  0.00  0.00  0.00
  21836                   1.00   1.00  0.00  0.00  0.00  0.00  0.00  0.00  0.00  0.00
  21838                   1.00   1.00  0.00  0.00  0.00  0.00  0.00  0.00  0.00  0.00
  21839                   1.00   1.00  0.00  0.00  0.00  0.00  0.00  0.00  0.00  0.00
  21840                   1.00   0.86  0.06  0.00  0.07  0.00  0.00  0.00  0.91  0.00
  21841                   4.27   0.93  0.07  0.00  0.00  0.00  0.00  0.00  0.00  0.00
  21844                   1.00   1.00  0.00  0.00  0.00  0.00  0.00  0.00  0.00  0.00
  21845                   1.00   0.01  0.00  0.00  0.02  0.97  0.00  0.00  0.01  0.00
  21846                   1.00   0.01  0.00  0.00  0.99  0.00  0.00  0.00  0.00  0.00
  21847                   1.00   0.01  0.00  0.00  0.99  0.00  0.00  0.00  0.86  0.00
  21848                   1.70   0.01  0.00  0.00  0.99  0.00  0.00  0.00  0.00  0.00
  21851                   2.79   1.00  0.00  0.00  0.00  0.00  0.00  0.00  0.00  0.00
  21852                   1.00   0.11  0.00  0.00  0.89  0.00  0.00  0.00  0.00  0.00
  21854                   1.00   0.00  0.00  0.00  0.01  0.99  0.00  0.00  0.03  0.00
  21858                   1.00   0.02  0.01  0.00  0.00  0.00  0.97  0.00  0.00  0.00
  21859                   7.94   0.02  0.00  0.00  0.97  0.01  0.00  0.00  0.98  0.00
  21862                   1.00   0.02  0.00  0.00  0.20  0.00  0.00  0.78  0.05  0.00
  21864                   8.06   0.02  0.98  0.00  0.00  0.00  0.00  0.00  0.00  0.00
  21866                   3.80   0.01  0.00  0.00  0.98  0.00  0.00  0.00  0.00  0.00
  22116                   2.31   0.01  0.00  0.00  0.14  0.00  0.00  0.85  0.00  0.00
  22117                   2.28   0.07  0.01  0.00  0.07  0.00  0.00  0.85  0.00  0.00
  22282                   2.05   0.08  0.01  0.00  0.07  0.00  0.00  0.85  0.00  0.00
  22575                   1.12   1.00  0.00  0.00  0.00  0.00  0.00  0.00  0.00  0.00
  22576                   3.43   0.08  0.00  0.00  0.15  0.00  0.77  0.00  0.00  0.00
  22580                   1.10   0.04  0.01  0.00  0.95  0.00  0.00  0.00  0.00  0.00
  22581                   5.28   0.72  0.01  0.00  0.27  0.00  0.00  0.00  0.67  0.00
  22582                   1.00   0.03  0.00  0.00  0.96  0.00  0.00  0.00  0.20  0.00
  22583                   1.00   0.81  0.01  0.00  0.18  0.00  0.00  0.00  0.75  0.00
  22585                   2.91   0.03  0.00  0.00  0.27  0.00  0.00  0.69  0.00  0.00
  22586                   1.00   0.02  0.00  0.00  0.97  0.01  0.00  0.00  0.00  0.00
  22587                   2.28   0.02  0.00  0.00  0.98  0.00  0.00  0.00  0.00  0.00
  22588                   3.83   0.02  0.00  0.00  0.98  0.00  0.00  0.00  0.00  0.00
  22589                   1.00   0.02  0.00  0.00  0.98  0.00  0.00  0.00  0.00  0.00
  22590                   1.71   0.01  0.00  0.00  0.98  0.00  0.00  0.00  0.00  0.00
  22591                   1.55   0.03  0.00  0.00  0.97  0.00  0.00  0.00  0.00  0.00
  22592                   2.67   0.03  0.75  0.00  0.22  0.00  0.00  0.00  0.74  0.00
  22596                   1.00   0.03  0.00  0.00  0.97  0.00  0.00  0.00  0.65  0.00
  22597                   1.00   0.16  0.00  0.00  0.33  0.00  0.00  0.51  0.04  0.00
  22598                   2.07   0.04  0.01  0.00  0.28  0.00  0.67  0.00  0.00  0.00
  22599                   5.00   0.72  0.01  0.00  0.27  0.00  0.00  0.00  0.67  0.00
  22601                   1.00   0.69  0.01  0.00  0.31  0.00  0.00  0.00  0.65  0.00
  22605                   1.00   0.03  0.00  0.00  0.96  0.00  0.00  0.00  0.00  0.00
  22606                   1.62   0.03  0.00  0.00  0.97  0.00  0.00  0.00  0.00  0.00
  22607                   1.00   0.03  0.00  0.00  0.97  0.00  0.00  0.00  0.00  0.00
  22608                   3.65   0.68  0.02  0.00  0.30  0.00  0.00  0.00  0.65  0.00
  22609                   2.36   0.05  0.00  0.00  0.95  0.00  0.00  0.00  0.00  0.00
  22611                   1.00   0.03  0.00  0.00  0.97  0.00  0.00  0.00  0.00  0.00
  22612                   1.00   0.02  0.00  0.00  0.97  0.00  0.01  0.00  0.00  0.00
  22613                   1.53   0.03  0.00  0.00  0.29  0.00  0.00  0.68  0.00  0.00
  22614                   2.05   0.01  0.00  0.00  0.99  0.00  0.00  0.00  0.00  0.00
  22616                   1.00   0.00  0.00  0.00  1.00  0.00  0.00  0.00  0.01  0.00
  22617                   2.42   0.07  0.72  0.00  0.20  0.00  0.00  0.00  0.00  0.00
  22618                   1.00   0.06  0.00  0.00  0.24  0.00  0.00  0.70  0.00  0.00
  22621                   3.88   0.07  0.00  0.00  0.19  0.00  0.00  0.74  0.01  0.00
  22640                   1.00   1.00  0.00  0.00  0.00  0.00  0.00  0.00  0.00  0.00
  22643                   1.00   1.00  0.00  0.00  0.00  0.00  0.00  0.00  0.00  0.00
  22653                   1.18   0.70  0.00  0.00  0.25  0.00  0.00  0.05  0.00  0.00
  22654                   3.32   0.03  0.69  0.00  0.28  0.00  0.00  0.00  0.69  0.00
  22656                   1.00   1.00  0.00  0.00  0.00  0.00  0.00  0.00  0.00  0.00
  22658                   1.00   1.00  0.00  0.00  0.00  0.00  0.00  0.00  0.00  0.00
  22659                   1.00   1.00  0.00  0.00  0.00  0.00  0.00  0.00  0.00  0.00
  22660                   1.00   0.00  0.00  0.00  1.00  0.00  0.00  0.00  0.02  0.00
  22789                   2.57   0.02  0.30  0.00  0.16  0.00  0.52  0.00  0.00  0.00
  22790                   2.14   0.02  0.25  0.00  0.73  0.00  0.00  0.00  0.50  0.00
  22794                   3.11   0.05  0.00  0.00  0.10  0.00  0.85  0.00  0.00  0.00
  22795                   5.93   0.04  0.84  0.00  0.11  0.00  0.00  0.00  0.00  0.00
  22796                   5.43   0.85  0.00  0.00  0.14  0.00  0.00  0.00  0.00  0.00
  22797                   1.97   0.05  0.00  0.00  0.10  0.00  0.85  0.00  0.00  0.00
  22798                   1.00   0.01  0.00  0.00  0.14  0.00  0.84  0.00  0.00  0.00
  22799                   1.00   0.01  0.00  0.00  0.99  0.00  0.00  0.00  0.00  0.00
  22800                   4.17   0.86  0.02  0.00  0.12  0.00  0.00  0.00  0.00  0.00
  22801                   6.24   0.03  0.03  0.00  0.09  0.00  0.00  0.85  0.00  0.00
  22802                   1.00   0.02  0.00  0.00  0.98  0.00  0.00  0.00  0.83  0.00
  22804                   1.00   0.02  0.00  0.00  0.98  0.00  0.00  0.00  0.84  0.00
  22805                   1.00   0.02  0.00  0.00  0.97  0.01  0.00  0.00  0.84  0.00
  22810                   6.19   0.02  0.71  0.00  0.27  0.00  0.00  0.00  0.82  0.00
  22811                   1.00   0.02  0.00  0.00  0.98  0.00  0.00  0.00  0.00  0.00
  22812                   1.00   0.02  0.25  0.00  0.72  0.00  0.00  0.00  0.84  0.00
  22818                   3.41   0.94  0.06  0.00  0.00  0.00  0.00  0.00  0.00  0.00
  22819                   5.37   0.01  0.85  0.00  0.14  0.00  0.00  0.00  0.84  0.00
  22827                   2.60   0.03  0.03  0.00  0.09  0.00  0.00  0.84  0.00  0.00
  22837                   1.00   0.02  0.67  0.00  0.31  0.00  0.00  0.00  0.83  0.00
  22839                   2.92   0.61  0.01  0.00  0.12  0.00  0.00  0.26  0.00  0.00
  22840                   1.00   0.04  0.58  0.00  0.38  0.00  0.00  0.00  0.59  0.00
  22850                   1.00   0.02  0.00  0.00  0.14  0.00  0.00  0.84  0.00  0.00
  22852                   1.00   0.02  0.00  0.00  0.98  0.00  0.00  0.00  0.00  0.00
  22865                   1.00   0.02  0.00  0.00  0.98  0.00  0.00  0.00  0.00  0.00
  22866                   1.00   0.02  0.00  0.00  0.98  0.00  0.00  0.00  0.00  0.00
  23050                   1.00   0.01  0.00  0.00  0.99  0.00  0.00  0.00  0.90  0.00
  23053                   1.00   0.01  0.00  0.00  0.90  0.09  0.00  0.00  0.00  0.00
  23054                   1.00   0.01  0.00  0.00  0.99  0.00  0.00  0.00  0.73  0.00
  23059                   1.00   0.01  0.00  0.00  0.90  0.09  0.00  0.00  0.81  0.00
  23060                   1.00   0.01  0.00  0.00  0.88  0.11  0.00  0.00  0.00  0.00
  23062                   1.00   0.01  0.00  0.00  0.00  0.99  0.00  0.00  0.91  0.00
  23063                   1.00   0.01  0.00  0.00  0.00  0.00  0.99  0.00  0.00  0.00
  23064                   1.39   0.02  0.00  0.00  0.98  0.00  0.00  0.00  0.00  0.00
  23066                   1.00   0.02  0.00  0.00  0.22  0.00  0.00  0.75  0.00  0.00
  23071                   2.45   1.00  0.00  0.00  0.00  0.00  0.00  0.00  0.00  0.00
  23073                   1.00   0.01  0.00  0.00  0.00  0.99  0.00  0.00  0.84  0.00
  23075                   1.00   0.01  0.00  0.00  0.84  0.15  0.00  0.00  0.00  0.00
  23077                   1.00   0.02  0.00  0.00  0.98  0.00  0.00  0.00  0.00  0.00
  23078                   1.00   0.01  0.00  0.00  0.98  0.00  0.00  0.00  0.00  0.00
  23079                   1.00   0.02  0.00  0.00  0.97  0.00  0.00  0.00  0.65  0.00
  23081                   1.00   1.00  0.00  0.00  0.00  0.00  0.00  0.00  0.00  0.00
  23082                   5.75   0.01  0.00  0.00  0.99  0.00  0.00  0.00  0.00  0.00
  23083                   2.48   0.01  0.00  0.00  0.99  0.00  0.00  0.00  0.00  0.00
  23084                   6.61   1.00  0.00  0.00  0.00  0.00  0.00  0.00  0.00  0.00
  23085                   1.00   0.01  0.00  0.00  0.99  0.00  0.00  0.00  0.00  0.00
  23087                   1.00   1.00  0.00  0.00  0.00  0.00  0.00  0.00  0.00  0.00
  23088                   1.00   1.00  0.00  0.00  0.00  0.00  0.00  0.00  0.00  0.00
  23090                   1.24   1.00  0.00  0.00  0.00  0.00  0.00  0.00  0.00  0.00
  23092                   1.00   1.00  0.00  0.00  0.00  0.00  0.00  0.00  0.00  0.00
  23093                   1.00   1.00  0.00  0.00  0.00  0.00  0.00  0.00  0.00  0.00
  23094                   1.00   0.01  0.00  0.00  0.99  0.00  0.00  0.00  0.93  0.00
  23095                   1.00   0.01  0.00  0.00  0.00  0.00  0.00  0.99  0.00  0.00
  23097                   1.00   0.01  0.00  0.00  0.22  0.00  0.77  0.00  0.00  0.00
  23098                   1.11   1.00  0.00  0.00  0.00  0.00  0.00  0.00  0.00  0.00
  23099                   1.00   0.02  0.00  0.00  0.98  0.00  0.00  0.00  0.00  0.00
  23102                   1.24   1.00  0.00  0.00  0.00  0.00  0.00  0.00  0.00  0.00
  23110                   1.23   0.03  0.97  0.00  0.00  0.00  0.00  0.00  0.00  0.00
  23112                   1.00   1.00  0.00  0.00  0.00  0.00  0.00  0.00  0.00  0.00
  23113                   1.00   1.00  0.00  0.00  0.00  0.00  0.00  0.00  0.00  0.00
  23114                   2.71   1.00  0.00  0.00  0.00  0.00  0.00  0.00  0.00  0.00
  23115                   5.06   0.01  0.00  0.00  0.99  0.00  0.00  0.00  0.00  0.00
  23116                   1.00   0.01  0.00  0.00  0.99  0.00  0.00  0.00  0.00  0.00
  23117                   1.00   0.01  0.00  0.00  0.99  0.00  0.00  0.00  0.81  0.00
  23119                   1.00   0.01  0.00  0.00  0.99  0.00  0.00  0.00  0.78  0.00
  23120                   1.00   0.01  0.00  0.00  0.14  0.84  0.00  0.00  0.83  0.00
  23122                   1.00   0.01  0.00  0.00  0.07  0.00  0.00  0.91  0.00  0.00
  23123                   1.00   0.01  0.00  0.00  0.99  0.00  0.00  0.00  0.00  0.00
  23147                   1.00   0.00  0.01  0.00  0.99  0.00  0.00  0.00  0.00  0.00
  23148                   1.59   1.00  0.00  0.00  0.00  0.00  0.00  0.00  0.00  0.00
  23150                   1.00   0.01  0.00  0.00  0.00  0.00  0.00  0.99  0.00  0.00
  23152                   1.23   0.96  0.04  0.00  0.00  0.00  0.00  0.00  0.00  0.00
  23158                   1.00   0.02  0.00  0.00  0.98  0.00  0.00  0.00  0.83  0.00
  23159                   1.00   0.02  0.00  0.00  0.11  0.88  0.00  0.00  0.83  0.00
  23163                   1.00   0.02  0.00  0.00  0.75  0.23  0.00  0.00  0.96  0.00
  23164                   1.00   0.01  0.00  0.00  0.92  0.07  0.00  0.00  0.00  0.00
  23165                   1.00   0.01  0.72  0.00  0.26  0.00  0.00  0.00  0.84  0.00
  23167                   1.00   0.01  0.00  0.00  0.77  0.21  0.00  0.00  0.85  0.00
  23171                   2.31   0.02  0.50  0.00  0.21  0.00  0.27  0.00  0.00  0.00
  23172                   1.00   0.02  0.00  0.00  0.98  0.00  0.00  0.00  0.00  0.00
  23190                   1.00   0.01  0.00  0.00  0.99  0.00  0.00  0.00  0.00  0.00
  23191                   1.00   0.01  0.00  0.00  0.98  0.01  0.00  0.00  0.01  0.00
  23192                   2.62   0.01  0.00  0.00  0.98  0.01  0.00  0.00  0.00  0.00
  23193                   1.36   0.03  0.00  0.00  0.30  0.00  0.67  0.00  0.00  0.00
  23199                   1.00   0.00  0.00  0.00  0.99  0.00  0.00  0.00  0.00  0.00
  23200                  12.18   0.00  0.00  0.00  0.99  0.00  0.00  0.00  0.00  0.00
  23204                   4.93   0.01  0.00  0.00  0.99  0.00  0.00  0.00  0.00  0.00
  23207                   1.00   0.01  0.00  0.00  0.99  0.00  0.00  0.00  0.00  0.00
  23478                   1.00   0.93  0.07  0.00  0.00  0.00  0.00  0.00  0.00  0.00
  23524                   1.00   0.07  0.70  0.00  0.24  0.00  0.00  0.00  0.71  0.00
  25966                   5.12   1.00  0.00  0.00  0.00  0.00  0.00  0.00  0.00  0.00
  26838                   1.13   0.02  0.00  0.00  0.98  0.00  0.00  0.00  0.00  0.00
  26852                   1.00   1.00  0.00  0.00  0.00  0.00  0.00  0.00  0.00  0.00
  26855                   1.98   0.99  0.01  0.00  0.00  0.00  0.00  0.00  0.00  0.00
  27342                   1.00   0.01  0.00  0.00  0.99  0.00  0.00  0.00  0.00  0.00
  31188                   1.00   0.01  0.00  0.00  0.99  0.00  0.00  0.00  0.77  0.00
  31937                   1.92   0.01  0.01  0.00  0.00  0.07  0.00  0.91  0.05  0.00
  32535                   2.73   1.00  0.00  0.00  0.00  0.00  0.00  0.00  0.00  0.00
  34331                   1.22   1.00  0.00  0.00  0.00  0.00  0.00  0.00  0.00  0.00
  36494                   1.00   0.01  0.00  0.00  0.98  0.00  0.00  0.00  0.00  0.00
  38189                   1.00   0.02  0.00  0.00  0.98  0.00  0.00  0.00  0.00  0.00
  38190                   1.00   0.04  0.00  0.00  0.33  0.00  0.00  0.63  0.01  0.00
  38193                   1.00   0.01  0.00  0.00  0.98  0.00  0.00  0.00  0.00  0.00
  38250                   3.84   0.02  0.66  0.00  0.32  0.00  0.00  0.00  0.65  0.00
  38555                   1.00   0.00  0.00  0.00  1.00  0.00  0.00  0.00  0.00  0.00
  38575                   2.84   0.02  0.06  0.00  0.07  0.00  0.00  0.84  0.00  0.00
  38710                   1.16   0.78  0.22  0.00  0.00  0.00  0.00  0.00  0.00  0.00
  38711                   1.00   0.01  0.00  0.00  0.99  0.00  0.00  0.00  0.00  0.00
  38712                   1.00   0.01  0.00  0.00  0.99  0.00  0.00  0.00  0.00  0.00
  38869                   4.49   0.86  0.14  0.00  0.00  0.00  0.00  0.00  0.00  0.00
  38870                   1.00   0.06  0.69  0.00  0.25  0.00  0.00  0.00  0.71  0.00
  38873                   2.18   0.09  0.00  0.00  0.91  0.00  0.00  0.00  0.00  0.00
  38889                   1.00   0.07  0.00  0.00  0.18  0.00  0.75  0.00  0.00  0.00
  39004                   1.00   0.01  0.00  0.00  0.99  0.00  0.00  0.00  0.00  0.00
  39117                   5.87   1.00  0.00  0.00  0.00  0.00  0.00  0.00  0.00  0.00
  39149                   1.00   0.06  0.00  0.00  0.27  0.00  0.68  0.00  0.00  0.00
  39247                   1.00   0.02  0.00  0.00  0.23  0.05  0.00  0.70  0.04  0.00
  39284                   1.00   1.00  0.00  0.00  0.00  0.00  0.00  0.00  0.00  0.00
  39378                   1.00   1.00  0.00  0.00  0.00  0.00  0.00  0.00  0.00  0.00
  39379                   1.79   1.00  0.00  0.00  0.00  0.00  0.00  0.00  0.00  0.00
  39419                   1.00   0.01  0.72  0.00  0.26  0.01  0.00  0.00  0.74  0.00
  39469                   3.37   0.04  0.01  0.00  0.10  0.00  0.00  0.85  0.00  0.00
  39514                   3.19   0.06  0.00  0.00  0.27  0.00  0.00  0.67  0.00  0.00
  39537                   1.00   0.03  0.00  0.00  0.97  0.00  0.00  0.00  0.00  0.00
  39563                   1.00   0.00  0.00  0.00  1.00  0.00  0.00  0.00  1.00  0.00
  39936                   1.00   1.00  0.00  0.00  0.00  0.00  0.00  0.00  0.00  0.00
  39937                   1.00   0.00  0.03  0.00  0.96  0.00  0.00  0.00  0.00  0.00
  40173                   1.00   0.02  0.00  0.00  0.98  0.00  0.00  0.00  0.00  0.00
  40224                   1.00   0.00  0.00  0.00  1.00  0.00  0.00  0.00  0.00  0.00
  40244                   1.00   0.01  0.00  0.00  0.99  0.00  0.00  0.00  0.00  0.00
  40245                   1.00   0.01  0.00  0.00  0.98  0.00  0.00  0.01  0.00  0.00
  40248                   1.00   1.00  0.00  0.00  0.00  0.00  0.00  0.00  0.00  0.00
  40249                   3.22   1.00  0.00  0.00  0.00  0.00  0.00  0.00  0.00  0.00
  40372                   1.55   1.00  0.00  0.00  0.00  0.00  0.00  0.00  0.00  0.00
  40373                   1.00   0.00  0.00  0.00  0.96  0.00  0.00  0.04  0.00  0.00
  40386                   1.00   0.01  0.87  0.00  0.12  0.00  0.00  0.00  0.86  0.00
  40388                   1.00   1.00  0.00  0.00  0.00  0.00  0.00  0.00  0.00  0.00
  40448                   3.26   0.78  0.22  0.00  0.00  0.00  0.00  0.00  0.00  0.00
  40679                   1.98   1.00  0.00  0.00  0.00  0.00  0.00  0.00  0.00  0.00
  40680                   1.00   1.00  0.00  0.00  0.00  0.00  0.00  0.00  0.00  0.00
  40713                   2.53   0.02  0.03  0.00  0.11  0.00  0.00  0.84  0.00  0.00
  40793                   1.00   0.01  0.00  0.00  0.14  0.85  0.00  0.00  0.84  0.00
  41025                   3.15   0.01  0.00  0.00  0.99  0.00  0.00  0.00  0.00  0.00
  41038                   1.00   0.02  0.00  0.00  0.98  0.00  0.00  0.00  0.00  0.00
  41039                   1.00   0.02  0.00  0.00  0.98  0.00  0.00  0.00  0.61  0.00
  41097                   1.73   0.05  0.00  0.00  0.26  0.00  0.68  0.00  0.00  0.00
  41114                   1.00   0.00  0.00  0.00  0.99  0.00  0.00  0.00  0.72  0.00
  41149                   2.77   0.86  0.00  0.00  0.10  0.02  0.00  0.02  0.00  0.00
  41181                   2.58   0.07  0.00  0.00  0.19  0.00  0.00  0.73  0.74  0.00
  41182                   1.10   0.82  0.03  0.00  0.15  0.00  0.00  0.00  0.78  0.00
  41183                   1.56   1.00  0.00  0.00  0.00  0.00  0.00  0.00  0.00  0.00
  41204                   1.00   1.00  0.00  0.00  0.00  0.00  0.00  0.00  0.00  0.00
  41367                   1.00   0.02  0.00  0.00  0.13  0.00  0.85  0.00  0.00  0.00
  41543                   1.00   0.02  0.00  0.00  0.97  0.00  0.00  0.00  0.74  0.00
  41557                   2.52   0.06  0.00  0.00  0.26  0.00  0.00  0.68  0.68  0.00
  41561                   1.00   0.02  0.00  0.00  0.98  0.00  0.00  0.00  0.00  0.00
  41562                   1.00   0.00  0.00  0.00  0.05  0.01  0.00  0.94  0.06  0.00
  41661                   1.00   0.02  0.00  0.00  0.97  0.00  0.00  0.01  0.00  0.00
  41712                   1.00   0.00  0.00  0.00  0.00  0.00  0.00  1.00  0.00  0.00
  42042                   2.12   0.06  0.00  0.00  0.25  0.00  0.00  0.69  0.00  0.00
  42043                   4.97   0.75  0.00  0.00  0.25  0.00  0.00  0.00  0.70  0.00
  42079                   5.47   1.00  0.00  0.00  0.00  0.00  0.00  0.00  0.00  0.00
  42080                   2.91   1.00  0.00  0.00  0.00  0.00  0.00  0.00  0.00  0.00
  42081                   1.00   0.01  0.00  0.00  0.07  0.92  0.00  0.00  0.01  0.00
  42082                   1.00   0.01  0.00  0.00  0.99  0.00  0.00  0.00  0.81  0.00
  42085                   1.00   0.01  0.00  0.00  0.99  0.00  0.00  0.00  0.00  0.00
  42514                   1.62   1.00  0.00  0.00  0.00  0.00  0.00  0.00  0.00  0.00
  42515                   1.00   0.01  0.01  0.00  0.00  0.98  0.00  0.00  0.80  0.00
  42541                   2.92   1.00  0.00  0.00  0.00  0.00  0.00  0.00  0.00  0.00
  42568                   1.00   0.02  0.00  0.00  0.98  0.00  0.00  0.00  0.00  0.00
  42610                   1.00   0.00  0.00  0.00  0.23  0.00  0.77  0.00  0.00  0.00
  42644                   2.78   0.70  0.04  0.00  0.25  0.00  0.00  0.00  0.72  0.00
  42711                   1.00   0.01  0.00  0.00  0.99  0.00  0.00  0.00  0.00  0.00
  42712                   4.89   0.01  0.97  0.00  0.03  0.00  0.00  0.00  0.91  0.00
  42713                   1.00   0.01  0.00  0.00  0.86  0.13  0.00  0.00  0.38  0.00
  42714                   1.00   0.01  0.00  0.00  0.98  0.01  0.00  0.00  0.07  0.00
  42715                   1.00   0.01  0.00  0.00  0.84  0.15  0.00  0.00  0.00  0.00
  42716                   1.00   0.00  0.00  0.00  0.00  1.00  0.00  0.00  0.99  0.00
  42717                   1.00   0.01  0.00  0.00  0.99  0.00  0.00  0.00  0.99  0.00
  42718                   1.00   0.02  0.00  0.00  0.01  0.98  0.00  0.00  0.76  0.00
  42719                   1.00   0.01  0.00  0.00  0.00  0.99  0.00  0.00  0.87  0.00
  42720                   1.00   0.02  0.00  0.00  0.98  0.00  0.00  0.00  0.00  0.00
  42721                   1.00   0.01  0.00  0.00  0.98  0.01  0.00  0.00  0.00  0.00
  42722                   1.00   0.00  0.03  0.00  0.97  0.00  0.00  0.00  0.02  0.00
  42723                   1.00   0.02  0.00  0.00  0.98  0.00  0.00  0.00  0.00  0.00
  42724                   1.00   0.03  0.00  0.00  0.95  0.02  0.00  0.00  0.00  0.00
  42725                   1.30   0.02  0.01  0.00  0.97  0.00  0.00  0.00  0.00  0.00
  42726                   1.55   0.03  0.00  0.00  0.95  0.02  0.00  0.00  0.61  0.00
  42727                   1.00   0.02  0.00  0.00  0.97  0.01  0.00  0.00  0.00  0.00
  42728                   1.00   0.01  0.00  0.00  0.99  0.00  0.00  0.00  0.00  0.00
  42730                   1.00   0.03  0.00  0.00  0.97  0.00  0.00  0.00  0.00  0.00
  42731                   1.00   0.02  0.71  0.00  0.27  0.00  0.00  0.00  0.84  0.00
  42732                   1.00   0.01  0.00  0.00  0.99  0.00  0.00  0.00  0.84  0.00
  42733                   1.00   0.02  0.00  0.00  0.98  0.00  0.00  0.00  0.00  0.00
  42734                   1.00   0.01  0.00  0.00  0.99  0.00  0.00  0.00  0.00  0.00
  42735                   1.00   0.01  0.00  0.00  0.00  0.99  0.00  0.00  0.89  0.00
  42736                   1.00   0.01  0.00  0.00  0.99  0.00  0.00  0.00  0.00  0.00
  42737                   1.00   0.00  0.72  0.00  0.27  0.00  0.00  0.00  0.93  0.00
  42738                   3.15   0.01  0.00  0.00  0.99  0.00  0.00  0.00  0.00  0.00
  42739                   1.00   0.02  0.00  0.00  0.98  0.00  0.00  0.00  0.00  0.00
  42740                   1.00   0.02  0.00  0.00  0.30  0.01  0.00  0.68  0.06  0.00
  42742                   1.00   0.00  0.01  0.00  0.99  0.00  0.00  0.00  0.00  0.00
  
  
  *************************
  Conduit Surcharge Summary
  *************************
  
  ----------------------------------------------------------------------------
                                                           Hours        Hours 
                         --------- Hours Full --------   Above Full   Capacity
  Conduit                Both Ends  Upstream  Dnstream   Normal Flow   Limited
  ----------------------------------------------------------------------------
  95                          5.45      5.45      5.45      0.01         2.19
  129                         0.01      0.01      0.25      0.01         0.01
  832                         6.79      6.79      6.83      0.01         0.05
  841                        22.78     22.78     22.80      0.01         0.01
  842                         5.61      5.61      5.61      0.01         1.87
  2543                        5.98      5.98      6.29      0.01         0.01
  2649                        6.14      6.14      6.38      0.01         0.01
  2941                        1.28      1.28      1.80      0.01         0.01
  3101                        8.19      8.19      8.26      0.01         0.01
  3332                        0.01      0.01      1.71      0.01         0.01
  3335                        2.35      2.36      2.35      2.54         2.35
  3578                       23.77     23.77     23.78      3.23         0.01
  3673                        0.01      0.01      3.26      0.01         0.01
  3679                        2.04      2.04      2.15      0.01         0.01
  3808                       22.80     22.80     22.81      0.01         0.01
  3826                        6.37      6.37      6.43      0.01         0.01
  3827                        6.64      6.64      6.84      0.08         0.01
  3832                        7.72      7.72      8.11      0.01         0.01
  3864                        3.09      3.09      3.18      0.01         0.01
  3904                        5.73      5.73      5.79      0.01         0.02
  4236                        2.39      2.39      2.90      0.01         0.01
  4245                        5.93      5.93      5.97      0.01         0.01
  4271                        4.42      4.42      4.51      0.01         0.01
  4518                        0.39      0.78      0.39      2.53         0.39
  4533                        6.38      6.38      6.69      0.01         0.01
  4644                        1.75      1.75      2.76      0.01         0.01
  4680                        0.01      0.01      0.01      1.30         0.01
  4691                        3.90      3.90      5.13      0.01         0.01
  4714                        7.18      7.18      7.33      1.07         0.01
  4783                        6.09      6.09      6.56      0.01         0.01
  5044                       22.74     22.74     22.79      0.01         0.01
  5066                        1.66      1.66      2.08      0.01         0.01
  5289                        6.77      6.77      6.95      0.01         0.01
  5327                        0.01      0.01      0.05      0.01         0.01
  5734                        4.44      4.44      4.75      0.01         0.01
  5796                        5.95      5.95      5.95      0.01         2.18
  6935                        0.01      0.01      0.81      0.01         0.01
  7105                        2.88      2.88      3.03      0.01         0.01
  7282                        4.41      4.41      4.60      0.01         0.01
  7373                        3.04      3.10      3.04      3.26         3.04
  7498                        0.98      0.98      1.93      0.01         0.01
  8063                        4.19      4.19      4.68      0.01         0.01
  8274                        1.52      1.52      2.41      0.01         0.01
  8423                        3.07      3.07      3.15      0.01         0.01
  8614                        2.84      2.84      3.16      0.01         0.01
  8670                        0.01      0.01      0.01      2.58         0.01
  8894                        0.70      0.70      1.78      0.01         0.01
  9736                        0.01      0.01      0.51      0.01         0.01
  10024                       2.90      2.91      2.90      3.28         2.83
  10072                       3.16      3.16      3.21      0.01         0.01
  10076                       3.45      3.45      3.50      3.20         3.21
  10119                       3.31      3.31     23.43      0.01         0.01
  10130                      23.43     23.43     23.45      0.01         0.01
  10138                      23.29     23.29     23.56      0.01         0.01
  10144                       7.27      7.27      7.54      0.01         0.01
  10148                       5.85      5.85     23.19      0.01         0.01
  10158                       6.13      6.13     23.20      0.01         0.01
  10159                       3.19      3.19     23.43      0.01         0.01
  10161                       3.17      3.17      3.17      0.01         0.70
  10162                       4.08      4.08      5.29      0.01         0.21
  10264                       0.43      0.43      1.23      0.01         0.01
  10405                       3.15      3.15      3.15      0.01         1.18
  10601                       6.56      6.56      6.63      0.07         0.07
  10602                       0.57      0.57      1.16      0.01         0.01
  10608                       6.69      6.69      6.93      0.01         0.01
  10671                       0.01      0.01      0.01      3.15         0.01
  10744                       3.26      3.26      3.31      0.01         0.01
  10746                       3.24      3.24      3.26      0.01         0.01
  10845                       0.01      2.01      0.01      2.07         0.01
  11139                       0.01      0.01      3.50      0.01         0.01
  12611                       2.75      2.75      3.76      0.01         0.01
  12633                       3.24      3.24      4.18      0.01         0.01
  12636                       6.47      6.47      6.67      0.01         0.01
  12637                       4.02      4.02      4.85      0.01         0.01
  12638                       0.23      0.34      0.23      0.51         0.23
  12650                      23.48     23.48     23.48      0.01         0.47
  12652                      23.47     23.47     23.47      0.01         2.25
  12656                       6.90      6.90      7.00      0.01         0.01
  12660                       6.75      6.75      6.88      0.01         0.01
  12661                       2.83      2.83      4.22      0.01         0.01
  12662                       3.82      3.82      4.22      0.01         0.01
  12663                       5.39      5.39      5.57      0.01         0.01
  12664                       0.01      0.01      4.18      0.01         0.01
  12665                       0.01      0.01      3.18      0.01         0.01
  12673                       0.01      0.01     21.42      0.01         0.01
  12679                       7.68      9.71      7.68      9.86         7.68
  12681                       0.78      0.78      4.19      0.01         0.01
  12682                       4.85      4.85      5.00      0.01         0.51
  12683                       2.26      2.26      4.85      0.01         0.01
  12685                       4.79      4.79      5.48      0.01         0.01
  12686                       3.39      3.39      4.85      0.01         0.01
  12687                       2.62      2.62      5.20      0.01         0.01
  12688                       5.37      5.37      5.70      0.01         0.01
  12690                       6.52      6.52      6.58      0.01         0.01
  12691                       0.59      0.59      0.62      0.01         0.01
  12692                       0.57      0.57      0.59      0.01         0.05
  12698                       5.14      5.14      5.98      0.01         0.01
  12699                       5.84      5.84      5.86      0.01         0.85
  12700                       5.86      5.86      6.24      0.01         0.01
  12760                       3.42      3.42      3.43      3.30         3.30
  12761                      23.96     23.96     23.97      2.93         3.00
  12865                      22.79     22.79     22.79      0.53         0.02
  12866                       6.54      6.54      6.86      0.01         0.01
  12870                       6.60      6.60      7.27      0.42         0.01
  12871                       6.94      6.94      7.02      0.01         0.01
  12872                       4.68      4.68      6.91      0.01         0.01
  12873                       7.19      7.19     23.28      0.01         0.01
  12874                       6.65      6.65      6.70      0.01         0.14
  12875                       6.37      6.37      6.78      0.01         0.01
  12876                       6.37      6.37      6.51      0.01         0.01
  12877                       6.06      6.06      6.13      0.01         0.13
  12878                       5.17      5.17      6.26      0.01         0.01
  12880                       4.65      4.65      4.98      0.01         0.01
  12884                       6.63      6.63      6.64      0.07         1.46
  12888                       4.73      4.73      6.22      0.01         0.01
  12889                       6.59      6.59      6.74      0.10         0.12
  12890                       6.59      6.59      6.82      0.01         0.01
  12897                      22.83     22.83     22.84      0.01         0.01
  12907                       0.01      0.39      0.01      2.44         0.01
  12940                       3.24      3.24      3.27      0.01         0.01
  12978                       0.01      0.01      2.17      0.01         0.01
  12980                       0.01      0.01      0.01      0.99         0.01
  12993                       7.45      7.45     23.51      0.01         0.01
  12994                       7.45      7.45     23.62      0.01         0.01
  12995                       7.22      7.22      7.24      0.01         0.68
  12996                       6.84      6.84      7.22      0.01         0.01
  12998                      23.38     23.38     23.53      0.01         0.01
  13000                       7.25      7.25      7.38      1.76         0.01
  13298                       8.13      8.13      8.21      0.01         0.01
  13357                       6.95      6.95     23.29      0.01         0.01
  13492                       0.01      0.01      0.01      2.49         0.01
  13493                       5.47      5.47      5.47      0.01         1.86
  13496                       2.74      2.74      3.25      0.01         0.01
  13512                      23.47     23.47     23.48      0.01         0.01
  13513                      23.46     23.46     23.47      0.01         0.04
  13525                       0.01      0.01      0.01      1.74         0.01
  13569                       7.15      7.15      7.18      2.99         3.21
  13643                       2.82      2.82      2.85      0.01         0.18
  13802                       5.40      5.40     23.46      0.01         0.01
  13820                       3.22      3.22      3.24      0.01         0.01
  13821                       1.01      1.01      1.39      0.01         0.01
  13937                       2.08      2.08      2.63      2.89         0.01
  14080                       0.01      0.01      0.01      1.08         0.01
  14101                       6.43      6.43      6.52      0.01         0.01
  14137                       6.76      6.76      6.79      0.01         0.08
  14141                       7.20      7.20      7.24      0.01         0.07
  14208                       3.68      3.68      5.16      0.01         0.01
  14478                       0.01      0.01      0.22      0.01         0.01
  14745                       5.73      5.73      6.25      0.01         0.01
  14950                       3.17      3.17      3.19      0.01         0.01
  15152                       3.07      3.07      3.24      0.01         0.01
  15171                      23.76     23.76     23.77      3.19         3.20
  15277                       3.51      3.51      3.54      3.39         3.39
  15332                       2.52      2.52      3.20      0.01         0.01
  15362                       8.28      8.28     23.49      2.04         2.03
  16419                       5.44      5.44      5.60      0.01         0.01
  16476                       7.89      7.89      8.80      0.01         0.01
  16654                       6.99      6.99      7.10      0.01         0.01
  16672                      22.78     22.79     22.78      0.56         0.23
  16909                       5.29      5.29      5.41      0.01         0.01
  17523                       5.09      5.09      5.18      0.01         0.02
  17571                       7.95      7.95      8.04      0.01         0.01
  17580                       0.89      0.89     23.46      0.01         0.01
  17703                       0.01      0.01      3.83      0.01         0.01
  17714                       3.50      3.50      3.52      3.31         3.32
  17715                       3.16      3.16      3.27      0.01         0.01
  17766                       3.26      3.26      3.27      0.01         0.01
  17896                       3.95      3.95      5.49      0.01         0.01
  17908                       3.39      3.39      3.42      2.84         0.01
  17953                       4.61      4.61      4.76      0.01         0.01
  18084                       6.04      6.04      6.25      0.01         0.01
  18113                       2.88      2.88      3.01      0.01         0.01
  18387                      23.45     23.45     23.46      0.01         0.01
  18389                       6.32      6.32      6.74      0.08         0.01
  18423                       5.06      5.06      5.40      0.01         0.01
  19043                       3.68      3.68      4.27      0.01         0.01
  19132                       3.43      3.43     23.79      0.01         0.01
  19193                       7.18      7.18     23.32      0.01         0.01
  19227                       3.29      3.29      3.42      0.01         0.01
  19838                      23.76     23.76     23.76      3.39         0.01
  19850                       3.29      3.29      3.36      0.01         0.01
  20466                       3.16      3.16      3.24      0.01         0.01
  20518                       2.74      2.74      3.15      0.01         0.01
  20520                       1.72      1.72      3.05      0.01         0.01
  20530                       3.35      3.35      3.39      3.53         0.01
  20531                       3.33      3.33      3.39      0.01         0.01
  20532                       0.01      0.01      0.01      3.46         0.01
  20534                       0.01      0.01      0.01      2.45         0.01
  20538                       0.01      0.01      0.01      2.48         0.01
  20539                       0.01      0.01      0.01      2.48         0.01
  20543                       1.46      2.69      1.46      3.53         1.46
  20545                       1.49      3.15      1.49      3.51         1.49
  20548                       3.15      3.34      3.15      3.50         3.15
  20549                       3.31      3.31      3.34      0.01         0.01
  20550                       3.32      3.32      3.34      1.52         1.38
  20569                       2.81      2.81      3.24      0.01         0.01
  20570                       2.10      2.10      3.20      3.55         0.01
  20577                      23.58     23.58     23.62      0.01         0.01
  20578                       5.58      5.58      6.87      0.01         0.01
  20579                       5.47      5.47      5.52      0.01         0.92
  20592                       3.29      3.29     23.64      0.01         0.01
  20594                       7.30      7.30     23.43      0.01         0.01
  20609                       4.07      4.07      4.85      0.01         0.01
  20611                       2.71      2.71      3.80      0.01         0.01
  20613                       0.71      0.71      1.90      0.01         0.01
  20615                       0.01      0.01      0.93      0.01         0.01
  20622                       2.10      2.10      3.33      2.52         0.01
  20636                       2.62      2.63      2.63      0.01         0.98
  20637                       0.01      0.01      2.97      0.01         0.01
  20639                       0.01      0.01      1.53      0.01         0.01
  20640                       3.59      3.59     23.42      0.01         0.01
  20647                       6.67      6.67      6.77      0.01         0.01
  20648                       7.05      7.05      7.15      0.01         0.04
  20655                       5.22      5.22      5.45      0.01         0.01
  20777                       0.21      0.21      2.09      0.01         0.01
  20821                       5.95      5.95      6.31      0.01         0.01
  20913                       6.32      6.32      6.54      0.01         0.01
  20942                       0.01      0.01     23.83      0.01         0.01
  20944                       3.25      3.25      3.92      0.01         0.01
  20953                       6.58      6.60      6.77      0.52         0.05
  20956                       0.01      0.01      0.75      0.01         0.01
  20962                       6.92      6.92      7.23      0.01         0.01
  20992                       2.99      2.99      3.05      0.01         0.01
  21040                       6.55      6.55      6.92      0.01         0.01
  21712                       8.31      8.31      8.40      0.01         0.01
  21714                      23.47     23.47     23.47      0.01         0.70
  21715                       3.68      3.68      4.20      0.01         0.01
  21742                       8.04      8.04      8.13      0.01         0.01
  21744                       8.21      8.21      8.31      0.01         0.01
  21746                       3.14      3.14      3.78      0.01         0.01
  21747                       3.07      3.07      3.14      0.01         0.22
  21748                       3.88      3.88      4.49      0.01         0.01
  21749                       4.36      4.36      5.33      0.01         0.02
  21750                       4.18      4.18      4.36      0.01         0.22
  21754                       3.30      3.30      3.75      0.01         0.01
  21757                       8.40      8.40      8.48      0.01         0.01
  21759                       4.30      4.30      5.41      0.01         0.01
  21760                       4.68      4.68      4.68      0.10         1.63
  21762                       7.20      7.20      7.26      0.01         0.01
  21763                       3.83      3.83      4.15      0.01         0.01
  21764                       5.70      5.70      5.72      0.01         0.67
  21765                       4.93      4.93      5.42      0.01         0.01
  21766                       6.67      6.67      7.44      0.01         0.01
  21767                       5.22      5.22     12.30      0.01         0.01
  21769                       7.32      7.32      7.33      0.01         0.04
  21770                       6.38      6.38      7.10      0.01         0.01
  21771                       7.26      7.26      7.32      0.01         0.01
  21772                       5.59      5.59      5.78      0.01         0.01
  21773                       4.60      4.60      5.45      0.01         0.01
  21774                       3.67      3.67      4.60      0.01         0.01
  21780                       1.76      1.76      3.10      0.01         0.01
  21788                       7.10      7.10      7.20      0.01         0.01
  21789                      23.47     23.47     23.48      0.01         0.01
  21792                       6.77      6.77      6.89      0.01         0.01
  21793                       4.24      4.24      5.19      0.01         0.01
  21796                       6.89      6.89      7.00      0.01         0.01
  21800                       0.01      0.01      4.70      0.01         0.01
  21803                       7.00      7.00      7.10      0.01         0.01
  21805                       7.10      7.10      7.20      0.01         0.01
  21806                       6.83      6.83      6.99      0.01         0.01
  21814                       1.41      1.41      1.96      0.01         0.01
  21815                       6.16      6.16      6.23      0.01         0.01
  21817                       2.87      2.87      3.69      0.01         0.01
  21820                       8.26      8.26      8.37      0.01         0.01
  21821                       8.50      8.50      9.28      0.01         0.01
  21822                       6.98      6.98      7.05      0.01         0.02
  21823                       6.88      6.88      6.98      0.01         0.01
  21824                       4.09      4.09      4.97      0.01         0.01
  21826                      23.47     23.47     23.47      0.01         0.73
  21827                       0.01      0.01      0.99      0.01         0.01
  21828                       0.38      0.38      3.34      0.01         0.01
  21832                       0.01      0.01      2.47      0.01         0.01
  21833                       0.31      0.35      0.35      0.01         0.12
  22116                       3.20      3.20      3.29      0.01         0.01
  22576                       1.46      1.46      2.45      0.01         0.01
  22580                       6.99      6.99     22.73      0.01         0.01
  22581                       5.74      5.74      6.27      0.01         0.01
  22582                       6.49      6.49      6.56      0.05         0.01
  22583                       2.36      2.36      3.01      0.01         0.01
  22585                       5.79      5.79      5.90      0.01         0.02
  22586                       6.46      6.46      6.56      0.01         0.01
  22587                      23.31     23.31     23.32      0.01         0.01
  22588                      23.29     23.29     23.43      0.01         0.01
  22589                       8.07      8.07     23.32      0.01         0.01
  22590                       6.96      6.96     23.36      0.01         0.01
  22591                       7.02      7.02      7.04      0.01         0.73
  22592                       3.07      3.07     23.01      0.01         0.01
  22596                       7.06      7.06      7.20      0.48         0.48
  22597                       6.34      6.34      6.71      0.01         0.01
  22598                       6.14      6.14      6.51      0.01         0.01
  22599                       5.77      5.77      6.29      0.01         0.01
  22601                       6.56      6.56      6.76      0.01         0.01
  22605                      22.74     22.74     22.74      0.01         0.01
  22606                      22.74     22.74     22.74      0.01         0.01
  22607                      22.76     22.76     22.77      0.01         0.01
  22608                       6.61      6.61      6.82      0.01         0.01
  22609                       6.92      6.92      7.02      0.01         0.01
  22611                       6.93      6.93      7.41      0.01         0.01
  22612                       6.33      6.33      6.51      0.01         0.01
  22613                       6.24      6.24      6.34      0.01         0.04
  22614                       7.33      7.33     23.28      0.01         0.01
  22616                      22.90     22.90     22.91      0.01         0.01
  22617                       3.36      3.36      3.39      0.01         0.20
  22618                       4.40      4.40      4.63      0.01         0.01
  22621                       2.83      2.83      3.01      0.01         0.01
  22653                       4.89      4.89      4.92      0.01         1.22
  22654                       5.12      5.12     23.14      0.01         0.01
  22660                      22.88     22.88     22.90      0.01         0.01
  22789                       2.33      2.33      2.84      0.01         0.01
  22790                       2.44      2.44      2.71      0.01         0.02
  22796                       1.44      1.44      1.82      0.01         0.01
  22797                       1.63      1.63      1.67      0.01         0.10
  22798                       3.22      3.22      3.25      3.46         0.01
  22799                       1.46      1.46      1.83      0.01         0.01
  22802                       2.97      2.97      2.99      1.57         1.33
  22804                       2.96      2.96      2.97      0.01         0.32
  22805                       2.89      2.89      2.96      0.01         0.01
  22810                       2.87      2.87      2.91      0.01         0.02
  22811                       2.98      2.98      3.19      0.01         0.01
  22812                       2.97      2.97      3.08      0.01         0.05
  22819                       0.01      0.01      1.90      0.01         0.01
  22837                       2.97      2.97      2.98      2.89         2.79
  22850                       2.98      2.98      3.04      0.01         0.02
  22852                       3.18      3.18      3.22      0.01         0.01
  22865                       3.24      3.24     23.49      0.01         0.01
  22866                       3.23      3.23      3.26      1.68         1.68
  23050                       0.01      0.01      3.60      0.01         0.01
  23053                       0.01      0.01      0.08      2.16         0.01
  23054                       0.01      0.01      0.01      0.01         0.01
  23059                       0.01      0.01      0.01      0.01         0.01
  23063                       0.01      0.01      0.74      2.16         0.01
  23077                       5.41      5.41     23.46      0.01         0.01
  23078                       0.01      0.01      0.78      0.01         0.01
  23116                       0.22      0.22      0.23      0.14         0.13
  23117                       0.01      0.01      0.54      0.01         0.01
  23119                       0.32      0.32      1.20      0.01         0.01
  23120                       0.21      0.21      0.32      0.01         0.01
  23122                       0.01      0.15      0.01      3.65         0.01
  23123                       0.15      0.15      6.72      0.01         0.01
  23158                       0.01      0.01      0.27      0.01         0.01
  23159                       0.01      0.01      0.21      0.01         0.01
  23164                       0.01      0.01      0.01      3.41         0.01
  23190                       7.37      7.37     23.46      0.01         0.01
  23191                       7.31      7.31      7.37      0.74         0.65
  23192                       7.25      7.25      7.31      0.01         0.17
  23193                       6.48      6.48      6.51      0.01         0.65
  23199                       7.16      7.16     23.59      0.01         0.01
  23200                       4.41      4.41      5.36      0.01         0.01
  23204                       7.61      7.61     23.52      0.01         0.01
  23207                      23.38     23.38     23.49      1.59         0.01
  23524                       2.63      2.63      3.09      0.01         0.01
  26838                      23.47     23.47     23.48      0.01         0.01
  38189                       0.01      0.01      0.05      0.01         0.01
  38190                       6.51      6.51      6.73      0.01         0.01
  38193                       6.54      6.54      6.65      0.01         0.01
  38250                       6.47      6.47      7.16      0.01         0.01
  38711                       0.01      0.01      0.01      2.50         0.01
  38712                       0.01      0.01      0.01      2.48         0.01
  38870                       2.90      2.90      3.83      0.01         0.01
  38889                       2.21      2.21      2.21      0.01         0.70
  39004                       0.01      0.01      0.01      2.49         0.01
  39149                       5.63      5.63      5.66      0.01         0.29
  39247                       2.03      2.03      3.43      0.01         0.01
  39419                       0.58      0.58      3.18      0.01         0.01
  39469                       0.44      0.44      1.07      0.01         0.01
  39514                       5.54      5.54      5.67      0.01         0.01
  39937                      22.80     22.80     22.86      0.01         0.01
  40224                      23.76     23.76     23.80      0.01         0.01
  40244                       8.07      8.07     23.30      0.01         0.01
  40245                       7.46      7.46      8.07      0.19         0.02
  40373                      22.89     22.89     22.89      0.01         0.01
  40793                       3.19      3.19      3.22      0.01         0.01
  41025                       5.64      5.64      5.70      0.01         1.13
  41038                       0.01      0.01      0.75      0.01         0.01
  41097                       5.63      5.63      5.66      0.01         0.30
  41114                       3.41      3.41      3.46      2.85         2.86
  41149                       1.65      1.65      1.80      0.01         0.01
  41181                       2.74      2.74      3.06      0.01         0.01
  41182                       0.70      0.70      2.60      0.01         0.01
  41367                       2.93      2.93      3.01      3.21         0.01
  41543                       0.01      0.01      2.98      0.01         0.01
  41557                       5.15      5.15      5.45      0.01         0.01
  41561                      23.32     23.32     23.32      0.01         0.01
  41661                      23.31     23.31     23.33      0.01         0.01
  42042                       4.55      4.55      4.77      0.01         0.01
  42043                       3.77      3.77      4.29      0.01         0.01
  42081                       0.01      0.01      0.01      1.24         0.01
  42085                       7.38      7.38     23.53      0.01         0.01
  42568                      23.30     23.30     23.33      0.01         0.01
  42610                       4.24      4.24      4.38      0.01         0.01
  42644                       5.17      5.17     23.11      0.01         0.01
  42711                       5.41      5.41      5.98      0.01         0.01
  42712                       0.01      0.01     22.50      0.01         0.01
  42713                       5.81      5.81      7.72      0.01         0.01
  42719                       0.01      0.01      0.01      0.13         0.01
  42720                       2.88      2.88      3.08      3.20         0.01
  42722                       6.49      6.49     22.97      0.01         0.01
  42723                       2.04      2.09      2.04      5.43         2.04
  42724                      22.72     22.72     22.74      0.01         0.01
  42725                       5.87      5.87     23.28      0.01         0.01
  42726                       6.45      6.45     22.75      0.01         0.01
  42727                      23.31     23.31     23.31      0.92         0.93
  42728                       2.73      2.73      2.74      2.40         2.17
  42731                       3.05      3.05      3.19      0.01         0.01
  42732                       3.33      3.35      3.33      3.39         3.32
  42733                       3.24      3.24      3.36      0.01         0.01
  42734                      23.46     23.46     23.49      0.01         0.01
  42738                       0.01      0.01      0.08      0.01         0.01
  42740                       3.50      3.50      6.23      0.01         0.01
  42742                       2.52      2.52     23.75      0.01         0.01
  
  
  ***************
  Pumping Summary
  ***************
  
  ---------------------------------------------------------------------------------------------------------
                                                  Min       Avg       Max     Total     Power    % Time Off
                        Percent   Number of      Flow      Flow      Flow    Volume     Usage    Pump Curve
  Pump                 Utilized   Start-Ups       LPS       LPS       LPS  10^6 ltr     Kw-hr    Low   High
  ---------------------------------------------------------------------------------------------------------
  P1                      99.53           1      0.00      4.47      8.00     0.350      2.55    0.0    1.5
  P2                      95.84           1      0.00     62.67     63.25     5.211      0.16    0.0   32.6
  

  Analysis begun on:  Sat May 30 16:24:33 2026
  Analysis ended on:  Sat May 30 16:26:53 2026
  Total elapsed time: 00:02:20